config_id,dataset,family,data_fraction,itemknn.topk,itemknn.shrink,als.factors,als.epochs,als.regularisation,als.alpha,multvae.latent,multvae.hidden,multvae.epochs,multvae.dropout,markov.order,markov.smoothing,markov.decay,test_ndcg_at_10,test_recall_at_10,test_ndcg_at_10_spread,test_recall_at_10_spread,n_seeds
popularity||frac=0.25,ml100k,popularity,0.25,,,,,,,,,,,,,,0.012356014965505,0.026511134676564,0.0,0.0,1
popularity||frac=0.5,ml100k,popularity,0.5,,,,,,,,,,,,,,0.015373628459450001,0.029692470837751003,0.0,0.0,1
popularity||frac=1.0,ml100k,popularity,1.0,,,,,,,,,,,,,,0.044100147408152005,0.083775185577942,0.0,0.0,1
itemknn|topk=10;shrink=0.0|frac=0.25,ml100k,itemknn,0.25,10.0,0.0,,,,,,,,,,,,0.03020666548564,0.059384941675503004,0.0,0.0,1
itemknn|topk=10;shrink=10.0|frac=0.25,ml100k,itemknn,0.25,10.0,10.0,,,,,,,,,,,,0.035002732725701,0.071049840933191,0.0,0.0,1
itemknn|topk=10;shrink=100.0|frac=0.25,ml100k,itemknn,0.25,10.0,100.0,,,,,,,,,,,,0.033739478428253006,0.071049840933191,0.0,0.0,1
itemknn|topk=50;shrink=0.0|frac=0.25,ml100k,itemknn,0.25,50.0,0.0,,,,,,,,,,,,0.038345416699628,0.078472958642629,0.0,0.0,1
itemknn|topk=50;shrink=10.0|frac=0.25,ml100k,itemknn,0.25,50.0,10.0,,,,,,,,,,,,0.041621594628009004,0.08271474019088,0.0,0.0,1
itemknn|topk=50;shrink=100.0|frac=0.25,ml100k,itemknn,0.25,50.0,100.0,,,,,,,,,,,,0.034621967090918006,0.071049840933191,0.0,0.0,1
itemknn|topk=100;shrink=0.0|frac=0.25,ml100k,itemknn,0.25,100.0,0.0,,,,,,,,,,,,0.038335323244980006,0.074231177094379,0.0,0.0,1
itemknn|topk=100;shrink=10.0|frac=0.25,ml100k,itemknn,0.25,100.0,10.0,,,,,,,,,,,,0.038943756402356006,0.072110286320254,0.0,0.0,1
itemknn|topk=100;shrink=100.0|frac=0.25,ml100k,itemknn,0.25,100.0,100.0,,,,,,,,,,,,0.035612528446902006,0.073170731707317,0.0,0.0,1
itemknn|topk=300;shrink=0.0|frac=0.25,ml100k,itemknn,0.25,300.0,0.0,,,,,,,,,,,,0.040328068389564,0.075291622481442,0.0,0.0,1
itemknn|topk=300;shrink=10.0|frac=0.25,ml100k,itemknn,0.25,300.0,10.0,,,,,,,,,,,,0.038969928661826005,0.073170731707317,0.0,0.0,1
itemknn|topk=300;shrink=100.0|frac=0.25,ml100k,itemknn,0.25,300.0,100.0,,,,,,,,,,,,0.035095619121998003,0.072110286320254,0.0,0.0,1
itemknn|topk=10;shrink=0.0|frac=0.5,ml100k,itemknn,0.5,10.0,0.0,,,,,,,,,,,,0.040038989263950005,0.081654294803817,0.0,0.0,1
itemknn|topk=10;shrink=10.0|frac=0.5,ml100k,itemknn,0.5,10.0,10.0,,,,,,,,,,,,0.04341410716049501,0.09119830328738,0.0,0.0,1
itemknn|topk=10;shrink=100.0|frac=0.5,ml100k,itemknn,0.5,10.0,100.0,,,,,,,,,,,,0.047172938807525,0.099681866383881,0.0,0.0,1
itemknn|topk=50;shrink=0.0|frac=0.5,ml100k,itemknn,0.5,50.0,0.0,,,,,,,,,,,,0.047330115937033006,0.094379639448568,0.0,0.0,1
itemknn|topk=50;shrink=10.0|frac=0.5,ml100k,itemknn,0.5,50.0,10.0,,,,,,,,,,,,0.045920537333154,0.090137857900318,0.0,0.0,1
itemknn|topk=50;shrink=100.0|frac=0.5,ml100k,itemknn,0.5,50.0,100.0,,,,,,,,,,,,0.039878799634732,0.079533404029692,0.0,0.0,1
itemknn|topk=100;shrink=0.0|frac=0.5,ml100k,itemknn,0.5,100.0,0.0,,,,,,,,,,,,0.042287371971624,0.089077412513255,0.0,0.0,1
itemknn|topk=100;shrink=10.0|frac=0.5,ml100k,itemknn,0.5,100.0,10.0,,,,,,,,,,,,0.041192825997741,0.083775185577942,0.0,0.0,1
itemknn|topk=100;shrink=100.0|frac=0.5,ml100k,itemknn,0.5,100.0,100.0,,,,,,,,,,,,0.042613301933713,0.085896076352067,0.0,0.0,1
itemknn|topk=300;shrink=0.0|frac=0.5,ml100k,itemknn,0.5,300.0,0.0,,,,,,,,,,,,0.044065057782282,0.09119830328738,0.0,0.0,1
itemknn|topk=300;shrink=10.0|frac=0.5,ml100k,itemknn,0.5,300.0,10.0,,,,,,,,,,,,0.04463178367574901,0.093319194061505,0.0,0.0,1
itemknn|topk=300;shrink=100.0|frac=0.5,ml100k,itemknn,0.5,300.0,100.0,,,,,,,,,,,,0.043542042051347006,0.088016967126193,0.0,0.0,1
itemknn|topk=10;shrink=0.0|frac=1.0,ml100k,itemknn,1.0,10.0,0.0,,,,,,,,,,,,0.06135637425774001,0.11983032873807,0.0,0.0,1
itemknn|topk=10;shrink=10.0|frac=1.0,ml100k,itemknn,1.0,10.0,10.0,,,,,,,,,,,,0.061417525960442004,0.11770943796394401,0.0,0.0,1
itemknn|topk=10;shrink=100.0|frac=1.0,ml100k,itemknn,1.0,10.0,100.0,,,,,,,,,,,,0.05870332809118801,0.11346765641569401,0.0,0.0,1
itemknn|topk=50;shrink=0.0|frac=1.0,ml100k,itemknn,1.0,50.0,0.0,,,,,,,,,,,,0.052110388850761004,0.100742311770943,0.0,0.0,1
itemknn|topk=50;shrink=10.0|frac=1.0,ml100k,itemknn,1.0,50.0,10.0,,,,,,,,,,,,0.051659326685918,0.098621420996818,0.0,0.0,1
itemknn|topk=50;shrink=100.0|frac=1.0,ml100k,itemknn,1.0,50.0,100.0,,,,,,,,,,,,0.050946249887765006,0.099681866383881,0.0,0.0,1
itemknn|topk=100;shrink=0.0|frac=1.0,ml100k,itemknn,1.0,100.0,0.0,,,,,,,,,,,,0.051695674612168,0.097560975609756,0.0,0.0,1
itemknn|topk=100;shrink=10.0|frac=1.0,ml100k,itemknn,1.0,100.0,10.0,,,,,,,,,,,,0.053977069780836,0.101802757158006,0.0,0.0,1
itemknn|topk=100;shrink=100.0|frac=1.0,ml100k,itemknn,1.0,100.0,100.0,,,,,,,,,,,,0.048904767318276005,0.094379639448568,0.0,0.0,1
itemknn|topk=300;shrink=0.0|frac=1.0,ml100k,itemknn,1.0,300.0,0.0,,,,,,,,,,,,0.056216009608529,0.109225874867444,0.0,0.0,1
itemknn|topk=300;shrink=10.0|frac=1.0,ml100k,itemknn,1.0,300.0,10.0,,,,,,,,,,,,0.05388691164431501,0.100742311770943,0.0,0.0,1
itemknn|topk=300;shrink=100.0|frac=1.0,ml100k,itemknn,1.0,300.0,100.0,,,,,,,,,,,,0.050793718192117004,0.099681866383881,0.0,0.0,1
als|factors=16;epochs=5;regularisation=0.001;alpha=1.0|frac=0.25,ml100k,als,0.25,,,16.0,5.0,0.001,1.0,,,,,,,,0.039578077044842,0.081654294803817,0.004894977803276003,0.007423117709438001,3
als|factors=16;epochs=5;regularisation=0.001;alpha=10.0|frac=0.25,ml100k,als,0.25,,,16.0,5.0,0.001,10.0,,,,,,,,0.04210602599306101,0.085896076352067,0.008564633183347999,0.018027571580064003,3
als|factors=16;epochs=5;regularisation=0.001;alpha=40.0|frac=0.25,ml100k,als,0.25,,,16.0,5.0,0.001,40.0,,,,,,,,0.037964713675322004,0.077412513255567,0.006231135877581999,0.009544008483563002,3
als|factors=16;epochs=5;regularisation=0.01;alpha=1.0|frac=0.25,ml100k,als,0.25,,,16.0,5.0,0.01,1.0,,,,,,,,0.039578077044842,0.081654294803817,0.004941450497697002,0.007423117709438001,3
als|factors=16;epochs=5;regularisation=0.01;alpha=10.0|frac=0.25,ml100k,als,0.25,,,16.0,5.0,0.01,10.0,,,,,,,,0.042241319814787,0.085896076352067,0.007494116115271003,0.015906680805938003,3
als|factors=16;epochs=5;regularisation=0.01;alpha=40.0|frac=0.25,ml100k,als,0.25,,,16.0,5.0,0.01,40.0,,,,,,,,0.03800183064607,0.078472958642629,0.007648818330374001,0.011664899257688002,3
als|factors=16;epochs=5;regularisation=0.1;alpha=1.0|frac=0.25,ml100k,als,0.25,,,16.0,5.0,0.1,1.0,,,,,,,,0.039870639818549006,0.08271474019088,0.005174423428606002,0.007423117709438001,3
als|factors=16;epochs=5;regularisation=0.1;alpha=10.0|frac=0.25,ml100k,als,0.25,,,16.0,5.0,0.1,10.0,,,,,,,,0.042672481814260005,0.089077412513255,0.008166392794941003,0.015906680805939002,3
als|factors=16;epochs=5;regularisation=0.1;alpha=40.0|frac=0.25,ml100k,als,0.25,,,16.0,5.0,0.1,40.0,,,,,,,,0.040514224170517005,0.08271474019088,0.006198115861859997,0.010604453870626002,3
als|factors=16;epochs=15;regularisation=0.001;alpha=1.0|frac=0.25,ml100k,als,0.25,,,16.0,15.0,0.001,1.0,,,,,,,,0.041008341957608004,0.085896076352067,0.0020593514532070006,0.0031813361611880003,3
als|factors=16;epochs=15;regularisation=0.001;alpha=10.0|frac=0.25,ml100k,als,0.25,,,16.0,15.0,0.001,10.0,,,,,,,,0.043542440976528006,0.094379639448568,0.000417192860942002,0.008483563096501001,3
als|factors=16;epochs=15;regularisation=0.001;alpha=40.0|frac=0.25,ml100k,als,0.25,,,16.0,15.0,0.001,40.0,,,,,,,,0.042606173873884004,0.090137857900318,0.004493226013825,0.009544008483563002,3
als|factors=16;epochs=15;regularisation=0.01;alpha=1.0|frac=0.25,ml100k,als,0.25,,,16.0,15.0,0.01,1.0,,,,,,,,0.040701804495977004,0.084835630965005,0.0022528746591190044,0.004241781548251,3
als|factors=16;epochs=15;regularisation=0.01;alpha=10.0|frac=0.25,ml100k,als,0.25,,,16.0,15.0,0.01,10.0,,,,,,,,0.043498972199087,0.094379639448568,0.0006281523834379965,0.005302226935312002,3
als|factors=16;epochs=15;regularisation=0.01;alpha=40.0|frac=0.25,ml100k,als,0.25,,,16.0,15.0,0.01,40.0,,,,,,,,0.040356096676631,0.090137857900318,0.005286672547550997,0.013785790031814002,3
als|factors=16;epochs=15;regularisation=0.1;alpha=1.0|frac=0.25,ml100k,als,0.25,,,16.0,15.0,0.1,1.0,,,,,,,,0.04066930648948,0.084835630965005,0.0020780569472660035,0.0010604453870629998,3
als|factors=16;epochs=15;regularisation=0.1;alpha=10.0|frac=0.25,ml100k,als,0.25,,,16.0,15.0,0.1,10.0,,,,,,,,0.043203540651180004,0.093319194061505,0.0006611639436260031,0.004241781548250001,3
als|factors=16;epochs=15;regularisation=0.1;alpha=40.0|frac=0.25,ml100k,als,0.25,,,16.0,15.0,0.1,40.0,,,,,,,,0.039296923112131,0.090137857900318,0.007508186329026001,0.020148462354189003,3
als|factors=16;epochs=30;regularisation=0.001;alpha=1.0|frac=0.25,ml100k,als,0.25,,,16.0,30.0,0.001,1.0,,,,,,,,0.038442515792442004,0.08271474019088,0.002299428741946004,0.005302226935313001,3
als|factors=16;epochs=30;regularisation=0.001;alpha=10.0|frac=0.25,ml100k,als,0.25,,,16.0,30.0,0.001,10.0,,,,,,,,0.041779220759073005,0.093319194061505,0.003654768126873001,0.008483563096500002,3
als|factors=16;epochs=30;regularisation=0.001;alpha=40.0|frac=0.25,ml100k,als,0.25,,,16.0,30.0,0.001,40.0,,,,,,,,0.041328509609526005,0.092258748674443,0.005154535666721999,0.005302226935312002,3
als|factors=16;epochs=30;regularisation=0.01;alpha=1.0|frac=0.25,ml100k,als,0.25,,,16.0,30.0,0.01,1.0,,,,,,,,0.038304006055242,0.08271474019088,0.002382280971675997,0.0031813361611880003,3
als|factors=16;epochs=30;regularisation=0.01;alpha=10.0|frac=0.25,ml100k,als,0.25,,,16.0,30.0,0.01,10.0,,,,,,,,0.04247783825534,0.093319194061505,0.0033330688611259984,0.0063626723223750015,3
als|factors=16;epochs=30;regularisation=0.01;alpha=40.0|frac=0.25,ml100k,als,0.25,,,16.0,30.0,0.01,40.0,,,,,,,,0.040713669013505004,0.090137857900318,0.004796868278592999,0.009544008483563002,3
als|factors=16;epochs=30;regularisation=0.1;alpha=1.0|frac=0.25,ml100k,als,0.25,,,16.0,30.0,0.1,1.0,,,,,,,,0.038394859409158,0.08271474019088,0.001989179980271996,0.005302226935312002,3
als|factors=16;epochs=30;regularisation=0.1;alpha=10.0|frac=0.25,ml100k,als,0.25,,,16.0,30.0,0.1,10.0,,,,,,,,0.042330502111227006,0.089077412513255,0.004971733024493004,0.007423117709438001,3
als|factors=16;epochs=30;regularisation=0.1;alpha=40.0|frac=0.25,ml100k,als,0.25,,,16.0,30.0,0.1,40.0,,,,,,,,0.040605940647466005,0.090137857900318,0.007226906886243001,0.011664899257688002,3
als|factors=32;epochs=5;regularisation=0.001;alpha=1.0|frac=0.25,ml100k,als,0.25,,,32.0,5.0,0.001,1.0,,,,,,,,0.044062913358181,0.088016967126193,0.006087176067930002,0.012725344644751002,3
als|factors=32;epochs=5;regularisation=0.001;alpha=10.0|frac=0.25,ml100k,als,0.25,,,32.0,5.0,0.001,10.0,,,,,,,,0.04103547923628,0.088016967126193,0.002111566355856999,0.005302226935312002,3
als|factors=32;epochs=5;regularisation=0.001;alpha=40.0|frac=0.25,ml100k,als,0.25,,,32.0,5.0,0.001,40.0,,,,,,,,0.03644218596254,0.079533404029692,0.001722408808134998,0.007423117709438001,3
als|factors=32;epochs=5;regularisation=0.01;alpha=1.0|frac=0.25,ml100k,als,0.25,,,32.0,5.0,0.01,1.0,,,,,,,,0.044554767367437006,0.089077412513255,0.006226019921134002,0.012725344644751002,3
als|factors=32;epochs=5;regularisation=0.01;alpha=10.0|frac=0.25,ml100k,als,0.25,,,32.0,5.0,0.01,10.0,,,,,,,,0.041525071134622005,0.089077412513255,0.002871118242406004,0.007423117709438001,3
als|factors=32;epochs=5;regularisation=0.01;alpha=40.0|frac=0.25,ml100k,als,0.25,,,32.0,5.0,0.01,40.0,,,,,,,,0.036714008101369,0.078472958642629,0.0013775180433829998,0.007423117709438001,3
als|factors=32;epochs=5;regularisation=0.1;alpha=1.0|frac=0.25,ml100k,als,0.25,,,32.0,5.0,0.1,1.0,,,,,,,,0.044667373327825007,0.089077412513255,0.005955320393696999,0.011664899257688002,3
als|factors=32;epochs=5;regularisation=0.1;alpha=10.0|frac=0.25,ml100k,als,0.25,,,32.0,5.0,0.1,10.0,,,,,,,,0.040967095657615006,0.090137857900318,0.001968934032493,0.0063626723223750015,3
als|factors=32;epochs=5;regularisation=0.1;alpha=40.0|frac=0.25,ml100k,als,0.25,,,32.0,5.0,0.1,40.0,,,,,,,,0.035674369397196,0.075291622481442,0.0016671506698829955,0.006362672322376001,3
als|factors=32;epochs=15;regularisation=0.001;alpha=1.0|frac=0.25,ml100k,als,0.25,,,32.0,15.0,0.001,1.0,,,,,,,,0.044565397009013005,0.090137857900318,0.004533468351403003,0.005302226935313001,3
als|factors=32;epochs=15;regularisation=0.001;alpha=10.0|frac=0.25,ml100k,als,0.25,,,32.0,15.0,0.001,10.0,,,,,,,,0.043708260157986005,0.094379639448568,0.004154862179393003,0.0031813361611880003,3
als|factors=32;epochs=15;regularisation=0.001;alpha=40.0|frac=0.25,ml100k,als,0.25,,,32.0,15.0,0.001,40.0,,,,,,,,0.041097901202205,0.088016967126193,0.008321614164124004,0.019088016967126004,3
als|factors=32;epochs=15;regularisation=0.01;alpha=1.0|frac=0.25,ml100k,als,0.25,,,32.0,15.0,0.01,1.0,,,,,,,,0.044565397009013005,0.090137857900318,0.004653454770030999,0.005302226935313001,3
als|factors=32;epochs=15;regularisation=0.01;alpha=10.0|frac=0.25,ml100k,als,0.25,,,32.0,15.0,0.01,10.0,,,,,,,,0.043116306532173,0.093319194061505,0.004105936644581996,0.0021208907741250005,3
als|factors=32;epochs=15;regularisation=0.01;alpha=40.0|frac=0.25,ml100k,als,0.25,,,32.0,15.0,0.01,40.0,,,,,,,,0.03996069278847,0.083775185577942,0.0048767877929999995,0.011664899257688002,3
als|factors=32;epochs=15;regularisation=0.1;alpha=1.0|frac=0.25,ml100k,als,0.25,,,32.0,15.0,0.1,1.0,,,,,,,,0.044573697373713,0.090137857900318,0.0038630062600649995,0.004241781548250001,3
als|factors=32;epochs=15;regularisation=0.1;alpha=10.0|frac=0.25,ml100k,als,0.25,,,32.0,15.0,0.1,10.0,,,,,,,,0.043570345700522005,0.092258748674443,0.004133477725100004,0.003181336161187001,3
als|factors=32;epochs=15;regularisation=0.1;alpha=40.0|frac=0.25,ml100k,als,0.25,,,32.0,15.0,0.1,40.0,,,,,,,,0.038654765745815,0.083775185577942,0.004091262637838003,0.005302226935313001,3
als|factors=32;epochs=30;regularisation=0.001;alpha=1.0|frac=0.25,ml100k,als,0.25,,,32.0,30.0,0.001,1.0,,,,,,,,0.044877299162369,0.089077412513255,0.0032183854426449943,0.005302226935312002,3
als|factors=32;epochs=30;regularisation=0.001;alpha=10.0|frac=0.25,ml100k,als,0.25,,,32.0,30.0,0.001,10.0,,,,,,,,0.044710923569426006,0.093319194061505,0.0073623849832330016,0.008483563096500002,3
als|factors=32;epochs=30;regularisation=0.001;alpha=40.0|frac=0.25,ml100k,als,0.25,,,32.0,30.0,0.001,40.0,,,,,,,,0.038328610041359006,0.083775185577942,0.006572352665477003,0.012725344644751002,3
als|factors=32;epochs=30;regularisation=0.01;alpha=1.0|frac=0.25,ml100k,als,0.25,,,32.0,30.0,0.01,1.0,,,,,,,,0.044893628690229004,0.089077412513255,0.003053380790158003,0.004241781548250001,3
als|factors=32;epochs=30;regularisation=0.01;alpha=10.0|frac=0.25,ml100k,als,0.25,,,32.0,30.0,0.01,10.0,,,,,,,,0.044910835470923005,0.093319194061505,0.006643263081656005,0.0063626723223750015,3
als|factors=32;epochs=30;regularisation=0.01;alpha=40.0|frac=0.25,ml100k,als,0.25,,,32.0,30.0,0.01,40.0,,,,,,,,0.039029203881614,0.08271474019088,0.007263658286492003,0.012725344644751002,3
als|factors=32;epochs=30;regularisation=0.1;alpha=1.0|frac=0.25,ml100k,als,0.25,,,32.0,30.0,0.1,1.0,,,,,,,,0.044787012534337006,0.089077412513255,0.0027557459622589986,0.004241781548250001,3
als|factors=32;epochs=30;regularisation=0.1;alpha=10.0|frac=0.25,ml100k,als,0.25,,,32.0,30.0,0.1,10.0,,,,,,,,0.045207119926305,0.092258748674443,0.006897967307914997,0.008483563096500002,3
als|factors=32;epochs=30;regularisation=0.1;alpha=40.0|frac=0.25,ml100k,als,0.25,,,32.0,30.0,0.1,40.0,,,,,,,,0.040215403479123,0.081654294803817,0.007637818399409996,0.011664899257688002,3
als|factors=64;epochs=5;regularisation=0.001;alpha=1.0|frac=0.25,ml100k,als,0.25,,,64.0,5.0,0.001,1.0,,,,,,,,0.043467540600181,0.08695652173913,0.0045683494311839976,0.008483563096501001,3
als|factors=64;epochs=5;regularisation=0.001;alpha=10.0|frac=0.25,ml100k,als,0.25,,,64.0,5.0,0.001,10.0,,,,,,,,0.041125146739433,0.083775185577942,0.004423695372844004,0.005302226935313001,3
als|factors=64;epochs=5;regularisation=0.001;alpha=40.0|frac=0.25,ml100k,als,0.25,,,64.0,5.0,0.001,40.0,,,,,,,,0.036283797449018,0.076352067868504,0.0028784770032070015,0.013785790031814002,3
als|factors=64;epochs=5;regularisation=0.01;alpha=1.0|frac=0.25,ml100k,als,0.25,,,64.0,5.0,0.01,1.0,,,,,,,,0.043479852970310005,0.08695652173913,0.004526096599426002,0.008483563096501001,3
als|factors=64;epochs=5;regularisation=0.01;alpha=10.0|frac=0.25,ml100k,als,0.25,,,64.0,5.0,0.01,10.0,,,,,,,,0.041488679089872006,0.083775185577942,0.003138289202709005,0.005302226935313001,3
als|factors=64;epochs=5;regularisation=0.01;alpha=40.0|frac=0.25,ml100k,als,0.25,,,64.0,5.0,0.01,40.0,,,,,,,,0.03637003986309,0.075291622481442,0.003021984100393997,0.011664899257689001,3
als|factors=64;epochs=5;regularisation=0.1;alpha=1.0|frac=0.25,ml100k,als,0.25,,,64.0,5.0,0.1,1.0,,,,,,,,0.043402306072309,0.08695652173913,0.004477572151307001,0.0063626723223750015,3
als|factors=64;epochs=5;regularisation=0.1;alpha=10.0|frac=0.25,ml100k,als,0.25,,,64.0,5.0,0.1,10.0,,,,,,,,0.039909211334895,0.084835630965005,0.0029156095171729984,0.008483563096501001,3
als|factors=64;epochs=5;regularisation=0.1;alpha=40.0|frac=0.25,ml100k,als,0.25,,,64.0,5.0,0.1,40.0,,,,,,,,0.033843687069964004,0.078472958642629,0.008911090991017001,0.018027571580064003,3
als|factors=64;epochs=15;regularisation=0.001;alpha=1.0|frac=0.25,ml100k,als,0.25,,,64.0,15.0,0.001,1.0,,,,,,,,0.045003970377803,0.093319194061505,0.005724695733837999,0.007423117709438001,3
als|factors=64;epochs=15;regularisation=0.001;alpha=10.0|frac=0.25,ml100k,als,0.25,,,64.0,15.0,0.001,10.0,,,,,,,,0.046488896741342,0.09119830328738,0.004514168731847998,0.004241781548250001,3
als|factors=64;epochs=15;regularisation=0.001;alpha=40.0|frac=0.25,ml100k,als,0.25,,,64.0,15.0,0.001,40.0,,,,,,,,0.040835415555498,0.079533404029692,0.006326042182715999,0.011664899257689001,3
als|factors=64;epochs=15;regularisation=0.01;alpha=1.0|frac=0.25,ml100k,als,0.25,,,64.0,15.0,0.01,1.0,,,,,,,,0.045155502639646,0.093319194061505,0.005585851880633999,0.007423117709438001,3
als|factors=64;epochs=15;regularisation=0.01;alpha=10.0|frac=0.25,ml100k,als,0.25,,,64.0,15.0,0.01,10.0,,,,,,,,0.046210882050983004,0.090137857900318,0.003918103988455997,0.004241781548250001,3
als|factors=64;epochs=15;regularisation=0.01;alpha=40.0|frac=0.25,ml100k,als,0.25,,,64.0,15.0,0.01,40.0,,,,,,,,0.040569992923727004,0.08271474019088,0.007367964990778998,0.012725344644751002,3
als|factors=64;epochs=15;regularisation=0.1;alpha=1.0|frac=0.25,ml100k,als,0.25,,,64.0,15.0,0.1,1.0,,,,,,,,0.045001288553916004,0.092258748674443,0.004983322896692004,0.005302226935312002,3
als|factors=64;epochs=15;regularisation=0.1;alpha=10.0|frac=0.25,ml100k,als,0.25,,,64.0,15.0,0.1,10.0,,,,,,,,0.046884220159251005,0.089077412513255,0.004574207523324998,0.005302226935313001,3
als|factors=64;epochs=15;regularisation=0.1;alpha=40.0|frac=0.25,ml100k,als,0.25,,,64.0,15.0,0.1,40.0,,,,,,,,0.040785128154843,0.081654294803817,0.008170069402987,0.018027571580063004,3
als|factors=64;epochs=30;regularisation=0.001;alpha=1.0|frac=0.25,ml100k,als,0.25,,,64.0,30.0,0.001,1.0,,,,,,,,0.044478071921392005,0.09119830328738,0.0029377496725100025,0.0021208907741250005,3
als|factors=64;epochs=30;regularisation=0.001;alpha=10.0|frac=0.25,ml100k,als,0.25,,,64.0,30.0,0.001,10.0,,,,,,,,0.046731535690800005,0.08695652173913,0.0009698278527690007,0.0063626723223750015,3
als|factors=64;epochs=30;regularisation=0.001;alpha=40.0|frac=0.25,ml100k,als,0.25,,,64.0,30.0,0.001,40.0,,,,,,,,0.043746914906066005,0.088016967126193,0.002726984425773002,0.013785790031813003,3
als|factors=64;epochs=30;regularisation=0.01;alpha=1.0|frac=0.25,ml100k,als,0.25,,,64.0,30.0,0.01,1.0,,,,,,,,0.044478071921392005,0.09119830328738,0.002950438081149004,0.0021208907741250005,3
als|factors=64;epochs=30;regularisation=0.01;alpha=10.0|frac=0.25,ml100k,als,0.25,,,64.0,30.0,0.01,10.0,,,,,,,,0.046819161626562,0.089077412513255,0.0006334716748959968,0.008483563096501001,3
als|factors=64;epochs=30;regularisation=0.01;alpha=40.0|frac=0.25,ml100k,als,0.25,,,64.0,30.0,0.01,40.0,,,,,,,,0.043676076254268004,0.088016967126193,0.0029694505189499995,0.014846235418876003,3
als|factors=64;epochs=30;regularisation=0.1;alpha=1.0|frac=0.25,ml100k,als,0.25,,,64.0,30.0,0.1,1.0,,,,,,,,0.043653442557690006,0.092258748674443,0.002130911429281998,0.0031813361611880003,3
als|factors=64;epochs=30;regularisation=0.1;alpha=10.0|frac=0.25,ml100k,als,0.25,,,64.0,30.0,0.1,10.0,,,,,,,,0.04743435127570501,0.09119830328738,0.0016331587883099963,0.0010604453870620006,3
als|factors=64;epochs=30;regularisation=0.1;alpha=40.0|frac=0.25,ml100k,als,0.25,,,64.0,30.0,0.1,40.0,,,,,,,,0.04349471914514701,0.089077412513255,0.003871128219092003,0.016967126193001003,3
als|factors=128;epochs=5;regularisation=0.001;alpha=1.0|frac=0.25,ml100k,als,0.25,,,128.0,5.0,0.001,1.0,,,,,,,,0.042183826139723005,0.083775185577942,0.004253032590944006,0.010604453870626002,3
als|factors=128;epochs=5;regularisation=0.001;alpha=10.0|frac=0.25,ml100k,als,0.25,,,128.0,5.0,0.001,10.0,,,,,,,,0.042775774680978006,0.084835630965005,0.0036327817553809955,0.009544008483563002,3
als|factors=128;epochs=5;regularisation=0.001;alpha=40.0|frac=0.25,ml100k,als,0.25,,,128.0,5.0,0.001,40.0,,,,,,,,0.039881352751253006,0.073170731707317,0.004559698152741001,0.005302226935313001,3
als|factors=128;epochs=5;regularisation=0.01;alpha=1.0|frac=0.25,ml100k,als,0.25,,,128.0,5.0,0.01,1.0,,,,,,,,0.042175642544514,0.081654294803817,0.004872458715630003,0.009544008483563002,3
als|factors=128;epochs=5;regularisation=0.01;alpha=10.0|frac=0.25,ml100k,als,0.25,,,128.0,5.0,0.01,10.0,,,,,,,,0.043187423493937005,0.085896076352067,0.004672824159563001,0.011664899257689001,3
als|factors=128;epochs=5;regularisation=0.01;alpha=40.0|frac=0.25,ml100k,als,0.25,,,128.0,5.0,0.01,40.0,,,,,,,,0.037353809178414,0.073170731707317,0.003517154821486998,0.005302226935313001,3
als|factors=128;epochs=5;regularisation=0.1;alpha=1.0|frac=0.25,ml100k,als,0.25,,,128.0,5.0,0.1,1.0,,,,,,,,0.042681053766817,0.084835630965005,0.0033347949544109967,0.006362672322376001,3
als|factors=128;epochs=5;regularisation=0.1;alpha=10.0|frac=0.25,ml100k,als,0.25,,,128.0,5.0,0.1,10.0,,,,,,,,0.041199105816258005,0.084835630965005,0.004758714322159997,0.008483563096501001,3
als|factors=128;epochs=5;regularisation=0.1;alpha=40.0|frac=0.25,ml100k,als,0.25,,,128.0,5.0,0.1,40.0,,,,,,,,0.037725074315151,0.074231177094379,0.0018489984629250014,0.008483563096501001,3
als|factors=128;epochs=15;regularisation=0.001;alpha=1.0|frac=0.25,ml100k,als,0.25,,,128.0,15.0,0.001,1.0,,,,,,,,0.043792336553522,0.093319194061505,0.0009580718556300022,0.004241781548250001,3
als|factors=128;epochs=15;regularisation=0.001;alpha=10.0|frac=0.25,ml100k,als,0.25,,,128.0,15.0,0.001,10.0,,,,,,,,0.041939815615292,0.084835630965005,0.004225356538393996,0.007423117709438001,3
als|factors=128;epochs=15;regularisation=0.001;alpha=40.0|frac=0.25,ml100k,als,0.25,,,128.0,15.0,0.001,40.0,,,,,,,,0.040976955335463,0.08271474019088,0.00020872848109999842,0.005302226935313001,3
als|factors=128;epochs=15;regularisation=0.01;alpha=1.0|frac=0.25,ml100k,als,0.25,,,128.0,15.0,0.01,1.0,,,,,,,,0.043775271231502,0.093319194061505,0.0011095461789050048,0.004241781548250001,3
als|factors=128;epochs=15;regularisation=0.01;alpha=10.0|frac=0.25,ml100k,als,0.25,,,128.0,15.0,0.01,10.0,,,,,,,,0.041902067596964,0.085896076352067,0.0027779932887389974,0.003181336161187001,3
als|factors=128;epochs=15;regularisation=0.01;alpha=40.0|frac=0.25,ml100k,als,0.25,,,128.0,15.0,0.01,40.0,,,,,,,,0.040558694276477,0.081654294803817,0.0014092836905489972,0.0031813361611880003,3
als|factors=128;epochs=15;regularisation=0.1;alpha=1.0|frac=0.25,ml100k,als,0.25,,,128.0,15.0,0.1,1.0,,,,,,,,0.043787098564602,0.093319194061505,0.0008427118686799989,0.004241781548250001,3
als|factors=128;epochs=15;regularisation=0.1;alpha=10.0|frac=0.25,ml100k,als,0.25,,,128.0,15.0,0.1,10.0,,,,,,,,0.041754008658994,0.084835630965005,0.005434891795611997,0.009544008483563002,3
als|factors=128;epochs=15;regularisation=0.1;alpha=40.0|frac=0.25,ml100k,als,0.25,,,128.0,15.0,0.1,40.0,,,,,,,,0.038691080218955,0.078472958642629,0.0001810541713819988,0.0031813361611880003,3
als|factors=128;epochs=30;regularisation=0.001;alpha=1.0|frac=0.25,ml100k,als,0.25,,,128.0,30.0,0.001,1.0,,,,,,,,0.044062076937732,0.090137857900318,0.0011243650855679993,0.0031813361611880003,3
als|factors=128;epochs=30;regularisation=0.001;alpha=10.0|frac=0.25,ml100k,als,0.25,,,128.0,30.0,0.001,10.0,,,,,,,,0.04171207615992,0.080593849416755,0.0037585038617889976,0.008483563096501001,3
als|factors=128;epochs=30;regularisation=0.001;alpha=40.0|frac=0.25,ml100k,als,0.25,,,128.0,30.0,0.001,40.0,,,,,,,,0.040774433561334006,0.080593849416755,0.0014674273940709984,0.0031813361611880003,3
als|factors=128;epochs=30;regularisation=0.01;alpha=1.0|frac=0.25,ml100k,als,0.25,,,128.0,30.0,0.01,1.0,,,,,,,,0.043503004488978,0.09119830328738,0.0011232278325939982,0.0010604453870620006,3
als|factors=128;epochs=30;regularisation=0.01;alpha=10.0|frac=0.25,ml100k,als,0.25,,,128.0,30.0,0.01,10.0,,,,,,,,0.041587041059912004,0.080593849416755,0.0038641889806629998,0.007423117709438001,3
als|factors=128;epochs=30;regularisation=0.01;alpha=40.0|frac=0.25,ml100k,als,0.25,,,128.0,30.0,0.01,40.0,,,,,,,,0.039931935738642,0.079533404029692,0.0005407376451870005,0.005302226935313001,3
als|factors=128;epochs=30;regularisation=0.1;alpha=1.0|frac=0.25,ml100k,als,0.25,,,128.0,30.0,0.1,1.0,,,,,,,,0.043098781081648004,0.090137857900318,0.00160598460552,0.003181336161187001,3
als|factors=128;epochs=30;regularisation=0.1;alpha=10.0|frac=0.25,ml100k,als,0.25,,,128.0,30.0,0.1,10.0,,,,,,,,0.040903348628800004,0.080593849416755,0.007409867246433999,0.014846235418876003,3
als|factors=128;epochs=30;regularisation=0.1;alpha=40.0|frac=0.25,ml100k,als,0.25,,,128.0,30.0,0.1,40.0,,,,,,,,0.040141856681937,0.079533404029692,0.000657348859526001,0.004241781548250001,3
als|factors=16;epochs=5;regularisation=0.001;alpha=1.0|frac=0.5,ml100k,als,0.5,,,16.0,5.0,0.001,1.0,,,,,,,,0.045594399362234,0.092258748674443,0.005002602686538002,0.014846235418876003,3
als|factors=16;epochs=5;regularisation=0.001;alpha=10.0|frac=0.5,ml100k,als,0.5,,,16.0,5.0,0.001,10.0,,,,,,,,0.042647034520625,0.093319194061505,0.008407506091532006,0.008483563096500002,3
als|factors=16;epochs=5;regularisation=0.001;alpha=40.0|frac=0.5,ml100k,als,0.5,,,16.0,5.0,0.001,40.0,,,,,,,,0.039098842418543,0.08695652173913,0.005759365468985998,0.004241781548251,3
als|factors=16;epochs=5;regularisation=0.01;alpha=1.0|frac=0.5,ml100k,als,0.5,,,16.0,5.0,0.01,1.0,,,,,,,,0.045609706765332006,0.092258748674443,0.005002602686538002,0.014846235418876003,3
als|factors=16;epochs=5;regularisation=0.01;alpha=10.0|frac=0.5,ml100k,als,0.5,,,16.0,5.0,0.01,10.0,,,,,,,,0.042458557377424,0.093319194061505,0.007872489987134003,0.004241781548250001,3
als|factors=16;epochs=5;regularisation=0.01;alpha=40.0|frac=0.5,ml100k,als,0.5,,,16.0,5.0,0.01,40.0,,,,,,,,0.038064387382652005,0.08695652173913,0.005643284324104006,0.0031813361611880003,3
als|factors=16;epochs=5;regularisation=0.1;alpha=1.0|frac=0.5,ml100k,als,0.5,,,16.0,5.0,0.1,1.0,,,,,,,,0.04624434920537401,0.09119830328738,0.004602197683057002,0.016967126193001003,3
als|factors=16;epochs=5;regularisation=0.1;alpha=10.0|frac=0.5,ml100k,als,0.5,,,16.0,5.0,0.1,10.0,,,,,,,,0.042114064932585,0.09119830328738,0.006919556503268004,0.0031813361611880003,3
als|factors=16;epochs=5;regularisation=0.1;alpha=40.0|frac=0.5,ml100k,als,0.5,,,16.0,5.0,0.1,40.0,,,,,,,,0.038179952312629,0.088016967126193,0.008339976076220001,0.009544008483563002,3
als|factors=16;epochs=15;regularisation=0.001;alpha=1.0|frac=0.5,ml100k,als,0.5,,,16.0,15.0,0.001,1.0,,,,,,,,0.047649234183265006,0.099681866383881,0.0033599701443590008,0.0021208907741250005,3
als|factors=16;epochs=15;regularisation=0.001;alpha=10.0|frac=0.5,ml100k,als,0.5,,,16.0,15.0,0.001,10.0,,,,,,,,0.044077779174019005,0.09544008483563,0.004627398798365996,0.005302226935313001,3
als|factors=16;epochs=15;regularisation=0.001;alpha=40.0|frac=0.5,ml100k,als,0.5,,,16.0,15.0,0.001,40.0,,,,,,,,0.036672424284637004,0.080593849416755,0.002060778637956999,0.0063626723223750015,3
als|factors=16;epochs=15;regularisation=0.01;alpha=1.0|frac=0.5,ml100k,als,0.5,,,16.0,15.0,0.01,1.0,,,,,,,,0.047649234183265006,0.099681866383881,0.003681815009087999,0.003181336161187001,3
als|factors=16;epochs=15;regularisation=0.01;alpha=10.0|frac=0.5,ml100k,als,0.5,,,16.0,15.0,0.01,10.0,,,,,,,,0.044362679157390006,0.096500530222693,0.004150478772369001,0.0021208907741250005,3
als|factors=16;epochs=15;regularisation=0.01;alpha=40.0|frac=0.5,ml100k,als,0.5,,,16.0,15.0,0.01,40.0,,,,,,,,0.036556935547387,0.080593849416755,0.0017610585350630037,0.005302226935313001,3
als|factors=16;epochs=15;regularisation=0.1;alpha=1.0|frac=0.5,ml100k,als,0.5,,,16.0,15.0,0.1,1.0,,,,,,,,0.047345775113477005,0.099681866383881,0.004006514392362999,0.004241781548250001,3
als|factors=16;epochs=15;regularisation=0.1;alpha=10.0|frac=0.5,ml100k,als,0.5,,,16.0,15.0,0.1,10.0,,,,,,,,0.044372284063985,0.096500530222693,0.00570790737093,0.007423117709438001,3
als|factors=16;epochs=15;regularisation=0.1;alpha=40.0|frac=0.5,ml100k,als,0.5,,,16.0,15.0,0.1,40.0,,,,,,,,0.037030763440766,0.08271474019088,0.003370500607665,0.009544008483563002,3
als|factors=16;epochs=30;regularisation=0.001;alpha=1.0|frac=0.5,ml100k,als,0.5,,,16.0,30.0,0.001,1.0,,,,,,,,0.047350097566563006,0.100742311770943,0.0029272114279680003,0.0063626723223750015,3
als|factors=16;epochs=30;regularisation=0.001;alpha=10.0|frac=0.5,ml100k,als,0.5,,,16.0,30.0,0.001,10.0,,,,,,,,0.045394858775365005,0.098621420996818,0.0015698277367490049,0.005302226935313001,3
als|factors=16;epochs=30;regularisation=0.001;alpha=40.0|frac=0.5,ml100k,als,0.5,,,16.0,30.0,0.001,40.0,,,,,,,,0.037197687322841004,0.081654294803817,0.0012222791385360018,0.004241781548251,3
als|factors=16;epochs=30;regularisation=0.01;alpha=1.0|frac=0.5,ml100k,als,0.5,,,16.0,30.0,0.01,1.0,,,,,,,,0.047656635028193006,0.101802757158006,0.002976468679454003,0.0063626723223750015,3
als|factors=16;epochs=30;regularisation=0.01;alpha=10.0|frac=0.5,ml100k,als,0.5,,,16.0,30.0,0.01,10.0,,,,,,,,0.04555954297068401,0.100742311770943,0.0023375696163399975,0.005302226935313001,3
als|factors=16;epochs=30;regularisation=0.01;alpha=40.0|frac=0.5,ml100k,als,0.5,,,16.0,30.0,0.01,40.0,,,,,,,,0.03689524418105,0.080593849416755,0.0024758363863279995,0.007423117709438001,3
als|factors=16;epochs=30;regularisation=0.1;alpha=1.0|frac=0.5,ml100k,als,0.5,,,16.0,30.0,0.1,1.0,,,,,,,,0.047229156365984,0.100742311770943,0.0023855188901509977,0.005302226935313001,3
als|factors=16;epochs=30;regularisation=0.1;alpha=10.0|frac=0.5,ml100k,als,0.5,,,16.0,30.0,0.1,10.0,,,,,,,,0.04533674278395,0.099681866383881,0.0013918300877659995,0.0010604453870620006,3
als|factors=16;epochs=30;regularisation=0.1;alpha=40.0|frac=0.5,ml100k,als,0.5,,,16.0,30.0,0.1,40.0,,,,,,,,0.037854584109654005,0.084835630965005,0.0030533542528050003,0.007423117709438001,3
als|factors=32;epochs=5;regularisation=0.001;alpha=1.0|frac=0.5,ml100k,als,0.5,,,32.0,5.0,0.001,1.0,,,,,,,,0.04791641297355,0.099681866383881,0.0016118964818480006,0.004241781548250001,3
als|factors=32;epochs=5;regularisation=0.001;alpha=10.0|frac=0.5,ml100k,als,0.5,,,32.0,5.0,0.001,10.0,,,,,,,,0.047253705518341,0.098621420996818,0.004883777896727996,0.003181336161187001,3
als|factors=32;epochs=5;regularisation=0.001;alpha=40.0|frac=0.5,ml100k,als,0.5,,,32.0,5.0,0.001,40.0,,,,,,,,0.042992503950891006,0.088016967126193,0.0005509372442160029,0.0021208907741250005,3
als|factors=32;epochs=5;regularisation=0.01;alpha=1.0|frac=0.5,ml100k,als,0.5,,,32.0,5.0,0.01,1.0,,,,,,,,0.047929101382188005,0.099681866383881,0.0016537732750960057,0.004241781548250001,3
als|factors=32;epochs=5;regularisation=0.01;alpha=10.0|frac=0.5,ml100k,als,0.5,,,32.0,5.0,0.01,10.0,,,,,,,,0.046726982049772006,0.099681866383881,0.004673273099792,0.0063626723223750015,3
als|factors=32;epochs=5;regularisation=0.01;alpha=40.0|frac=0.5,ml100k,als,0.5,,,32.0,5.0,0.01,40.0,,,,,,,,0.043924733308639004,0.089077412513255,0.002990196391165996,0.004241781548251,3
als|factors=32;epochs=5;regularisation=0.1;alpha=1.0|frac=0.5,ml100k,als,0.5,,,32.0,5.0,0.1,1.0,,,,,,,,0.047571920528711,0.099681866383881,0.0012856958299989965,0.005302226935313001,3
als|factors=32;epochs=5;regularisation=0.1;alpha=10.0|frac=0.5,ml100k,als,0.5,,,32.0,5.0,0.1,10.0,,,,,,,,0.047405667497313,0.098621420996818,0.001691576769831997,0.007423117709438001,3
als|factors=32;epochs=5;regularisation=0.1;alpha=40.0|frac=0.5,ml100k,als,0.5,,,32.0,5.0,0.1,40.0,,,,,,,,0.046352800197313006,0.09119830328738,0.002061490119736005,0.0031813361611880003,3
als|factors=32;epochs=15;regularisation=0.001;alpha=1.0|frac=0.5,ml100k,als,0.5,,,32.0,15.0,0.001,1.0,,,,,,,,0.049026637198648006,0.106044538706256,0.0041401490115689984,0.009544008483563002,3
als|factors=32;epochs=15;regularisation=0.001;alpha=10.0|frac=0.5,ml100k,als,0.5,,,32.0,15.0,0.001,10.0,,,,,,,,0.049131938793313006,0.108165429480381,0.005615738882986006,0.015906680805938003,3
als|factors=32;epochs=15;regularisation=0.001;alpha=40.0|frac=0.5,ml100k,als,0.5,,,32.0,15.0,0.001,40.0,,,,,,,,0.04602974875705,0.096500530222693,0.003362239765701998,0.010604453870626002,3
als|factors=32;epochs=15;regularisation=0.01;alpha=1.0|frac=0.5,ml100k,als,0.5,,,32.0,15.0,0.01,1.0,,,,,,,,0.049026637198648006,0.106044538706256,0.004233955475949,0.009544008483563002,3
als|factors=32;epochs=15;regularisation=0.01;alpha=10.0|frac=0.5,ml100k,als,0.5,,,32.0,15.0,0.01,10.0,,,,,,,,0.049274794651946,0.104984093319194,0.006515121576473,0.013785790031814002,3
als|factors=32;epochs=15;regularisation=0.01;alpha=40.0|frac=0.5,ml100k,als,0.5,,,32.0,15.0,0.01,40.0,,,,,,,,0.047768580527547004,0.099681866383881,0.005147854974255003,0.014846235418875003,3
als|factors=32;epochs=15;regularisation=0.1;alpha=1.0|frac=0.5,ml100k,als,0.5,,,32.0,15.0,0.1,1.0,,,,,,,,0.049367614783035,0.106044538706256,0.004289432559890005,0.010604453870626002,3
als|factors=32;epochs=15;regularisation=0.1;alpha=10.0|frac=0.5,ml100k,als,0.5,,,32.0,15.0,0.1,10.0,,,,,,,,0.050181560717879006,0.110286320254506,0.004770005879176004,0.009544008483563002,3
als|factors=32;epochs=15;regularisation=0.1;alpha=40.0|frac=0.5,ml100k,als,0.5,,,32.0,15.0,0.1,40.0,,,,,,,,0.049348983698110006,0.097560975609756,0.006344410978848997,0.011664899257689001,3
als|factors=32;epochs=30;regularisation=0.001;alpha=1.0|frac=0.5,ml100k,als,0.5,,,32.0,30.0,0.001,1.0,,,,,,,,0.049321813561077,0.106044538706256,0.002982460759236999,0.004241781548251,3
als|factors=32;epochs=30;regularisation=0.001;alpha=10.0|frac=0.5,ml100k,als,0.5,,,32.0,30.0,0.001,10.0,,,,,,,,0.047556957690320006,0.102863202545068,0.011096677754215002,0.021208907741251004,3
als|factors=32;epochs=30;regularisation=0.001;alpha=40.0|frac=0.5,ml100k,als,0.5,,,32.0,30.0,0.001,40.0,,,,,,,,0.044904024156168,0.097560975609756,0.003071925877012001,0.006362672322376001,3
als|factors=32;epochs=30;regularisation=0.01;alpha=1.0|frac=0.5,ml100k,als,0.5,,,32.0,30.0,0.01,1.0,,,,,,,,0.04937192737472,0.106044538706256,0.0030569292653940053,0.004241781548251,3
als|factors=32;epochs=30;regularisation=0.01;alpha=10.0|frac=0.5,ml100k,als,0.5,,,32.0,30.0,0.01,10.0,,,,,,,,0.048535715162209,0.106044538706256,0.012441026420190002,0.025450689289502004,3
als|factors=32;epochs=30;regularisation=0.01;alpha=40.0|frac=0.5,ml100k,als,0.5,,,32.0,30.0,0.01,40.0,,,,,,,,0.046594869057531005,0.096500530222693,0.0014283489587339979,0.0010604453870629998,3
als|factors=32;epochs=30;regularisation=0.1;alpha=1.0|frac=0.5,ml100k,als,0.5,,,32.0,30.0,0.1,1.0,,,,,,,,0.049172290758305,0.106044538706256,0.0032579240172879997,0.005302226935313001,3
als|factors=32;epochs=30;regularisation=0.1;alpha=10.0|frac=0.5,ml100k,als,0.5,,,32.0,30.0,0.1,10.0,,,,,,,,0.049075327992390005,0.106044538706256,0.012147547174851003,0.019088016967127003,3
als|factors=32;epochs=30;regularisation=0.1;alpha=40.0|frac=0.5,ml100k,als,0.5,,,32.0,30.0,0.1,40.0,,,,,,,,0.046732983677452,0.096500530222693,0.000548134539898,0.0031813361611880003,3
als|factors=64;epochs=5;regularisation=0.001;alpha=1.0|frac=0.5,ml100k,als,0.5,,,64.0,5.0,0.001,1.0,,,,,,,,0.04644756154921,0.096500530222693,0.003167932825474,0.015906680805938003,3
als|factors=64;epochs=5;regularisation=0.001;alpha=10.0|frac=0.5,ml100k,als,0.5,,,64.0,5.0,0.001,10.0,,,,,,,,0.043074195797498,0.088016967126193,0.0006900459920280017,0.009544008483563002,3
als|factors=64;epochs=5;regularisation=0.001;alpha=40.0|frac=0.5,ml100k,als,0.5,,,64.0,5.0,0.001,40.0,,,,,,,,0.042089617306882,0.08695652173913,0.0049255578243729975,0.010604453870626002,3
als|factors=64;epochs=5;regularisation=0.01;alpha=1.0|frac=0.5,ml100k,als,0.5,,,64.0,5.0,0.01,1.0,,,,,,,,0.046291527092608004,0.096500530222693,0.003220338430284006,0.015906680805938003,3
als|factors=64;epochs=5;regularisation=0.01;alpha=10.0|frac=0.5,ml100k,als,0.5,,,64.0,5.0,0.01,10.0,,,,,,,,0.04350038104837,0.09119830328738,0.0006759528592399991,0.012725344644751002,3
als|factors=64;epochs=5;regularisation=0.01;alpha=40.0|frac=0.5,ml100k,als,0.5,,,64.0,5.0,0.01,40.0,,,,,,,,0.040788721001182006,0.084835630965005,0.005989443000207997,0.006362672322376001,3
als|factors=64;epochs=5;regularisation=0.1;alpha=1.0|frac=0.5,ml100k,als,0.5,,,64.0,5.0,0.1,1.0,,,,,,,,0.046600620204393005,0.097560975609756,0.005192443113117999,0.019088016967126004,3
als|factors=64;epochs=5;regularisation=0.1;alpha=10.0|frac=0.5,ml100k,als,0.5,,,64.0,5.0,0.1,10.0,,,,,,,,0.0432158463369,0.09119830328738,0.0015390163132130014,0.007423117709438001,3
als|factors=64;epochs=5;regularisation=0.1;alpha=40.0|frac=0.5,ml100k,als,0.5,,,64.0,5.0,0.1,40.0,,,,,,,,0.037770832383778,0.08271474019088,0.007433247791533003,0.009544008483563002,3
als|factors=64;epochs=15;regularisation=0.001;alpha=1.0|frac=0.5,ml100k,als,0.5,,,64.0,15.0,0.001,1.0,,,,,,,,0.051307659706866,0.111346765641569,0.0017196150294189957,0.0010604453870629998,3
als|factors=64;epochs=15;regularisation=0.001;alpha=10.0|frac=0.5,ml100k,als,0.5,,,64.0,15.0,0.001,10.0,,,,,,,,0.048764103474773,0.101802757158006,0.004360964906493001,0.004241781548250001,3
als|factors=64;epochs=15;regularisation=0.001;alpha=40.0|frac=0.5,ml100k,als,0.5,,,64.0,15.0,0.001,40.0,,,,,,,,0.041404127476606004,0.090137857900318,0.008469843536335002,0.012725344644750003,3
als|factors=64;epochs=15;regularisation=0.01;alpha=1.0|frac=0.5,ml100k,als,0.5,,,64.0,15.0,0.01,1.0,,,,,,,,0.051094275710653,0.110286320254506,0.0014776227714830004,0.0010604453870629998,3
als|factors=64;epochs=15;regularisation=0.01;alpha=10.0|frac=0.5,ml100k,als,0.5,,,64.0,15.0,0.01,10.0,,,,,,,,0.04903410786140001,0.102863202545068,0.004351817645323004,0.004241781548251,3
als|factors=64;epochs=15;regularisation=0.01;alpha=40.0|frac=0.5,ml100k,als,0.5,,,64.0,15.0,0.01,40.0,,,,,,,,0.041342414983341,0.088016967126193,0.007265046487199001,0.008483563096500002,3
als|factors=64;epochs=15;regularisation=0.1;alpha=1.0|frac=0.5,ml100k,als,0.5,,,64.0,15.0,0.1,1.0,,,,,,,,0.050029361167326,0.108165429480381,0.001073298500045998,0.003181336161187001,3
als|factors=64;epochs=15;regularisation=0.1;alpha=10.0|frac=0.5,ml100k,als,0.5,,,64.0,15.0,0.1,10.0,,,,,,,,0.049511535691968006,0.103923647932131,0.0039847521718229945,0.005302226935313001,3
als|factors=64;epochs=15;regularisation=0.1;alpha=40.0|frac=0.5,ml100k,als,0.5,,,64.0,15.0,0.1,40.0,,,,,,,,0.041028079403736005,0.085896076352067,0.012283899658006005,0.024390243902439004,3
als|factors=64;epochs=30;regularisation=0.001;alpha=1.0|frac=0.5,ml100k,als,0.5,,,64.0,30.0,0.001,1.0,,,,,,,,0.04992903255882,0.107104984093319,0.0015083661832080014,0.0010604453870629998,3
als|factors=64;epochs=30;regularisation=0.001;alpha=10.0|frac=0.5,ml100k,als,0.5,,,64.0,30.0,0.001,10.0,,,,,,,,0.052374817514533004,0.106044538706256,0.002543082667595002,0.008483563096501001,3
als|factors=64;epochs=30;regularisation=0.001;alpha=40.0|frac=0.5,ml100k,als,0.5,,,64.0,30.0,0.001,40.0,,,,,,,,0.043891163034753,0.094379639448568,0.008343851820036996,0.020148462354188004,3
als|factors=64;epochs=30;regularisation=0.01;alpha=1.0|frac=0.5,ml100k,als,0.5,,,64.0,30.0,0.01,1.0,,,,,,,,0.049855518834614004,0.107104984093319,0.0013796086525999993,0.0010604453870629998,3
als|factors=64;epochs=30;regularisation=0.01;alpha=10.0|frac=0.5,ml100k,als,0.5,,,64.0,30.0,0.01,10.0,,,,,,,,0.052482739701493,0.109225874867444,0.003777966737209003,0.009544008483563002,3
als|factors=64;epochs=30;regularisation=0.01;alpha=40.0|frac=0.5,ml100k,als,0.5,,,64.0,30.0,0.01,40.0,,,,,,,,0.044595992845103,0.096500530222693,0.0071937134433989955,0.018027571580063004,3
als|factors=64;epochs=30;regularisation=0.1;alpha=1.0|frac=0.5,ml100k,als,0.5,,,64.0,30.0,0.1,1.0,,,,,,,,0.04958415209466201,0.106044538706256,0.0013472111748360008,0.0010604453870629998,3
als|factors=64;epochs=30;regularisation=0.1;alpha=10.0|frac=0.5,ml100k,als,0.5,,,64.0,30.0,0.1,10.0,,,,,,,,0.051570523892065005,0.102863202545068,0.004898977346600997,0.006362672322376001,3
als|factors=64;epochs=30;regularisation=0.1;alpha=40.0|frac=0.5,ml100k,als,0.5,,,64.0,30.0,0.1,40.0,,,,,,,,0.045925907888286,0.101802757158006,0.004544565895994994,0.004241781548250001,3
als|factors=128;epochs=5;regularisation=0.001;alpha=1.0|frac=0.5,ml100k,als,0.5,,,128.0,5.0,0.001,1.0,,,,,,,,0.045611576492044004,0.09119830328738,0.0010373436903539993,0.0031813361611880003,3
als|factors=128;epochs=5;regularisation=0.001;alpha=10.0|frac=0.5,ml100k,als,0.5,,,128.0,5.0,0.001,10.0,,,,,,,,0.039622732608845,0.08271474019088,0.005366468116970002,0.009544008483563002,3
als|factors=128;epochs=5;regularisation=0.001;alpha=40.0|frac=0.5,ml100k,als,0.5,,,128.0,5.0,0.001,40.0,,,,,,,,0.040319824117987006,0.081654294803817,0.010960264304267997,0.009544008483563002,3
als|factors=128;epochs=5;regularisation=0.01;alpha=1.0|frac=0.5,ml100k,als,0.5,,,128.0,5.0,0.01,1.0,,,,,,,,0.04569183347224701,0.09119830328738,0.0015884891942479981,0.004241781548250001,3
als|factors=128;epochs=5;regularisation=0.01;alpha=10.0|frac=0.5,ml100k,als,0.5,,,128.0,5.0,0.01,10.0,,,,,,,,0.040131168797805004,0.084835630965005,0.005237608072524998,0.007423117709438001,3
als|factors=128;epochs=5;regularisation=0.01;alpha=40.0|frac=0.5,ml100k,als,0.5,,,128.0,5.0,0.01,40.0,,,,,,,,0.041555630282890006,0.081654294803817,0.011931933054258999,0.014846235418876003,3
als|factors=128;epochs=5;regularisation=0.1;alpha=1.0|frac=0.5,ml100k,als,0.5,,,128.0,5.0,0.1,1.0,,,,,,,,0.04543634537466,0.09119830328738,0.0010518427191420002,0.0010604453870620006,3
als|factors=128;epochs=5;regularisation=0.1;alpha=10.0|frac=0.5,ml100k,als,0.5,,,128.0,5.0,0.1,10.0,,,,,,,,0.041571675036391004,0.08695652173913,0.0040827922207759965,0.008483563096501001,3
als|factors=128;epochs=5;regularisation=0.1;alpha=40.0|frac=0.5,ml100k,als,0.5,,,128.0,5.0,0.1,40.0,,,,,,,,0.040628788479472,0.077412513255567,0.010047394569714,0.019088016967126996,3
als|factors=128;epochs=15;regularisation=0.001;alpha=1.0|frac=0.5,ml100k,als,0.5,,,128.0,15.0,0.001,1.0,,,,,,,,0.04781969417118501,0.096500530222693,0.002328792140176998,0.008483563096501001,3
als|factors=128;epochs=15;regularisation=0.001;alpha=10.0|frac=0.5,ml100k,als,0.5,,,128.0,15.0,0.001,10.0,,,,,,,,0.046386614607385,0.09544008483563,0.0031335294152020007,0.014846235418876003,3
als|factors=128;epochs=15;regularisation=0.001;alpha=40.0|frac=0.5,ml100k,als,0.5,,,128.0,15.0,0.001,40.0,,,,,,,,0.044436859764091,0.093319194061505,0.006220884847986004,0.014846235418876003,3
als|factors=128;epochs=15;regularisation=0.01;alpha=1.0|frac=0.5,ml100k,als,0.5,,,128.0,15.0,0.01,1.0,,,,,,,,0.047861141247303,0.096500530222693,0.0019335317710370004,0.007423117709438001,3
als|factors=128;epochs=15;regularisation=0.01;alpha=10.0|frac=0.5,ml100k,als,0.5,,,128.0,15.0,0.01,10.0,,,,,,,,0.046228875799803004,0.094379639448568,0.003113837890473002,0.013785790031813003,3
als|factors=128;epochs=15;regularisation=0.01;alpha=40.0|frac=0.5,ml100k,als,0.5,,,128.0,15.0,0.01,40.0,,,,,,,,0.044840738530128,0.09119830328738,0.006588282499333999,0.014846235418876003,3
als|factors=128;epochs=15;regularisation=0.1;alpha=1.0|frac=0.5,ml100k,als,0.5,,,128.0,15.0,0.1,1.0,,,,,,,,0.04831527807846701,0.09544008483563,0.0013129133667489981,0.005302226935313001,3
als|factors=128;epochs=15;regularisation=0.1;alpha=10.0|frac=0.5,ml100k,als,0.5,,,128.0,15.0,0.1,10.0,,,,,,,,0.045664139963731004,0.093319194061505,0.0032789531989930037,0.008483563096500002,3
als|factors=128;epochs=15;regularisation=0.1;alpha=40.0|frac=0.5,ml100k,als,0.5,,,128.0,15.0,0.1,40.0,,,,,,,,0.042562831799249,0.08695652173913,0.004557543148339997,0.009544008483563002,3
als|factors=128;epochs=30;regularisation=0.001;alpha=1.0|frac=0.5,ml100k,als,0.5,,,128.0,30.0,0.001,1.0,,,,,,,,0.046220051228543,0.09119830328738,0.002993424440230999,0.005302226935313001,3
als|factors=128;epochs=30;regularisation=0.001;alpha=10.0|frac=0.5,ml100k,als,0.5,,,128.0,30.0,0.001,10.0,,,,,,,,0.04350494982789,0.085896076352067,0.004774034136808006,0.011664899257688002,3
als|factors=128;epochs=30;regularisation=0.001;alpha=40.0|frac=0.5,ml100k,als,0.5,,,128.0,30.0,0.001,40.0,,,,,,,,0.043699624894265,0.090137857900318,0.003061631855317,0.010604453870625002,3
als|factors=128;epochs=30;regularisation=0.01;alpha=1.0|frac=0.5,ml100k,als,0.5,,,128.0,30.0,0.01,1.0,,,,,,,,0.046686096161307006,0.092258748674443,0.002631847594992999,0.004241781548250001,3
als|factors=128;epochs=30;regularisation=0.01;alpha=10.0|frac=0.5,ml100k,als,0.5,,,128.0,30.0,0.01,10.0,,,,,,,,0.045404830442523005,0.092258748674443,0.001580164655244,0.0010604453870629998,3
als|factors=128;epochs=30;regularisation=0.01;alpha=40.0|frac=0.5,ml100k,als,0.5,,,128.0,30.0,0.01,40.0,,,,,,,,0.043958059600500005,0.088016967126193,0.0010970801928859991,0.008483563096500002,3
als|factors=128;epochs=30;regularisation=0.1;alpha=1.0|frac=0.5,ml100k,als,0.5,,,128.0,30.0,0.1,1.0,,,,,,,,0.04576388845030201,0.090137857900318,0.0034121934650200025,0.008483563096501001,3
als|factors=128;epochs=30;regularisation=0.1;alpha=10.0|frac=0.5,ml100k,als,0.5,,,128.0,30.0,0.1,10.0,,,,,,,,0.044715835137119006,0.088016967126193,0.0032627299752959957,0.012725344644751002,3
als|factors=128;epochs=30;regularisation=0.1;alpha=40.0|frac=0.5,ml100k,als,0.5,,,128.0,30.0,0.1,40.0,,,,,,,,0.045408679384886005,0.089077412513255,0.002450479927443003,0.008483563096500002,3
als|factors=16;epochs=5;regularisation=0.001;alpha=1.0|frac=1.0,ml100k,als,1.0,,,16.0,5.0,0.001,1.0,,,,,,,,0.067652790764383,0.141039236479321,0.005857133543407,0.009544008483562988,3
als|factors=16;epochs=5;regularisation=0.001;alpha=10.0|frac=1.0,ml100k,als,1.0,,,16.0,5.0,0.001,10.0,,,,,,,,0.064735643666035,0.135737009544008,0.0033656122542060074,0.013785790031814002,3
als|factors=16;epochs=5;regularisation=0.001;alpha=40.0|frac=1.0,ml100k,als,1.0,,,16.0,5.0,0.001,40.0,,,,,,,,0.05209101872075501,0.103923647932131,0.007707467393882998,0.012725344644750003,3
als|factors=16;epochs=5;regularisation=0.01;alpha=1.0|frac=1.0,ml100k,als,1.0,,,16.0,5.0,0.01,1.0,,,,,,,,0.067682446275246,0.141039236479321,0.005810663467656005,0.009544008483562988,3
als|factors=16;epochs=5;regularisation=0.01;alpha=10.0|frac=1.0,ml100k,als,1.0,,,16.0,5.0,0.01,10.0,,,,,,,,0.06390347941204601,0.133616118769883,0.004701107795071005,0.013785790031812989,3
als|factors=16;epochs=5;regularisation=0.01;alpha=40.0|frac=1.0,ml100k,als,1.0,,,16.0,5.0,0.01,40.0,,,,,,,,0.052725200786022004,0.106044538706256,0.007992952031047995,0.014846235418876003,3
als|factors=16;epochs=5;regularisation=0.1;alpha=1.0|frac=1.0,ml100k,als,1.0,,,16.0,5.0,0.1,1.0,,,,,,,,0.06802190694712,0.142099681866383,0.004401941644883001,0.007423117709438015,3
als|factors=16;epochs=5;regularisation=0.1;alpha=10.0|frac=1.0,ml100k,als,1.0,,,16.0,5.0,0.1,10.0,,,,,,,,0.06463064834946901,0.13149522799575802,0.003242069057023997,0.007423117709437987,3
als|factors=16;epochs=5;regularisation=0.1;alpha=40.0|frac=1.0,ml100k,als,1.0,,,16.0,5.0,0.1,40.0,,,,,,,,0.05462907227982101,0.106044538706256,0.004081722709661999,0.009544008483563002,3
als|factors=16;epochs=15;regularisation=0.001;alpha=1.0|frac=1.0,ml100k,als,1.0,,,16.0,15.0,0.001,1.0,,,,,,,,0.07212169361206501,0.147401908801696,0.0028688795640370024,0.0031813361611879865,3
als|factors=16;epochs=15;regularisation=0.001;alpha=10.0|frac=1.0,ml100k,als,1.0,,,16.0,15.0,0.001,10.0,,,,,,,,0.06361545903813101,0.126193001060445,0.005107756375039005,0.009544008483563002,3
als|factors=16;epochs=15;regularisation=0.001;alpha=40.0|frac=1.0,ml100k,als,1.0,,,16.0,15.0,0.001,40.0,,,,,,,,0.056600168823597,0.110286320254506,0.007237720934731996,0.011664899257688002,3
als|factors=16;epochs=15;regularisation=0.01;alpha=1.0|frac=1.0,ml100k,als,1.0,,,16.0,15.0,0.01,1.0,,,,,,,,0.07276869034474101,0.146341463414634,0.0024851872589790047,0.0021208907741250005,3
als|factors=16;epochs=15;regularisation=0.01;alpha=10.0|frac=1.0,ml100k,als,1.0,,,16.0,15.0,0.01,10.0,,,,,,,,0.063781877869952,0.12725344644750702,0.004750509820030002,0.007423117709437987,3
als|factors=16;epochs=15;regularisation=0.01;alpha=40.0|frac=1.0,ml100k,als,1.0,,,16.0,15.0,0.01,40.0,,,,,,,,0.056770646989090005,0.109225874867444,0.008185205491261005,0.013785790031813003,3
als|factors=16;epochs=15;regularisation=0.1;alpha=1.0|frac=1.0,ml100k,als,1.0,,,16.0,15.0,0.1,1.0,,,,,,,,0.07251748094073901,0.147401908801696,0.0018014620140650028,0.003181336161187015,3
als|factors=16;epochs=15;regularisation=0.1;alpha=10.0|frac=1.0,ml100k,als,1.0,,,16.0,15.0,0.1,10.0,,,,,,,,0.063245402791609,0.12407211028632001,0.004900051592908003,0.008483563096501015,3
als|factors=16;epochs=15;regularisation=0.1;alpha=40.0|frac=1.0,ml100k,als,1.0,,,16.0,15.0,0.1,40.0,,,,,,,,0.05578894267207601,0.104984093319194,0.004515892336248002,0.009544008483563002,3
als|factors=16;epochs=30;regularisation=0.001;alpha=1.0|frac=1.0,ml100k,als,1.0,,,16.0,30.0,0.001,1.0,,,,,,,,0.07199933409021801,0.145281018027571,0.0009126376033140038,0.0021208907741250005,3
als|factors=16;epochs=30;regularisation=0.001;alpha=10.0|frac=1.0,ml100k,als,1.0,,,16.0,30.0,0.001,10.0,,,,,,,,0.06581250168588601,0.12831389183457,0.0027271987730430047,0.0031813361611879865,3
als|factors=16;epochs=30;regularisation=0.001;alpha=40.0|frac=1.0,ml100k,als,1.0,,,16.0,30.0,0.001,40.0,,,,,,,,0.052678582064533006,0.102863202545068,0.002599155499714005,0.007423117709438001,3
als|factors=16;epochs=30;regularisation=0.01;alpha=1.0|frac=1.0,ml100k,als,1.0,,,16.0,30.0,0.01,1.0,,,,,,,,0.07199933409021801,0.145281018027571,0.0009279450064119954,0.0021208907741250005,3
als|factors=16;epochs=30;regularisation=0.01;alpha=10.0|frac=1.0,ml100k,als,1.0,,,16.0,30.0,0.01,10.0,,,,,,,,0.065800284916884,0.12831389183457,0.0023877073092199996,0.0031813361611879865,3
als|factors=16;epochs=30;regularisation=0.01;alpha=40.0|frac=1.0,ml100k,als,1.0,,,16.0,30.0,0.01,40.0,,,,,,,,0.05322453736491001,0.100742311770943,0.001401444846247997,0.005302226935313001,3
als|factors=16;epochs=30;regularisation=0.1;alpha=1.0|frac=1.0,ml100k,als,1.0,,,16.0,30.0,0.1,1.0,,,,,,,,0.07203627897157601,0.145281018027571,0.001017622695872994,0.0021208907741250005,3
als|factors=16;epochs=30;regularisation=0.1;alpha=10.0|frac=1.0,ml100k,als,1.0,,,16.0,30.0,0.1,10.0,,,,,,,,0.066275262911658,0.126193001060445,0.002969857913473997,0.004241781548250001,3
als|factors=16;epochs=30;regularisation=0.1;alpha=40.0|frac=1.0,ml100k,als,1.0,,,16.0,30.0,0.1,40.0,,,,,,,,0.05564371080514201,0.103923647932131,0.002894463565145,0.0021208907741259997,3
als|factors=32;epochs=5;regularisation=0.001;alpha=1.0|frac=1.0,ml100k,als,1.0,,,32.0,5.0,0.001,1.0,,,,,,,,0.07164881082492601,0.141039236479321,0.003143841848290002,0.011664899257688016,3
als|factors=32;epochs=5;regularisation=0.001;alpha=10.0|frac=1.0,ml100k,als,1.0,,,32.0,5.0,0.001,10.0,,,,,,,,0.067804312979966,0.12937433722163302,0.004510039272807992,0.007423117709437987,3
als|factors=32;epochs=5;regularisation=0.001;alpha=40.0|frac=1.0,ml100k,als,1.0,,,32.0,5.0,0.001,40.0,,,,,,,,0.054828017375113,0.11558854718981901,0.005035319986320001,0.007423117709438001,3
als|factors=32;epochs=5;regularisation=0.01;alpha=1.0|frac=1.0,ml100k,als,1.0,,,32.0,5.0,0.01,1.0,,,,,,,,0.07193441834414101,0.141039236479321,0.0031028261305809934,0.010604453870626002,3
als|factors=32;epochs=5;regularisation=0.01;alpha=10.0|frac=1.0,ml100k,als,1.0,,,32.0,5.0,0.01,10.0,,,,,,,,0.06621485633167301,0.12937433722163302,0.0038059240112249954,0.007423117709437987,3
als|factors=32;epochs=5;regularisation=0.01;alpha=40.0|frac=1.0,ml100k,als,1.0,,,32.0,5.0,0.01,40.0,,,,,,,,0.056637950874329004,0.11346765641569401,0.0034736323409,0.0010604453870620006,3
als|factors=32;epochs=5;regularisation=0.1;alpha=1.0|frac=1.0,ml100k,als,1.0,,,32.0,5.0,0.1,1.0,,,,,,,,0.071356362202041,0.139978791092258,0.0031667298379920022,0.011664899257688016,3
als|factors=32;epochs=5;regularisation=0.1;alpha=10.0|frac=1.0,ml100k,als,1.0,,,32.0,5.0,0.1,10.0,,,,,,,,0.066735228852251,0.12831389183457,0.004558146283750994,0.012725344644751002,3
als|factors=32;epochs=5;regularisation=0.1;alpha=40.0|frac=1.0,ml100k,als,1.0,,,32.0,5.0,0.1,40.0,,,,,,,,0.055483823506072005,0.11346765641569401,0.003791128508969996,0.004241781548251,3
als|factors=32;epochs=15;regularisation=0.001;alpha=1.0|frac=1.0,ml100k,als,1.0,,,32.0,15.0,0.001,1.0,,,,,,,,0.072593465128074,0.136797454931071,0.0027531065942330013,0.013785790031813017,3
als|factors=32;epochs=15;regularisation=0.001;alpha=10.0|frac=1.0,ml100k,als,1.0,,,32.0,15.0,0.001,10.0,,,,,,,,0.066684240340982,0.136797454931071,0.006090333261819,0.010604453870626002,3
als|factors=32;epochs=15;regularisation=0.001;alpha=40.0|frac=1.0,ml100k,als,1.0,,,32.0,15.0,0.001,40.0,,,,,,,,0.05815635933821801,0.114528101802757,0.009630554729069006,0.015906680805939016,3
als|factors=32;epochs=15;regularisation=0.01;alpha=1.0|frac=1.0,ml100k,als,1.0,,,32.0,15.0,0.01,1.0,,,,,,,,0.072547848995809,0.136797454931071,0.003036720298318002,0.014846235418876003,3
als|factors=32;epochs=15;regularisation=0.01;alpha=10.0|frac=1.0,ml100k,als,1.0,,,32.0,15.0,0.01,10.0,,,,,,,,0.067444445192401,0.136797454931071,0.005288245234023992,0.008483563096500002,3
als|factors=32;epochs=15;regularisation=0.01;alpha=40.0|frac=1.0,ml100k,als,1.0,,,32.0,15.0,0.01,40.0,,,,,,,,0.057135896681686005,0.11664899257688201,0.005313904079852001,0.008483563096501001,3
als|factors=32;epochs=15;regularisation=0.1;alpha=1.0|frac=1.0,ml100k,als,1.0,,,32.0,15.0,0.1,1.0,,,,,,,,0.073402189190272,0.139978791092258,0.005161460133935994,0.016967126193001003,3
als|factors=32;epochs=15;regularisation=0.1;alpha=10.0|frac=1.0,ml100k,als,1.0,,,32.0,15.0,0.1,10.0,,,,,,,,0.068965089260847,0.139978791092258,0.003578797486745,0.007423117709438015,3
als|factors=32;epochs=15;regularisation=0.1;alpha=40.0|frac=1.0,ml100k,als,1.0,,,32.0,15.0,0.1,40.0,,,,,,,,0.058163848752041,0.11664899257688201,0.0011477834351489996,0.006362672322375987,3
als|factors=32;epochs=30;regularisation=0.001;alpha=1.0|frac=1.0,ml100k,als,1.0,,,32.0,30.0,0.001,1.0,,,,,,,,0.072246431852411,0.139978791092258,0.0002994188910809964,0.005302226935311988,3
als|factors=32;epochs=30;regularisation=0.001;alpha=10.0|frac=1.0,ml100k,als,1.0,,,32.0,30.0,0.001,10.0,,,,,,,,0.065259555363174,0.134676564156945,0.008623386174569009,0.018027571580063018,3
als|factors=32;epochs=30;regularisation=0.001;alpha=40.0|frac=1.0,ml100k,als,1.0,,,32.0,30.0,0.001,40.0,,,,,,,,0.059398334267616,0.11770943796394401,0.0018423179933020062,0.0063626723223750015,3
als|factors=32;epochs=30;regularisation=0.01;alpha=1.0|frac=1.0,ml100k,als,1.0,,,32.0,30.0,0.01,1.0,,,,,,,,0.072181127109625,0.141039236479321,0.0005138028359780028,0.004241781548250001,3
als|factors=32;epochs=30;regularisation=0.01;alpha=10.0|frac=1.0,ml100k,als,1.0,,,32.0,30.0,0.01,10.0,,,,,,,,0.065502214537698,0.135737009544008,0.007626006792189,0.013785790031813988,3
als|factors=32;epochs=30;regularisation=0.01;alpha=40.0|frac=1.0,ml100k,als,1.0,,,32.0,30.0,0.01,40.0,,,,,,,,0.06141651799112301,0.11876988335100701,0.0022101982842009996,0.008483563096500016,3
als|factors=32;epochs=30;regularisation=0.1;alpha=1.0|frac=1.0,ml100k,als,1.0,,,32.0,30.0,0.1,1.0,,,,,,,,0.071815116574687,0.138918345705196,0.0011779884966810067,0.004241781548250001,3
als|factors=32;epochs=30;regularisation=0.1;alpha=10.0|frac=1.0,ml100k,als,1.0,,,32.0,30.0,0.1,10.0,,,,,,,,0.066413700868861,0.138918345705196,0.005960954054219994,0.009544008483562988,3
als|factors=32;epochs=30;regularisation=0.1;alpha=40.0|frac=1.0,ml100k,als,1.0,,,32.0,30.0,0.1,40.0,,,,,,,,0.058070471045366,0.12195121951219501,0.004516994387198998,0.013785790031814016,3
als|factors=64;epochs=5;regularisation=0.001;alpha=1.0|frac=1.0,ml100k,als,1.0,,,64.0,5.0,0.001,1.0,,,,,,,,0.064487627635052,0.12831389183457,0.009074376306421994,0.019088016967126975,3
als|factors=64;epochs=5;regularisation=0.001;alpha=10.0|frac=1.0,ml100k,als,1.0,,,64.0,5.0,0.001,10.0,,,,,,,,0.063130523513164,0.12513255567338202,0.006916083152671004,0.005302226935313015,3
als|factors=64;epochs=5;regularisation=0.001;alpha=40.0|frac=1.0,ml100k,als,1.0,,,64.0,5.0,0.001,40.0,,,,,,,,0.053640283323108,0.108165429480381,0.008458681333771999,0.014846235418876003,3
als|factors=64;epochs=5;regularisation=0.01;alpha=1.0|frac=1.0,ml100k,als,1.0,,,64.0,5.0,0.01,1.0,,,,,,,,0.064179206973121,0.12725344644750702,0.009155966001799007,0.019088016967126004,3
als|factors=64;epochs=5;regularisation=0.01;alpha=10.0|frac=1.0,ml100k,als,1.0,,,64.0,5.0,0.01,10.0,,,,,,,,0.063232235534697,0.126193001060445,0.006056995793527004,0.0063626723223750015,3
als|factors=64;epochs=5;regularisation=0.01;alpha=40.0|frac=1.0,ml100k,als,1.0,,,64.0,5.0,0.01,40.0,,,,,,,,0.054583266199756,0.111346765641569,0.006844186370449999,0.007423117709438001,3
als|factors=64;epochs=5;regularisation=0.1;alpha=1.0|frac=1.0,ml100k,als,1.0,,,64.0,5.0,0.1,1.0,,,,,,,,0.065641502292845,0.12725344644750702,0.01035586418063901,0.023329798515376976,3
als|factors=64;epochs=5;regularisation=0.1;alpha=10.0|frac=1.0,ml100k,als,1.0,,,64.0,5.0,0.1,10.0,,,,,,,,0.059370520033206,0.12407211028632001,0.007080572821588006,0.015906680805938003,3
als|factors=64;epochs=5;regularisation=0.1;alpha=40.0|frac=1.0,ml100k,als,1.0,,,64.0,5.0,0.1,40.0,,,,,,,,0.054319565347839,0.11558854718981901,0.006309823344697006,0.004241781548250001,3
als|factors=64;epochs=15;regularisation=0.001;alpha=1.0|frac=1.0,ml100k,als,1.0,,,64.0,15.0,0.001,1.0,,,,,,,,0.066327833354676,0.133616118769883,0.004377815695995005,0.004241781548249973,3
als|factors=64;epochs=15;regularisation=0.001;alpha=10.0|frac=1.0,ml100k,als,1.0,,,64.0,15.0,0.001,10.0,,,,,,,,0.06357113094555901,0.12937433722163302,0.0028348135881750003,0.009544008483563002,3
als|factors=64;epochs=15;regularisation=0.001;alpha=40.0|frac=1.0,ml100k,als,1.0,,,64.0,15.0,0.001,40.0,,,,,,,,0.056643417675692004,0.11558854718981901,0.0021221839661220016,0.004241781548250001,3
als|factors=64;epochs=15;regularisation=0.01;alpha=1.0|frac=1.0,ml100k,als,1.0,,,64.0,15.0,0.01,1.0,,,,,,,,0.066087522865425,0.13255567338282,0.003853124454038001,0.004241781548249973,3
als|factors=64;epochs=15;regularisation=0.01;alpha=10.0|frac=1.0,ml100k,als,1.0,,,64.0,15.0,0.01,10.0,,,,,,,,0.064485200342105,0.12513255567338202,0.005386259410626003,0.02120890774125099,3
als|factors=64;epochs=15;regularisation=0.01;alpha=40.0|frac=1.0,ml100k,als,1.0,,,64.0,15.0,0.01,40.0,,,,,,,,0.057469602290133,0.11983032873807,0.004185827529615001,0.005302226935313001,3
als|factors=64;epochs=15;regularisation=0.1;alpha=1.0|frac=1.0,ml100k,als,1.0,,,64.0,15.0,0.1,1.0,,,,,,,,0.067663517386919,0.136797454931071,0.0032400911918379904,0.0031813361611879865,3
als|factors=64;epochs=15;regularisation=0.1;alpha=10.0|frac=1.0,ml100k,als,1.0,,,64.0,15.0,0.1,10.0,,,,,,,,0.065444284537682,0.130434782608695,0.005556091497876996,0.02120890774125099,3
als|factors=64;epochs=15;regularisation=0.1;alpha=40.0|frac=1.0,ml100k,als,1.0,,,64.0,15.0,0.1,40.0,,,,,,,,0.056153546573958005,0.12195121951219501,0.0011873084251920046,0.0021208907741250144,3
als|factors=64;epochs=30;regularisation=0.001;alpha=1.0|frac=1.0,ml100k,als,1.0,,,64.0,30.0,0.001,1.0,,,,,,,,0.06848555683063601,0.137857900318133,0.002978436257611003,0.004241781548251,3
als|factors=64;epochs=30;regularisation=0.001;alpha=10.0|frac=1.0,ml100k,als,1.0,,,64.0,30.0,0.001,10.0,,,,,,,,0.06688914532455101,0.134676564156945,0.0016528566161990027,0.005302226935312987,3
als|factors=64;epochs=30;regularisation=0.001;alpha=40.0|frac=1.0,ml100k,als,1.0,,,64.0,30.0,0.001,40.0,,,,,,,,0.05718523356033801,0.11770943796394401,0.004591871407639003,0.009544008483563002,3
als|factors=64;epochs=30;regularisation=0.01;alpha=1.0|frac=1.0,ml100k,als,1.0,,,64.0,30.0,0.01,1.0,,,,,,,,0.068526572548346,0.137857900318133,0.0031766972589550024,0.005302226935312987,3
als|factors=64;epochs=30;regularisation=0.01;alpha=10.0|frac=1.0,ml100k,als,1.0,,,64.0,30.0,0.01,10.0,,,,,,,,0.067913652252458,0.13255567338282,0.002579239032260011,0.007423117709437987,3
als|factors=64;epochs=30;regularisation=0.01;alpha=40.0|frac=1.0,ml100k,als,1.0,,,64.0,30.0,0.01,40.0,,,,,,,,0.058188219685314006,0.11770943796394401,0.002680816492962,0.0021208907741250005,3
als|factors=64;epochs=30;regularisation=0.1;alpha=1.0|frac=1.0,ml100k,als,1.0,,,64.0,30.0,0.1,1.0,,,,,,,,0.06827334204829001,0.138918345705196,0.0035892420806619973,0.007423117709438015,3
als|factors=64;epochs=30;regularisation=0.1;alpha=10.0|frac=1.0,ml100k,als,1.0,,,64.0,30.0,0.1,10.0,,,,,,,,0.06622415187868101,0.13149522799575802,0.0017341637516870012,0.006362672322376001,3
als|factors=64;epochs=30;regularisation=0.1;alpha=40.0|frac=1.0,ml100k,als,1.0,,,64.0,30.0,0.1,40.0,,,,,,,,0.056630334300541006,0.12407211028632001,0.006115316344749003,0.013785790031813003,3
als|factors=128;epochs=5;regularisation=0.001;alpha=1.0|frac=1.0,ml100k,als,1.0,,,128.0,5.0,0.001,1.0,,,,,,,,0.061617109270359,0.12301166489925701,0.006435411806846994,0.007423117709438001,3
als|factors=128;epochs=5;regularisation=0.001;alpha=10.0|frac=1.0,ml100k,als,1.0,,,128.0,5.0,0.001,10.0,,,,,,,,0.062914277274888,0.11983032873807,0.008697313645043003,0.012725344644751002,3
als|factors=128;epochs=5;regularisation=0.001;alpha=40.0|frac=1.0,ml100k,als,1.0,,,128.0,5.0,0.001,40.0,,,,,,,,0.058386913317995004,0.12195121951219501,0.010089359243228,0.028632025450689005,3
als|factors=128;epochs=5;regularisation=0.01;alpha=1.0|frac=1.0,ml100k,als,1.0,,,128.0,5.0,0.01,1.0,,,,,,,,0.062082461232276,0.12513255567338202,0.006654571099055991,0.008483563096500016,3
als|factors=128;epochs=5;regularisation=0.01;alpha=10.0|frac=1.0,ml100k,als,1.0,,,128.0,5.0,0.01,10.0,,,,,,,,0.06453717520895,0.12301166489925701,0.010658333868625004,0.014846235418876003,3
als|factors=128;epochs=5;regularisation=0.01;alpha=40.0|frac=1.0,ml100k,als,1.0,,,128.0,5.0,0.01,40.0,,,,,,,,0.05986482787676001,0.11664899257688201,0.009304784499389998,0.029692470837752005,3
als|factors=128;epochs=5;regularisation=0.1;alpha=1.0|frac=1.0,ml100k,als,1.0,,,128.0,5.0,0.1,1.0,,,,,,,,0.06117811118907401,0.12301166489925701,0.0069600701243250004,0.007423117709438015,3
als|factors=128;epochs=5;regularisation=0.1;alpha=10.0|frac=1.0,ml100k,als,1.0,,,128.0,5.0,0.1,10.0,,,,,,,,0.06330356300173501,0.11983032873807,0.006449977417003004,0.005302226935313001,3
als|factors=128;epochs=5;regularisation=0.1;alpha=40.0|frac=1.0,ml100k,als,1.0,,,128.0,5.0,0.1,40.0,,,,,,,,0.057871937040482005,0.11664899257688201,0.012972801002610002,0.025450689289502004,3
als|factors=128;epochs=15;regularisation=0.001;alpha=1.0|frac=1.0,ml100k,als,1.0,,,128.0,15.0,0.001,1.0,,,,,,,,0.063408932898126,0.11770943796394401,0.0011606350562529955,0.006362672322376001,3
als|factors=128;epochs=15;regularisation=0.001;alpha=10.0|frac=1.0,ml100k,als,1.0,,,128.0,15.0,0.001,10.0,,,,,,,,0.062821938372925,0.114528101802757,0.008055428153280995,0.015906680805939016,3
als|factors=128;epochs=15;regularisation=0.001;alpha=40.0|frac=1.0,ml100k,als,1.0,,,128.0,15.0,0.001,40.0,,,,,,,,0.057687265046493005,0.112407211028632,0.010508249407235,0.028632025450689005,3
als|factors=128;epochs=15;regularisation=0.01;alpha=1.0|frac=1.0,ml100k,als,1.0,,,128.0,15.0,0.01,1.0,,,,,,,,0.063582359660699,0.11770943796394401,0.0013359521511790012,0.005302226935313001,3
als|factors=128;epochs=15;regularisation=0.01;alpha=10.0|frac=1.0,ml100k,als,1.0,,,128.0,15.0,0.01,10.0,,,,,,,,0.060290211673533003,0.11346765641569401,0.009977682662118001,0.016967126193001003,3
als|factors=128;epochs=15;regularisation=0.01;alpha=40.0|frac=1.0,ml100k,als,1.0,,,128.0,15.0,0.01,40.0,,,,,,,,0.057647626553056004,0.11346765641569401,0.009146875785503002,0.02757158006362602,3
als|factors=128;epochs=15;regularisation=0.1;alpha=1.0|frac=1.0,ml100k,als,1.0,,,128.0,15.0,0.1,1.0,,,,,,,,0.06380768708649101,0.11983032873807,0.0002885557100810038,0.0031813361611879865,3
als|factors=128;epochs=15;regularisation=0.1;alpha=10.0|frac=1.0,ml100k,als,1.0,,,128.0,15.0,0.1,10.0,,,,,,,,0.064902014188615,0.12407211028632001,0.010300278533763994,0.014846235418876003,3
als|factors=128;epochs=15;regularisation=0.1;alpha=40.0|frac=1.0,ml100k,als,1.0,,,128.0,15.0,0.1,40.0,,,,,,,,0.056317387432119004,0.108165429480381,0.008107512751052003,0.019088016967127003,3
als|factors=128;epochs=30;regularisation=0.001;alpha=1.0|frac=1.0,ml100k,als,1.0,,,128.0,30.0,0.001,1.0,,,,,,,,0.065634191761994,0.12195121951219501,0.0018855677271640003,0.007423117709438001,3
als|factors=128;epochs=30;regularisation=0.001;alpha=10.0|frac=1.0,ml100k,als,1.0,,,128.0,30.0,0.001,10.0,,,,,,,,0.063128857837125,0.11770943796394401,0.006829732256300007,0.009544008483563002,3
als|factors=128;epochs=30;regularisation=0.001;alpha=40.0|frac=1.0,ml100k,als,1.0,,,128.0,30.0,0.001,40.0,,,,,,,,0.055629318245251004,0.108165429480381,0.003922191327009002,0.009544008483563002,3
als|factors=128;epochs=30;regularisation=0.01;alpha=1.0|frac=1.0,ml100k,als,1.0,,,128.0,30.0,0.01,1.0,,,,,,,,0.065287929375322,0.12195121951219501,0.0018850960875270023,0.007423117709438001,3
als|factors=128;epochs=30;regularisation=0.01;alpha=10.0|frac=1.0,ml100k,als,1.0,,,128.0,30.0,0.01,10.0,,,,,,,,0.06215134232804,0.11558854718981901,0.008712824021885002,0.016967126193001003,3
als|factors=128;epochs=30;regularisation=0.01;alpha=40.0|frac=1.0,ml100k,als,1.0,,,128.0,30.0,0.01,40.0,,,,,,,,0.05453577318037701,0.108165429480381,0.0031663513714140015,0.008483563096501001,3
als|factors=128;epochs=30;regularisation=0.1;alpha=1.0|frac=1.0,ml100k,als,1.0,,,128.0,30.0,0.1,1.0,,,,,,,,0.06503793140362,0.12089077412513201,0.0016492138633740078,0.005302226935313001,3
als|factors=128;epochs=30;regularisation=0.1;alpha=10.0|frac=1.0,ml100k,als,1.0,,,128.0,30.0,0.1,10.0,,,,,,,,0.06532641885323501,0.11983032873807,0.007129928813103009,0.015906680805938017,3
als|factors=128;epochs=30;regularisation=0.1;alpha=40.0|frac=1.0,ml100k,als,1.0,,,128.0,30.0,0.1,40.0,,,,,,,,0.061052774051743,0.11558854718981901,0.007853834919458999,0.010604453870625988,3
multvae|latent=32;hidden=200;epochs=10;dropout=0.0|frac=0.25,ml100k,multvae,0.25,,,,,,,32.0,200.0,10.0,0.0,,,,0.021003577353377,0.043478260869565,0.003063609578188003,0.008483563096500002,3
multvae|latent=32;hidden=200;epochs=10;dropout=0.5|frac=0.25,ml100k,multvae,0.25,,,,,,,32.0,200.0,10.0,0.5,,,,0.017522672759918003,0.038176033934252,0.004694279428244002,0.013785790031813,3
multvae|latent=32;hidden=200;epochs=20;dropout=0.0|frac=0.25,ml100k,multvae,0.25,,,,,,,32.0,200.0,20.0,0.0,,,,0.033480862846443,0.076352067868504,0.006382955177521996,0.008483563096501001,3
multvae|latent=32;hidden=200;epochs=20;dropout=0.5|frac=0.25,ml100k,multvae,0.25,,,,,,,32.0,200.0,20.0,0.5,,,,0.033081371498278,0.075291622481442,0.0017813091149129975,0.004241781548251,3
multvae|latent=32;hidden=600;epochs=10;dropout=0.0|frac=0.25,ml100k,multvae,0.25,,,,,,,32.0,600.0,10.0,0.0,,,,0.035570884334375004,0.077412513255567,0.004774780883776995,0.008483563096501001,3
multvae|latent=32;hidden=600;epochs=10;dropout=0.5|frac=0.25,ml100k,multvae,0.25,,,,,,,32.0,600.0,10.0,0.5,,,,0.031683446373297,0.06574761399787901,0.0006036212119890014,0.007423117709437987,3
multvae|latent=32;hidden=600;epochs=20;dropout=0.0|frac=0.25,ml100k,multvae,0.25,,,,,,,32.0,600.0,20.0,0.0,,,,0.042007523512999,0.088016967126193,0.010960297304944001,0.016967126193001003,3
multvae|latent=32;hidden=600;epochs=20;dropout=0.5|frac=0.25,ml100k,multvae,0.25,,,,,,,32.0,600.0,20.0,0.5,,,,0.040400967124355,0.085896076352067,0.002185679686983001,0.0031813361611880003,3
multvae|latent=64;hidden=200;epochs=10;dropout=0.0|frac=0.25,ml100k,multvae,0.25,,,,,,,64.0,200.0,10.0,0.0,,,,0.020241521339137,0.046659597030752,0.007053887662965001,0.015906680805939002,3
multvae|latent=64;hidden=200;epochs=10;dropout=0.5|frac=0.25,ml100k,multvae,0.25,,,,,,,64.0,200.0,10.0,0.5,,,,0.017212230777238,0.04135737009544,0.0031297610163750003,0.008483563096501001,3
multvae|latent=64;hidden=200;epochs=20;dropout=0.0|frac=0.25,ml100k,multvae,0.25,,,,,,,64.0,200.0,20.0,0.0,,,,0.03496884789699,0.075291622481442,0.002299856598012996,0.0063626723223750015,3
multvae|latent=64;hidden=200;epochs=20;dropout=0.5|frac=0.25,ml100k,multvae,0.25,,,,,,,64.0,200.0,20.0,0.5,,,,0.031571662670750004,0.068928950159066,0.005641285332215001,0.013785790031812996,3
multvae|latent=64;hidden=600;epochs=10;dropout=0.0|frac=0.25,ml100k,multvae,0.25,,,,,,,64.0,600.0,10.0,0.0,,,,0.034328478610244004,0.073170731707317,0.004255915147513001,0.009544008483563002,3
multvae|latent=64;hidden=600;epochs=10;dropout=0.5|frac=0.25,ml100k,multvae,0.25,,,,,,,64.0,600.0,10.0,0.5,,,,0.031734860835896,0.068928950159066,0.004886961043602003,0.007423117709438001,3
multvae|latent=64;hidden=600;epochs=20;dropout=0.0|frac=0.25,ml100k,multvae,0.25,,,,,,,64.0,600.0,20.0,0.0,,,,0.043142395483714006,0.093319194061505,0.0022490044906709958,0.007423117709438001,3
multvae|latent=64;hidden=600;epochs=20;dropout=0.5|frac=0.25,ml100k,multvae,0.25,,,,,,,64.0,600.0,20.0,0.5,,,,0.038768103769998,0.08271474019088,0.007563915097886002,0.011664899257689001,3
multvae|latent=128;hidden=200;epochs=10;dropout=0.0|frac=0.25,ml100k,multvae,0.25,,,,,,,128.0,200.0,10.0,0.0,,,,0.020880271427835002,0.043478260869565,0.0030322932852430012,0.007423117709438001,3
multvae|latent=128;hidden=200;epochs=10;dropout=0.5|frac=0.25,ml100k,multvae,0.25,,,,,,,128.0,200.0,10.0,0.5,,,,0.014699139129639001,0.031813361611876,0.0025568172281690005,0.007423117709437998,3
multvae|latent=128;hidden=200;epochs=20;dropout=0.0|frac=0.25,ml100k,multvae,0.25,,,,,,,128.0,200.0,20.0,0.0,,,,0.033960100578893,0.075291622481442,0.002599617807695999,0.007423117709438001,3
multvae|latent=128;hidden=200;epochs=20;dropout=0.5|frac=0.25,ml100k,multvae,0.25,,,,,,,128.0,200.0,20.0,0.5,,,,0.033637195841808,0.069989395546129,0.004821832464905005,0.013785790031812989,3
multvae|latent=128;hidden=600;epochs=10;dropout=0.0|frac=0.25,ml100k,multvae,0.25,,,,,,,128.0,600.0,10.0,0.0,,,,0.032764506860424,0.071049840933191,0.001981898558496998,0.004241781548250001,3
multvae|latent=128;hidden=600;epochs=10;dropout=0.5|frac=0.25,ml100k,multvae,0.25,,,,,,,128.0,600.0,10.0,0.5,,,,0.031516476802917005,0.067868504772004,0.0020306493798950033,0.009544008483563002,3
multvae|latent=128;hidden=600;epochs=20;dropout=0.0|frac=0.25,ml100k,multvae,0.25,,,,,,,128.0,600.0,20.0,0.0,,,,0.043111617606441006,0.08695652173913,0.002975459917601994,0.007423117709438001,3
multvae|latent=128;hidden=600;epochs=20;dropout=0.5|frac=0.25,ml100k,multvae,0.25,,,,,,,128.0,600.0,20.0,0.5,,,,0.038970942240607,0.076352067868504,0.004203757505266997,0.012725344644751002,3
multvae|latent=32;hidden=200;epochs=10;dropout=0.0|frac=0.5,ml100k,multvae,0.5,,,,,,,32.0,200.0,10.0,0.0,,,,0.035286171636690004,0.072110286320254,0.004529837833155997,0.007423117709438001,3
multvae|latent=32;hidden=200;epochs=10;dropout=0.5|frac=0.5,ml100k,multvae,0.5,,,,,,,32.0,200.0,10.0,0.5,,,,0.033711343190161,0.066808059384941,0.002944075924593996,0.007423117709438001,3
multvae|latent=32;hidden=200;epochs=20;dropout=0.0|frac=0.5,ml100k,multvae,0.5,,,,,,,32.0,200.0,20.0,0.0,,,,0.034515534971131,0.073170731707317,0.005294699177078005,0.008483563096501001,3
multvae|latent=32;hidden=200;epochs=20;dropout=0.5|frac=0.5,ml100k,multvae,0.5,,,,,,,32.0,200.0,20.0,0.5,,,,0.036070290452066,0.075291622481442,0.0009813810563180023,0.0021208907741250005,3
multvae|latent=32;hidden=600;epochs=10;dropout=0.0|frac=0.5,ml100k,multvae,0.5,,,,,,,32.0,600.0,10.0,0.0,,,,0.037355697869488,0.074231177094379,0.0003521298405119999,0.004241781548250001,3
multvae|latent=32;hidden=600;epochs=10;dropout=0.5|frac=0.5,ml100k,multvae,0.5,,,,,,,32.0,600.0,10.0,0.5,,,,0.034693220541204,0.073170731707317,0.0033623947609170007,0.004241781548251,3
multvae|latent=32;hidden=600;epochs=20;dropout=0.0|frac=0.5,ml100k,multvae,0.5,,,,,,,32.0,600.0,20.0,0.0,,,,0.042776017337117,0.089077412513255,0.0016991864489960054,0.004241781548250001,3
multvae|latent=32;hidden=600;epochs=20;dropout=0.5|frac=0.5,ml100k,multvae,0.5,,,,,,,32.0,600.0,20.0,0.5,,,,0.041650640140969,0.085896076352067,0.004622714421011004,0.008483563096500002,3
multvae|latent=64;hidden=200;epochs=10;dropout=0.0|frac=0.5,ml100k,multvae,0.5,,,,,,,64.0,200.0,10.0,0.0,,,,0.034187590555805,0.066808059384941,0.0037168954493620038,0.004241781548250001,3
multvae|latent=64;hidden=200;epochs=10;dropout=0.5|frac=0.5,ml100k,multvae,0.5,,,,,,,64.0,200.0,10.0,0.5,,,,0.034689252949812004,0.067868504772004,0.012366714779892998,0.022269353128313997,3
multvae|latent=64;hidden=200;epochs=20;dropout=0.0|frac=0.5,ml100k,multvae,0.5,,,,,,,64.0,200.0,20.0,0.0,,,,0.036516998216736006,0.073170731707317,0.0016936012766980008,0.0010604453870620006,3
multvae|latent=64;hidden=200;epochs=20;dropout=0.5|frac=0.5,ml100k,multvae,0.5,,,,,,,64.0,200.0,20.0,0.5,,,,0.035550001509702,0.072110286320254,0.0013157065486460034,0.009544008483563002,3
multvae|latent=64;hidden=600;epochs=10;dropout=0.0|frac=0.5,ml100k,multvae,0.5,,,,,,,64.0,600.0,10.0,0.0,,,,0.035509154268805,0.075291622481442,0.004625145228078997,0.003181336161187001,3
multvae|latent=64;hidden=600;epochs=10;dropout=0.5|frac=0.5,ml100k,multvae,0.5,,,,,,,64.0,600.0,10.0,0.5,,,,0.036260769317016,0.074231177094379,0.0022933291909069953,0.003181336161187001,3
multvae|latent=64;hidden=600;epochs=20;dropout=0.0|frac=0.5,ml100k,multvae,0.5,,,,,,,64.0,600.0,20.0,0.0,,,,0.039528296369813004,0.084835630965005,0.000966447342955,0.004241781548250001,3
multvae|latent=64;hidden=600;epochs=20;dropout=0.5|frac=0.5,ml100k,multvae,0.5,,,,,,,64.0,600.0,20.0,0.5,,,,0.040935463274132,0.08271474019088,0.0021194859649400002,0.0,3
multvae|latent=128;hidden=200;epochs=10;dropout=0.0|frac=0.5,ml100k,multvae,0.5,,,,,,,128.0,200.0,10.0,0.0,,,,0.031967972851792,0.063626723223753,0.004029128863135001,0.008483563096500994,3
multvae|latent=128;hidden=200;epochs=10;dropout=0.5|frac=0.5,ml100k,multvae,0.5,,,,,,,128.0,200.0,10.0,0.5,,,,0.031286536567535,0.063626723223753,0.0012105939315000015,0.010604453870625995,3
multvae|latent=128;hidden=200;epochs=20;dropout=0.0|frac=0.5,ml100k,multvae,0.5,,,,,,,128.0,200.0,20.0,0.0,,,,0.035783951770762004,0.076352067868504,0.002971354020903004,0.003181336161187001,3
multvae|latent=128;hidden=200;epochs=20;dropout=0.5|frac=0.5,ml100k,multvae,0.5,,,,,,,128.0,200.0,20.0,0.5,,,,0.036649147078374,0.075291622481442,0.001934219627012998,0.0021208907741250005,3
multvae|latent=128;hidden=600;epochs=10;dropout=0.0|frac=0.5,ml100k,multvae,0.5,,,,,,,128.0,600.0,10.0,0.0,,,,0.033792270868262,0.072110286320254,0.004757986653961002,0.006362672322376001,3
multvae|latent=128;hidden=600;epochs=10;dropout=0.5|frac=0.5,ml100k,multvae,0.5,,,,,,,128.0,600.0,10.0,0.5,,,,0.037256470450574,0.068928950159066,0.004723430857792005,0.015906680805939002,3
multvae|latent=128;hidden=600;epochs=20;dropout=0.0|frac=0.5,ml100k,multvae,0.5,,,,,,,128.0,600.0,20.0,0.0,,,,0.039509364383787,0.084835630965005,0.004751333907365998,0.008483563096501001,3
multvae|latent=128;hidden=600;epochs=20;dropout=0.5|frac=0.5,ml100k,multvae,0.5,,,,,,,128.0,600.0,20.0,0.5,,,,0.040980944095220004,0.084835630965005,0.003484847830651998,0.005302226935312002,3
multvae|latent=32;hidden=200;epochs=10;dropout=0.0|frac=1.0,ml100k,multvae,1.0,,,,,,,32.0,200.0,10.0,0.0,,,,0.042884120244484,0.09119830328738,0.004620261622723006,0.005302226935313001,3
multvae|latent=32;hidden=200;epochs=10;dropout=0.5|frac=1.0,ml100k,multvae,1.0,,,,,,,32.0,200.0,10.0,0.5,,,,0.042421643153710005,0.090137857900318,0.009996227839362,0.016967126193001003,3
multvae|latent=32;hidden=200;epochs=20;dropout=0.0|frac=1.0,ml100k,multvae,1.0,,,,,,,32.0,200.0,20.0,0.0,,,,0.048798189967561,0.098621420996818,0.003179002117494001,0.006362672322376001,3
multvae|latent=32;hidden=200;epochs=20;dropout=0.5|frac=1.0,ml100k,multvae,1.0,,,,,,,32.0,200.0,20.0,0.5,,,,0.046811342123147005,0.094379639448568,0.0016899829277259998,0.004241781548250001,3
multvae|latent=32;hidden=600;epochs=10;dropout=0.0|frac=1.0,ml100k,multvae,1.0,,,,,,,32.0,600.0,10.0,0.0,,,,0.050908561998255004,0.099681866383881,0.002905790065837001,0.0021208907741250005,3
multvae|latent=32;hidden=600;epochs=10;dropout=0.5|frac=1.0,ml100k,multvae,1.0,,,,,,,32.0,600.0,10.0,0.5,,,,0.049731058823367,0.098621420996818,0.001403419405249004,0.0021208907741250005,3
multvae|latent=32;hidden=600;epochs=20;dropout=0.0|frac=1.0,ml100k,multvae,1.0,,,,,,,32.0,600.0,20.0,0.0,,,,0.05855736502717301,0.11558854718981901,0.001909388438095995,0.0031813361611880003,3
multvae|latent=32;hidden=600;epochs=20;dropout=0.5|frac=1.0,ml100k,multvae,1.0,,,,,,,32.0,600.0,20.0,0.5,,,,0.057668762634841005,0.112407211028632,0.0006296491126519949,0.0063626723223750015,3
multvae|latent=64;hidden=200;epochs=10;dropout=0.0|frac=1.0,ml100k,multvae,1.0,,,,,,,64.0,200.0,10.0,0.0,,,,0.043623838745697,0.090137857900318,0.0006173656056659982,0.004241781548250001,3
multvae|latent=64;hidden=200;epochs=10;dropout=0.5|frac=1.0,ml100k,multvae,1.0,,,,,,,64.0,200.0,10.0,0.5,,,,0.045504892692060005,0.09544008483563,0.0018746497987820049,0.005302226935313001,3
multvae|latent=64;hidden=200;epochs=20;dropout=0.0|frac=1.0,ml100k,multvae,1.0,,,,,,,64.0,200.0,20.0,0.0,,,,0.050505217447337006,0.101802757158006,0.00231604972373,0.005302226935313001,3
multvae|latent=64;hidden=200;epochs=20;dropout=0.5|frac=1.0,ml100k,multvae,1.0,,,,,,,64.0,200.0,20.0,0.5,,,,0.048955258410605,0.098621420996818,0.0010464499298230012,0.010604453870626002,3
multvae|latent=64;hidden=600;epochs=10;dropout=0.0|frac=1.0,ml100k,multvae,1.0,,,,,,,64.0,600.0,10.0,0.0,,,,0.049076249296653,0.09544008483563,0.006064557888153001,0.007423117709438001,3
multvae|latent=64;hidden=600;epochs=10;dropout=0.5|frac=1.0,ml100k,multvae,1.0,,,,,,,64.0,600.0,10.0,0.5,,,,0.049497579647227,0.096500530222693,0.0028686061830199977,0.010604453870626002,3
multvae|latent=64;hidden=600;epochs=20;dropout=0.0|frac=1.0,ml100k,multvae,1.0,,,,,,,64.0,600.0,20.0,0.0,,,,0.056381588414489,0.112407211028632,0.0007082982008210018,0.0031813361611880003,3
multvae|latent=64;hidden=600;epochs=20;dropout=0.5|frac=1.0,ml100k,multvae,1.0,,,,,,,64.0,600.0,20.0,0.5,,,,0.05639135865899501,0.11346765641569401,0.003575604315627,0.004241781548250001,3
multvae|latent=128;hidden=200;epochs=10;dropout=0.0|frac=1.0,ml100k,multvae,1.0,,,,,,,128.0,200.0,10.0,0.0,,,,0.047097293009827006,0.094379639448568,0.003003587814257004,0.010604453870626002,3
multvae|latent=128;hidden=200;epochs=10;dropout=0.5|frac=1.0,ml100k,multvae,1.0,,,,,,,128.0,200.0,10.0,0.5,,,,0.041227406549885,0.083775185577942,0.005556617210900998,0.013785790031813003,3
multvae|latent=128;hidden=200;epochs=20;dropout=0.0|frac=1.0,ml100k,multvae,1.0,,,,,,,128.0,200.0,20.0,0.0,,,,0.049884499742563,0.102863202545068,0.0027911806241910017,0.005302226935313001,3
multvae|latent=128;hidden=200;epochs=20;dropout=0.5|frac=1.0,ml100k,multvae,1.0,,,,,,,128.0,200.0,20.0,0.5,,,,0.048458618156628004,0.098621420996818,0.003795744566513999,0.005302226935313001,3
multvae|latent=128;hidden=600;epochs=10;dropout=0.0|frac=1.0,ml100k,multvae,1.0,,,,,,,128.0,600.0,10.0,0.0,,,,0.045561557920528004,0.093319194061505,0.0053008004900989975,0.005302226935313001,3
multvae|latent=128;hidden=600;epochs=10;dropout=0.5|frac=1.0,ml100k,multvae,1.0,,,,,,,128.0,600.0,10.0,0.5,,,,0.049597375310835,0.098621420996818,0.0014501658230619968,0.0063626723223750015,3
multvae|latent=128;hidden=600;epochs=20;dropout=0.0|frac=1.0,ml100k,multvae,1.0,,,,,,,128.0,600.0,20.0,0.0,,,,0.055442431630723,0.111346765641569,0.004464101916819001,0.006362672322376001,3
multvae|latent=128;hidden=600;epochs=20;dropout=0.5|frac=1.0,ml100k,multvae,1.0,,,,,,,128.0,600.0,20.0,0.5,,,,0.052705961428169,0.107104984093319,0.005883212754998,0.014846235418876003,3
markov|order=1;smoothing=0.0;decay=false|frac=0.25,ml100k,markov,0.25,,,,,,,,,,,1.0,0.0,0.0,0.031065110532342004,0.057264050901378004,0.0,0.0,1
markov|order=1;smoothing=0.0;decay=true|frac=0.25,ml100k,markov,0.25,,,,,,,,,,,1.0,0.0,1.0,0.027620301728169,0.053022269353128,0.0,0.0,1
markov|order=1;smoothing=0.1;decay=false|frac=0.25,ml100k,markov,0.25,,,,,,,,,,,1.0,0.1,0.0,0.034524303736354005,0.067868504772004,0.0,0.0,1
markov|order=1;smoothing=0.1;decay=true|frac=0.25,ml100k,markov,0.25,,,,,,,,,,,1.0,0.1,1.0,0.027817881480685,0.053022269353128,0.0,0.0,1
markov|order=1;smoothing=0.5;decay=false|frac=0.25,ml100k,markov,0.25,,,,,,,,,,,1.0,0.5,0.0,0.034524303736354005,0.067868504772004,0.0,0.0,1
markov|order=1;smoothing=0.5;decay=true|frac=0.25,ml100k,markov,0.25,,,,,,,,,,,1.0,0.5,1.0,0.027817881480685,0.053022269353128,0.0,0.0,1
markov|order=2;smoothing=0.0;decay=false|frac=0.25,ml100k,markov,0.25,,,,,,,,,,,2.0,0.0,0.0,0.028908792386189004,0.053022269353128,0.0,0.0,1
markov|order=2;smoothing=0.0;decay=true|frac=0.25,ml100k,markov,0.25,,,,,,,,,,,2.0,0.0,1.0,0.024890929313285,0.04559915164369,0.0,0.0,1
markov|order=2;smoothing=0.1;decay=false|frac=0.25,ml100k,markov,0.25,,,,,,,,,,,2.0,0.1,0.0,0.035061706154491,0.067868504772004,0.0,0.0,1
markov|order=2;smoothing=0.1;decay=true|frac=0.25,ml100k,markov,0.25,,,,,,,,,,,2.0,0.1,1.0,0.028027113252973003,0.053022269353128,0.0,0.0,1
markov|order=2;smoothing=0.5;decay=false|frac=0.25,ml100k,markov,0.25,,,,,,,,,,,2.0,0.5,0.0,0.035061706154491,0.067868504772004,0.0,0.0,1
markov|order=2;smoothing=0.5;decay=true|frac=0.25,ml100k,markov,0.25,,,,,,,,,,,2.0,0.5,1.0,0.028039801661612,0.053022269353128,0.0,0.0,1
markov|order=1;smoothing=0.0;decay=false|frac=0.5,ml100k,markov,0.5,,,,,,,,,,,1.0,0.0,0.0,0.047858249854061,0.083775185577942,0.0,0.0,1
markov|order=1;smoothing=0.0;decay=true|frac=0.5,ml100k,markov,0.5,,,,,,,,,,,1.0,0.0,1.0,0.038196761723873006,0.073170731707317,0.0,0.0,1
markov|order=1;smoothing=0.1;decay=false|frac=0.5,ml100k,markov,0.5,,,,,,,,,,,1.0,0.1,0.0,0.04881092145023801,0.08271474019088,0.0,0.0,1
markov|order=1;smoothing=0.1;decay=true|frac=0.5,ml100k,markov,0.5,,,,,,,,,,,1.0,0.1,1.0,0.037282034814982004,0.068928950159066,0.0,0.0,1
markov|order=1;smoothing=0.5;decay=false|frac=0.5,ml100k,markov,0.5,,,,,,,,,,,1.0,0.5,0.0,0.04881092145023801,0.08271474019088,0.0,0.0,1
markov|order=1;smoothing=0.5;decay=true|frac=0.5,ml100k,markov,0.5,,,,,,,,,,,1.0,0.5,1.0,0.037059469927639005,0.067868504772004,0.0,0.0,1
markov|order=2;smoothing=0.0;decay=false|frac=0.5,ml100k,markov,0.5,,,,,,,,,,,2.0,0.0,0.0,0.038772028761874,0.069989395546129,0.0,0.0,1
markov|order=2;smoothing=0.0;decay=true|frac=0.5,ml100k,markov,0.5,,,,,,,,,,,2.0,0.0,1.0,0.034706416491627,0.061505832449628005,0.0,0.0,1
markov|order=2;smoothing=0.1;decay=false|frac=0.5,ml100k,markov,0.5,,,,,,,,,,,2.0,0.1,0.0,0.04971903143848801,0.084835630965005,0.0,0.0,1
markov|order=2;smoothing=0.1;decay=true|frac=0.5,ml100k,markov,0.5,,,,,,,,,,,2.0,0.1,1.0,0.039057498638328005,0.072110286320254,0.0,0.0,1
markov|order=2;smoothing=0.5;decay=false|frac=0.5,ml100k,markov,0.5,,,,,,,,,,,2.0,0.5,0.0,0.04971903143848801,0.084835630965005,0.0,0.0,1
markov|order=2;smoothing=0.5;decay=true|frac=0.5,ml100k,markov,0.5,,,,,,,,,,,2.0,0.5,1.0,0.039155698552384,0.072110286320254,0.0,0.0,1
markov|order=1;smoothing=0.0;decay=false|frac=1.0,ml100k,markov,1.0,,,,,,,,,,,1.0,0.0,0.0,0.060975906206966,0.11346765641569401,0.0,0.0,1
markov|order=1;smoothing=0.0;decay=true|frac=1.0,ml100k,markov,1.0,,,,,,,,,,,1.0,0.0,1.0,0.045897032451315004,0.088016967126193,0.0,0.0,1
markov|order=1;smoothing=0.1;decay=false|frac=1.0,ml100k,markov,1.0,,,,,,,,,,,1.0,0.1,0.0,0.06454386912330201,0.11770943796394401,0.0,0.0,1
markov|order=1;smoothing=0.1;decay=true|frac=1.0,ml100k,markov,1.0,,,,,,,,,,,1.0,0.1,1.0,0.044595043974336,0.083775185577942,0.0,0.0,1
markov|order=1;smoothing=0.5;decay=false|frac=1.0,ml100k,markov,1.0,,,,,,,,,,,1.0,0.5,0.0,0.064619572124839,0.11770943796394401,0.0,0.0,1
markov|order=1;smoothing=0.5;decay=true|frac=1.0,ml100k,markov,1.0,,,,,,,,,,,1.0,0.5,1.0,0.044099796091966,0.081654294803817,0.0,0.0,1
markov|order=2;smoothing=0.0;decay=false|frac=1.0,ml100k,markov,1.0,,,,,,,,,,,2.0,0.0,0.0,0.040813961196022,0.071049840933191,0.0,0.0,1
markov|order=2;smoothing=0.0;decay=true|frac=1.0,ml100k,markov,1.0,,,,,,,,,,,2.0,0.0,1.0,0.036300707141747005,0.061505832449628005,0.0,0.0,1
markov|order=2;smoothing=0.1;decay=false|frac=1.0,ml100k,markov,1.0,,,,,,,,,,,2.0,0.1,0.0,0.06324280820597,0.11983032873807,0.0,0.0,1
markov|order=2;smoothing=0.1;decay=true|frac=1.0,ml100k,markov,1.0,,,,,,,,,,,2.0,0.1,1.0,0.044200737409757,0.083775185577942,0.0,0.0,1
markov|order=2;smoothing=0.5;decay=false|frac=1.0,ml100k,markov,1.0,,,,,,,,,,,2.0,0.5,0.0,0.063562034076239,0.12089077412513201,0.0,0.0,1
markov|order=2;smoothing=0.5;decay=true|frac=1.0,ml100k,markov,1.0,,,,,,,,,,,2.0,0.5,1.0,0.044088080642852,0.08271474019088,0.0,0.0,1
popularity||frac=0.25,luxury_beauty,popularity,0.25,,,,,,,,,,,,,,0.014533382514774,0.031088082901554,0.0,0.0,1
popularity||frac=0.5,luxury_beauty,popularity,0.5,,,,,,,,,,,,,,0.011620229317796,0.028954587016153003,0.0,0.0,1
popularity||frac=1.0,luxury_beauty,popularity,1.0,,,,,,,,,,,,,,0.008718712698387001,0.022554099359951,0.0,0.0,1
itemknn|topk=10;shrink=0.0|frac=0.25,luxury_beauty,itemknn,0.25,10.0,0.0,,,,,,,,,,,,0.071875364486557,0.162755257543431,0.0,0.0,1
itemknn|topk=10;shrink=10.0|frac=0.25,luxury_beauty,itemknn,0.25,10.0,10.0,,,,,,,,,,,,0.07254595152035001,0.163669612922889,0.0,0.0,1
itemknn|topk=10;shrink=100.0|frac=0.25,luxury_beauty,itemknn,0.25,10.0,100.0,,,,,,,,,,,,0.075029266902795,0.167022249314233,0.0,0.0,1
itemknn|topk=50;shrink=0.0|frac=0.25,luxury_beauty,itemknn,0.25,50.0,0.0,,,,,,,,,,,,0.071368835641095,0.161231331911002,0.0,0.0,1
itemknn|topk=50;shrink=10.0|frac=0.25,luxury_beauty,itemknn,0.25,50.0,10.0,,,,,,,,,,,,0.072926498811722,0.16519353855531801,0.0,0.0,1
itemknn|topk=50;shrink=100.0|frac=0.25,luxury_beauty,itemknn,0.25,50.0,100.0,,,,,,,,,,,,0.075524274333903,0.16793660469369,0.0,0.0,1
itemknn|topk=100;shrink=0.0|frac=0.25,luxury_beauty,itemknn,0.25,100.0,0.0,,,,,,,,,,,,0.07096586086628401,0.160012191405059,0.0,0.0,1
itemknn|topk=100;shrink=10.0|frac=0.25,luxury_beauty,itemknn,0.25,100.0,10.0,,,,,,,,,,,,0.072902318916452,0.16488875342883202,0.0,0.0,1
itemknn|topk=100;shrink=100.0|frac=0.25,luxury_beauty,itemknn,0.25,100.0,100.0,,,,,,,,,,,,0.075702327224723,0.16854617494666202,0.0,0.0,1
itemknn|topk=300;shrink=0.0|frac=0.25,luxury_beauty,itemknn,0.25,300.0,0.0,,,,,,,,,,,,0.070961461329215,0.160012191405059,0.0,0.0,1
itemknn|topk=300;shrink=10.0|frac=0.25,luxury_beauty,itemknn,0.25,300.0,10.0,,,,,,,,,,,,0.07289687287666301,0.16488875342883202,0.0,0.0,1
itemknn|topk=300;shrink=100.0|frac=0.25,luxury_beauty,itemknn,0.25,300.0,100.0,,,,,,,,,,,,0.07569868041907,0.16854617494666202,0.0,0.0,1
itemknn|topk=10;shrink=0.0|frac=0.5,luxury_beauty,itemknn,0.5,10.0,0.0,,,,,,,,,,,,0.11299370350369001,0.21487351417250802,0.0,0.0,1
itemknn|topk=10;shrink=10.0|frac=0.5,luxury_beauty,itemknn,0.5,10.0,10.0,,,,,,,,,,,,0.11911409356694501,0.21914050594330903,0.0,0.0,1
itemknn|topk=10;shrink=100.0|frac=0.5,luxury_beauty,itemknn,0.5,10.0,100.0,,,,,,,,,,,,0.123576392117565,0.225845778725998,0.0,0.0,1
itemknn|topk=50;shrink=0.0|frac=0.5,luxury_beauty,itemknn,0.5,50.0,0.0,,,,,,,,,,,,0.112390405957942,0.213654373666565,0.0,0.0,1
itemknn|topk=50;shrink=10.0|frac=0.5,luxury_beauty,itemknn,0.5,50.0,10.0,,,,,,,,,,,,0.11915429614880702,0.21822615056385203,0.0,0.0,1
itemknn|topk=50;shrink=100.0|frac=0.5,luxury_beauty,itemknn,0.5,50.0,100.0,,,,,,,,,,,,0.12327376732127701,0.22493142334654,0.0,0.0,1
itemknn|topk=100;shrink=0.0|frac=0.5,luxury_beauty,itemknn,0.5,100.0,0.0,,,,,,,,,,,,0.112595952712009,0.21395915879305002,0.0,0.0,1
itemknn|topk=100;shrink=10.0|frac=0.5,luxury_beauty,itemknn,0.5,100.0,10.0,,,,,,,,,,,,0.11926618426153501,0.21853093569033802,0.0,0.0,1
itemknn|topk=100;shrink=100.0|frac=0.5,luxury_beauty,itemknn,0.5,100.0,100.0,,,,,,,,,,,,0.12341520994007901,0.22493142334654,0.0,0.0,1
itemknn|topk=300;shrink=0.0|frac=0.5,luxury_beauty,itemknn,0.5,300.0,0.0,,,,,,,,,,,,0.112663973873004,0.21395915879305002,0.0,0.0,1
itemknn|topk=300;shrink=10.0|frac=0.5,luxury_beauty,itemknn,0.5,300.0,10.0,,,,,,,,,,,,0.119451348168415,0.21914050594330903,0.0,0.0,1
itemknn|topk=300;shrink=100.0|frac=0.5,luxury_beauty,itemknn,0.5,300.0,100.0,,,,,,,,,,,,0.12355782939374901,0.225845778725998,0.0,0.0,1
itemknn|topk=10;shrink=0.0|frac=1.0,luxury_beauty,itemknn,1.0,10.0,0.0,,,,,,,,,,,,0.155170715740265,0.25632429137458,0.0,0.0,1
itemknn|topk=10;shrink=10.0|frac=1.0,luxury_beauty,itemknn,1.0,10.0,10.0,,,,,,,,,,,,0.161359956760348,0.263943919536726,0.0,0.0,1
itemknn|topk=10;shrink=100.0|frac=1.0,luxury_beauty,itemknn,1.0,10.0,100.0,,,,,,,,,,,,0.16920651091671202,0.279487960987503,0.0,0.0,1
itemknn|topk=50;shrink=0.0|frac=1.0,luxury_beauty,itemknn,1.0,50.0,0.0,,,,,,,,,,,,0.154610042008784,0.25571472112160903,0.0,0.0,1
itemknn|topk=50;shrink=10.0|frac=1.0,luxury_beauty,itemknn,1.0,50.0,10.0,,,,,,,,,,,,0.16383707853919202,0.271258762572386,0.0,0.0,1
itemknn|topk=50;shrink=100.0|frac=1.0,luxury_beauty,itemknn,1.0,50.0,100.0,,,,,,,,,,,,0.16817261289284402,0.278573605608046,0.0,0.0,1
itemknn|topk=100;shrink=0.0|frac=1.0,luxury_beauty,itemknn,1.0,100.0,0.0,,,,,,,,,,,,0.15574823096385101,0.25937214263943903,0.0,0.0,1
itemknn|topk=100;shrink=10.0|frac=1.0,luxury_beauty,itemknn,1.0,100.0,10.0,,,,,,,,,,,,0.16429189489855903,0.272173117951843,0.0,0.0,1
itemknn|topk=100;shrink=100.0|frac=1.0,luxury_beauty,itemknn,1.0,100.0,100.0,,,,,,,,,,,,0.168417968468437,0.277964035355074,0.0,0.0,1
itemknn|topk=300;shrink=0.0|frac=1.0,luxury_beauty,itemknn,1.0,300.0,0.0,,,,,,,,,,,,0.15744897271921202,0.26241999390429704,0.0,0.0,1
itemknn|topk=300;shrink=10.0|frac=1.0,luxury_beauty,itemknn,1.0,300.0,10.0,,,,,,,,,,,,0.16491032665271502,0.27369704358427305,0.0,0.0,1
itemknn|topk=300;shrink=100.0|frac=1.0,luxury_beauty,itemknn,1.0,300.0,100.0,,,,,,,,,,,,0.16847426041059702,0.279487960987503,0.0,0.0,1
als|factors=16;epochs=5;regularisation=0.001;alpha=1.0|frac=0.25,luxury_beauty,als,0.25,,,16.0,5.0,0.001,1.0,,,,,,,,0.028596197011101002,0.05150868637610401,0.0006441274300229977,0.0054861322767440004,3
als|factors=16;epochs=5;regularisation=0.001;alpha=10.0|frac=0.25,luxury_beauty,als,0.25,,,16.0,5.0,0.001,10.0,,,,,,,,0.084776053443915,0.16427918317586102,0.004774175678339002,0.00640048765620202,3
als|factors=16;epochs=5;regularisation=0.001;alpha=40.0|frac=0.25,luxury_beauty,als,0.25,,,16.0,5.0,0.001,40.0,,,,,,,,0.080176518501904,0.16397439804937503,0.013080634455596,0.005790917403231011,3
als|factors=16;epochs=5;regularisation=0.01;alpha=1.0|frac=0.25,luxury_beauty,als,0.25,,,16.0,5.0,0.01,1.0,,,,,,,,0.028554862028045,0.05150868637610401,0.0004017807850349997,0.006095702529715995,3
als|factors=16;epochs=5;regularisation=0.01;alpha=10.0|frac=0.25,luxury_beauty,als,0.25,,,16.0,5.0,0.01,10.0,,,,,,,,0.085022771396387,0.16519353855531801,0.005194388583542001,0.007010057909174,3
als|factors=16;epochs=5;regularisation=0.01;alpha=40.0|frac=0.25,luxury_beauty,als,0.25,,,16.0,5.0,0.01,40.0,,,,,,,,0.08015129051434801,0.16427918317586102,0.012986035845892002,0.004266991770801004,3
als|factors=16;epochs=5;regularisation=0.1;alpha=1.0|frac=0.25,luxury_beauty,als,0.25,,,16.0,5.0,0.1,1.0,,,,,,,,0.028563409712296,0.051813471502590004,0.000412779561354,0.006095702529715995,3
als|factors=16;epochs=5;regularisation=0.1;alpha=10.0|frac=0.25,luxury_beauty,als,0.25,,,16.0,5.0,0.1,10.0,,,,,,,,0.084235891872001,0.16519353855531801,0.004833920593766999,0.005790917403231011,3
als|factors=16;epochs=5;regularisation=0.1;alpha=40.0|frac=0.25,luxury_beauty,als,0.25,,,16.0,5.0,0.1,40.0,,,,,,,,0.083843572083396,0.162755257543431,0.011722474090000004,0.004266991770801004,3
als|factors=16;epochs=15;regularisation=0.001;alpha=1.0|frac=0.25,luxury_beauty,als,0.25,,,16.0,15.0,0.001,1.0,,,,,,,,0.030412882535457004,0.055470893020420006,0.003797570802623003,0.008229198415118003,3
als|factors=16;epochs=15;regularisation=0.001;alpha=10.0|frac=0.25,luxury_beauty,als,0.25,,,16.0,15.0,0.001,10.0,,,,,,,,0.09381665251269501,0.180128009753124,0.0009582893457300012,0.003962206644316013,3
als|factors=16;epochs=15;regularisation=0.001;alpha=40.0|frac=0.25,luxury_beauty,als,0.25,,,16.0,15.0,0.001,40.0,,,,,,,,0.091992668203906,0.174946662602864,0.0029561230079119954,0.004571776897287022,3
als|factors=16;epochs=15;regularisation=0.01;alpha=1.0|frac=0.25,luxury_beauty,als,0.25,,,16.0,15.0,0.01,1.0,,,,,,,,0.030468519188145003,0.055470893020420006,0.0036236261239889975,0.007314843035660004,3
als|factors=16;epochs=15;regularisation=0.01;alpha=10.0|frac=0.25,luxury_beauty,als,0.25,,,16.0,15.0,0.01,10.0,,,,,,,,0.093652794152459,0.179518439500152,0.0011014914400110098,0.004266991770802003,3
als|factors=16;epochs=15;regularisation=0.01;alpha=40.0|frac=0.25,luxury_beauty,als,0.25,,,16.0,15.0,0.01,40.0,,,,,,,,0.091668198601088,0.17555623285583602,0.003710457642649004,0.005790917403229984,3
als|factors=16;epochs=15;regularisation=0.1;alpha=1.0|frac=0.25,luxury_beauty,als,0.25,,,16.0,15.0,0.1,1.0,,,,,,,,0.030294332357158,0.05455653764096301,0.003831004269034998,0.007619628162145994,3
als|factors=16;epochs=15;regularisation=0.1;alpha=10.0|frac=0.25,luxury_beauty,als,0.25,,,16.0,15.0,0.1,10.0,,,,,,,,0.093643463561388,0.17982322462663802,0.00014791393868300584,0.004266991770802003,3
als|factors=16;epochs=15;regularisation=0.1;alpha=40.0|frac=0.25,luxury_beauty,als,0.25,,,16.0,15.0,0.1,40.0,,,,,,,,0.09257373425405001,0.176775373361779,0.002665229692159002,0.003352636391345004,3
als|factors=16;epochs=30;regularisation=0.001;alpha=1.0|frac=0.25,luxury_beauty,als,0.25,,,16.0,30.0,0.001,1.0,,,,,,,,0.032628136433086,0.05699481865284901,0.0015215576139249974,0.0015239256324290004,3
als|factors=16;epochs=30;regularisation=0.001;alpha=10.0|frac=0.25,luxury_beauty,als,0.25,,,16.0,30.0,0.001,10.0,,,,,,,,0.099816321951986,0.18439500152392502,0.0036077172344039926,0.005790917403229984,3
als|factors=16;epochs=30;regularisation=0.001;alpha=40.0|frac=0.25,luxury_beauty,als,0.25,,,16.0,30.0,0.001,40.0,,,,,,,,0.096771668491736,0.17982322462663802,0.004638516389804004,0.007010057909174028,3
als|factors=16;epochs=30;regularisation=0.01;alpha=1.0|frac=0.25,luxury_beauty,als,0.25,,,16.0,30.0,0.01,1.0,,,,,,,,0.032449132793906,0.056690033526363,0.0013722390839069967,0.0009143553794569992,3
als|factors=16;epochs=30;regularisation=0.01;alpha=10.0|frac=0.25,luxury_beauty,als,0.25,,,16.0,30.0,0.01,10.0,,,,,,,,0.09984821772345501,0.18500457177689703,0.003993814128732995,0.0054861322767450205,3
als|factors=16;epochs=30;regularisation=0.01;alpha=40.0|frac=0.25,luxury_beauty,als,0.25,,,16.0,30.0,0.01,40.0,,,,,,,,0.09708831085880901,0.180128009753124,0.004991849015614003,0.007314843035658991,3
als|factors=16;epochs=30;regularisation=0.1;alpha=1.0|frac=0.25,luxury_beauty,als,0.25,,,16.0,30.0,0.1,1.0,,,,,,,,0.032595002025480005,0.056690033526363,0.0014381241327420004,0.0015239256324290004,3
als|factors=16;epochs=30;regularisation=0.1;alpha=10.0|frac=0.25,luxury_beauty,als,0.25,,,16.0,30.0,0.1,10.0,,,,,,,,0.099294740977045,0.18500457177689703,0.0036481046532590017,0.005790917403231011,3
als|factors=16;epochs=30;regularisation=0.1;alpha=40.0|frac=0.25,luxury_beauty,als,0.25,,,16.0,30.0,0.1,40.0,,,,,,,,0.09735600031426,0.181042365132581,0.0032287892485379915,0.007924413288631998,3
als|factors=32;epochs=5;regularisation=0.001;alpha=1.0|frac=0.25,luxury_beauty,als,0.25,,,32.0,5.0,0.001,1.0,,,,,,,,0.029147057392072004,0.050289545870161004,0.004486593188845003,0.0015239256324290004,3
als|factors=32;epochs=5;regularisation=0.001;alpha=10.0|frac=0.25,luxury_beauty,als,0.25,,,32.0,5.0,0.001,10.0,,,,,,,,0.069024308724543,0.16245047241694602,0.0022195133943660045,0.004266991770802003,3
als|factors=32;epochs=5;regularisation=0.001;alpha=40.0|frac=0.25,luxury_beauty,als,0.25,,,32.0,5.0,0.001,40.0,,,,,,,,0.098179755070465,0.164583968302346,0.013933145246959003,0.002438281011885979,3
als|factors=32;epochs=5;regularisation=0.01;alpha=1.0|frac=0.25,luxury_beauty,als,0.25,,,32.0,5.0,0.01,1.0,,,,,,,,0.029097904087951,0.050289545870161004,0.004444046405771,0.0009143553794579984,3
als|factors=32;epochs=5;regularisation=0.01;alpha=10.0|frac=0.25,luxury_beauty,als,0.25,,,32.0,5.0,0.01,10.0,,,,,,,,0.06974490580381901,0.162755257543431,0.0020292543392469997,0.0045717768972879935,3
als|factors=32;epochs=5;regularisation=0.01;alpha=40.0|frac=0.25,luxury_beauty,als,0.25,,,32.0,5.0,0.01,40.0,,,,,,,,0.085242473783583,0.16519353855531801,0.018105547522471996,0.003352636391344005,3
als|factors=32;epochs=5;regularisation=0.1;alpha=1.0|frac=0.25,luxury_beauty,als,0.25,,,32.0,5.0,0.1,1.0,,,,,,,,0.029071791709791003,0.051203901249619,0.003448743001477999,0.0006095702529720012,3
als|factors=32;epochs=5;regularisation=0.1;alpha=10.0|frac=0.25,luxury_beauty,als,0.25,,,32.0,5.0,0.1,10.0,,,,,,,,0.066385833367693,0.163060042669917,0.003634007673058992,0.007010057909174,3
als|factors=32;epochs=5;regularisation=0.1;alpha=40.0|frac=0.25,luxury_beauty,als,0.25,,,32.0,5.0,0.1,40.0,,,,,,,,0.07510116197567901,0.160316976531545,0.010469695802874004,0.0018287107589149976,3
als|factors=32;epochs=15;regularisation=0.001;alpha=1.0|frac=0.25,luxury_beauty,als,0.25,,,32.0,15.0,0.001,1.0,,,,,,,,0.032823829529536004,0.055775678146906,0.005720497847138004,0.007314843035659997,3
als|factors=32;epochs=15;regularisation=0.001;alpha=10.0|frac=0.25,luxury_beauty,als,0.25,,,32.0,15.0,0.001,10.0,,,,,,,,0.08339994159895,0.174032307223407,0.0026894096041299997,0.004571776897286994,3
als|factors=32;epochs=15;regularisation=0.001;alpha=40.0|frac=0.25,luxury_beauty,als,0.25,,,32.0,15.0,0.001,40.0,,,,,,,,0.09471565692263201,0.180432794879609,0.004078341978870997,0.006400487656201992,3
als|factors=32;epochs=15;regularisation=0.01;alpha=1.0|frac=0.25,luxury_beauty,als,0.25,,,32.0,15.0,0.01,1.0,,,,,,,,0.032740126406953,0.055470893020420006,0.005864332102373998,0.008229198415117003,3
als|factors=32;epochs=15;regularisation=0.01;alpha=10.0|frac=0.25,luxury_beauty,als,0.25,,,32.0,15.0,0.01,10.0,,,,,,,,0.07796037471412501,0.174032307223407,0.0021835616058289986,0.003352636391344005,3
als|factors=32;epochs=15;regularisation=0.01;alpha=40.0|frac=0.25,luxury_beauty,als,0.25,,,32.0,15.0,0.01,40.0,,,,,,,,0.095137766443288,0.17799451386772303,0.00365170932641401,0.004571776897286994,3
als|factors=32;epochs=15;regularisation=0.1;alpha=1.0|frac=0.25,luxury_beauty,als,0.25,,,32.0,15.0,0.1,1.0,,,,,,,,0.032990412880111,0.055470893020420006,0.005289335414088998,0.0048765620237740046,3
als|factors=32;epochs=15;regularisation=0.1;alpha=10.0|frac=0.25,luxury_beauty,als,0.25,,,32.0,15.0,0.1,10.0,,,,,,,,0.078034372418133,0.173422736970435,0.001995769275813991,0.003352636391343977,3
als|factors=32;epochs=15;regularisation=0.1;alpha=40.0|frac=0.25,luxury_beauty,als,0.25,,,32.0,15.0,0.1,40.0,,,,,,,,0.107935719901492,0.17738494361475102,0.0016101445707139977,0.002438281011886978,3
als|factors=32;epochs=30;regularisation=0.001;alpha=1.0|frac=0.25,luxury_beauty,als,0.25,,,32.0,30.0,0.001,1.0,,,,,,,,0.035435139167125006,0.059737884791222,0.006198967330250001,0.006095702529716002,3
als|factors=32;epochs=30;regularisation=0.001;alpha=10.0|frac=0.25,luxury_beauty,als,0.25,,,32.0,30.0,0.001,10.0,,,,,,,,0.085970665806767,0.17799451386772303,0.002091930649132004,0.002743066138372996,3
als|factors=32;epochs=30;regularisation=0.001;alpha=40.0|frac=0.25,luxury_beauty,als,0.25,,,32.0,30.0,0.001,40.0,,,,,,,,0.09828412686965,0.18256629076501002,0.0061868027129169945,0.012191405059433003,3
als|factors=32;epochs=30;regularisation=0.01;alpha=1.0|frac=0.25,luxury_beauty,als,0.25,,,32.0,30.0,0.01,1.0,,,,,,,,0.035303958468536005,0.05912831453825,0.006402825481677005,0.006705272782688003,3
als|factors=32;epochs=30;regularisation=0.01;alpha=10.0|frac=0.25,luxury_beauty,als,0.25,,,32.0,30.0,0.01,10.0,,,,,,,,0.08622247776781701,0.17890886924718002,0.0012318496668199952,0.002743066138372996,3
als|factors=32;epochs=30;regularisation=0.01;alpha=40.0|frac=0.25,luxury_beauty,als,0.25,,,32.0,30.0,0.01,40.0,,,,,,,,0.09759380057224101,0.18317586101798203,0.0049983781965509955,0.0045717768972879935,3
als|factors=32;epochs=30;regularisation=0.1;alpha=1.0|frac=0.25,luxury_beauty,als,0.25,,,32.0,30.0,0.1,1.0,,,,,,,,0.035086258877786006,0.058823529411764004,0.006852261158400999,0.007010057909173993,3
als|factors=32;epochs=30;regularisation=0.1;alpha=10.0|frac=0.25,luxury_beauty,als,0.25,,,32.0,30.0,0.1,10.0,,,,,,,,0.082030651626604,0.181042365132581,0.0008993128511619874,0.003047851264857987,3
als|factors=32;epochs=30;regularisation=0.1;alpha=40.0|frac=0.25,luxury_beauty,als,0.25,,,32.0,30.0,0.1,40.0,,,,,,,,0.11253216426424201,0.181347150259067,0.018921346423418,0.003047851264858986,3
als|factors=64;epochs=5;regularisation=0.001;alpha=1.0|frac=0.25,luxury_beauty,als,0.25,,,64.0,5.0,0.001,1.0,,,,,,,,0.022626003116519,0.042060347455044,0.003300087335968,0.003657421517830002,3
als|factors=64;epochs=5;regularisation=0.001;alpha=10.0|frac=0.25,luxury_beauty,als,0.25,,,64.0,5.0,0.001,10.0,,,,,,,,0.029764219337580004,0.04998476074367501,0.002167346847901,0.003047851264858001,3
als|factors=64;epochs=5;regularisation=0.001;alpha=40.0|frac=0.25,luxury_beauty,als,0.25,,,64.0,5.0,0.001,40.0,,,,,,,,0.073606835495715,0.16427918317586102,0.004886381942847989,0.005486132276744993,3
als|factors=64;epochs=5;regularisation=0.01;alpha=1.0|frac=0.25,luxury_beauty,als,0.25,,,64.0,5.0,0.01,1.0,,,,,,,,0.022601980288267,0.041450777202072006,0.002484438765506001,0.0015239256324290004,3
als|factors=64;epochs=5;regularisation=0.01;alpha=10.0|frac=0.25,luxury_beauty,als,0.25,,,64.0,5.0,0.01,10.0,,,,,,,,0.029074971816211003,0.049375190490704005,0.0020695896344490004,0.0024382810118860065,3
als|factors=64;epochs=5;regularisation=0.01;alpha=40.0|frac=0.25,luxury_beauty,als,0.25,,,64.0,5.0,0.01,40.0,,,,,,,,0.072363016964454,0.16245047241694602,0.004387664543667999,0.003657421517829995,3
als|factors=64;epochs=5;regularisation=0.1;alpha=1.0|frac=0.25,luxury_beauty,als,0.25,,,64.0,5.0,0.1,1.0,,,,,,,,0.022295612050145002,0.039926851569643006,0.003301986952302001,0.0021334958854010017,3
als|factors=64;epochs=5;regularisation=0.1;alpha=10.0|frac=0.25,luxury_beauty,als,0.25,,,64.0,5.0,0.1,10.0,,,,,,,,0.028763034495303003,0.049375190490704005,0.002892772984160002,0.0012191405059429963,3
als|factors=64;epochs=5;regularisation=0.1;alpha=40.0|frac=0.25,luxury_beauty,als,0.25,,,64.0,5.0,0.1,40.0,,,,,,,,0.025129945188564002,0.045717768972874,0.0014226689746460013,0.003047851264858001,3
als|factors=64;epochs=15;regularisation=0.001;alpha=1.0|frac=0.25,luxury_beauty,als,0.25,,,64.0,15.0,0.001,1.0,,,,,,,,0.027711848032884002,0.04754647973178901,0.002867655123914001,0.0012191405059429963,3
als|factors=64;epochs=15;regularisation=0.001;alpha=10.0|frac=0.25,luxury_beauty,als,0.25,,,64.0,15.0,0.001,10.0,,,,,,,,0.035284320289142,0.059433099664736005,0.00039906740163000304,0.0012191405059429963,3
als|factors=64;epochs=15;regularisation=0.001;alpha=40.0|frac=0.25,luxury_beauty,als,0.25,,,64.0,15.0,0.001,40.0,,,,,,,,0.077169792414032,0.17159402621152,0.001770301181140993,0.003657421517829995,3
als|factors=64;epochs=15;regularisation=0.01;alpha=1.0|frac=0.25,luxury_beauty,als,0.25,,,64.0,15.0,0.01,1.0,,,,,,,,0.027809317201487,0.047241694605303,0.002845463214916001,0.0009143553794569992,3
als|factors=64;epochs=15;regularisation=0.01;alpha=10.0|frac=0.25,luxury_beauty,als,0.25,,,64.0,15.0,0.01,10.0,,,,,,,,0.03510766589814,0.05851874428527801,0.0013854817055929947,0.0027430661383720037,3
als|factors=64;epochs=15;regularisation=0.01;alpha=40.0|frac=0.25,luxury_beauty,als,0.25,,,64.0,15.0,0.01,40.0,,,,,,,,0.07751328719594801,0.17189881133800602,0.0005533400658000037,0.002438281011885979,3
als|factors=64;epochs=15;regularisation=0.1;alpha=1.0|frac=0.25,luxury_beauty,als,0.25,,,64.0,15.0,0.1,1.0,,,,,,,,0.028006678207189002,0.047241694605303,0.0030035775312969998,0.000609570252971002,3
als|factors=64;epochs=15;regularisation=0.1;alpha=10.0|frac=0.25,luxury_beauty,als,0.25,,,64.0,15.0,0.1,10.0,,,,,,,,0.034692985766477,0.059433099664736005,0.0006140836706449992,0.0012191405059439955,3
als|factors=64;epochs=15;regularisation=0.1;alpha=40.0|frac=0.25,luxury_beauty,als,0.25,,,64.0,15.0,0.1,40.0,,,,,,,,0.07649208867953401,0.17007010057909103,0.0009534938308399937,0.003657421517829995,3
als|factors=64;epochs=30;regularisation=0.001;alpha=1.0|frac=0.25,luxury_beauty,als,0.25,,,64.0,30.0,0.001,1.0,,,,,,,,0.029559120020010002,0.049375190490704005,0.002209377102487999,0.005790917403231004,3
als|factors=64;epochs=30;regularisation=0.001;alpha=10.0|frac=0.25,luxury_beauty,als,0.25,,,64.0,30.0,0.001,10.0,,,,,,,,0.035590362226278004,0.060957025297165006,0.00024340292455400647,0.0018287107589149976,3
als|factors=64;epochs=30;regularisation=0.001;alpha=40.0|frac=0.25,luxury_beauty,als,0.25,,,64.0,30.0,0.001,40.0,,,,,,,,0.07769726530511101,0.17098445595854903,0.00154918331895601,0.003657421517829995,3
als|factors=64;epochs=30;regularisation=0.01;alpha=1.0|frac=0.25,luxury_beauty,als,0.25,,,64.0,30.0,0.01,1.0,,,,,,,,0.029618523088346,0.049375190490704005,0.0021078704272330002,0.005790917403231004,3
als|factors=64;epochs=30;regularisation=0.01;alpha=10.0|frac=0.25,luxury_beauty,als,0.25,,,64.0,30.0,0.01,10.0,,,,,,,,0.035281973275925,0.06004266991770801,0.0013502289243930016,0.0018287107589149976,3
als|factors=64;epochs=30;regularisation=0.01;alpha=40.0|frac=0.25,luxury_beauty,als,0.25,,,64.0,30.0,0.01,40.0,,,,,,,,0.077508678846555,0.17159402621152,0.0015748394041230074,0.0045717768972879935,3
als|factors=64;epochs=30;regularisation=0.1;alpha=1.0|frac=0.25,luxury_beauty,als,0.25,,,64.0,30.0,0.1,1.0,,,,,,,,0.029925789118793,0.050289545870161004,0.002482322228875001,0.006095702529717001,3
als|factors=64;epochs=30;regularisation=0.1;alpha=10.0|frac=0.25,luxury_beauty,als,0.25,,,64.0,30.0,0.1,10.0,,,,,,,,0.034799070862038005,0.05851874428527801,0.0012548859135449938,0.0021334958854009947,3
als|factors=64;epochs=30;regularisation=0.1;alpha=40.0|frac=0.25,luxury_beauty,als,0.25,,,64.0,30.0,0.1,40.0,,,,,,,,0.07794373675150401,0.17281316671746402,0.001169407145948001,0.003352636391344005,3
als|factors=128;epochs=5;regularisation=0.001;alpha=1.0|frac=0.25,luxury_beauty,als,0.25,,,128.0,5.0,0.001,1.0,,,,,,,,0.018182137603367,0.032002438281011,0.002225529800299001,0.002743066138372996,3
als|factors=128;epochs=5;regularisation=0.001;alpha=10.0|frac=0.25,luxury_beauty,als,0.25,,,128.0,5.0,0.001,10.0,,,,,,,,0.027576175496417003,0.047851264858274005,0.004047271494062001,0.006095702529716002,3
als|factors=128;epochs=5;regularisation=0.001;alpha=40.0|frac=0.25,luxury_beauty,als,0.25,,,128.0,5.0,0.001,40.0,,,,,,,,0.027884954057461,0.046936909478817006,0.004203864346458003,0.007619628162145002,3
als|factors=128;epochs=5;regularisation=0.01;alpha=1.0|frac=0.25,luxury_beauty,als,0.25,,,128.0,5.0,0.01,1.0,,,,,,,,0.018084711266770002,0.031697653154526,0.0022359709785139993,0.002743066138372996,3
als|factors=128;epochs=5;regularisation=0.01;alpha=10.0|frac=0.25,luxury_beauty,als,0.25,,,128.0,5.0,0.01,10.0,,,,,,,,0.026949004711791003,0.047241694605303,0.003965294717285999,0.003962206644316006,3
als|factors=128;epochs=5;regularisation=0.01;alpha=40.0|frac=0.25,luxury_beauty,als,0.25,,,128.0,5.0,0.01,40.0,,,,,,,,0.026252449894554,0.044803413593416004,0.004303431898366,0.007314843035659997,3
als|factors=128;epochs=5;regularisation=0.1;alpha=1.0|frac=0.25,luxury_beauty,als,0.25,,,128.0,5.0,0.1,1.0,,,,,,,,0.017660894684660002,0.030478512648582003,0.002124458709429001,0.0024382810118870023,3
als|factors=128;epochs=5;regularisation=0.1;alpha=10.0|frac=0.25,luxury_beauty,als,0.25,,,128.0,5.0,0.1,10.0,,,,,,,,0.025393872328048003,0.04449862846693,0.003257687754708003,0.003352636391343998,3
als|factors=128;epochs=5;regularisation=0.1;alpha=40.0|frac=0.25,luxury_beauty,als,0.25,,,128.0,5.0,0.1,40.0,,,,,,,,0.023562451460057,0.040536421822615,0.003329542338709999,0.006095702529717001,3
als|factors=128;epochs=15;regularisation=0.001;alpha=1.0|frac=0.25,luxury_beauty,als,0.25,,,128.0,15.0,0.001,1.0,,,,,,,,0.019897172370267002,0.036269430051813004,0.0023650524955829977,0.004266991770802003,3
als|factors=128;epochs=15;regularisation=0.001;alpha=10.0|frac=0.25,luxury_beauty,als,0.25,,,128.0,15.0,0.001,10.0,,,,,,,,0.028165384050579,0.049679975617189,0.000671403336943998,0.003047851264857994,3
als|factors=128;epochs=15;regularisation=0.001;alpha=40.0|frac=0.25,luxury_beauty,als,0.25,,,128.0,15.0,0.001,40.0,,,,,,,,0.029789259855043004,0.052727826882048,0.0016723118585039998,0.003047851264858001,3
als|factors=128;epochs=15;regularisation=0.01;alpha=1.0|frac=0.25,luxury_beauty,als,0.25,,,128.0,15.0,0.01,1.0,,,,,,,,0.019734049462259002,0.035659859798841,0.0022768979799759996,0.0045717768972880005,3
als|factors=128;epochs=15;regularisation=0.01;alpha=10.0|frac=0.25,luxury_beauty,als,0.25,,,128.0,15.0,0.01,10.0,,,,,,,,0.027982668539493,0.049070405364218,0.0009447333269539983,0.0021334958854009947,3
als|factors=128;epochs=15;regularisation=0.01;alpha=40.0|frac=0.25,luxury_beauty,als,0.25,,,128.0,15.0,0.01,40.0,,,,,,,,0.028857439360815,0.04998476074367501,0.0019256705070869982,0.0009143553794579984,3
als|factors=128;epochs=15;regularisation=0.1;alpha=1.0|frac=0.25,luxury_beauty,als,0.25,,,128.0,15.0,0.1,1.0,,,,,,,,0.019690762680142002,0.035659859798841,0.0018479125646020007,0.003657421517830002,3
als|factors=128;epochs=15;regularisation=0.1;alpha=10.0|frac=0.25,luxury_beauty,als,0.25,,,128.0,15.0,0.1,10.0,,,,,,,,0.027554347239412,0.04815604998476,0.000720170520995999,0.002438281011886999,3
als|factors=128;epochs=15;regularisation=0.1;alpha=40.0|frac=0.25,luxury_beauty,als,0.25,,,128.0,15.0,0.1,40.0,,,,,,,,0.026753780188963003,0.046327339225845005,0.0014709586263129994,0.0006095702529720012,3
als|factors=128;epochs=30;regularisation=0.001;alpha=1.0|frac=0.25,luxury_beauty,als,0.25,,,128.0,30.0,0.001,1.0,,,,,,,,0.020469403365356003,0.036269430051813004,0.0011076721097860003,0.002438281011886999,3
als|factors=128;epochs=30;regularisation=0.001;alpha=10.0|frac=0.25,luxury_beauty,als,0.25,,,128.0,30.0,0.001,10.0,,,,,,,,0.029162747189902003,0.050594330996647,0.0020569892346719992,0.004266991770800997,3
als|factors=128;epochs=30;regularisation=0.001;alpha=40.0|frac=0.25,luxury_beauty,als,0.25,,,128.0,30.0,0.001,40.0,,,,,,,,0.031117360803737,0.054251752514477,0.0027779583037519998,0.006705272782688003,3
als|factors=128;epochs=30;regularisation=0.01;alpha=1.0|frac=0.25,luxury_beauty,als,0.25,,,128.0,30.0,0.01,1.0,,,,,,,,0.020250720187246003,0.036269430051813004,0.0010858632396209995,0.0018287107589149976,3
als|factors=128;epochs=30;regularisation=0.01;alpha=10.0|frac=0.25,luxury_beauty,als,0.25,,,128.0,30.0,0.01,10.0,,,,,,,,0.029175181492368002,0.050289545870161004,0.0020484774585779984,0.004266991770801004,3
als|factors=128;epochs=30;regularisation=0.01;alpha=40.0|frac=0.25,luxury_beauty,als,0.25,,,128.0,30.0,0.01,40.0,,,,,,,,0.030074562060299,0.053642182261505,0.0023829355726400006,0.006095702529716002,3
als|factors=128;epochs=30;regularisation=0.1;alpha=1.0|frac=0.25,luxury_beauty,als,0.25,,,128.0,30.0,0.1,1.0,,,,,,,,0.020150936709181,0.035964644925327,0.0006204192003519994,0.0009143553794579984,3
als|factors=128;epochs=30;regularisation=0.1;alpha=10.0|frac=0.25,luxury_beauty,als,0.25,,,128.0,30.0,0.1,10.0,,,,,,,,0.029074829311363,0.050594330996647,0.002720977867051999,0.006400487656201999,3
als|factors=128;epochs=30;regularisation=0.1;alpha=40.0|frac=0.25,luxury_beauty,als,0.25,,,128.0,30.0,0.1,40.0,,,,,,,,0.029214143819465,0.049679975617189,0.0025423159412699993,0.004266991770800997,3
als|factors=16;epochs=5;regularisation=0.001;alpha=1.0|frac=0.5,luxury_beauty,als,0.5,,,16.0,5.0,0.001,1.0,,,,,,,,0.09847237616939501,0.178604084120694,0.005729868018046008,0.008229198415117017,3
als|factors=16;epochs=5;regularisation=0.001;alpha=10.0|frac=0.5,luxury_beauty,als,0.5,,,16.0,5.0,0.001,10.0,,,,,,,,0.11077451947344401,0.202986894239561,0.003158075030042007,0.003962206644316013,3
als|factors=16;epochs=5;regularisation=0.001;alpha=40.0|frac=0.5,luxury_beauty,als,0.5,,,16.0,5.0,0.001,40.0,,,,,,,,0.10752981947241001,0.20085339835416002,0.008585973606482,0.003047851264857987,3
als|factors=16;epochs=5;regularisation=0.01;alpha=1.0|frac=0.5,luxury_beauty,als,0.5,,,16.0,5.0,0.01,1.0,,,,,,,,0.098502044936459,0.178604084120694,0.005728314217833999,0.008229198415117017,3
als|factors=16;epochs=5;regularisation=0.01;alpha=10.0|frac=0.5,luxury_beauty,als,0.5,,,16.0,5.0,0.01,10.0,,,,,,,,0.11142391596263901,0.202986894239561,0.0031719631133469983,0.003962206644316013,3
als|factors=16;epochs=5;regularisation=0.01;alpha=40.0|frac=0.5,luxury_beauty,als,0.5,,,16.0,5.0,0.01,40.0,,,,,,,,0.10923530495915901,0.201462968607131,0.001187804211352006,0.003047851264857987,3
als|factors=16;epochs=5;regularisation=0.1;alpha=1.0|frac=0.5,luxury_beauty,als,0.5,,,16.0,5.0,0.1,1.0,,,,,,,,0.098435236071648,0.17829929899420902,0.0056888674555280044,0.008229198415117017,3
als|factors=16;epochs=5;regularisation=0.1;alpha=10.0|frac=0.5,luxury_beauty,als,0.5,,,16.0,5.0,0.1,10.0,,,,,,,,0.112436966141309,0.20268210911307502,0.002431348069215994,0.0006095702529720082,3
als|factors=16;epochs=5;regularisation=0.1;alpha=40.0|frac=0.5,luxury_beauty,als,0.5,,,16.0,5.0,0.1,40.0,,,,,,,,0.109862038380291,0.201158183480646,0.0005287924450559922,0.0021334958854009878,3
als|factors=16;epochs=15;regularisation=0.001;alpha=1.0|frac=0.5,luxury_beauty,als,0.5,,,16.0,15.0,0.001,1.0,,,,,,,,0.10247292696168,0.19049070405364202,0.004307018537351007,0.008838768668088998,3
als|factors=16;epochs=15;regularisation=0.001;alpha=10.0|frac=0.5,luxury_beauty,als,0.5,,,16.0,15.0,0.001,10.0,,,,,,,,0.12077505913585601,0.22371228284059702,0.0016096133511089988,0.0048765620237729845,3
als|factors=16;epochs=15;regularisation=0.001;alpha=40.0|frac=0.5,luxury_beauty,als,0.5,,,16.0,15.0,0.001,40.0,,,,,,,,0.125494159402145,0.23529411764705802,0.0023921871354389973,0.0015239256324289796,3
als|factors=16;epochs=15;regularisation=0.01;alpha=1.0|frac=0.5,luxury_beauty,als,0.5,,,16.0,15.0,0.01,1.0,,,,,,,,0.102490683326191,0.19049070405364202,0.004183002051888998,0.008838768668088998,3
als|factors=16;epochs=15;regularisation=0.01;alpha=10.0|frac=0.5,luxury_beauty,als,0.5,,,16.0,15.0,0.01,10.0,,,,,,,,0.12100527740568101,0.22371228284059702,0.00175551438813,0.0048765620237729845,3
als|factors=16;epochs=15;regularisation=0.01;alpha=40.0|frac=0.5,luxury_beauty,als,0.5,,,16.0,15.0,0.01,40.0,,,,,,,,0.125587081717269,0.23529411764705802,0.0018631919042190054,0.002743066138372996,3
als|factors=16;epochs=15;regularisation=0.1;alpha=1.0|frac=0.5,luxury_beauty,als,0.5,,,16.0,15.0,0.1,1.0,,,,,,,,0.10271046631975601,0.190795489180128,0.004094127305663997,0.00853398354160298,3
als|factors=16;epochs=15;regularisation=0.1;alpha=10.0|frac=0.5,luxury_beauty,als,0.5,,,16.0,15.0,0.1,10.0,,,,,,,,0.12092637344821901,0.22432185309356903,0.0013394148856530064,0.004571776897286994,3
als|factors=16;epochs=15;regularisation=0.1;alpha=40.0|frac=0.5,luxury_beauty,als,0.5,,,16.0,15.0,0.1,40.0,,,,,,,,0.126273151298922,0.232855836635172,0.003003602905467015,0.004266991770802003,3
als|factors=16;epochs=30;regularisation=0.001;alpha=1.0|frac=0.5,luxury_beauty,als,0.5,,,16.0,30.0,0.001,1.0,,,,,,,,0.10165542501007101,0.194148125571472,0.0006749713730619944,0.006705272782687982,3
als|factors=16;epochs=30;regularisation=0.001;alpha=10.0|frac=0.5,luxury_beauty,als,0.5,,,16.0,30.0,0.001,10.0,,,,,,,,0.122715227549141,0.23163669612922802,0.00036947260135199167,0.0015239256324289796,3
als|factors=16;epochs=30;regularisation=0.001;alpha=40.0|frac=0.5,luxury_beauty,als,0.5,,,16.0,30.0,0.001,40.0,,,,,,,,0.126321330132231,0.23742761353245903,0.0022340270513669935,0.0024382810118870057,3
als|factors=16;epochs=30;regularisation=0.01;alpha=1.0|frac=0.5,luxury_beauty,als,0.5,,,16.0,30.0,0.01,1.0,,,,,,,,0.101564341058495,0.19384334044498602,0.0008538931952080109,0.006705272782687982,3
als|factors=16;epochs=30;regularisation=0.01;alpha=10.0|frac=0.5,luxury_beauty,als,0.5,,,16.0,30.0,0.01,10.0,,,,,,,,0.12277249013578401,0.231941481255714,0.000308120192479,0.0012191405059430171,3
als|factors=16;epochs=30;regularisation=0.01;alpha=40.0|frac=0.5,luxury_beauty,als,0.5,,,16.0,30.0,0.01,40.0,,,,,,,,0.12534338000344,0.23681804327948702,0.0066450055722390156,0.0021334958854010155,3
als|factors=16;epochs=30;regularisation=0.1;alpha=1.0|frac=0.5,luxury_beauty,als,0.5,,,16.0,30.0,0.1,1.0,,,,,,,,0.10156589485870601,0.1935385553185,0.000959911732810001,0.007010057909174,3
als|factors=16;epochs=30;regularisation=0.1;alpha=10.0|frac=0.5,luxury_beauty,als,0.5,,,16.0,30.0,0.1,10.0,,,,,,,,0.12250269389048402,0.231027125876257,0.00012825655475601216,0.0018287107589149976,3
als|factors=16;epochs=30;regularisation=0.1;alpha=40.0|frac=0.5,luxury_beauty,als,0.5,,,16.0,30.0,0.1,40.0,,,,,,,,0.12558883720007202,0.236208473026516,0.00657909151772898,0.0018287107589149976,3
als|factors=32;epochs=5;regularisation=0.001;alpha=1.0|frac=0.5,luxury_beauty,als,0.5,,,32.0,5.0,0.001,1.0,,,,,,,,0.10492882017683701,0.187442852788783,0.012394170624878006,0.0009143553794569992,3
als|factors=32;epochs=5;regularisation=0.001;alpha=10.0|frac=0.5,luxury_beauty,als,0.5,,,32.0,5.0,0.001,10.0,,,,,,,,0.1204455572555,0.21578786955196502,0.003647951481996009,0.0015239256324290074,3
als|factors=32;epochs=5;regularisation=0.001;alpha=40.0|frac=0.5,luxury_beauty,als,0.5,,,32.0,5.0,0.001,40.0,,,,,,,,0.11715782498487301,0.21487351417250802,0.003542236822945008,0.004266991770801004,3
als|factors=32;epochs=5;regularisation=0.01;alpha=1.0|frac=0.5,luxury_beauty,als,0.5,,,32.0,5.0,0.01,1.0,,,,,,,,0.10484639899169201,0.187442852788783,0.012453284781597004,0.000304785126484991,3
als|factors=32;epochs=5;regularisation=0.01;alpha=10.0|frac=0.5,luxury_beauty,als,0.5,,,32.0,5.0,0.01,10.0,,,,,,,,0.12013953427936801,0.21578786955196502,0.0035993464836010097,0.0015239256324290074,3
als|factors=32;epochs=5;regularisation=0.01;alpha=40.0|frac=0.5,luxury_beauty,als,0.5,,,32.0,5.0,0.01,40.0,,,,,,,,0.11713446378117101,0.214568729046022,0.004791825060822999,0.006095702529716002,3
als|factors=32;epochs=5;regularisation=0.1;alpha=1.0|frac=0.5,luxury_beauty,als,0.5,,,32.0,5.0,0.1,1.0,,,,,,,,0.10451747910825601,0.187442852788783,0.012254008910852002,0.0012191405059430171,3
als|factors=32;epochs=5;regularisation=0.1;alpha=10.0|frac=0.5,luxury_beauty,als,0.5,,,32.0,5.0,0.1,10.0,,,,,,,,0.11938937946729401,0.215178299298994,0.004653054798192002,0.003657421517829995,3
als|factors=32;epochs=5;regularisation=0.1;alpha=40.0|frac=0.5,luxury_beauty,als,0.5,,,32.0,5.0,0.1,40.0,,,,,,,,0.117010309235668,0.21213044803413503,0.005683503235313997,0.005790917403230983,3
als|factors=32;epochs=15;regularisation=0.001;alpha=1.0|frac=0.5,luxury_beauty,als,0.5,,,32.0,15.0,0.001,1.0,,,,,,,,0.10656390108427201,0.19231941481255702,0.0005919123639560042,0.0012191405059430171,3
als|factors=32;epochs=15;regularisation=0.001;alpha=10.0|frac=0.5,luxury_beauty,als,0.5,,,32.0,15.0,0.001,10.0,,,,,,,,0.12580686579331501,0.23437976226760102,0.003172500541651982,0.006400487656202991,3
als|factors=32;epochs=15;regularisation=0.001;alpha=40.0|frac=0.5,luxury_beauty,als,0.5,,,32.0,15.0,0.001,40.0,,,,,,,,0.128701166397932,0.23437976226760102,0.0029196500290250005,0.004266991770801004,3
als|factors=32;epochs=15;regularisation=0.01;alpha=1.0|frac=0.5,luxury_beauty,als,0.5,,,32.0,15.0,0.01,1.0,,,,,,,,0.106650957241203,0.19231941481255702,0.0006553024037410093,0.0012191405059429894,3
als|factors=32;epochs=15;regularisation=0.01;alpha=10.0|frac=0.5,luxury_beauty,als,0.5,,,32.0,15.0,0.01,10.0,,,,,,,,0.12545674935637402,0.23346540688814302,0.003337836442546996,0.007314843035660018,3
als|factors=32;epochs=15;regularisation=0.01;alpha=40.0|frac=0.5,luxury_beauty,als,0.5,,,32.0,15.0,0.01,40.0,,,,,,,,0.12950284550073202,0.23498933252057302,0.0032425541385290024,0.0030478512648580147,3
als|factors=32;epochs=15;regularisation=0.1;alpha=1.0|frac=0.5,luxury_beauty,als,0.5,,,32.0,15.0,0.1,1.0,,,,,,,,0.10636617498920001,0.19201462968607103,0.0007323183722919985,0.0018287107589149976,3
als|factors=32;epochs=15;regularisation=0.1;alpha=10.0|frac=0.5,luxury_beauty,als,0.5,,,32.0,15.0,0.1,10.0,,,,,,,,0.125462131939055,0.23437976226760102,0.004255906044621005,0.00670527278268801,3
als|factors=32;epochs=15;regularisation=0.1;alpha=40.0|frac=0.5,luxury_beauty,als,0.5,,,32.0,15.0,0.1,40.0,,,,,,,,0.13016967559519202,0.23529411764705802,0.003155300227820984,0.004266991770802003,3
als|factors=32;epochs=30;regularisation=0.001;alpha=1.0|frac=0.5,luxury_beauty,als,0.5,,,32.0,30.0,0.001,1.0,,,,,,,,0.108021526435133,0.196281621456872,0.0001744551021989893,0.0024382810118870057,3
als|factors=32;epochs=30;regularisation=0.001;alpha=10.0|frac=0.5,luxury_beauty,als,0.5,,,32.0,30.0,0.001,10.0,,,,,,,,0.12530531854941301,0.23498933252057302,0.000978696910396995,0.0024382810118860065,3
als|factors=32;epochs=30;regularisation=0.001;alpha=40.0|frac=0.5,luxury_beauty,als,0.5,,,32.0,30.0,0.001,40.0,,,,,,,,0.130005339775458,0.24047546479731702,0.001273240756256011,0.0012191405059429894,3
als|factors=32;epochs=30;regularisation=0.01;alpha=1.0|frac=0.5,luxury_beauty,als,0.5,,,32.0,30.0,0.01,1.0,,,,,,,,0.10815334492548001,0.196281621456872,0.00028921581019600295,0.0015239256324290074,3
als|factors=32;epochs=30;regularisation=0.01;alpha=10.0|frac=0.5,luxury_beauty,als,0.5,,,32.0,30.0,0.01,10.0,,,,,,,,0.12510044921839902,0.23498933252057302,0.0015314555219989867,0.003657421517828996,3
als|factors=32;epochs=30;regularisation=0.01;alpha=40.0|frac=0.5,luxury_beauty,als,0.5,,,32.0,30.0,0.01,40.0,,,,,,,,0.130791177076924,0.24047546479731702,0.0012918810539339909,0.0009143553794569992,3
als|factors=32;epochs=30;regularisation=0.1;alpha=1.0|frac=0.5,luxury_beauty,als,0.5,,,32.0,30.0,0.1,1.0,,,,,,,,0.10816678289866101,0.196281621456872,0.0007889249086159983,0.0018287107589149976,3
als|factors=32;epochs=30;regularisation=0.1;alpha=10.0|frac=0.5,luxury_beauty,als,0.5,,,32.0,30.0,0.1,10.0,,,,,,,,0.124982906510349,0.23529411764705802,0.0017238721792000034,0.004876562023773012,3
als|factors=32;epochs=30;regularisation=0.1;alpha=40.0|frac=0.5,luxury_beauty,als,0.5,,,32.0,30.0,0.1,40.0,,,,,,,,0.13124916123357802,0.239865894544346,0.0021863967046420185,0.004266991770802003,3
als|factors=64;epochs=5;regularisation=0.001;alpha=1.0|frac=0.5,luxury_beauty,als,0.5,,,64.0,5.0,0.001,1.0,,,,,,,,0.059865482707992,0.09082596769277601,0.002602716546417,0.005790917403231011,3
als|factors=64;epochs=5;regularisation=0.001;alpha=10.0|frac=0.5,luxury_beauty,als,0.5,,,64.0,5.0,0.001,10.0,,,,,,,,0.12110900202292602,0.218835720816824,0.003139268744500004,0.007619628162145009,3
als|factors=64;epochs=5;regularisation=0.001;alpha=40.0|frac=0.5,luxury_beauty,als,0.5,,,64.0,5.0,0.001,40.0,,,,,,,,0.11792353977005501,0.21944529106979502,0.00464472197239299,0.005486132276744993,3
als|factors=64;epochs=5;regularisation=0.01;alpha=1.0|frac=0.5,luxury_beauty,als,0.5,,,64.0,5.0,0.01,1.0,,,,,,,,0.059769194844539006,0.09052118256629,0.0018795945479880005,0.005790917403230997,3
als|factors=64;epochs=5;regularisation=0.01;alpha=10.0|frac=0.5,luxury_beauty,als,0.5,,,64.0,5.0,0.01,10.0,,,,,,,,0.11865443876515201,0.21731179518439503,0.004444931390160001,0.00670527278268801,3
als|factors=64;epochs=5;regularisation=0.01;alpha=40.0|frac=0.5,luxury_beauty,als,0.5,,,64.0,5.0,0.01,40.0,,,,,,,,0.118469729102189,0.219750076196281,0.004050500123482001,0.006400487656202991,3
als|factors=64;epochs=5;regularisation=0.1;alpha=1.0|frac=0.5,luxury_beauty,als,0.5,,,64.0,5.0,0.1,1.0,,,,,,,,0.059819991612981,0.09052118256629,0.0022166271679420063,0.006095702529716002,3
als|factors=64;epochs=5;regularisation=0.1;alpha=10.0|frac=0.5,luxury_beauty,als,0.5,,,64.0,5.0,0.1,10.0,,,,,,,,0.11718864334343301,0.212740018287107,0.0045904755134820036,0.008229198415117017,3
als|factors=64;epochs=5;regularisation=0.1;alpha=40.0|frac=0.5,luxury_beauty,als,0.5,,,64.0,5.0,0.1,40.0,,,,,,,,0.11406253659770602,0.21182566290765,0.0028707078639420014,0.0057909174032300115,3
als|factors=64;epochs=15;regularisation=0.001;alpha=1.0|frac=0.5,luxury_beauty,als,0.5,,,64.0,15.0,0.001,1.0,,,,,,,,0.061922634358389,0.09692167022249301,0.031368058429727,0.10819871990246799,3
als|factors=64;epochs=15;regularisation=0.001;alpha=10.0|frac=0.5,luxury_beauty,als,0.5,,,64.0,15.0,0.001,10.0,,,,,,,,0.124229607100742,0.226760134105455,0.0006912673230680122,0.0009143553794569992,3
als|factors=64;epochs=15;regularisation=0.001;alpha=40.0|frac=0.5,luxury_beauty,als,0.5,,,64.0,15.0,0.001,40.0,,,,,,,,0.12498777086236601,0.23346540688814302,0.0029737408056030035,0.006095702529716002,3
als|factors=64;epochs=15;regularisation=0.01;alpha=1.0|frac=0.5,luxury_beauty,als,0.5,,,64.0,15.0,0.01,1.0,,,,,,,,0.06184413080811701,0.09692167022249301,0.03139431387713901,0.108503505028954,3
als|factors=64;epochs=15;regularisation=0.01;alpha=10.0|frac=0.5,luxury_beauty,als,0.5,,,64.0,15.0,0.01,10.0,,,,,,,,0.12389941777893301,0.22645534897896902,0.0003846658677300052,0.0009143553794569992,3
als|factors=64;epochs=15;regularisation=0.01;alpha=40.0|frac=0.5,luxury_beauty,als,0.5,,,64.0,15.0,0.01,40.0,,,,,,,,0.124014276751208,0.23437976226760102,0.0017056806363100058,0.003352636391344005,3
als|factors=64;epochs=15;regularisation=0.1;alpha=1.0|frac=0.5,luxury_beauty,als,0.5,,,64.0,15.0,0.1,1.0,,,,,,,,0.061173471898705006,0.09600731484303501,0.0005183523547849997,0.0012191405059429894,3
als|factors=64;epochs=15;regularisation=0.1;alpha=10.0|frac=0.5,luxury_beauty,als,0.5,,,64.0,15.0,0.1,10.0,,,,,,,,0.12364585798482501,0.22493142334654,0.001061740143851006,0.0015239256324300066,3
als|factors=64;epochs=15;regularisation=0.1;alpha=40.0|frac=0.5,luxury_beauty,als,0.5,,,64.0,15.0,0.1,40.0,,,,,,,,0.12046247073527301,0.22706491923194103,0.003960440495921008,0.009143553794575016,3
als|factors=64;epochs=30;regularisation=0.001;alpha=1.0|frac=0.5,luxury_beauty,als,0.5,,,64.0,30.0,0.001,1.0,,,,,,,,0.09893101403949801,0.20420603474550403,0.01283029032088101,0.0024382810118860065,3
als|factors=64;epochs=30;regularisation=0.001;alpha=10.0|frac=0.5,luxury_beauty,als,0.5,,,64.0,30.0,0.001,10.0,,,,,,,,0.12342490061492901,0.22371228284059702,0.0010511874241070085,0.0015239256324290074,3
als|factors=64;epochs=30;regularisation=0.001;alpha=40.0|frac=0.5,luxury_beauty,als,0.5,,,64.0,30.0,0.001,40.0,,,,,,,,0.124282023789632,0.233770192014629,0.0013182968246100157,0.0048765620237740115,3
als|factors=64;epochs=30;regularisation=0.01;alpha=1.0|frac=0.5,luxury_beauty,als,0.5,,,64.0,30.0,0.01,1.0,,,,,,,,0.098844989782866,0.20359646449253202,0.009685603895384004,0.0024382810118870057,3
als|factors=64;epochs=30;regularisation=0.01;alpha=10.0|frac=0.5,luxury_beauty,als,0.5,,,64.0,30.0,0.01,10.0,,,,,,,,0.12291853810749301,0.222493142334654,0.0008926851784789996,0.0018287107589149976,3
als|factors=64;epochs=30;regularisation=0.01;alpha=40.0|frac=0.5,luxury_beauty,als,0.5,,,64.0,30.0,0.01,40.0,,,,,,,,0.12416395253663601,0.23407497714111503,0.001063207621546991,0.003047851264858986,3
als|factors=64;epochs=30;regularisation=0.1;alpha=1.0|frac=0.5,luxury_beauty,als,0.5,,,64.0,30.0,0.1,1.0,,,,,,,,0.102327110215364,0.20359646449253202,0.014231801869989999,0.0012191405059430171,3
als|factors=64;epochs=30;regularisation=0.1;alpha=10.0|frac=0.5,luxury_beauty,als,0.5,,,64.0,30.0,0.1,10.0,,,,,,,,0.12314247952650301,0.222493142334654,0.0005997972382500022,0.0021334958854010155,3
als|factors=64;epochs=30;regularisation=0.1;alpha=40.0|frac=0.5,luxury_beauty,als,0.5,,,64.0,30.0,0.1,40.0,,,,,,,,0.12381599650922401,0.23407497714111503,0.002323474691624,0.002743066138372996,3
als|factors=128;epochs=5;regularisation=0.001;alpha=1.0|frac=0.5,luxury_beauty,als,0.5,,,128.0,5.0,0.001,1.0,,,,,,,,0.05635616387889401,0.09692167022249301,0.0003923294860820048,0.0027430661383719968,3
als|factors=128;epochs=5;regularisation=0.001;alpha=10.0|frac=0.5,luxury_beauty,als,0.5,,,128.0,5.0,0.001,10.0,,,,,,,,0.112729953104873,0.205729960377933,0.002133464272119995,0.005790917403231011,3
als|factors=128;epochs=5;regularisation=0.001;alpha=40.0|frac=0.5,luxury_beauty,als,0.5,,,128.0,5.0,0.001,40.0,,,,,,,,0.110191082520613,0.21030173727522003,0.0030834773047209996,0.0076196281621459805,3
als|factors=128;epochs=5;regularisation=0.01;alpha=1.0|frac=0.5,luxury_beauty,als,0.5,,,128.0,5.0,0.01,1.0,,,,,,,,0.056228853347187004,0.09692167022249301,0.00040409173114699937,0.0027430661383719968,3
als|factors=128;epochs=5;regularisation=0.01;alpha=10.0|frac=0.5,luxury_beauty,als,0.5,,,128.0,5.0,0.01,10.0,,,,,,,,0.11172128965915401,0.205729960377933,0.0012558062885039967,0.0021334958854009878,3
als|factors=128;epochs=5;regularisation=0.01;alpha=40.0|frac=0.5,luxury_beauty,als,0.5,,,128.0,5.0,0.01,40.0,,,,,,,,0.10940349063924401,0.20877781164279102,0.003057029366651004,0.007924413288631027,3
als|factors=128;epochs=5;regularisation=0.1;alpha=1.0|frac=0.5,luxury_beauty,als,0.5,,,128.0,5.0,0.1,1.0,,,,,,,,0.05605716876465901,0.09661688509600701,0.0003161793557919998,0.0024382810118859927,3
als|factors=128;epochs=5;regularisation=0.1;alpha=10.0|frac=0.5,luxury_beauty,als,0.5,,,128.0,5.0,0.1,10.0,,,,,,,,0.11120754341765501,0.203901249619018,0.0015859414983999953,0.0027430661383719968,3
als|factors=128;epochs=5;regularisation=0.1;alpha=40.0|frac=0.5,luxury_beauty,als,0.5,,,128.0,5.0,0.1,40.0,,,,,,,,0.10431657495947101,0.19719597683633003,0.005225239333888992,0.007314843035660018,3
als|factors=128;epochs=15;regularisation=0.001;alpha=1.0|frac=0.5,luxury_beauty,als,0.5,,,128.0,15.0,0.001,1.0,,,,,,,,0.057819644024384005,0.10088387686680801,0.0012735409454920008,0.003047851264859,3
als|factors=128;epochs=15;regularisation=0.001;alpha=10.0|frac=0.5,luxury_beauty,als,0.5,,,128.0,15.0,0.001,10.0,,,,,,,,0.11481846339138702,0.21182566290765,0.001125540081248988,0.004876562023773984,3
als|factors=128;epochs=15;regularisation=0.001;alpha=40.0|frac=0.5,luxury_beauty,als,0.5,,,128.0,15.0,0.001,40.0,,,,,,,,0.11247003667722401,0.20969216702224902,0.0016735978567989918,0.003657421517829995,3
als|factors=128;epochs=15;regularisation=0.01;alpha=1.0|frac=0.5,luxury_beauty,als,0.5,,,128.0,15.0,0.01,1.0,,,,,,,,0.057862813232707005,0.10088387686680801,0.0011025295144180061,0.00274306613837301,3
als|factors=128;epochs=15;regularisation=0.01;alpha=10.0|frac=0.5,luxury_beauty,als,0.5,,,128.0,15.0,0.01,10.0,,,,,,,,0.11420580735152501,0.20969216702224902,0.0012176706978589968,0.00670527278268801,3
als|factors=128;epochs=15;regularisation=0.01;alpha=40.0|frac=0.5,luxury_beauty,als,0.5,,,128.0,15.0,0.01,40.0,,,,,,,,0.112472568449928,0.20877781164279102,0.0022079057721020034,0.003352636391343977,3
als|factors=128;epochs=15;regularisation=0.1;alpha=1.0|frac=0.5,luxury_beauty,als,0.5,,,128.0,15.0,0.1,1.0,,,,,,,,0.057514559979200006,0.10088387686680801,0.0012392540669770025,0.002438281011886992,3
als|factors=128;epochs=15;regularisation=0.1;alpha=10.0|frac=0.5,luxury_beauty,als,0.5,,,128.0,15.0,0.1,10.0,,,,,,,,0.11446656055642701,0.20969216702224902,0.0013046434490789904,0.006400487656202991,3
als|factors=128;epochs=15;regularisation=0.1;alpha=40.0|frac=0.5,luxury_beauty,als,0.5,,,128.0,15.0,0.1,40.0,,,,,,,,0.11053966353781901,0.20633953063090502,0.0015593764815900052,0.003047851264858986,3
als|factors=128;epochs=30;regularisation=0.001;alpha=1.0|frac=0.5,luxury_beauty,als,0.5,,,128.0,30.0,0.001,1.0,,,,,,,,0.05710836449666801,0.09783602560195001,0.0011303605426779967,0.003352636391344005,3
als|factors=128;epochs=30;regularisation=0.001;alpha=10.0|frac=0.5,luxury_beauty,als,0.5,,,128.0,30.0,0.001,10.0,,,,,,,,0.11434415438861001,0.21030173727522003,0.0008249388558839998,0.0036574215178290237,3
als|factors=128;epochs=30;regularisation=0.001;alpha=40.0|frac=0.5,luxury_beauty,als,0.5,,,128.0,30.0,0.001,40.0,,,,,,,,0.11158086009442601,0.20786345626333402,0.0017386777162630013,0.0015239256324299788,3
als|factors=128;epochs=30;regularisation=0.01;alpha=1.0|frac=0.5,luxury_beauty,als,0.5,,,128.0,30.0,0.01,1.0,,,,,,,,0.057165164195943,0.098140810728436,0.0010208004995060013,0.003047851264859,3
als|factors=128;epochs=30;regularisation=0.01;alpha=10.0|frac=0.5,luxury_beauty,als,0.5,,,128.0,30.0,0.01,10.0,,,,,,,,0.11403241192212801,0.209387381895763,0.0013186325244549935,0.003657421517829995,3
als|factors=128;epochs=30;regularisation=0.01;alpha=40.0|frac=0.5,luxury_beauty,als,0.5,,,128.0,30.0,0.01,40.0,,,,,,,,0.11139995210023701,0.20816824138982,0.0013264612904709955,0.003047851264858986,3
als|factors=128;epochs=30;regularisation=0.1;alpha=1.0|frac=0.5,luxury_beauty,als,0.5,,,128.0,30.0,0.1,1.0,,,,,,,,0.057303748897448006,0.098140810728436,0.0007780633015019994,0.0021334958854010017,3
als|factors=128;epochs=30;regularisation=0.1;alpha=10.0|frac=0.5,luxury_beauty,als,0.5,,,128.0,30.0,0.1,10.0,,,,,,,,0.113914903483757,0.209082596769277,0.0010637677037320104,0.0027430661383719968,3
als|factors=128;epochs=30;regularisation=0.1;alpha=40.0|frac=0.5,luxury_beauty,als,0.5,,,128.0,30.0,0.1,40.0,,,,,,,,0.11142307807729501,0.206644315757391,0.0018601409096670046,0.004571776897288021,3
als|factors=16;epochs=5;regularisation=0.001;alpha=1.0|frac=1.0,luxury_beauty,als,1.0,,,16.0,5.0,0.001,1.0,,,,,,,,0.135159846946577,0.22279792746113902,0.0012766259432339944,0.0003047851264859902,3
als|factors=16;epochs=5;regularisation=0.001;alpha=10.0|frac=1.0,luxury_beauty,als,1.0,,,16.0,5.0,0.001,10.0,,,,,,,,0.14362671385268302,0.23864675403840202,0.0035130307812700212,0.007619628162145009,3
als|factors=16;epochs=5;regularisation=0.001;alpha=40.0|frac=1.0,luxury_beauty,als,1.0,,,16.0,5.0,0.001,40.0,,,,,,,,0.14103729110257301,0.23651325815300203,0.001771755129615027,0.0048765620237729845,3
als|factors=16;epochs=5;regularisation=0.01;alpha=1.0|frac=1.0,luxury_beauty,als,1.0,,,16.0,5.0,0.01,1.0,,,,,,,,0.135272334068317,0.223102712587625,0.0012699335017019864,0.0003047851264859902,3
als|factors=16;epochs=5;regularisation=0.01;alpha=10.0|frac=1.0,luxury_beauty,als,1.0,,,16.0,5.0,0.01,10.0,,,,,,,,0.143410834460574,0.23742761353245903,0.0030411009171280035,0.006705272782687982,3
als|factors=16;epochs=5;regularisation=0.01;alpha=40.0|frac=1.0,luxury_beauty,als,1.0,,,16.0,5.0,0.01,40.0,,,,,,,,0.143013071903063,0.23956110941786002,0.002315561527319987,0.006705272782687982,3
als|factors=16;epochs=5;regularisation=0.1;alpha=1.0|frac=1.0,luxury_beauty,als,1.0,,,16.0,5.0,0.1,1.0,,,,,,,,0.135341960101608,0.223102712587625,0.0013077680490589938,0.0012191405059430171,3
als|factors=16;epochs=5;regularisation=0.1;alpha=10.0|frac=1.0,luxury_beauty,als,1.0,,,16.0,5.0,0.1,10.0,,,,,,,,0.14358494081599601,0.23681804327948702,0.003962681832844012,0.008533983541603007,3
als|factors=16;epochs=5;regularisation=0.1;alpha=40.0|frac=1.0,luxury_beauty,als,1.0,,,16.0,5.0,0.1,40.0,,,,,,,,0.144456680710877,0.24047546479731702,0.0029753971649760236,0.00822919841511699,3
als|factors=16;epochs=15;regularisation=0.001;alpha=1.0|frac=1.0,luxury_beauty,als,1.0,,,16.0,15.0,0.001,1.0,,,,,,,,0.137034484346952,0.22980798537031302,0.0011851892632349925,0.000304785126484991,3
als|factors=16;epochs=15;regularisation=0.001;alpha=10.0|frac=1.0,luxury_beauty,als,1.0,,,16.0,15.0,0.001,10.0,,,,,,,,0.14645766622938802,0.24687595245352,0.0019071401806149968,0.003047851264857987,3
als|factors=16;epochs=15;regularisation=0.001;alpha=40.0|frac=1.0,luxury_beauty,als,1.0,,,16.0,15.0,0.001,40.0,,,,,,,,0.148903975039054,0.252362084730265,0.004116256915492,0.008533983541603007,3
als|factors=16;epochs=15;regularisation=0.01;alpha=1.0|frac=1.0,luxury_beauty,als,1.0,,,16.0,15.0,0.01,1.0,,,,,,,,0.13703311699256202,0.22980798537031302,0.0012094119905110001,0.000304785126484991,3
als|factors=16;epochs=15;regularisation=0.01;alpha=10.0|frac=1.0,luxury_beauty,als,1.0,,,16.0,15.0,0.01,10.0,,,,,,,,0.146264189685429,0.24687595245352,0.0019225164229740022,0.0015239256324300066,3
als|factors=16;epochs=15;regularisation=0.01;alpha=40.0|frac=1.0,luxury_beauty,als,1.0,,,16.0,15.0,0.01,40.0,,,,,,,,0.149819025198473,0.253581225236208,0.003951728145542982,0.00670527278268801,3
als|factors=16;epochs=15;regularisation=0.1;alpha=1.0|frac=1.0,luxury_beauty,als,1.0,,,16.0,15.0,0.1,1.0,,,,,,,,0.136898133910399,0.22980798537031302,0.000957738222843979,0.000609570252971009,3
als|factors=16;epochs=15;regularisation=0.1;alpha=10.0|frac=1.0,luxury_beauty,als,1.0,,,16.0,15.0,0.1,10.0,,,,,,,,0.146198258431937,0.245961597074062,0.0020585182582570083,0.0021334958854010155,3
als|factors=16;epochs=15;regularisation=0.1;alpha=40.0|frac=1.0,luxury_beauty,als,1.0,,,16.0,15.0,0.1,40.0,,,,,,,,0.150194430047282,0.25297165498323604,0.002556422540759995,0.003962206644315958,3
als|factors=16;epochs=30;regularisation=0.001;alpha=1.0|frac=1.0,luxury_beauty,als,1.0,,,16.0,30.0,0.001,1.0,,,,,,,,0.137349740657533,0.22980798537031302,0.001312363778343012,0.0009143553794569992,3
als|factors=16;epochs=30;regularisation=0.001;alpha=10.0|frac=1.0,luxury_beauty,als,1.0,,,16.0,30.0,0.001,10.0,,,,,,,,0.146796234041107,0.24687595245352,0.0018023996794470087,0.003047851264857987,3
als|factors=16;epochs=30;regularisation=0.001;alpha=40.0|frac=1.0,luxury_beauty,als,1.0,,,16.0,30.0,0.001,40.0,,,,,,,,0.15145619002562402,0.255105150868637,0.001382497199773014,0.002743066138372996,3
als|factors=16;epochs=30;regularisation=0.01;alpha=1.0|frac=1.0,luxury_beauty,als,1.0,,,16.0,30.0,0.01,1.0,,,,,,,,0.137227725812266,0.22950320024382803,0.0013202416725850152,0.0009143553794569992,3
als|factors=16;epochs=30;regularisation=0.01;alpha=10.0|frac=1.0,luxury_beauty,als,1.0,,,16.0,30.0,0.01,10.0,,,,,,,,0.14664192545534202,0.24657116732703402,0.0019511129992809961,0.003657421517828996,3
als|factors=16;epochs=30;regularisation=0.01;alpha=40.0|frac=1.0,luxury_beauty,als,1.0,,,16.0,30.0,0.01,40.0,,,,,,,,0.15209130094105702,0.255105150868637,0.001573535853107988,0.003962206644316013,3
als|factors=16;epochs=30;regularisation=0.1;alpha=1.0|frac=1.0,luxury_beauty,als,1.0,,,16.0,30.0,0.1,1.0,,,,,,,,0.13721056586479202,0.22980798537031302,0.0012966099008830112,0.0012191405059430171,3
als|factors=16;epochs=30;regularisation=0.1;alpha=10.0|frac=1.0,luxury_beauty,als,1.0,,,16.0,30.0,0.1,10.0,,,,,,,,0.146804081063481,0.24687595245352,0.00163525186895902,0.003352636391344005,3
als|factors=16;epochs=30;regularisation=0.1;alpha=40.0|frac=1.0,luxury_beauty,als,1.0,,,16.0,30.0,0.1,40.0,,,,,,,,0.15289257958315,0.255105150868637,0.0024029617467060116,0.006400487656202991,3
als|factors=32;epochs=5;regularisation=0.001;alpha=1.0|frac=1.0,luxury_beauty,als,1.0,,,32.0,5.0,0.001,1.0,,,,,,,,0.142379597711618,0.23133191100274303,0.0027207331573709803,0.0057909174032300115,3
als|factors=32;epochs=5;regularisation=0.001;alpha=10.0|frac=1.0,luxury_beauty,als,1.0,,,32.0,5.0,0.001,10.0,,,,,,,,0.152632173172069,0.255409935995123,0.0016265978905269929,0.00670527278268801,3
als|factors=32;epochs=5;regularisation=0.001;alpha=40.0|frac=1.0,luxury_beauty,als,1.0,,,32.0,5.0,0.001,40.0,,,,,,,,0.15014019288049502,0.251447729350807,0.0023244672795680044,0.004571776897286994,3
als|factors=32;epochs=5;regularisation=0.01;alpha=1.0|frac=1.0,luxury_beauty,als,1.0,,,32.0,5.0,0.01,1.0,,,,,,,,0.14237519817455002,0.23133191100274303,0.0027623485654830193,0.006095702529716002,3
als|factors=32;epochs=5;regularisation=0.01;alpha=10.0|frac=1.0,luxury_beauty,als,1.0,,,32.0,5.0,0.01,10.0,,,,,,,,0.152550439548906,0.255105150868637,0.0013689749620520164,0.0060957025297160294,3
als|factors=32;epochs=5;regularisation=0.01;alpha=40.0|frac=1.0,luxury_beauty,als,1.0,,,32.0,5.0,0.01,40.0,,,,,,,,0.15135925995395302,0.253276440109722,0.00012869880147398094,0.00670527278268801,3
als|factors=32;epochs=5;regularisation=0.1;alpha=1.0|frac=1.0,luxury_beauty,als,1.0,,,32.0,5.0,0.1,1.0,,,,,,,,0.14235293494748702,0.23163669612922802,0.0026884837234450176,0.0054861322767450205,3
als|factors=32;epochs=5;regularisation=0.1;alpha=10.0|frac=1.0,luxury_beauty,als,1.0,,,32.0,5.0,0.1,10.0,,,,,,,,0.152898334544807,0.25480036574215104,0.0016087296594689826,0.00670527278268801,3
als|factors=32;epochs=5;regularisation=0.1;alpha=40.0|frac=1.0,luxury_beauty,als,1.0,,,32.0,5.0,0.1,40.0,,,,,,,,0.152192666550472,0.25114294422432104,0.0015225154033520205,0.0054861322767439935,3
als|factors=32;epochs=15;regularisation=0.001;alpha=1.0|frac=1.0,luxury_beauty,als,1.0,,,32.0,15.0,0.001,1.0,,,,,,,,0.14737732187208402,0.242608960682718,0.0011782487511020068,0.003047851264857987,3
als|factors=32;epochs=15;regularisation=0.001;alpha=10.0|frac=1.0,luxury_beauty,als,1.0,,,32.0,15.0,0.001,10.0,,,,,,,,0.15530362477231602,0.261200853398354,0.0017306654093439955,0.0030478512648580147,3
als|factors=32;epochs=15;regularisation=0.001;alpha=40.0|frac=1.0,luxury_beauty,als,1.0,,,32.0,15.0,0.001,40.0,,,,,,,,0.15697317369896202,0.263029564157269,0.0011483892889360137,0.003962206644315958,3
als|factors=32;epochs=15;regularisation=0.01;alpha=1.0|frac=1.0,luxury_beauty,als,1.0,,,32.0,15.0,0.01,1.0,,,,,,,,0.14720982765659202,0.24199939042974702,0.0013309840745459878,0.003657421517829995,3
als|factors=32;epochs=15;regularisation=0.01;alpha=10.0|frac=1.0,luxury_beauty,als,1.0,,,32.0,15.0,0.01,10.0,,,,,,,,0.15541398036232001,0.261810423651325,0.002138695180072009,0.004266991770802031,3
als|factors=32;epochs=15;regularisation=0.01;alpha=40.0|frac=1.0,luxury_beauty,als,1.0,,,32.0,15.0,0.01,40.0,,,,,,,,0.15773652987931702,0.26363913441024,0.002166325875808006,0.005486132276744993,3
als|factors=32;epochs=15;regularisation=0.1;alpha=1.0|frac=1.0,luxury_beauty,als,1.0,,,32.0,15.0,0.1,1.0,,,,,,,,0.14731086761214102,0.24230417555623202,0.0008106488642150023,0.0018287107589149976,3
als|factors=32;epochs=15;regularisation=0.1;alpha=10.0|frac=1.0,luxury_beauty,als,1.0,,,32.0,15.0,0.1,10.0,,,,,,,,0.15562956732135702,0.262115208777811,0.0021193796375970075,0.0024382810118860343,3
als|factors=32;epochs=15;regularisation=0.1;alpha=40.0|frac=1.0,luxury_beauty,als,1.0,,,32.0,15.0,0.1,40.0,,,,,,,,0.158681522092766,0.263943919536726,0.0006654877548269988,0.0021334958854000163,3
als|factors=32;epochs=30;regularisation=0.001;alpha=1.0|frac=1.0,luxury_beauty,als,1.0,,,32.0,30.0,0.001,1.0,,,,,,,,0.14791313226077202,0.24443767144163303,0.0005832913433529985,0.0018287107589149976,3
als|factors=32;epochs=30;regularisation=0.001;alpha=10.0|frac=1.0,luxury_beauty,als,1.0,,,32.0,30.0,0.001,10.0,,,,,,,,0.156909168436552,0.263943919536726,0.002361200243924,0.0048765620237740115,3
als|factors=32;epochs=30;regularisation=0.001;alpha=40.0|frac=1.0,luxury_beauty,als,1.0,,,32.0,30.0,0.001,40.0,,,,,,,,0.15848070691222302,0.264553489789698,0.0020020740714919993,0.0033526363913440327,3
als|factors=32;epochs=30;regularisation=0.01;alpha=1.0|frac=1.0,luxury_beauty,als,1.0,,,32.0,30.0,0.01,1.0,,,,,,,,0.148034009238072,0.24443767144163303,0.0009583752651790012,0.002438281011886978,3
als|factors=32;epochs=30;regularisation=0.01;alpha=10.0|frac=1.0,luxury_beauty,als,1.0,,,32.0,30.0,0.01,10.0,,,,,,,,0.15680454851782102,0.26363913441024,0.0023447933354270034,0.0045717768972879935,3
als|factors=32;epochs=30;regularisation=0.01;alpha=40.0|frac=1.0,luxury_beauty,als,1.0,,,32.0,30.0,0.01,40.0,,,,,,,,0.159021417216744,0.26607741542212704,0.0014333114493340071,0.00213349588540096,3
als|factors=32;epochs=30;regularisation=0.1;alpha=1.0|frac=1.0,luxury_beauty,als,1.0,,,32.0,30.0,0.1,1.0,,,,,,,,0.14784226481835702,0.24474245656811902,0.000702119356938008,0.0027430661383719968,3
als|factors=32;epochs=30;regularisation=0.1;alpha=10.0|frac=1.0,luxury_beauty,als,1.0,,,32.0,30.0,0.1,10.0,,,,,,,,0.15709802875922602,0.263943919536726,0.0021202763941639835,0.0018287107589149976,3
als|factors=32;epochs=30;regularisation=0.1;alpha=40.0|frac=1.0,luxury_beauty,als,1.0,,,32.0,30.0,0.1,40.0,,,,,,,,0.158733117940579,0.26516306004266904,0.00016187744400600335,0.0009143553794569992,3
als|factors=64;epochs=5;regularisation=0.001;alpha=1.0|frac=1.0,luxury_beauty,als,1.0,,,64.0,5.0,0.001,1.0,,,,,,,,0.147855916891476,0.24535202682109103,0.0020968455501949868,0.004571776897286994,3
als|factors=64;epochs=5;regularisation=0.001;alpha=10.0|frac=1.0,luxury_beauty,als,1.0,,,64.0,5.0,0.001,10.0,,,,,,,,0.15426788274446301,0.257238646754038,0.002077792234888992,0.0006095702529719804,3
als|factors=64;epochs=5;regularisation=0.001;alpha=40.0|frac=1.0,luxury_beauty,als,1.0,,,64.0,5.0,0.001,40.0,,,,,,,,0.15278023108841401,0.254495580615665,0.002608583361660005,0.0006095702529719804,3
als|factors=64;epochs=5;regularisation=0.01;alpha=1.0|frac=1.0,luxury_beauty,als,1.0,,,64.0,5.0,0.01,1.0,,,,,,,,0.147904238368284,0.24535202682109103,0.0018669136058429847,0.004571776897286994,3
als|factors=64;epochs=5;regularisation=0.01;alpha=10.0|frac=1.0,luxury_beauty,als,1.0,,,64.0,5.0,0.01,10.0,,,,,,,,0.154170696099155,0.257238646754038,0.0025090346363290106,0.00030478512648601797,3
als|factors=64;epochs=5;regularisation=0.01;alpha=40.0|frac=1.0,luxury_beauty,als,1.0,,,64.0,5.0,0.01,40.0,,,,,,,,0.15298313925092902,0.25480036574215104,0.002046727393107989,0.0015239256324289796,3
als|factors=64;epochs=5;regularisation=0.1;alpha=1.0|frac=1.0,luxury_beauty,als,1.0,,,64.0,5.0,0.1,1.0,,,,,,,,0.14780874027721802,0.24474245656811902,0.002101876783522,0.0051813471502590025,3
als|factors=64;epochs=5;regularisation=0.1;alpha=10.0|frac=1.0,luxury_beauty,als,1.0,,,64.0,5.0,0.1,10.0,,,,,,,,0.15438891889087603,0.25754343188052403,0.0009640913645759808,0.0018287107589149976,3
als|factors=64;epochs=5;regularisation=0.1;alpha=40.0|frac=1.0,luxury_beauty,als,1.0,,,64.0,5.0,0.1,40.0,,,,,,,,0.15233841970515802,0.25297165498323604,0.003456163591679995,0.002743066138372996,3
als|factors=64;epochs=15;regularisation=0.001;alpha=1.0|frac=1.0,luxury_beauty,als,1.0,,,64.0,15.0,0.001,1.0,,,,,,,,0.15005554898648002,0.25022858884486404,0.0014494712608719984,0.002743066138372996,3
als|factors=64;epochs=15;regularisation=0.001;alpha=10.0|frac=1.0,luxury_beauty,als,1.0,,,64.0,15.0,0.001,10.0,,,,,,,,0.15607216127600002,0.262724779030783,0.0020702852995910237,0.0027430661383720523,3
als|factors=64;epochs=15;regularisation=0.001;alpha=40.0|frac=1.0,luxury_beauty,als,1.0,,,64.0,15.0,0.001,40.0,,,,,,,,0.157176192880904,0.261810423651325,0.003456290527581979,0.004266991770801032,3
als|factors=64;epochs=15;regularisation=0.01;alpha=1.0|frac=1.0,luxury_beauty,als,1.0,,,64.0,15.0,0.01,1.0,,,,,,,,0.149900829783815,0.24931423346540602,0.0013081096382870083,0.003047851264858986,3
als|factors=64;epochs=15;regularisation=0.01;alpha=10.0|frac=1.0,luxury_beauty,als,1.0,,,64.0,15.0,0.01,10.0,,,,,,,,0.156543794771939,0.262115208777811,0.0009899698341669927,0.0018287107589140539,3
als|factors=64;epochs=15;regularisation=0.01;alpha=40.0|frac=1.0,luxury_beauty,als,1.0,,,64.0,15.0,0.01,40.0,,,,,,,,0.157384304046152,0.25998171289241,0.003166602687135006,0.003352636391343977,3
als|factors=64;epochs=15;regularisation=0.1;alpha=1.0|frac=1.0,luxury_beauty,als,1.0,,,64.0,15.0,0.1,1.0,,,,,,,,0.14969403317247001,0.24900944833892102,0.0009490970598349802,0.0018287107589149976,3
als|factors=64;epochs=15;regularisation=0.1;alpha=10.0|frac=1.0,luxury_beauty,als,1.0,,,64.0,15.0,0.1,10.0,,,,,,,,0.156640708494468,0.261810423651325,0.0007162531418939966,0.0006095702529709812,3
als|factors=64;epochs=15;regularisation=0.1;alpha=40.0|frac=1.0,luxury_beauty,als,1.0,,,64.0,15.0,0.1,40.0,,,,,,,,0.15784788662707502,0.26028649801889603,0.004247585786548991,0.004266991770802031,3
als|factors=64;epochs=30;regularisation=0.001;alpha=1.0|frac=1.0,luxury_beauty,als,1.0,,,64.0,30.0,0.001,1.0,,,,,,,,0.14935366387113,0.248704663212435,0.0007296491724139986,0.0030478512648580147,3
als|factors=64;epochs=30;regularisation=0.001;alpha=10.0|frac=1.0,luxury_beauty,als,1.0,,,64.0,30.0,0.001,10.0,,,,,,,,0.15691284950707002,0.262115208777811,0.0031088866896800127,0.0024382810118860343,3
als|factors=64;epochs=30;regularisation=0.001;alpha=40.0|frac=1.0,luxury_beauty,als,1.0,,,64.0,30.0,0.001,40.0,,,,,,,,0.15717476128009703,0.262724779030783,0.002474732457131007,0.00518134715025903,3
als|factors=64;epochs=30;regularisation=0.01;alpha=1.0|frac=1.0,luxury_beauty,als,1.0,,,64.0,30.0,0.01,1.0,,,,,,,,0.149333705125855,0.248704663212435,0.0010757448399059955,0.0042669917708019756,3
als|factors=64;epochs=30;regularisation=0.01;alpha=10.0|frac=1.0,luxury_beauty,als,1.0,,,64.0,30.0,0.01,10.0,,,,,,,,0.15714480268171802,0.262115208777811,0.0019244233198089933,0.0009143553794579984,3
als|factors=64;epochs=30;regularisation=0.01;alpha=40.0|frac=1.0,luxury_beauty,als,1.0,,,64.0,30.0,0.01,40.0,,,,,,,,0.15756033253474602,0.26424870466321204,0.0022532630580960056,0.0033526363913440327,3
als|factors=64;epochs=30;regularisation=0.1;alpha=1.0|frac=1.0,luxury_beauty,als,1.0,,,64.0,30.0,0.1,1.0,,,,,,,,0.14925983822417802,0.24809509295946303,0.0010982184711609833,0.0045717768972879935,3
als|factors=64;epochs=30;regularisation=0.1;alpha=10.0|frac=1.0,luxury_beauty,als,1.0,,,64.0,30.0,0.1,10.0,,,,,,,,0.15711757172770602,0.26241999390429704,0.0009081923740330011,0.0012191405059440164,3
als|factors=64;epochs=30;regularisation=0.1;alpha=40.0|frac=1.0,luxury_beauty,als,1.0,,,64.0,30.0,0.1,40.0,,,,,,,,0.156493174638095,0.262115208777811,0.0034223523608969963,0.0060957025297160294,3
als|factors=128;epochs=5;regularisation=0.001;alpha=1.0|frac=1.0,luxury_beauty,als,1.0,,,128.0,5.0,0.001,1.0,,,,,,,,0.132160838688497,0.236208473026516,0.00190505394552698,0.006095702529716002,3
als|factors=128;epochs=5;regularisation=0.001;alpha=10.0|frac=1.0,luxury_beauty,als,1.0,,,128.0,5.0,0.001,10.0,,,,,,,,0.151802786584074,0.25266686985675,0.001744254408734991,0.0024382810118860343,3
als|factors=128;epochs=5;regularisation=0.001;alpha=40.0|frac=1.0,luxury_beauty,als,1.0,,,128.0,5.0,0.001,40.0,,,,,,,,0.149523226737307,0.24900944833892102,0.001313896089960992,0.0018287107589150253,3
als|factors=128;epochs=5;regularisation=0.01;alpha=1.0|frac=1.0,luxury_beauty,als,1.0,,,128.0,5.0,0.01,1.0,,,,,,,,0.132082692237198,0.23590368790003002,0.0017933550059569814,0.006095702529716002,3
als|factors=128;epochs=5;regularisation=0.01;alpha=10.0|frac=1.0,luxury_beauty,als,1.0,,,128.0,5.0,0.01,10.0,,,,,,,,0.151647450485974,0.25205729960377904,0.0021884396830220143,0.003352636391343977,3
als|factors=128;epochs=5;regularisation=0.01;alpha=40.0|frac=1.0,luxury_beauty,als,1.0,,,128.0,5.0,0.01,40.0,,,,,,,,0.148203054698949,0.24626638220054803,0.00036314645131502177,0.0021334958854010155,3
als|factors=128;epochs=5;regularisation=0.1;alpha=1.0|frac=1.0,luxury_beauty,als,1.0,,,128.0,5.0,0.1,1.0,,,,,,,,0.131947939357033,0.236208473026516,0.001760183650171998,0.005790917403231011,3
als|factors=128;epochs=5;regularisation=0.1;alpha=10.0|frac=1.0,luxury_beauty,als,1.0,,,128.0,5.0,0.1,10.0,,,,,,,,0.150041417132617,0.24839987808594902,0.0014984884694420053,0.003962206644315014,3
als|factors=128;epochs=5;regularisation=0.1;alpha=40.0|frac=1.0,luxury_beauty,als,1.0,,,128.0,5.0,0.1,40.0,,,,,,,,0.14411963545919101,0.24138982017677502,0.0008591773103360234,0.003657421517829995,3
als|factors=128;epochs=15;regularisation=0.001;alpha=1.0|frac=1.0,luxury_beauty,als,1.0,,,128.0,15.0,0.001,1.0,,,,,,,,0.130357028880266,0.23255105150868602,5.2105381790013006e-05,0.0015239256324289796,3
als|factors=128;epochs=15;regularisation=0.001;alpha=10.0|frac=1.0,luxury_beauty,als,1.0,,,128.0,15.0,0.001,10.0,,,,,,,,0.14965859976072102,0.24900944833892102,0.003641573319744018,0.0054861322767439935,3
als|factors=128;epochs=15;regularisation=0.001;alpha=40.0|frac=1.0,luxury_beauty,als,1.0,,,128.0,15.0,0.001,40.0,,,,,,,,0.14864787241753102,0.24839987808594902,0.0019950248022969908,0.0021334958853999886,3
als|factors=128;epochs=15;regularisation=0.01;alpha=1.0|frac=1.0,luxury_beauty,als,1.0,,,128.0,15.0,0.01,1.0,,,,,,,,0.13015412661883902,0.23224626638220003,0.0002381777434490029,0.0018287107589149976,3
als|factors=128;epochs=15;regularisation=0.01;alpha=10.0|frac=1.0,luxury_beauty,als,1.0,,,128.0,15.0,0.01,10.0,,,,,,,,0.149057242250648,0.248704663212435,0.003601225519689999,0.005790917403231011,3
als|factors=128;epochs=15;regularisation=0.01;alpha=40.0|frac=1.0,luxury_beauty,als,1.0,,,128.0,15.0,0.01,40.0,,,,,,,,0.14657467104229202,0.24687595245352,0.001565298244657981,0.0006095702529720082,3
als|factors=128;epochs=15;regularisation=0.1;alpha=1.0|frac=1.0,luxury_beauty,als,1.0,,,128.0,15.0,0.1,1.0,,,,,,,,0.130081859408718,0.23255105150868602,0.0005585031029770038,0.002438281011885979,3
als|factors=128;epochs=15;regularisation=0.1;alpha=10.0|frac=1.0,luxury_beauty,als,1.0,,,128.0,15.0,0.1,10.0,,,,,,,,0.14886494304081702,0.24900944833892102,0.0030164005575240016,0.004876562023773012,3
als|factors=128;epochs=15;regularisation=0.1;alpha=40.0|frac=1.0,luxury_beauty,als,1.0,,,128.0,15.0,0.1,40.0,,,,,,,,0.14493119012365102,0.24626638220054803,0.0015014126544749817,0.003657421517829995,3
als|factors=128;epochs=30;regularisation=0.001;alpha=1.0|frac=1.0,luxury_beauty,als,1.0,,,128.0,30.0,0.001,1.0,,,,,,,,0.130027382900702,0.231941481255714,0.0011151558459570055,0.0015239256324289796,3
als|factors=128;epochs=30;regularisation=0.001;alpha=10.0|frac=1.0,luxury_beauty,als,1.0,,,128.0,30.0,0.001,10.0,,,,,,,,0.14951070805112102,0.24900944833892102,0.0015659066942549926,0.0018287107589150253,3
als|factors=128;epochs=30;regularisation=0.001;alpha=40.0|frac=1.0,luxury_beauty,als,1.0,,,128.0,30.0,0.001,40.0,,,,,,,,0.14716251376681,0.247790307832977,0.0006437943466139906,0.003352636391344005,3
als|factors=128;epochs=30;regularisation=0.01;alpha=1.0|frac=1.0,luxury_beauty,als,1.0,,,128.0,30.0,0.01,1.0,,,,,,,,0.13000423490573101,0.231941481255714,0.0011393347321140002,0.0015239256324289796,3
als|factors=128;epochs=30;regularisation=0.01;alpha=10.0|frac=1.0,luxury_beauty,als,1.0,,,128.0,30.0,0.01,10.0,,,,,,,,0.148944617555231,0.24931423346540602,0.0016558783524319998,0.0021334958854010155,3
als|factors=128;epochs=30;regularisation=0.01;alpha=40.0|frac=1.0,luxury_beauty,als,1.0,,,128.0,30.0,0.01,40.0,,,,,,,,0.14547988861243003,0.24657116732703402,0.0010858880233430013,0.0021334958854010155,3
als|factors=128;epochs=30;regularisation=0.1;alpha=1.0|frac=1.0,luxury_beauty,als,1.0,,,128.0,30.0,0.1,1.0,,,,,,,,0.12987574773667002,0.23224626638220003,0.0006299737041189912,0.0018287107589149976,3
als|factors=128;epochs=30;regularisation=0.1;alpha=10.0|frac=1.0,luxury_beauty,als,1.0,,,128.0,30.0,0.1,10.0,,,,,,,,0.148924072438467,0.24839987808594902,0.0017524039883410059,0.0015239256324290074,3
als|factors=128;epochs=30;regularisation=0.1;alpha=40.0|frac=1.0,luxury_beauty,als,1.0,,,128.0,30.0,0.1,40.0,,,,,,,,0.143969401137706,0.24443767144163303,0.001480833208573007,0.0015239256324289796,3
multvae|latent=32;hidden=200;epochs=10;dropout=0.0|frac=0.25,luxury_beauty,multvae,0.25,,,,,,,32.0,200.0,10.0,0.0,,,,0.07470187886155301,0.169765315452605,0.015286854923424992,0.012191405059433003,3
multvae|latent=32;hidden=200;epochs=10;dropout=0.5|frac=0.25,luxury_beauty,multvae,0.25,,,,,,,32.0,200.0,10.0,0.5,,,,0.030462907842659002,0.066138372447424,0.003684938248062,0.010362694300518005,3
multvae|latent=32;hidden=200;epochs=20;dropout=0.0|frac=0.25,luxury_beauty,multvae,0.25,,,,,,,32.0,200.0,20.0,0.0,,,,0.070547653270117,0.15726912526668702,0.05626796617858501,0.113684852179213,3
multvae|latent=32;hidden=200;epochs=20;dropout=0.5|frac=0.25,luxury_beauty,multvae,0.25,,,,,,,32.0,200.0,20.0,0.5,,,,0.032353395042593006,0.07162450472416901,0.032948592991037,0.116427918317587,3
multvae|latent=32;hidden=600;epochs=10;dropout=0.0|frac=0.25,luxury_beauty,multvae,0.25,,,,,,,32.0,600.0,10.0,0.0,,,,0.060050756340937005,0.155745199634257,0.04435064519472,0.114294422432185,3
multvae|latent=32;hidden=600;epochs=10;dropout=0.5|frac=0.25,luxury_beauty,multvae,0.25,,,,,,,32.0,600.0,10.0,0.5,,,,0.030631265467901004,0.07010057909174,0.036136557539556996,0.12099969521487301,3
multvae|latent=32;hidden=600;epochs=20;dropout=0.0|frac=0.25,luxury_beauty,multvae,0.25,,,,,,,32.0,600.0,20.0,0.0,,,,0.06935853393525,0.157573910393172,0.050140034169718004,0.11398963730570003,3
multvae|latent=32;hidden=600;epochs=20;dropout=0.5|frac=0.25,luxury_beauty,multvae,0.25,,,,,,,32.0,600.0,20.0,0.5,,,,0.029265408236230004,0.065224017067967,0.004415844259052001,0.015544041450777,3
multvae|latent=64;hidden=200;epochs=10;dropout=0.0|frac=0.25,luxury_beauty,multvae,0.25,,,,,,,64.0,200.0,10.0,0.0,,,,0.07532361648999901,0.17647058823529402,0.06241153068984701,0.125571472112161,3
multvae|latent=64;hidden=200;epochs=10;dropout=0.5|frac=0.25,luxury_beauty,multvae,0.25,,,,,,,64.0,200.0,10.0,0.5,,,,0.030421036111666,0.06674794270039601,0.0038398709760809994,0.011277049679975996,3
multvae|latent=64;hidden=200;epochs=20;dropout=0.0|frac=0.25,luxury_beauty,multvae,0.25,,,,,,,64.0,200.0,20.0,0.0,,,,0.07850133748980201,0.166412679061261,0.008559102460935011,0.010057909174033014,3
multvae|latent=64;hidden=200;epochs=20;dropout=0.5|frac=0.25,luxury_beauty,multvae,0.25,,,,,,,64.0,200.0,20.0,0.5,,,,0.035637482797254004,0.07863456263334301,0.030578313353030996,0.10393172813166701,3
multvae|latent=64;hidden=600;epochs=10;dropout=0.0|frac=0.25,luxury_beauty,multvae,0.25,,,,,,,64.0,600.0,10.0,0.0,,,,0.06544728157407101,0.16336482779640302,0.021296251769355,0.011277049679976003,3
multvae|latent=64;hidden=600;epochs=10;dropout=0.5|frac=0.25,luxury_beauty,multvae,0.25,,,,,,,64.0,600.0,10.0,0.5,,,,0.03401103210512,0.07253886010362601,0.031432754551141,0.11398963730570001,3
multvae|latent=64;hidden=600;epochs=20;dropout=0.0|frac=0.25,luxury_beauty,multvae,0.25,,,,,,,64.0,600.0,20.0,0.0,,,,0.068180801981955,0.159402621152087,0.046526416185113,0.11338006705272802,3
multvae|latent=64;hidden=600;epochs=20;dropout=0.5|frac=0.25,luxury_beauty,multvae,0.25,,,,,,,64.0,600.0,20.0,0.5,,,,0.025668907003734,0.053946967387991006,0.002674450736913001,0.0015239256324290004,3
multvae|latent=128;hidden=200;epochs=10;dropout=0.0|frac=0.25,luxury_beauty,multvae,0.25,,,,,,,128.0,200.0,10.0,0.0,,,,0.071279744853046,0.17128924108503502,0.013474586268836006,0.0030478512648580147,3
multvae|latent=128;hidden=200;epochs=10;dropout=0.5|frac=0.25,luxury_beauty,multvae,0.25,,,,,,,128.0,200.0,10.0,0.5,,,,0.029244789876557,0.06370009143553701,0.005344233205096003,0.016153611703748003,3
multvae|latent=128;hidden=200;epochs=20;dropout=0.0|frac=0.25,luxury_beauty,multvae,0.25,,,,,,,128.0,200.0,20.0,0.0,,,,0.061330437041103004,0.160316976531545,0.05838736378117601,0.11277049679975601,3
multvae|latent=128;hidden=200;epochs=20;dropout=0.5|frac=0.25,luxury_beauty,multvae,0.25,,,,,,,128.0,200.0,20.0,0.5,,,,0.031891047765775005,0.071319719597683,0.0016799319641200017,0.0021334958854010017,3
multvae|latent=128;hidden=600;epochs=10;dropout=0.0|frac=0.25,luxury_beauty,multvae,0.25,,,,,,,128.0,600.0,10.0,0.0,,,,0.08270008288759201,0.16793660469369,0.019837636052246005,0.00731484303565999,3
multvae|latent=128;hidden=600;epochs=10;dropout=0.5|frac=0.25,luxury_beauty,multvae,0.25,,,,,,,128.0,600.0,10.0,0.5,,,,0.033263948817102006,0.07253886010362601,0.036993280012661,0.12496190185919001,3
multvae|latent=128;hidden=600;epochs=20;dropout=0.0|frac=0.25,luxury_beauty,multvae,0.25,,,,,,,128.0,600.0,20.0,0.0,,,,0.07394280319295,0.15818348064614401,0.013491362048581992,0.009143553794575016,3
multvae|latent=128;hidden=600;epochs=20;dropout=0.5|frac=0.25,luxury_beauty,multvae,0.25,,,,,,,128.0,600.0,20.0,0.5,,,,0.026945341690745,0.058213959158793,0.0020707153238199993,0.006705272782688003,3
multvae|latent=32;hidden=200;epochs=10;dropout=0.0|frac=0.5,luxury_beauty,multvae,0.5,,,,,,,32.0,200.0,10.0,0.0,,,,0.10053855726333301,0.19049070405364202,0.007488318708761002,0.009753124047546996,3
multvae|latent=32;hidden=200;epochs=10;dropout=0.5|frac=0.5,luxury_beauty,multvae,0.5,,,,,,,32.0,200.0,10.0,0.5,,,,0.082920908011127,0.19993904297470202,0.013607529910782998,0.012496190185917994,3
multvae|latent=32;hidden=200;epochs=20;dropout=0.0|frac=0.5,luxury_beauty,multvae,0.5,,,,,,,32.0,200.0,20.0,0.0,,,,0.10978684347586401,0.20268210911307502,0.008988306672917001,0.008838768668088998,3
multvae|latent=32;hidden=200;epochs=20;dropout=0.5|frac=0.5,luxury_beauty,multvae,0.5,,,,,,,32.0,200.0,20.0,0.5,,,,0.096108626660452,0.201158183480646,0.006687579104560998,0.0076196281621459805,3
multvae|latent=32;hidden=600;epochs=10;dropout=0.0|frac=0.5,luxury_beauty,multvae,0.5,,,,,,,32.0,600.0,10.0,0.0,,,,0.10406004836699301,0.200548613227674,0.007805567116650994,0.0051813471502590025,3
multvae|latent=32;hidden=600;epochs=10;dropout=0.5|frac=0.5,luxury_beauty,multvae,0.5,,,,,,,32.0,600.0,10.0,0.5,,,,0.100419726878857,0.20603474550441903,0.008408513619679994,0.006095702529716002,3
multvae|latent=32;hidden=600;epochs=20;dropout=0.0|frac=0.5,luxury_beauty,multvae,0.5,,,,,,,32.0,600.0,20.0,0.0,,,,0.101335063107199,0.19750076196281602,0.012603457983612995,0.005790917403231011,3
multvae|latent=32;hidden=600;epochs=20;dropout=0.5|frac=0.5,luxury_beauty,multvae,0.5,,,,,,,32.0,600.0,20.0,0.5,,,,0.09778011988569701,0.20786345626333402,0.005237133252230991,0.011886619932947012,3
multvae|latent=64;hidden=200;epochs=10;dropout=0.0|frac=0.5,luxury_beauty,multvae,0.5,,,,,,,64.0,200.0,10.0,0.0,,,,0.09653903748738,0.19841511734227302,0.011779405414132,0.0018287107589149976,3
multvae|latent=64;hidden=200;epochs=10;dropout=0.5|frac=0.5,luxury_beauty,multvae,0.5,,,,,,,64.0,200.0,10.0,0.5,,,,0.072546936597251,0.19384334044498602,0.011275527338021007,0.013410545565375992,3
multvae|latent=64;hidden=200;epochs=20;dropout=0.0|frac=0.5,luxury_beauty,multvae,0.5,,,,,,,64.0,200.0,20.0,0.0,,,,0.111139344475912,0.202986894239561,0.003220326862776998,0.0048765620237740115,3
multvae|latent=64;hidden=200;epochs=20;dropout=0.5|frac=0.5,luxury_beauty,multvae,0.5,,,,,,,64.0,200.0,20.0,0.5,,,,0.09346732039366201,0.199634257848217,0.004308291259961003,0.009448338921060007,3
multvae|latent=64;hidden=600;epochs=10;dropout=0.0|frac=0.5,luxury_beauty,multvae,0.5,,,,,,,64.0,600.0,10.0,0.0,,,,0.110549164978421,0.20512039012496103,0.006623654332084006,0.010057909174031987,3
multvae|latent=64;hidden=600;epochs=10;dropout=0.5|frac=0.5,luxury_beauty,multvae,0.5,,,,,,,64.0,600.0,10.0,0.5,,,,0.10080885272722301,0.203901249619018,0.002706689845957011,0.004266991770802003,3
multvae|latent=64;hidden=600;epochs=20;dropout=0.0|frac=0.5,luxury_beauty,multvae,0.5,,,,,,,64.0,600.0,20.0,0.0,,,,0.10561400393846701,0.20420603474550403,0.00764016088177201,0.004571776897286994,3
multvae|latent=64;hidden=600;epochs=20;dropout=0.5|frac=0.5,luxury_beauty,multvae,0.5,,,,,,,64.0,600.0,20.0,0.5,,,,0.09197464481039601,0.21182566290765,0.0012636927035480083,0.0021334958854009878,3
multvae|latent=128;hidden=200;epochs=10;dropout=0.0|frac=0.5,luxury_beauty,multvae,0.5,,,,,,,128.0,200.0,10.0,0.0,,,,0.09489320026335901,0.18622371228284001,0.0041224802520589965,0.007924413288631998,3
multvae|latent=128;hidden=200;epochs=10;dropout=0.5|frac=0.5,luxury_beauty,multvae,0.5,,,,,,,128.0,200.0,10.0,0.5,,,,0.033547191760954005,0.078024992380371,0.035325308695752,0.11246571167327002,3
multvae|latent=128;hidden=200;epochs=20;dropout=0.0|frac=0.5,luxury_beauty,multvae,0.5,,,,,,,128.0,200.0,20.0,0.0,,,,0.11359574196609401,0.212740018287107,0.003231819763843999,0.003657421517829995,3
multvae|latent=128;hidden=200;epochs=20;dropout=0.5|frac=0.5,luxury_beauty,multvae,0.5,,,,,,,128.0,200.0,20.0,0.5,,,,0.09889456443889201,0.199634257848217,0.0035121349863800055,0.0024382810118860065,3
multvae|latent=128;hidden=600;epochs=10;dropout=0.0|frac=0.5,luxury_beauty,multvae,0.5,,,,,,,128.0,600.0,10.0,0.0,,,,0.113922083925431,0.20786345626333402,0.00285703925905699,0.005486132276744993,3
multvae|latent=128;hidden=600;epochs=10;dropout=0.5|frac=0.5,luxury_beauty,multvae,0.5,,,,,,,128.0,600.0,10.0,0.5,,,,0.097300968935716,0.201158183480646,0.009267001050742005,0.003962206644315014,3
multvae|latent=128;hidden=600;epochs=20;dropout=0.0|frac=0.5,luxury_beauty,multvae,0.5,,,,,,,128.0,600.0,20.0,0.0,,,,0.10834716618091901,0.20420603474550403,0.0028249063438579997,0.007924413288631998,3
multvae|latent=128;hidden=600;epochs=20;dropout=0.5|frac=0.5,luxury_beauty,multvae,0.5,,,,,,,128.0,600.0,20.0,0.5,,,,0.08978901673987101,0.21152087778116402,0.0025734279045560027,0.008533983541603007,3
multvae|latent=32;hidden=200;epochs=10;dropout=0.0|frac=1.0,luxury_beauty,multvae,1.0,,,,,,,32.0,200.0,10.0,0.0,,,,0.135183273225607,0.230112770496799,0.02299417023593102,0.01554404145077698,3
multvae|latent=32;hidden=200;epochs=10;dropout=0.5|frac=1.0,luxury_beauty,multvae,1.0,,,,,,,32.0,200.0,10.0,0.5,,,,0.131687460680175,0.22340749771411103,0.011320923068028996,0.017067967083206015,3
multvae|latent=32;hidden=200;epochs=20;dropout=0.0|frac=1.0,luxury_beauty,multvae,1.0,,,,,,,32.0,200.0,20.0,0.0,,,,0.149627234989983,0.24992380371837802,0.005136923632581003,0.007619628162145009,3
multvae|latent=32;hidden=200;epochs=20;dropout=0.5|frac=1.0,luxury_beauty,multvae,1.0,,,,,,,32.0,200.0,20.0,0.5,,,,0.142027713996581,0.241694605303261,0.0020516919423030078,0.008838768668088998,3
multvae|latent=32;hidden=600;epochs=10;dropout=0.0|frac=1.0,luxury_beauty,multvae,1.0,,,,,,,32.0,600.0,10.0,0.0,,,,0.14778868563422,0.248704663212435,0.007330767089606005,0.0021334958854009878,3
multvae|latent=32;hidden=600;epochs=10;dropout=0.5|frac=1.0,luxury_beauty,multvae,1.0,,,,,,,32.0,600.0,10.0,0.5,,,,0.14434598258713602,0.245961597074062,0.004199777331958976,0.007010057909174,3
multvae|latent=32;hidden=600;epochs=20;dropout=0.0|frac=1.0,luxury_beauty,multvae,1.0,,,,,,,32.0,600.0,20.0,0.0,,,,0.14275590371034502,0.24108503505028903,0.0033641721504980016,0.008838768668088998,3
multvae|latent=32;hidden=600;epochs=20;dropout=0.5|frac=1.0,luxury_beauty,multvae,1.0,,,,,,,32.0,600.0,20.0,0.5,,,,0.14922383839602302,0.248704663212435,0.003722918268439984,0.0054861322767450205,3
multvae|latent=64;hidden=200;epochs=10;dropout=0.0|frac=1.0,luxury_beauty,multvae,1.0,,,,,,,64.0,200.0,10.0,0.0,,,,0.14096547707587,0.23590368790003002,0.005765923182217997,0.009448338921061006,3
multvae|latent=64;hidden=200;epochs=10;dropout=0.5|frac=1.0,luxury_beauty,multvae,1.0,,,,,,,64.0,200.0,10.0,0.5,,,,0.125934573387901,0.21670222493142302,0.0038681648507949973,0.007010057909174,3
multvae|latent=64;hidden=200;epochs=20;dropout=0.0|frac=1.0,luxury_beauty,multvae,1.0,,,,,,,64.0,200.0,20.0,0.0,,,,0.14658254871217802,0.244132886315147,0.0015983639506129965,0.007010057909174,3
multvae|latent=64;hidden=200;epochs=20;dropout=0.5|frac=1.0,luxury_beauty,multvae,1.0,,,,,,,64.0,200.0,20.0,0.5,,,,0.143781600644334,0.24199939042974702,0.0033541942308340233,0.0015239256324290074,3
multvae|latent=64;hidden=600;epochs=10;dropout=0.0|frac=1.0,luxury_beauty,multvae,1.0,,,,,,,64.0,600.0,10.0,0.0,,,,0.147243278025411,0.25053337397135,0.0073202764838820045,0.007010057909173972,3
multvae|latent=64;hidden=600;epochs=10;dropout=0.5|frac=1.0,luxury_beauty,multvae,1.0,,,,,,,64.0,600.0,10.0,0.5,,,,0.14310225272110302,0.238951539164888,0.0033941651219560054,0.0042669917708019756,3
multvae|latent=64;hidden=600;epochs=20;dropout=0.0|frac=1.0,luxury_beauty,multvae,1.0,,,,,,,64.0,600.0,20.0,0.0,,,,0.142911303041261,0.245047241694605,0.009820306579814003,0.004266991770802003,3
multvae|latent=64;hidden=600;epochs=20;dropout=0.5|frac=1.0,luxury_beauty,multvae,1.0,,,,,,,64.0,600.0,20.0,0.5,,,,0.148819146526618,0.251447729350807,0.0012949664896109991,0.005790917403231011,3
multvae|latent=128;hidden=200;epochs=10;dropout=0.0|frac=1.0,luxury_beauty,multvae,1.0,,,,,,,128.0,200.0,10.0,0.0,,,,0.13818364157981602,0.234684547394087,0.02480737644851999,0.003657421517829995,3
multvae|latent=128;hidden=200;epochs=10;dropout=0.5|frac=1.0,luxury_beauty,multvae,1.0,,,,,,,128.0,200.0,10.0,0.5,,,,0.101687885143023,0.21761658031088002,0.007329812435537,0.0030478512648580147,3
multvae|latent=128;hidden=200;epochs=20;dropout=0.0|frac=1.0,luxury_beauty,multvae,1.0,,,,,,,128.0,200.0,20.0,0.0,,,,0.14840148491111202,0.24900944833892102,0.004467488032258993,0.007314843035658991,3
multvae|latent=128;hidden=200;epochs=20;dropout=0.5|frac=1.0,luxury_beauty,multvae,1.0,,,,,,,128.0,200.0,20.0,0.5,,,,0.142156085498882,0.236208473026516,0.0015452037066609747,0.005790917403229984,3
multvae|latent=128;hidden=600;epochs=10;dropout=0.0|frac=1.0,luxury_beauty,multvae,1.0,,,,,,,128.0,600.0,10.0,0.0,,,,0.14973142640490902,0.248704663212435,0.004681743613400985,0.006400487656201992,3
multvae|latent=128;hidden=600;epochs=10;dropout=0.5|frac=1.0,luxury_beauty,multvae,1.0,,,,,,,128.0,600.0,10.0,0.5,,,,0.14184967411680202,0.23864675403840202,0.008130484444822006,0.014324900944834018,3
multvae|latent=128;hidden=600;epochs=20;dropout=0.0|frac=1.0,luxury_beauty,multvae,1.0,,,,,,,128.0,600.0,20.0,0.0,,,,0.144771189659458,0.240780249923803,0.0011433386859880101,0.003352636391344005,3
multvae|latent=128;hidden=600;epochs=20;dropout=0.5|frac=1.0,luxury_beauty,multvae,1.0,,,,,,,128.0,600.0,20.0,0.5,,,,0.148491591407412,0.254495580615665,0.011158933934337006,0.004876562023772957,3
markov|order=1;smoothing=0.0;decay=false|frac=0.25,luxury_beauty,markov,0.25,,,,,,,,,,,1.0,0.0,0.0,0.024095585591046003,0.035659859798841,0.0,0.0,1
markov|order=1;smoothing=0.0;decay=true|frac=0.25,luxury_beauty,markov,0.25,,,,,,,,,,,1.0,0.0,1.0,0.025137910401484,0.035964644925327,0.0,0.0,1
markov|order=1;smoothing=0.1;decay=false|frac=0.25,luxury_beauty,markov,0.25,,,,,,,,,,,1.0,0.1,0.0,0.030340239714223,0.046327339225845005,0.0,0.0,1
markov|order=1;smoothing=0.1;decay=true|frac=0.25,luxury_beauty,markov,0.25,,,,,,,,,,,1.0,0.1,1.0,0.030422948016079,0.046632124352331,0.0,0.0,1
markov|order=1;smoothing=0.5;decay=false|frac=0.25,luxury_beauty,markov,0.25,,,,,,,,,,,1.0,0.5,0.0,0.029891496180795004,0.045108198719902,0.0,0.0,1
markov|order=1;smoothing=0.5;decay=true|frac=0.25,luxury_beauty,markov,0.25,,,,,,,,,,,1.0,0.5,1.0,0.029838985346063003,0.044803413593416004,0.0,0.0,1
markov|order=2;smoothing=0.0;decay=false|frac=0.25,luxury_beauty,markov,0.25,,,,,,,,,,,2.0,0.0,0.0,0.023482681177361003,0.034135934166412,0.0,0.0,1
markov|order=2;smoothing=0.0;decay=true|frac=0.25,luxury_beauty,markov,0.25,,,,,,,,,,,2.0,0.0,1.0,0.024189751025453003,0.034135934166412,0.0,0.0,1
markov|order=2;smoothing=0.1;decay=false|frac=0.25,luxury_beauty,markov,0.25,,,,,,,,,,,2.0,0.1,0.0,0.030491458984724003,0.046022554099359,0.0,0.0,1
markov|order=2;smoothing=0.1;decay=true|frac=0.25,luxury_beauty,markov,0.25,,,,,,,,,,,2.0,0.1,1.0,0.030493423063711004,0.046936909478817006,0.0,0.0,1
markov|order=2;smoothing=0.5;decay=false|frac=0.25,luxury_beauty,markov,0.25,,,,,,,,,,,2.0,0.5,0.0,0.030372612825702004,0.045717768972874,0.0,0.0,1
markov|order=2;smoothing=0.5;decay=true|frac=0.25,luxury_beauty,markov,0.25,,,,,,,,,,,2.0,0.5,1.0,0.029951491145464002,0.045412983846388005,0.0,0.0,1
markov|order=1;smoothing=0.0;decay=false|frac=0.5,luxury_beauty,markov,0.5,,,,,,,,,,,1.0,0.0,0.0,0.04082683788421,0.05851874428527801,0.0,0.0,1
markov|order=1;smoothing=0.0;decay=true|frac=0.5,luxury_beauty,markov,0.5,,,,,,,,,,,1.0,0.0,1.0,0.041175438341049,0.05851874428527801,0.0,0.0,1
markov|order=1;smoothing=0.1;decay=false|frac=0.5,luxury_beauty,markov,0.5,,,,,,,,,,,1.0,0.1,0.0,0.045454702135719005,0.066138372447424,0.0,0.0,1
markov|order=1;smoothing=0.1;decay=true|frac=0.5,luxury_beauty,markov,0.5,,,,,,,,,,,1.0,0.1,1.0,0.045132372624603005,0.067357512953367,0.0,0.0,1
markov|order=1;smoothing=0.5;decay=false|frac=0.5,luxury_beauty,markov,0.5,,,,,,,,,,,1.0,0.5,0.0,0.045143450646468006,0.065224017067967,0.0,0.0,1
markov|order=1;smoothing=0.5;decay=true|frac=0.5,luxury_beauty,markov,0.5,,,,,,,,,,,1.0,0.5,1.0,0.044521323088544,0.06552880219445201,0.0,0.0,1
markov|order=2;smoothing=0.0;decay=false|frac=0.5,luxury_beauty,markov,0.5,,,,,,,,,,,2.0,0.0,0.0,0.040023138300094005,0.055166107893934,0.0,0.0,1
markov|order=2;smoothing=0.0;decay=true|frac=0.5,luxury_beauty,markov,0.5,,,,,,,,,,,2.0,0.0,1.0,0.040451540283989,0.055166107893934,0.0,0.0,1
markov|order=2;smoothing=0.1;decay=false|frac=0.5,luxury_beauty,markov,0.5,,,,,,,,,,,2.0,0.1,0.0,0.046360778572026,0.06674794270039601,0.0,0.0,1
markov|order=2;smoothing=0.1;decay=true|frac=0.5,luxury_beauty,markov,0.5,,,,,,,,,,,2.0,0.1,1.0,0.045783862400153,0.067052727826882,0.0,0.0,1
markov|order=2;smoothing=0.5;decay=false|frac=0.5,luxury_beauty,markov,0.5,,,,,,,,,,,2.0,0.5,0.0,0.046269029106721,0.06644315757391,0.0,0.0,1
markov|order=2;smoothing=0.5;decay=true|frac=0.5,luxury_beauty,markov,0.5,,,,,,,,,,,2.0,0.5,1.0,0.04553587366693,0.06644315757391,0.0,0.0,1
markov|order=1;smoothing=0.0;decay=false|frac=1.0,luxury_beauty,markov,1.0,,,,,,,,,,,1.0,0.0,0.0,0.04911405894616001,0.07467235598902701,0.0,0.0,1
markov|order=1;smoothing=0.0;decay=true|frac=1.0,luxury_beauty,markov,1.0,,,,,,,,,,,1.0,0.0,1.0,0.051429772939824,0.0774154221274,0.0,0.0,1
markov|order=1;smoothing=0.1;decay=false|frac=1.0,luxury_beauty,markov,1.0,,,,,,,,,,,1.0,0.1,0.0,0.053168630609904004,0.07985370313928601,0.0,0.0,1
markov|order=1;smoothing=0.1;decay=true|frac=1.0,luxury_beauty,markov,1.0,,,,,,,,,,,1.0,0.1,1.0,0.055176378169013,0.08290155440414501,0.0,0.0,1
markov|order=1;smoothing=0.5;decay=false|frac=1.0,luxury_beauty,markov,1.0,,,,,,,,,,,1.0,0.5,0.0,0.053121503852847,0.07985370313928601,0.0,0.0,1
markov|order=1;smoothing=0.5;decay=true|frac=1.0,luxury_beauty,markov,1.0,,,,,,,,,,,1.0,0.5,1.0,0.054551970571351006,0.08107284364523,0.0,0.0,1
markov|order=2;smoothing=0.0;decay=false|frac=1.0,luxury_beauty,markov,1.0,,,,,,,,,,,2.0,0.0,0.0,0.045928887158322,0.06674794270039601,0.0,0.0,1
markov|order=2;smoothing=0.0;decay=true|frac=1.0,luxury_beauty,markov,1.0,,,,,,,,,,,2.0,0.0,1.0,0.04779297206269301,0.068271868332825,0.0,0.0,1
markov|order=2;smoothing=0.1;decay=false|frac=1.0,luxury_beauty,markov,1.0,,,,,,,,,,,2.0,0.1,0.0,0.055235188597087,0.08198719902468701,0.0,0.0,1
markov|order=2;smoothing=0.1;decay=true|frac=1.0,luxury_beauty,markov,1.0,,,,,,,,,,,2.0,0.1,1.0,0.05561268062863001,0.08168241389820101,0.0,0.0,1
markov|order=2;smoothing=0.5;decay=false|frac=1.0,luxury_beauty,markov,1.0,,,,,,,,,,,2.0,0.5,0.0,0.055218371409814004,0.08198719902468701,0.0,0.0,1
markov|order=2;smoothing=0.5;decay=true|frac=1.0,luxury_beauty,markov,1.0,,,,,,,,,,,2.0,0.5,1.0,0.055507217476795004,0.08168241389820101,0.0,0.0,1
popularity||frac=0.25,software,popularity,0.25,,,,,,,,,,,,,,0.012753891146329,0.030465949820788003,0.0,0.0,1
popularity||frac=0.5,software,popularity,0.5,,,,,,,,,,,,,,0.011896324004189001,0.028673835125448,0.0,0.0,1
popularity||frac=1.0,software,popularity,1.0,,,,,,,,,,,,,,0.008832783682296001,0.023297491039426,0.0,0.0,1
itemknn|topk=10;shrink=0.0|frac=0.25,software,itemknn,0.25,10.0,0.0,,,,,,,,,,,,0.022458698243440003,0.041218637992831,0.0,0.0,1
itemknn|topk=10;shrink=10.0|frac=0.25,software,itemknn,0.25,10.0,10.0,,,,,,,,,,,,0.022394950780091002,0.040621266427718,0.0,0.0,1
itemknn|topk=10;shrink=100.0|frac=0.25,software,itemknn,0.25,10.0,100.0,,,,,,,,,,,,0.022394950780091002,0.040621266427718,0.0,0.0,1
itemknn|topk=50;shrink=0.0|frac=0.25,software,itemknn,0.25,50.0,0.0,,,,,,,,,,,,0.022920192559645003,0.041816009557945004,0.0,0.0,1
itemknn|topk=50;shrink=10.0|frac=0.25,software,itemknn,0.25,50.0,10.0,,,,,,,,,,,,0.023471288786801003,0.043010752688172005,0.0,0.0,1
itemknn|topk=50;shrink=100.0|frac=0.25,software,itemknn,0.25,50.0,100.0,,,,,,,,,,,,0.023471288786801003,0.043010752688172005,0.0,0.0,1
itemknn|topk=100;shrink=0.0|frac=0.25,software,itemknn,0.25,100.0,0.0,,,,,,,,,,,,0.022920192559645003,0.041816009557945004,0.0,0.0,1
itemknn|topk=100;shrink=10.0|frac=0.25,software,itemknn,0.25,100.0,10.0,,,,,,,,,,,,0.023471288786801003,0.043010752688172005,0.0,0.0,1
itemknn|topk=100;shrink=100.0|frac=0.25,software,itemknn,0.25,100.0,100.0,,,,,,,,,,,,0.023471288786801003,0.043010752688172005,0.0,0.0,1
itemknn|topk=300;shrink=0.0|frac=0.25,software,itemknn,0.25,300.0,0.0,,,,,,,,,,,,0.022920192559645003,0.041816009557945004,0.0,0.0,1
itemknn|topk=300;shrink=10.0|frac=0.25,software,itemknn,0.25,300.0,10.0,,,,,,,,,,,,0.023471288786801003,0.043010752688172005,0.0,0.0,1
itemknn|topk=300;shrink=100.0|frac=0.25,software,itemknn,0.25,300.0,100.0,,,,,,,,,,,,0.023471288786801003,0.043010752688172005,0.0,0.0,1
itemknn|topk=10;shrink=0.0|frac=0.5,software,itemknn,0.5,10.0,0.0,,,,,,,,,,,,0.041051385067655,0.082437275985663,0.0,0.0,1
itemknn|topk=10;shrink=10.0|frac=0.5,software,itemknn,0.5,10.0,10.0,,,,,,,,,,,,0.043523195708499,0.087813620071684,0.0,0.0,1
itemknn|topk=10;shrink=100.0|frac=0.5,software,itemknn,0.5,10.0,100.0,,,,,,,,,,,,0.042766990543866006,0.087216248506571,0.0,0.0,1
itemknn|topk=50;shrink=0.0|frac=0.5,software,itemknn,0.5,50.0,0.0,,,,,,,,,,,,0.041892015794318005,0.084229390681003,0.0,0.0,1
itemknn|topk=50;shrink=10.0|frac=0.5,software,itemknn,0.5,50.0,10.0,,,,,,,,,,,,0.043555058253985,0.09139784946236501,0.0,0.0,1
itemknn|topk=50;shrink=100.0|frac=0.5,software,itemknn,0.5,50.0,100.0,,,,,,,,,,,,0.042915086909047,0.09080047789725201,0.0,0.0,1
itemknn|topk=100;shrink=0.0|frac=0.5,software,itemknn,0.5,100.0,0.0,,,,,,,,,,,,0.041892015794318005,0.084229390681003,0.0,0.0,1
itemknn|topk=100;shrink=10.0|frac=0.5,software,itemknn,0.5,100.0,10.0,,,,,,,,,,,,0.043692724956164004,0.09199522102747901,0.0,0.0,1
itemknn|topk=100;shrink=100.0|frac=0.5,software,itemknn,0.5,100.0,100.0,,,,,,,,,,,,0.043048647352936,0.09139784946236501,0.0,0.0,1
itemknn|topk=300;shrink=0.0|frac=0.5,software,itemknn,0.5,300.0,0.0,,,,,,,,,,,,0.041892015794318005,0.084229390681003,0.0,0.0,1
itemknn|topk=300;shrink=10.0|frac=0.5,software,itemknn,0.5,300.0,10.0,,,,,,,,,,,,0.043692724956164004,0.09199522102747901,0.0,0.0,1
itemknn|topk=300;shrink=100.0|frac=0.5,software,itemknn,0.5,300.0,100.0,,,,,,,,,,,,0.043048647352936,0.09139784946236501,0.0,0.0,1
itemknn|topk=10;shrink=0.0|frac=1.0,software,itemknn,1.0,10.0,0.0,,,,,,,,,,,,0.13546203794741302,0.23655913978494603,0.0,0.0,1
itemknn|topk=10;shrink=10.0|frac=1.0,software,itemknn,1.0,10.0,10.0,,,,,,,,,,,,0.134237244099004,0.23835125448028602,0.0,0.0,1
itemknn|topk=10;shrink=100.0|frac=1.0,software,itemknn,1.0,10.0,100.0,,,,,,,,,,,,0.130054348170311,0.23118279569892403,0.0,0.0,1
itemknn|topk=50;shrink=0.0|frac=1.0,software,itemknn,1.0,50.0,0.0,,,,,,,,,,,,0.134869536649321,0.23715651135005902,0.0,0.0,1
itemknn|topk=50;shrink=10.0|frac=1.0,software,itemknn,1.0,50.0,10.0,,,,,,,,,,,,0.13256548713989502,0.23297491039426502,0.0,0.0,1
itemknn|topk=50;shrink=100.0|frac=1.0,software,itemknn,1.0,50.0,100.0,,,,,,,,,,,,0.128581015254244,0.22879330943847,0.0,0.0,1
itemknn|topk=100;shrink=0.0|frac=1.0,software,itemknn,1.0,100.0,0.0,,,,,,,,,,,,0.133765899533308,0.235364396654719,0.0,0.0,1
itemknn|topk=100;shrink=10.0|frac=1.0,software,itemknn,1.0,100.0,10.0,,,,,,,,,,,,0.134105079471245,0.235364396654719,0.0,0.0,1
itemknn|topk=100;shrink=100.0|frac=1.0,software,itemknn,1.0,100.0,100.0,,,,,,,,,,,,0.128325143272142,0.228195937873357,0.0,0.0,1
itemknn|topk=300;shrink=0.0|frac=1.0,software,itemknn,1.0,300.0,0.0,,,,,,,,,,,,0.133246039782653,0.234169653524492,0.0,0.0,1
itemknn|topk=300;shrink=10.0|frac=1.0,software,itemknn,1.0,300.0,10.0,,,,,,,,,,,,0.134314822104826,0.23596176821983203,0.0,0.0,1
itemknn|topk=300;shrink=100.0|frac=1.0,software,itemknn,1.0,300.0,100.0,,,,,,,,,,,,0.128457830533133,0.22879330943847,0.0,0.0,1
als|factors=16;epochs=5;regularisation=0.001;alpha=1.0|frac=0.25,software,als,0.25,,,16.0,5.0,0.001,1.0,,,,,,,,0.020177455899041002,0.042413381123058,0.004709847193576002,0.005376344086022,3
als|factors=16;epochs=5;regularisation=0.001;alpha=10.0|frac=0.25,software,als,0.25,,,16.0,5.0,0.001,10.0,,,,,,,,0.023633770917789003,0.046594982078853,0.07690814452095,0.125448028673835,3
als|factors=16;epochs=5;regularisation=0.001;alpha=40.0|frac=0.25,software,als,0.25,,,16.0,5.0,0.001,40.0,,,,,,,,0.022583321586880003,0.048984468339307,0.061913933310430005,0.127240143369176,3
als|factors=16;epochs=5;regularisation=0.01;alpha=1.0|frac=0.25,software,als,0.25,,,16.0,5.0,0.01,1.0,,,,,,,,0.020152486487309003,0.042413381123058,0.004826096533617003,0.005376344086022,3
als|factors=16;epochs=5;regularisation=0.01;alpha=10.0|frac=0.25,software,als,0.25,,,16.0,5.0,0.01,10.0,,,,,,,,0.023569633005708003,0.046594982078853,0.078014411033592,0.127240143369175,3
als|factors=16;epochs=5;regularisation=0.01;alpha=40.0|frac=0.25,software,als,0.25,,,16.0,5.0,0.01,40.0,,,,,,,,0.022744505873428,0.048984468339307,0.062737335746033,0.130227001194743,3
als|factors=16;epochs=5;regularisation=0.1;alpha=1.0|frac=0.25,software,als,0.25,,,16.0,5.0,0.1,1.0,,,,,,,,0.020286341236288002,0.043010752688172005,0.004895687257900003,0.005376344086021001,3
als|factors=16;epochs=5;regularisation=0.1;alpha=10.0|frac=0.25,software,als,0.25,,,16.0,5.0,0.1,10.0,,,,,,,,0.023817761893596003,0.046594982078853,0.079036174902817,0.12903225806451601,3
als|factors=16;epochs=5;regularisation=0.1;alpha=40.0|frac=0.25,software,als,0.25,,,16.0,5.0,0.1,40.0,,,,,,,,0.023368157815846002,0.048387096774193006,0.07790213525190101,0.12843488649940302,3
als|factors=16;epochs=15;regularisation=0.001;alpha=1.0|frac=0.25,software,als,0.25,,,16.0,15.0,0.001,1.0,,,,,,,,0.024039075643397002,0.050776583034647,0.0029173816539849982,0.0035842293906810027,3
als|factors=16;epochs=15;regularisation=0.001;alpha=10.0|frac=0.25,software,als,0.25,,,16.0,15.0,0.001,10.0,,,,,,,,0.067197985562261,0.180406212664277,0.077185552197177,0.126642771804062,3
als|factors=16;epochs=15;regularisation=0.001;alpha=40.0|frac=0.25,software,als,0.25,,,16.0,15.0,0.001,40.0,,,,,,,,0.029278502101574,0.057347670250896,0.077574682641079,0.12365591397849401,3
als|factors=16;epochs=15;regularisation=0.01;alpha=1.0|frac=0.25,software,als,0.25,,,16.0,15.0,0.01,1.0,,,,,,,,0.024257809236346004,0.051373954599761004,0.003141063184278998,0.004181600955794999,3
als|factors=16;epochs=15;regularisation=0.01;alpha=10.0|frac=0.25,software,als,0.25,,,16.0,15.0,0.01,10.0,,,,,,,,0.06654709223506,0.180406212664277,0.07695159914674,0.12425328554360801,3
als|factors=16;epochs=15;regularisation=0.01;alpha=40.0|frac=0.25,software,als,0.25,,,16.0,15.0,0.01,40.0,,,,,,,,0.029114614330441,0.055555555555555004,0.077977192176199,0.12305854241338102,3
als|factors=16;epochs=15;regularisation=0.1;alpha=1.0|frac=0.25,software,als,0.25,,,16.0,15.0,0.1,1.0,,,,,,,,0.024262607445231003,0.051373954599761004,0.003003391203695003,0.004181600955794,3
als|factors=16;epochs=15;regularisation=0.1;alpha=10.0|frac=0.25,software,als,0.25,,,16.0,15.0,0.1,10.0,,,,,,,,0.06480503966473701,0.179808841099163,0.076820130591349,0.12425328554360801,3
als|factors=16;epochs=15;regularisation=0.1;alpha=40.0|frac=0.25,software,als,0.25,,,16.0,15.0,0.1,40.0,,,,,,,,0.029262914662344004,0.05495818399044201,0.07804955070248301,0.12186379928315402,3
als|factors=16;epochs=30;regularisation=0.001;alpha=1.0|frac=0.25,software,als,0.25,,,16.0,30.0,0.001,1.0,,,,,,,,0.025176372659981003,0.053166069295101,0.0044277629948200024,0.0029868578255680053,3
als|factors=16;epochs=30;regularisation=0.001;alpha=10.0|frac=0.25,software,als,0.25,,,16.0,30.0,0.001,10.0,,,,,,,,0.030931680638876004,0.062126642771804005,0.0029994251489920028,0.007765830346474996,3
als|factors=16;epochs=30;regularisation=0.001;alpha=40.0|frac=0.25,software,als,0.25,,,16.0,30.0,0.001,40.0,,,,,,,,0.030374217699631,0.055555555555555004,0.03918727740850501,0.13261648745519702,3
als|factors=16;epochs=30;regularisation=0.01;alpha=1.0|frac=0.25,software,als,0.25,,,16.0,30.0,0.01,1.0,,,,,,,,0.025163433058781003,0.053166069295101,0.004435843128702998,0.0029868578255680053,3
als|factors=16;epochs=30;regularisation=0.01;alpha=10.0|frac=0.25,software,als,0.25,,,16.0,30.0,0.01,10.0,,,,,,,,0.030758421728784003,0.062126642771804005,0.002248914076721998,0.006571087216249001,3
als|factors=16;epochs=30;regularisation=0.01;alpha=40.0|frac=0.25,software,als,0.25,,,16.0,30.0,0.01,40.0,,,,,,,,0.030234626981417004,0.055555555555555004,0.0010825366838889995,0.006571087216249001,3
als|factors=16;epochs=30;regularisation=0.1;alpha=1.0|frac=0.25,software,als,0.25,,,16.0,30.0,0.1,1.0,,,,,,,,0.025099999713114003,0.053166069295101,0.004439765109523999,0.0029868578255680053,3
als|factors=16;epochs=30;regularisation=0.1;alpha=10.0|frac=0.25,software,als,0.25,,,16.0,30.0,0.1,10.0,,,,,,,,0.030794650233564,0.062724014336917,0.0012294674412880006,0.0017921146953399983,3
als|factors=16;epochs=30;regularisation=0.1;alpha=40.0|frac=0.25,software,als,0.25,,,16.0,30.0,0.1,40.0,,,,,,,,0.030597072776033,0.05615292712066901,0.0008051256167719983,0.0071684587813619985,3
als|factors=32;epochs=5;regularisation=0.001;alpha=1.0|frac=0.25,software,als,0.25,,,32.0,5.0,0.001,1.0,,,,,,,,0.025593332425169,0.04958183990442001,0.002014426250302001,0.004778972520908004,3
als|factors=32;epochs=5;regularisation=0.001;alpha=10.0|frac=0.25,software,als,0.25,,,32.0,5.0,0.001,10.0,,,,,,,,0.026897507854751004,0.050179211469534,0.00298559018106,0.005973715651134998,3
als|factors=32;epochs=5;regularisation=0.001;alpha=40.0|frac=0.25,software,als,0.25,,,32.0,5.0,0.001,40.0,,,,,,,,0.025135522589158,0.047192353643966005,0.0007690777319609987,0.0029868578255679984,3
als|factors=32;epochs=5;regularisation=0.01;alpha=1.0|frac=0.25,software,als,0.25,,,32.0,5.0,0.01,1.0,,,,,,,,0.025764862215855003,0.050179211469534,0.0026099818676160007,0.0059737156511350045,3
als|factors=32;epochs=5;regularisation=0.01;alpha=10.0|frac=0.25,software,als,0.25,,,32.0,5.0,0.01,10.0,,,,,,,,0.026884833938245003,0.050179211469534,0.0031744093704769993,0.006571087216249001,3
als|factors=32;epochs=5;regularisation=0.01;alpha=40.0|frac=0.25,software,als,0.25,,,32.0,5.0,0.01,40.0,,,,,,,,0.025434443667801003,0.04778972520908,0.0008452201746549995,0.001194743130227001,3
als|factors=32;epochs=5;regularisation=0.1;alpha=1.0|frac=0.25,software,als,0.25,,,32.0,5.0,0.1,1.0,,,,,,,,0.025426071849985,0.048984468339307,0.0029709857440919987,0.006571087216248002,3
als|factors=32;epochs=5;regularisation=0.1;alpha=10.0|frac=0.25,software,als,0.25,,,32.0,5.0,0.1,10.0,,,,,,,,0.027179465913138003,0.050776583034647,0.002417696575860998,0.006571087216247995,3
als|factors=32;epochs=5;regularisation=0.1;alpha=40.0|frac=0.25,software,als,0.25,,,32.0,5.0,0.1,40.0,,,,,,,,0.024889541825577,0.04778972520908,0.0023116037619529996,0.004778972520908004,3
als|factors=32;epochs=15;regularisation=0.001;alpha=1.0|frac=0.25,software,als,0.25,,,32.0,15.0,0.001,1.0,,,,,,,,0.028722743093397004,0.05615292712066901,0.002694343178522001,0.004181600955794,3
als|factors=32;epochs=15;regularisation=0.001;alpha=10.0|frac=0.25,software,als,0.25,,,32.0,15.0,0.001,10.0,,,,,,,,0.031810502050829005,0.062126642771804005,0.002835386274943001,0.004181600955794999,3
als|factors=32;epochs=15;regularisation=0.001;alpha=40.0|frac=0.25,software,als,0.25,,,32.0,15.0,0.001,40.0,,,,,,,,0.030878135794615003,0.057347670250896,0.0015042515551899997,0.002389486260454002,3
als|factors=32;epochs=15;regularisation=0.01;alpha=1.0|frac=0.25,software,als,0.25,,,32.0,15.0,0.01,1.0,,,,,,,,0.028986329408432,0.056750298685782005,0.002599631462540001,0.004181600955794,3
als|factors=32;epochs=15;regularisation=0.01;alpha=10.0|frac=0.25,software,als,0.25,,,32.0,15.0,0.01,10.0,,,,,,,,0.031915118997769006,0.062724014336917,0.002525351129741997,0.0035842293906810027,3
als|factors=32;epochs=15;regularisation=0.01;alpha=40.0|frac=0.25,software,als,0.25,,,32.0,15.0,0.01,40.0,,,,,,,,0.030416735274747003,0.056750298685782005,0.0005982237415119995,0.002389486260454002,3
als|factors=32;epochs=15;regularisation=0.1;alpha=1.0|frac=0.25,software,als,0.25,,,32.0,15.0,0.1,1.0,,,,,,,,0.029185187578777003,0.057347670250896,0.003191655619385003,0.004181600955794999,3
als|factors=32;epochs=15;regularisation=0.1;alpha=10.0|frac=0.25,software,als,0.25,,,32.0,15.0,0.1,10.0,,,,,,,,0.031578244490843004,0.062126642771804005,0.002903155262947002,0.004181600955794007,3
als|factors=32;epochs=15;regularisation=0.1;alpha=40.0|frac=0.25,software,als,0.25,,,32.0,15.0,0.1,40.0,,,,,,,,0.031040881408992003,0.05495818399044201,0.0007439369291949993,0.0029868578255679984,3
als|factors=32;epochs=30;regularisation=0.001;alpha=1.0|frac=0.25,software,als,0.25,,,32.0,30.0,0.001,1.0,,,,,,,,0.030611411248939003,0.060931899641577005,0.002162200634523999,0.0029868578255679915,3
als|factors=32;epochs=30;regularisation=0.001;alpha=10.0|frac=0.25,software,als,0.25,,,32.0,30.0,0.001,10.0,,,,,,,,0.030365317486671,0.058542413381123,0.0006424731124879991,0.0017921146953409975,3
als|factors=32;epochs=30;regularisation=0.001;alpha=40.0|frac=0.25,software,als,0.25,,,32.0,30.0,0.001,40.0,,,,,,,,0.031960651960243,0.057347670250896,0.0007581727909750022,0.001194743130227001,3
als|factors=32;epochs=30;regularisation=0.01;alpha=1.0|frac=0.25,software,als,0.25,,,32.0,30.0,0.01,1.0,,,,,,,,0.030611411248939003,0.060931899641577005,0.0023668507541300017,0.0035842293906810027,3
als|factors=32;epochs=30;regularisation=0.01;alpha=10.0|frac=0.25,software,als,0.25,,,32.0,30.0,0.01,10.0,,,,,,,,0.030366689533565003,0.058542413381123,0.000233202469960999,0.0005973715651139966,3
als|factors=32;epochs=30;regularisation=0.01;alpha=40.0|frac=0.25,software,als,0.25,,,32.0,30.0,0.01,40.0,,,,,,,,0.03146458334293,0.05495818399044201,0.0009236495814639971,0.002389486260453995,3
als|factors=32;epochs=30;regularisation=0.1;alpha=1.0|frac=0.25,software,als,0.25,,,32.0,30.0,0.1,1.0,,,,,,,,0.03076426878821,0.06152927120669,0.002301553027674999,0.0029868578255679915,3
als|factors=32;epochs=30;regularisation=0.1;alpha=10.0|frac=0.25,software,als,0.25,,,32.0,30.0,0.1,10.0,,,,,,,,0.030621889651516004,0.05913978494623601,0.00043020004832500236,0.002389486260454002,3
als|factors=32;epochs=30;regularisation=0.1;alpha=40.0|frac=0.25,software,als,0.25,,,32.0,30.0,0.1,40.0,,,,,,,,0.031416967006199004,0.05615292712066901,0.0011374868849420051,0.001194743130227001,3
als|factors=64;epochs=5;regularisation=0.001;alpha=1.0|frac=0.25,software,als,0.25,,,64.0,5.0,0.001,1.0,,,,,,,,0.028757446573593002,0.050179211469534,0.0027804180829740024,0.005973715651134998,3
als|factors=64;epochs=5;regularisation=0.001;alpha=10.0|frac=0.25,software,als,0.25,,,64.0,5.0,0.001,10.0,,,,,,,,0.028998330085857,0.051971326164874,0.0023344970043689996,0.0071684587813619985,3
als|factors=64;epochs=5;regularisation=0.001;alpha=40.0|frac=0.25,software,als,0.25,,,64.0,5.0,0.001,40.0,,,,,,,,0.026102204481669004,0.048387096774193006,0.004887788399242001,0.013142174432497003,3
als|factors=64;epochs=5;regularisation=0.01;alpha=1.0|frac=0.25,software,als,0.25,,,64.0,5.0,0.01,1.0,,,,,,,,0.028953525017344002,0.050179211469534,0.002567051710885001,0.005376344086021001,3
als|factors=64;epochs=5;regularisation=0.01;alpha=10.0|frac=0.25,software,als,0.25,,,64.0,5.0,0.01,10.0,,,,,,,,0.029085288670549003,0.051971326164874,0.002731929615984001,0.006571087216248002,3
als|factors=64;epochs=5;regularisation=0.01;alpha=40.0|frac=0.25,software,als,0.25,,,64.0,5.0,0.01,40.0,,,,,,,,0.025734707342185,0.04778972520908,0.00392215421076,0.010155316606928998,3
als|factors=64;epochs=5;regularisation=0.1;alpha=1.0|frac=0.25,software,als,0.25,,,64.0,5.0,0.1,1.0,,,,,,,,0.028939860827515002,0.050179211469534,0.003017606234542003,0.006571087216249001,3
als|factors=64;epochs=5;regularisation=0.1;alpha=10.0|frac=0.25,software,als,0.25,,,64.0,5.0,0.1,10.0,,,,,,,,0.028106751322155003,0.04958183990442001,0.002173851510438002,0.004778972520908004,3
als|factors=64;epochs=5;regularisation=0.1;alpha=40.0|frac=0.25,software,als,0.25,,,64.0,5.0,0.1,40.0,,,,,,,,0.024981344939585003,0.046594982078853,0.003624387263502001,0.009557945041816,3
als|factors=64;epochs=15;regularisation=0.001;alpha=1.0|frac=0.25,software,als,0.25,,,64.0,15.0,0.001,1.0,,,,,,,,0.030218172365418003,0.055555555555555004,0.0005543163058630007,0.004181600955794999,3
als|factors=64;epochs=15;regularisation=0.001;alpha=10.0|frac=0.25,software,als,0.25,,,64.0,15.0,0.001,10.0,,,,,,,,0.030272012084191002,0.057945041816009006,0.002631543649585996,0.002389486260454002,3
als|factors=64;epochs=15;regularisation=0.001;alpha=40.0|frac=0.25,software,als,0.25,,,64.0,15.0,0.001,40.0,,,,,,,,0.029576155333109002,0.055555555555555004,0.002950156509414003,0.006571087216248002,3
als|factors=64;epochs=15;regularisation=0.01;alpha=1.0|frac=0.25,software,als,0.25,,,64.0,15.0,0.01,1.0,,,,,,,,0.030051126163254,0.05495818399044201,0.0007964180719629982,0.004181600955794999,3
als|factors=64;epochs=15;regularisation=0.01;alpha=10.0|frac=0.25,software,als,0.25,,,64.0,15.0,0.01,10.0,,,,,,,,0.030181609518139002,0.057347670250896,0.0023668933321290032,0.002389486260454002,3
als|factors=64;epochs=15;regularisation=0.01;alpha=40.0|frac=0.25,software,als,0.25,,,64.0,15.0,0.01,40.0,,,,,,,,0.029528145828050002,0.05495818399044201,0.0024151348590569985,0.005973715651134998,3
als|factors=64;epochs=15;regularisation=0.1;alpha=1.0|frac=0.25,software,als,0.25,,,64.0,15.0,0.1,1.0,,,,,,,,0.030051126163254,0.05495818399044201,0.0006414857965220018,0.004181600955794999,3
als|factors=64;epochs=15;regularisation=0.1;alpha=10.0|frac=0.25,software,als,0.25,,,64.0,15.0,0.1,10.0,,,,,,,,0.031141640143294003,0.057347670250896,0.0013476885531909961,0.004181600955794,3
als|factors=64;epochs=15;regularisation=0.1;alpha=40.0|frac=0.25,software,als,0.25,,,64.0,15.0,0.1,40.0,,,,,,,,0.029356103152694,0.055555555555555004,0.002977251191698997,0.0071684587813619985,3
als|factors=64;epochs=30;regularisation=0.001;alpha=1.0|frac=0.25,software,als,0.25,,,64.0,30.0,0.001,1.0,,,,,,,,0.030669931487516,0.05913978494623601,0.036514400810274,0.11887694145758601,3
als|factors=64;epochs=30;regularisation=0.001;alpha=10.0|frac=0.25,software,als,0.25,,,64.0,30.0,0.001,10.0,,,,,,,,0.030030670828024002,0.057347670250896,0.0009239589695820005,0.002389486260453995,3
als|factors=64;epochs=30;regularisation=0.001;alpha=40.0|frac=0.25,software,als,0.25,,,64.0,30.0,0.001,40.0,,,,,,,,0.030536825965675002,0.058542413381123,0.00207848517008,0.004181600955794,3
als|factors=64;epochs=30;regularisation=0.01;alpha=1.0|frac=0.25,software,als,0.25,,,64.0,30.0,0.01,1.0,,,,,,,,0.030687607195526004,0.05913978494623601,0.03652256989841801,0.11887694145758601,3
als|factors=64;epochs=30;regularisation=0.01;alpha=10.0|frac=0.25,software,als,0.25,,,64.0,30.0,0.01,10.0,,,,,,,,0.030086114842697003,0.057347670250896,0.0012664640060559978,0.004181600955794,3
als|factors=64;epochs=30;regularisation=0.01;alpha=40.0|frac=0.25,software,als,0.25,,,64.0,30.0,0.01,40.0,,,,,,,,0.031679197637761,0.059737156511350004,0.002736449770267005,0.007765830346475995,3
als|factors=64;epochs=30;regularisation=0.1;alpha=1.0|frac=0.25,software,als,0.25,,,64.0,30.0,0.1,1.0,,,,,,,,0.030462012394931,0.058542413381123,0.036614882497659,0.11947431302270001,3
als|factors=64;epochs=30;regularisation=0.1;alpha=10.0|frac=0.25,software,als,0.25,,,64.0,30.0,0.1,10.0,,,,,,,,0.030619441760686,0.057347670250896,0.0015764333865720022,0.005376344086022,3
als|factors=64;epochs=30;regularisation=0.1;alpha=40.0|frac=0.25,software,als,0.25,,,64.0,30.0,0.1,40.0,,,,,,,,0.03122969019189,0.058542413381123,0.0023857881348919967,0.006571087216247995,3
als|factors=128;epochs=5;regularisation=0.001;alpha=1.0|frac=0.25,software,als,0.25,,,128.0,5.0,0.001,1.0,,,,,,,,0.025094278189969003,0.044205495818399006,0.001724502539869003,0.0017921146953410044,3
als|factors=128;epochs=5;regularisation=0.001;alpha=10.0|frac=0.25,software,als,0.25,,,128.0,5.0,0.001,10.0,,,,,,,,0.026044779355949003,0.047192353643966005,0.002534783760594999,0.001194743130227001,3
als|factors=128;epochs=5;regularisation=0.001;alpha=40.0|frac=0.25,software,als,0.25,,,128.0,5.0,0.001,40.0,,,,,,,,0.024313357397422002,0.04540023894862601,0.003004326981448001,0.002389486260454002,3
als|factors=128;epochs=5;regularisation=0.01;alpha=1.0|frac=0.25,software,als,0.25,,,128.0,5.0,0.01,1.0,,,,,,,,0.024907712802648002,0.044205495818399006,0.0015642333056000018,0.002389486260454002,3
als|factors=128;epochs=5;regularisation=0.01;alpha=10.0|frac=0.25,software,als,0.25,,,128.0,5.0,0.01,10.0,,,,,,,,0.026433239132993003,0.047192353643966005,0.002184135718648998,0.0005973715651130043,3
als|factors=128;epochs=5;regularisation=0.01;alpha=40.0|frac=0.25,software,als,0.25,,,128.0,5.0,0.01,40.0,,,,,,,,0.023794129487186,0.044802867383512,0.0025952194481709996,0.0035842293906810027,3
als|factors=128;epochs=5;regularisation=0.1;alpha=1.0|frac=0.25,software,als,0.25,,,128.0,5.0,0.1,1.0,,,,,,,,0.024936776543316,0.043608124253285,0.0019502326480030016,0.002986857825566999,3
als|factors=128;epochs=5;regularisation=0.1;alpha=10.0|frac=0.25,software,als,0.25,,,128.0,5.0,0.1,10.0,,,,,,,,0.025556494509177,0.044205495818399006,0.0024307260299200016,0.002389486260454002,3
als|factors=128;epochs=5;regularisation=0.1;alpha=40.0|frac=0.25,software,als,0.25,,,128.0,5.0,0.1,40.0,,,,,,,,0.023112866206129002,0.043010752688172005,0.0007248485278470024,0.0017921146953410044,3
als|factors=128;epochs=15;regularisation=0.001;alpha=1.0|frac=0.25,software,als,0.25,,,128.0,15.0,0.001,1.0,,,,,,,,0.026448449275234,0.048387096774193006,0.0002974356535309988,0.001194743130227001,3
als|factors=128;epochs=15;regularisation=0.001;alpha=10.0|frac=0.25,software,als,0.25,,,128.0,15.0,0.001,10.0,,,,,,,,0.026176929399358003,0.04778972520908,0.0003242509104169969,0.001194743130227001,3
als|factors=128;epochs=15;regularisation=0.001;alpha=40.0|frac=0.25,software,als,0.25,,,128.0,15.0,0.001,40.0,,,,,,,,0.025901694681126002,0.04778972520908,0.0018055725474260022,0.004181600955794999,3
als|factors=128;epochs=15;regularisation=0.01;alpha=1.0|frac=0.25,software,als,0.25,,,128.0,15.0,0.01,1.0,,,,,,,,0.026485953372356003,0.048984468339307,0.000856182591370002,0.002389486260454002,3
als|factors=128;epochs=15;regularisation=0.01;alpha=10.0|frac=0.25,software,als,0.25,,,128.0,15.0,0.01,10.0,,,,,,,,0.025844276599513,0.047192353643966005,0.0003759370641510003,0.001194743130227001,3
als|factors=128;epochs=15;regularisation=0.01;alpha=40.0|frac=0.25,software,als,0.25,,,128.0,15.0,0.01,40.0,,,,,,,,0.025866303584967002,0.04778972520908,0.0020225262167379993,0.004181600955794,3
als|factors=128;epochs=15;regularisation=0.1;alpha=1.0|frac=0.25,software,als,0.25,,,128.0,15.0,0.1,1.0,,,,,,,,0.026325698367063003,0.048984468339307,0.00026309504979599857,0.001194743130227001,3
als|factors=128;epochs=15;regularisation=0.1;alpha=10.0|frac=0.25,software,als,0.25,,,128.0,15.0,0.1,10.0,,,,,,,,0.025981742095076,0.047192353643966005,0.00017848056740600235,0.0005973715651130043,3
als|factors=128;epochs=15;regularisation=0.1;alpha=40.0|frac=0.25,software,als,0.25,,,128.0,15.0,0.1,40.0,,,,,,,,0.025180536249603,0.050179211469534,0.0009571179561949986,0.0029868578255679984,3
als|factors=128;epochs=30;regularisation=0.001;alpha=1.0|frac=0.25,software,als,0.25,,,128.0,30.0,0.001,1.0,,,,,,,,0.026970327171981,0.04958183990442001,0.0008791359160189999,0.0029868578255679984,3
als|factors=128;epochs=30;regularisation=0.001;alpha=10.0|frac=0.25,software,als,0.25,,,128.0,30.0,0.001,10.0,,,,,,,,0.025777128964108,0.04778972520908,0.001577460544396999,0.004778972520908004,3
als|factors=128;epochs=30;regularisation=0.001;alpha=40.0|frac=0.25,software,als,0.25,,,128.0,30.0,0.001,40.0,,,,,,,,0.027400776986486002,0.050776583034647,0.0003607765919490004,0.002389486260454002,3
als|factors=128;epochs=30;regularisation=0.01;alpha=1.0|frac=0.25,software,als,0.25,,,128.0,30.0,0.01,1.0,,,,,,,,0.026953136526237,0.050179211469534,0.0009403299266700013,0.002389486260454002,3
als|factors=128;epochs=30;regularisation=0.01;alpha=10.0|frac=0.25,software,als,0.25,,,128.0,30.0,0.01,10.0,,,,,,,,0.026149733985495003,0.04958183990442001,0.0005634636446390021,0.002389486260453995,3
als|factors=128;epochs=30;regularisation=0.01;alpha=40.0|frac=0.25,software,als,0.25,,,128.0,30.0,0.01,40.0,,,,,,,,0.026930373749139,0.050179211469534,0.00015796931525199898,0.0017921146953409975,3
als|factors=128;epochs=30;regularisation=0.1;alpha=1.0|frac=0.25,software,als,0.25,,,128.0,30.0,0.1,1.0,,,,,,,,0.027033573778110002,0.050179211469534,0.0009291707565499997,0.002389486260454002,3
als|factors=128;epochs=30;regularisation=0.1;alpha=10.0|frac=0.25,software,als,0.25,,,128.0,30.0,0.1,10.0,,,,,,,,0.026217222613978002,0.048984468339307,0.0010068297569830013,0.0,3
als|factors=128;epochs=30;regularisation=0.1;alpha=40.0|frac=0.25,software,als,0.25,,,128.0,30.0,0.1,40.0,,,,,,,,0.026929540100598,0.050179211469534,0.00037471889450199983,0.0029868578255679984,3
als|factors=16;epochs=5;regularisation=0.001;alpha=1.0|frac=0.5,software,als,0.5,,,16.0,5.0,0.001,1.0,,,,,,,,0.028822117161382003,0.06033452807646301,0.0016628010657180024,0.0035842293906809958,3
als|factors=16;epochs=5;regularisation=0.001;alpha=10.0|frac=0.5,software,als,0.5,,,16.0,5.0,0.001,10.0,,,,,,,,0.08194694621295301,0.18399044205495801,0.061689493674078014,0.12305854241338102,3
als|factors=16;epochs=5;regularisation=0.001;alpha=40.0|frac=0.5,software,als,0.5,,,16.0,5.0,0.001,40.0,,,,,,,,0.06727630881692401,0.18100358422939,0.048478141306554,0.11290322580645101,3
als|factors=16;epochs=5;regularisation=0.01;alpha=1.0|frac=0.5,software,als,0.5,,,16.0,5.0,0.01,1.0,,,,,,,,0.028943129591756003,0.06033452807646301,0.0015463427975450014,0.004181600955794007,3
als|factors=16;epochs=5;regularisation=0.01;alpha=10.0|frac=0.5,software,als,0.5,,,16.0,5.0,0.01,10.0,,,,,,,,0.090227476048559,0.18399044205495801,0.06214243320043301,0.12425328554360801,3
als|factors=16;epochs=5;regularisation=0.01;alpha=40.0|frac=0.5,software,als,0.5,,,16.0,5.0,0.01,40.0,,,,,,,,0.068737362866119,0.179808841099163,0.048132045250022,0.10991636798088403,3
als|factors=16;epochs=5;regularisation=0.1;alpha=1.0|frac=0.5,software,als,0.5,,,16.0,5.0,0.1,1.0,,,,,,,,0.028974039756641003,0.060931899641577005,0.0011285273028409995,0.004181600955794007,3
als|factors=16;epochs=5;regularisation=0.1;alpha=10.0|frac=0.5,software,als,0.5,,,16.0,5.0,0.1,10.0,,,,,,,,0.090171863631788,0.18399044205495801,0.06223734860640501,0.12305854241338102,3
als|factors=16;epochs=5;regularisation=0.1;alpha=40.0|frac=0.5,software,als,0.5,,,16.0,5.0,0.1,40.0,,,,,,,,0.079387298548811,0.180406212664277,0.055599564175149,0.114097968936679,3
als|factors=16;epochs=15;regularisation=0.001;alpha=1.0|frac=0.5,software,als,0.5,,,16.0,15.0,0.001,1.0,,,,,,,,0.031837572211816004,0.06929510155316601,0.003501406723498003,0.005376344086022,3
als|factors=16;epochs=15;regularisation=0.001;alpha=10.0|frac=0.5,software,als,0.5,,,16.0,15.0,0.001,10.0,,,,,,,,0.10026171469377,0.19832735961768203,0.026016376453028997,0.002389486260453988,3
als|factors=16;epochs=15;regularisation=0.001;alpha=40.0|frac=0.5,software,als,0.5,,,16.0,15.0,0.001,40.0,,,,,,,,0.08297585024111001,0.201314217443249,0.07542064006368401,0.11708482676224599,3
als|factors=16;epochs=15;regularisation=0.01;alpha=1.0|frac=0.5,software,als,0.5,,,16.0,15.0,0.01,1.0,,,,,,,,0.031856869307198,0.06929510155316601,0.0033404917416210017,0.004778972520908004,3
als|factors=16;epochs=15;regularisation=0.01;alpha=10.0|frac=0.5,software,als,0.5,,,16.0,15.0,0.01,10.0,,,,,,,,0.09989173268336801,0.197132616487455,0.001960631026309001,0.0029868578255680123,3
als|factors=16;epochs=15;regularisation=0.01;alpha=40.0|frac=0.5,software,als,0.5,,,16.0,15.0,0.01,40.0,,,,,,,,0.080468992823657,0.200716845878136,0.07548783971338502,0.117084826762246,3
als|factors=16;epochs=15;regularisation=0.1;alpha=1.0|frac=0.5,software,als,0.5,,,16.0,15.0,0.1,1.0,,,,,,,,0.032004939427985005,0.06929510155316601,0.002959551558089999,0.0035842293906810097,3
als|factors=16;epochs=15;regularisation=0.1;alpha=10.0|frac=0.5,software,als,0.5,,,16.0,15.0,0.1,10.0,,,,,,,,0.10002011813872601,0.19772998805256803,0.002987685926362005,0.0041816009557949785,3
als|factors=16;epochs=15;regularisation=0.1;alpha=40.0|frac=0.5,software,als,0.5,,,16.0,15.0,0.1,40.0,,,,,,,,0.07495243019161,0.19832735961768203,0.061835209227924015,0.12126642771804,3
als|factors=16;epochs=30;regularisation=0.001;alpha=1.0|frac=0.5,software,als,0.5,,,16.0,30.0,0.001,1.0,,,,,,,,0.031882036751771,0.065710872162485,0.035143303213663005,0.120071684587813,3
als|factors=16;epochs=30;regularisation=0.001;alpha=10.0|frac=0.5,software,als,0.5,,,16.0,30.0,0.001,10.0,,,,,,,,0.102909010047113,0.200716845878136,0.01464402360337301,0.004181600955795006,3
als|factors=16;epochs=30;regularisation=0.001;alpha=40.0|frac=0.5,software,als,0.5,,,16.0,30.0,0.001,40.0,,,,,,,,0.07833281435736801,0.20430107526881702,0.074882510222298,0.11589008363201901,3
als|factors=16;epochs=30;regularisation=0.01;alpha=1.0|frac=0.5,software,als,0.5,,,16.0,30.0,0.01,1.0,,,,,,,,0.031969083806492,0.065710872162485,0.035106450043181,0.120071684587813,3
als|factors=16;epochs=30;regularisation=0.01;alpha=10.0|frac=0.5,software,als,0.5,,,16.0,30.0,0.01,10.0,,,,,,,,0.102706573620942,0.200716845878136,0.01481038693872501,0.004778972520908004,3
als|factors=16;epochs=30;regularisation=0.01;alpha=40.0|frac=0.5,software,als,0.5,,,16.0,30.0,0.01,40.0,,,,,,,,0.042345511716321005,0.087813620071684,0.07604982739972302,0.122461170848267,3
als|factors=16;epochs=30;regularisation=0.1;alpha=1.0|frac=0.5,software,als,0.5,,,16.0,30.0,0.1,1.0,,,,,,,,0.032074896587208,0.066308243727598,0.035715603520988,0.12186379928315401,3
als|factors=16;epochs=30;regularisation=0.1;alpha=10.0|frac=0.5,software,als,0.5,,,16.0,30.0,0.1,10.0,,,,,,,,0.10145130512933001,0.202508960573476,0.001317798483175009,0.0035842293906810097,3
als|factors=16;epochs=30;regularisation=0.1;alpha=40.0|frac=0.5,software,als,0.5,,,16.0,30.0,0.1,40.0,,,,,,,,0.042807739453434,0.08661887694145701,0.07757042641393501,0.120071684587814,3
als|factors=32;epochs=5;regularisation=0.001;alpha=1.0|frac=0.5,software,als,0.5,,,32.0,5.0,0.001,1.0,,,,,,,,0.037923253673806,0.07467144563918701,0.004143375017609002,0.007765830346476002,3
als|factors=32;epochs=5;regularisation=0.001;alpha=10.0|frac=0.5,software,als,0.5,,,32.0,5.0,0.001,10.0,,,,,,,,0.074534903463061,0.19414575866188702,0.056407707442631,0.12485065710872201,3
als|factors=32;epochs=5;regularisation=0.001;alpha=40.0|frac=0.5,software,als,0.5,,,32.0,5.0,0.001,40.0,,,,,,,,0.034838277480493,0.071087216248506,0.004410393592149994,0.005376344086022,3
als|factors=32;epochs=5;regularisation=0.01;alpha=1.0|frac=0.5,software,als,0.5,,,32.0,5.0,0.01,1.0,,,,,,,,0.037735069611315,0.07467144563918701,0.0042216123452640045,0.007168458781362005,3
als|factors=32;epochs=5;regularisation=0.01;alpha=10.0|frac=0.5,software,als,0.5,,,32.0,5.0,0.01,10.0,,,,,,,,0.076349311139163,0.19414575866188702,0.06454466006122,0.12485065710872101,3
als|factors=32;epochs=5;regularisation=0.01;alpha=40.0|frac=0.5,software,als,0.5,,,32.0,5.0,0.01,40.0,,,,,,,,0.03573195392917,0.072879330943847,0.003920260215994002,0.004778972520908004,3
als|factors=32;epochs=5;regularisation=0.1;alpha=1.0|frac=0.5,software,als,0.5,,,32.0,5.0,0.1,1.0,,,,,,,,0.03774270232552,0.07467144563918701,0.004874711942420999,0.008363201911589,3
als|factors=32;epochs=5;regularisation=0.1;alpha=10.0|frac=0.5,software,als,0.5,,,32.0,5.0,0.1,10.0,,,,,,,,0.082558782457906,0.196535244922341,0.022804376331513998,0.004778972520908004,3
als|factors=32;epochs=5;regularisation=0.1;alpha=40.0|frac=0.5,software,als,0.5,,,32.0,5.0,0.1,40.0,,,,,,,,0.034807527584046004,0.070489844683393,0.004921003353729005,0.008363201911589,3
als|factors=32;epochs=15;regularisation=0.001;alpha=1.0|frac=0.5,software,als,0.5,,,32.0,15.0,0.001,1.0,,,,,,,,0.039032499823495,0.077060931899641,0.0022757373116769966,0.002389486260453988,3
als|factors=32;epochs=15;regularisation=0.001;alpha=10.0|frac=0.5,software,als,0.5,,,32.0,15.0,0.001,10.0,,,,,,,,0.104381728651702,0.20908004778972503,0.0028736357450619976,0.004181600955794007,3
als|factors=32;epochs=15;regularisation=0.001;alpha=40.0|frac=0.5,software,als,0.5,,,32.0,15.0,0.001,40.0,,,,,,,,0.105314041785645,0.212664277180406,0.013084105493100004,0.001194743130226994,3
als|factors=32;epochs=15;regularisation=0.01;alpha=1.0|frac=0.5,software,als,0.5,,,32.0,15.0,0.01,1.0,,,,,,,,0.038685666272473,0.075866188769414,0.001910211360448999,0.0017921146953399913,3
als|factors=32;epochs=15;regularisation=0.01;alpha=10.0|frac=0.5,software,als,0.5,,,32.0,15.0,0.01,10.0,,,,,,,,0.104294616909279,0.20908004778972503,0.002557578084458001,0.003584229390680982,3
als|factors=32;epochs=15;regularisation=0.01;alpha=40.0|frac=0.5,software,als,0.5,,,32.0,15.0,0.01,40.0,,,,,,,,0.10533467426767601,0.212664277180406,0.014297093501245,0.001792114695340019,3
als|factors=32;epochs=15;regularisation=0.1;alpha=1.0|frac=0.5,software,als,0.5,,,32.0,15.0,0.1,1.0,,,,,,,,0.03873154354304,0.075866188769414,0.0016184470794950029,0.0005973715651139966,3
als|factors=32;epochs=15;regularisation=0.1;alpha=10.0|frac=0.5,software,als,0.5,,,32.0,15.0,0.1,10.0,,,,,,,,0.10458120125435601,0.21027479091995202,0.0028175213750400024,0.004778972520908004,3
als|factors=32;epochs=15;regularisation=0.1;alpha=40.0|frac=0.5,software,als,0.5,,,32.0,15.0,0.1,40.0,,,,,,,,0.105566185558637,0.21146953405017901,0.0008983885726200069,0.0005973715651129974,3
als|factors=32;epochs=30;regularisation=0.001;alpha=1.0|frac=0.5,software,als,0.5,,,32.0,30.0,0.001,1.0,,,,,,,,0.040389437140746005,0.07825567502986801,0.0031619900039149967,0.0059737156511350115,3
als|factors=32;epochs=30;regularisation=0.001;alpha=10.0|frac=0.5,software,als,0.5,,,32.0,30.0,0.001,10.0,,,,,,,,0.10652499702193101,0.213261648745519,0.0012112378556410064,0.002389486260453988,3
als|factors=32;epochs=30;regularisation=0.001;alpha=40.0|frac=0.5,software,als,0.5,,,32.0,30.0,0.001,40.0,,,,,,,,0.106060145747721,0.213261648745519,0.002733407607325003,0.005376344086022,3
als|factors=32;epochs=30;regularisation=0.01;alpha=1.0|frac=0.5,software,als,0.5,,,32.0,30.0,0.01,1.0,,,,,,,,0.040471440450680005,0.07825567502986801,0.003353429833075003,0.006571087216249008,3
als|factors=32;epochs=30;regularisation=0.01;alpha=10.0|frac=0.5,software,als,0.5,,,32.0,30.0,0.01,10.0,,,,,,,,0.10665914563967101,0.212664277180406,0.0008870975990870056,0.001194743130226994,3
als|factors=32;epochs=30;regularisation=0.01;alpha=40.0|frac=0.5,software,als,0.5,,,32.0,30.0,0.01,40.0,,,,,,,,0.10545562890667101,0.212066905615292,0.002246648587380995,0.0035842293906810097,3
als|factors=32;epochs=30;regularisation=0.1;alpha=1.0|frac=0.5,software,als,0.5,,,32.0,30.0,0.1,1.0,,,,,,,,0.040144841481536006,0.078853046594982,0.0028797994494549964,0.004181600955794992,3
als|factors=32;epochs=30;regularisation=0.1;alpha=10.0|frac=0.5,software,als,0.5,,,32.0,30.0,0.1,10.0,,,,,,,,0.10644262218704001,0.212066905615292,0.0014393410418799962,0.002389486260453988,3
als|factors=32;epochs=30;regularisation=0.1;alpha=40.0|frac=0.5,software,als,0.5,,,32.0,30.0,0.1,40.0,,,,,,,,0.105900619959504,0.213261648745519,0.002590063707801002,0.0035842293906810097,3
als|factors=64;epochs=5;regularisation=0.001;alpha=1.0|frac=0.5,software,als,0.5,,,64.0,5.0,0.001,1.0,,,,,,,,0.041857168678097,0.079450418160095,0.0033107892775499984,0.005973715651134998,3
als|factors=64;epochs=5;regularisation=0.001;alpha=10.0|frac=0.5,software,als,0.5,,,64.0,5.0,0.001,10.0,,,,,,,,0.042233637278117006,0.08542413381123001,0.0032559652932470026,0.008960573476701997,3
als|factors=64;epochs=5;regularisation=0.001;alpha=40.0|frac=0.5,software,als,0.5,,,64.0,5.0,0.001,40.0,,,,,,,,0.039377716112154,0.08004778972520901,0.0017662895852020022,0.005376344086022,3
als|factors=64;epochs=5;regularisation=0.01;alpha=1.0|frac=0.5,software,als,0.5,,,64.0,5.0,0.01,1.0,,,,,,,,0.041803309058924,0.079450418160095,0.0030796997561370054,0.006571087216248994,3
als|factors=64;epochs=5;regularisation=0.01;alpha=10.0|frac=0.5,software,als,0.5,,,64.0,5.0,0.01,10.0,,,,,,,,0.042764051670198006,0.08661887694145701,0.0030381165696869994,0.008960573476702996,3
als|factors=64;epochs=5;regularisation=0.01;alpha=40.0|frac=0.5,software,als,0.5,,,64.0,5.0,0.01,40.0,,,,,,,,0.039747247776290004,0.081242532855436,0.001119089858262999,0.0059737156511350115,3
als|factors=64;epochs=5;regularisation=0.1;alpha=1.0|frac=0.5,software,als,0.5,,,64.0,5.0,0.1,1.0,,,,,,,,0.041986578324786,0.08004778972520901,0.0033962428581300053,0.007765830346475988,3
als|factors=64;epochs=5;regularisation=0.1;alpha=10.0|frac=0.5,software,als,0.5,,,64.0,5.0,0.1,10.0,,,,,,,,0.041808636846544005,0.084229390681003,0.0036151125535940007,0.010155316606930004,3
als|factors=64;epochs=5;regularisation=0.1;alpha=40.0|frac=0.5,software,als,0.5,,,64.0,5.0,0.1,40.0,,,,,,,,0.039211223022656005,0.07825567502986801,0.0017546768804080001,0.005376344086022,3
als|factors=64;epochs=15;regularisation=0.001;alpha=1.0|frac=0.5,software,als,0.5,,,64.0,15.0,0.001,1.0,,,,,,,,0.043415534811609,0.081839904420549,0.0020936624127219985,0.006571087216248994,3
als|factors=64;epochs=15;regularisation=0.001;alpha=10.0|frac=0.5,software,als,0.5,,,64.0,15.0,0.001,10.0,,,,,,,,0.046486951122368,0.09378733572281901,0.0025206075947210027,0.006571087216247995,3
als|factors=64;epochs=15;regularisation=0.001;alpha=40.0|frac=0.5,software,als,0.5,,,64.0,15.0,0.001,40.0,,,,,,,,0.104695000699734,0.20908004778972503,0.002190370478852996,0.007765830346475017,3
als|factors=64;epochs=15;regularisation=0.01;alpha=1.0|frac=0.5,software,als,0.5,,,64.0,15.0,0.01,1.0,,,,,,,,0.043260677463685004,0.081242532855436,0.0021831617003260015,0.007168458781362005,3
als|factors=64;epochs=15;regularisation=0.01;alpha=10.0|frac=0.5,software,als,0.5,,,64.0,15.0,0.01,10.0,,,,,,,,0.046248089327982,0.092592592592592,0.002180591992626997,0.004778972520908004,3
als|factors=64;epochs=15;regularisation=0.01;alpha=40.0|frac=0.5,software,als,0.5,,,64.0,15.0,0.01,40.0,,,,,,,,0.043342299347078006,0.08542413381123001,0.002830622863104003,0.007168458781362005,3
als|factors=64;epochs=15;regularisation=0.1;alpha=1.0|frac=0.5,software,als,0.5,,,64.0,15.0,0.1,1.0,,,,,,,,0.043399843117298005,0.081839904420549,0.0019211122531639993,0.005973715651134998,3
als|factors=64;epochs=15;regularisation=0.1;alpha=10.0|frac=0.5,software,als,0.5,,,64.0,15.0,0.1,10.0,,,,,,,,0.046359632173286,0.09378733572281901,0.0024882910848689974,0.005973715651134998,3
als|factors=64;epochs=15;regularisation=0.1;alpha=40.0|frac=0.5,software,als,0.5,,,64.0,15.0,0.1,40.0,,,,,,,,0.044370415762919,0.08841099163679801,0.0017214057811580016,0.007168458781362005,3
als|factors=64;epochs=30;regularisation=0.001;alpha=1.0|frac=0.5,software,als,0.5,,,64.0,30.0,0.001,1.0,,,,,,,,0.043804176665107004,0.082437275985663,0.0025772908668460007,0.0035842293906809958,3
als|factors=64;epochs=30;regularisation=0.001;alpha=10.0|frac=0.5,software,als,0.5,,,64.0,30.0,0.001,10.0,,,,,,,,0.045716309960897004,0.09139784946236501,0.0017916163049489994,0.004181600955793993,3
als|factors=64;epochs=30;regularisation=0.001;alpha=40.0|frac=0.5,software,als,0.5,,,64.0,30.0,0.001,40.0,,,,,,,,0.10657336631552201,0.213261648745519,0.0016538753330190004,0.004181600955794007,3
als|factors=64;epochs=30;regularisation=0.01;alpha=1.0|frac=0.5,software,als,0.5,,,64.0,30.0,0.01,1.0,,,,,,,,0.043804176665107004,0.082437275985663,0.002576300593523005,0.0035842293906809958,3
als|factors=64;epochs=30;regularisation=0.01;alpha=10.0|frac=0.5,software,als,0.5,,,64.0,30.0,0.01,10.0,,,,,,,,0.045232596038482,0.089605734767025,0.002146687459037004,0.005376344086022,3
als|factors=64;epochs=30;regularisation=0.01;alpha=40.0|frac=0.5,software,als,0.5,,,64.0,30.0,0.01,40.0,,,,,,,,0.045752713486458006,0.087813620071684,0.0011946687106589998,0.005973715651134998,3
als|factors=64;epochs=30;regularisation=0.1;alpha=1.0|frac=0.5,software,als,0.5,,,64.0,30.0,0.1,1.0,,,,,,,,0.043920448193742,0.082437275985663,0.0026962026765730007,0.0029868578255679984,3
als|factors=64;epochs=30;regularisation=0.1;alpha=10.0|frac=0.5,software,als,0.5,,,64.0,30.0,0.1,10.0,,,,,,,,0.04530425125912001,0.08841099163679801,0.0024273211902660005,0.005973715651134998,3
als|factors=64;epochs=30;regularisation=0.1;alpha=40.0|frac=0.5,software,als,0.5,,,64.0,30.0,0.1,40.0,,,,,,,,0.046100184797717006,0.089605734767025,0.001036562368829999,0.004181600955795006,3
als|factors=128;epochs=5;regularisation=0.001;alpha=1.0|frac=0.5,software,als,0.5,,,128.0,5.0,0.001,1.0,,,,,,,,0.037999739735467004,0.07825567502986801,0.0013570383688829984,0.0035842293906809958,3
als|factors=128;epochs=5;regularisation=0.001;alpha=10.0|frac=0.5,software,als,0.5,,,128.0,5.0,0.001,10.0,,,,,,,,0.038459728251599004,0.075866188769414,0.0006554634641479998,0.005973715651134998,3
als|factors=128;epochs=5;regularisation=0.001;alpha=40.0|frac=0.5,software,als,0.5,,,128.0,5.0,0.001,40.0,,,,,,,,0.037228414829309005,0.076463560334528,0.001480031498697,0.005376344086022,3
als|factors=128;epochs=5;regularisation=0.01;alpha=1.0|frac=0.5,software,als,0.5,,,128.0,5.0,0.01,1.0,,,,,,,,0.038037124275335,0.077060931899641,0.001307941014848997,0.0035842293906809958,3
als|factors=128;epochs=5;regularisation=0.01;alpha=10.0|frac=0.5,software,als,0.5,,,128.0,5.0,0.01,10.0,,,,,,,,0.038874930205115,0.076463560334528,0.0006748684734350016,0.005376344086021001,3
als|factors=128;epochs=5;regularisation=0.01;alpha=40.0|frac=0.5,software,als,0.5,,,128.0,5.0,0.01,40.0,,,,,,,,0.036624410181704,0.07526881720430101,0.0010027910935580045,0.002389486260454002,3
als|factors=128;epochs=5;regularisation=0.1;alpha=1.0|frac=0.5,software,als,0.5,,,128.0,5.0,0.1,1.0,,,,,,,,0.037587922911871005,0.075866188769414,0.0018628087311399963,0.004181600955794007,3
als|factors=128;epochs=5;regularisation=0.1;alpha=10.0|frac=0.5,software,als,0.5,,,128.0,5.0,0.1,10.0,,,,,,,,0.038239320979962,0.075866188769414,0.0005888004683219997,0.004778972520908004,3
als|factors=128;epochs=5;regularisation=0.1;alpha=40.0|frac=0.5,software,als,0.5,,,128.0,5.0,0.1,40.0,,,,,,,,0.035600381614714,0.070489844683393,0.0005604841005179967,0.0035842293906810097,3
als|factors=128;epochs=15;regularisation=0.001;alpha=1.0|frac=0.5,software,als,0.5,,,128.0,15.0,0.001,1.0,,,,,,,,0.038089228450071004,0.075866188769414,0.0009696009602520039,0.004181600955795006,3
als|factors=128;epochs=15;regularisation=0.001;alpha=10.0|frac=0.5,software,als,0.5,,,128.0,15.0,0.001,10.0,,,,,,,,0.039275446902186005,0.078853046594982,0.0013769655326880056,0.005376344086022,3
als|factors=128;epochs=15;regularisation=0.001;alpha=40.0|frac=0.5,software,als,0.5,,,128.0,15.0,0.001,40.0,,,,,,,,0.038932093018961,0.07765830346475501,0.0008421368871890031,0.002389486260454002,3
als|factors=128;epochs=15;regularisation=0.01;alpha=1.0|frac=0.5,software,als,0.5,,,128.0,15.0,0.01,1.0,,,,,,,,0.037871033773547,0.07526881720430101,0.001100569389554995,0.004778972520908004,3
als|factors=128;epochs=15;regularisation=0.01;alpha=10.0|frac=0.5,software,als,0.5,,,128.0,15.0,0.01,10.0,,,,,,,,0.039215169431249,0.078853046594982,0.0013630660437560019,0.004778972520908004,3
als|factors=128;epochs=15;regularisation=0.01;alpha=40.0|frac=0.5,software,als,0.5,,,128.0,15.0,0.01,40.0,,,,,,,,0.03863297554482,0.076463560334528,0.000548162399058999,0.001194743130226994,3
als|factors=128;epochs=15;regularisation=0.1;alpha=1.0|frac=0.5,software,als,0.5,,,128.0,15.0,0.1,1.0,,,,,,,,0.038041904754354004,0.075866188769414,0.0014094903982469972,0.004778972520908004,3
als|factors=128;epochs=15;regularisation=0.1;alpha=10.0|frac=0.5,software,als,0.5,,,128.0,15.0,0.1,10.0,,,,,,,,0.039191372369293,0.078853046594982,0.0011264835011020047,0.001194743130226994,3
als|factors=128;epochs=15;regularisation=0.1;alpha=40.0|frac=0.5,software,als,0.5,,,128.0,15.0,0.1,40.0,,,,,,,,0.038126904768734,0.074074074074074,0.0014026524835530005,0.0005973715651139966,3
als|factors=128;epochs=30;regularisation=0.001;alpha=1.0|frac=0.5,software,als,0.5,,,128.0,30.0,0.001,1.0,,,,,,,,0.037923222381468,0.07825567502986801,0.0013642342898299992,0.0035842293906809958,3
als|factors=128;epochs=30;regularisation=0.001;alpha=10.0|frac=0.5,software,als,0.5,,,128.0,30.0,0.001,10.0,,,,,,,,0.037784017972533,0.076463560334528,0.0010442426671130045,0.001194743130226994,3
als|factors=128;epochs=30;regularisation=0.001;alpha=40.0|frac=0.5,software,als,0.5,,,128.0,30.0,0.001,40.0,,,,,,,,0.039245753244613005,0.077060931899641,0.0010650263482439998,0.0005973715651129974,3
als|factors=128;epochs=30;regularisation=0.01;alpha=1.0|frac=0.5,software,als,0.5,,,128.0,30.0,0.01,1.0,,,,,,,,0.037882229811979,0.07825567502986801,0.001540479264259001,0.004181600955794992,3
als|factors=128;epochs=30;regularisation=0.01;alpha=10.0|frac=0.5,software,als,0.5,,,128.0,30.0,0.01,10.0,,,,,,,,0.037497014908593,0.077060931899641,0.0013336268159540032,0.0017921146953399913,3
als|factors=128;epochs=30;regularisation=0.01;alpha=40.0|frac=0.5,software,als,0.5,,,128.0,30.0,0.01,40.0,,,,,,,,0.038264730348139,0.076463560334528,0.0017406498970139947,0.001194743130226994,3
als|factors=128;epochs=30;regularisation=0.1;alpha=1.0|frac=0.5,software,als,0.5,,,128.0,30.0,0.1,1.0,,,,,,,,0.037971015344497004,0.07765830346475501,0.0010996100502849993,0.002986857825566999,3
als|factors=128;epochs=30;regularisation=0.1;alpha=10.0|frac=0.5,software,als,0.5,,,128.0,30.0,0.1,10.0,,,,,,,,0.038409640936725005,0.077060931899641,0.0016293734920089994,0.0035842293906809958,3
als|factors=128;epochs=30;regularisation=0.1;alpha=40.0|frac=0.5,software,als,0.5,,,128.0,30.0,0.1,40.0,,,,,,,,0.0371802954686,0.07467144563918701,0.0024683803581839955,0.004778972520908004,3
als|factors=16;epochs=5;regularisation=0.001;alpha=1.0|frac=1.0,software,als,1.0,,,16.0,5.0,0.001,1.0,,,,,,,,0.11276339859494801,0.195340501792114,0.002021999954513992,0.002389486260453988,3
als|factors=16;epochs=5;regularisation=0.001;alpha=10.0|frac=1.0,software,als,1.0,,,16.0,5.0,0.001,10.0,,,,,,,,0.11052524728728301,0.19235364396654703,0.002871162632254995,0.002389486260453988,3
als|factors=16;epochs=5;regularisation=0.001;alpha=40.0|frac=1.0,software,als,1.0,,,16.0,5.0,0.001,40.0,,,,,,,,0.098280306794676,0.190561529271206,0.015370338801741004,0.011350059737156998,3
als|factors=16;epochs=5;regularisation=0.01;alpha=1.0|frac=1.0,software,als,1.0,,,16.0,5.0,0.01,1.0,,,,,,,,0.112754775607421,0.195340501792114,0.0021132045791980025,0.002389486260453988,3
als|factors=16;epochs=5;regularisation=0.01;alpha=10.0|frac=1.0,software,als,1.0,,,16.0,5.0,0.01,10.0,,,,,,,,0.11052046541917601,0.19235364396654703,0.0026611785235519936,0.0023894862604540157,3
als|factors=16;epochs=5;regularisation=0.01;alpha=40.0|frac=1.0,software,als,1.0,,,16.0,5.0,0.01,40.0,,,,,,,,0.11047582080802501,0.19115890083632,0.011382163480762,0.012544802867383992,3
als|factors=16;epochs=5;regularisation=0.1;alpha=1.0|frac=1.0,software,als,1.0,,,16.0,5.0,0.1,1.0,,,,,,,,0.11263813864943001,0.195340501792114,0.0019257775337469946,0.0017921146953399913,3
als|factors=16;epochs=5;regularisation=0.1;alpha=10.0|frac=1.0,software,als,1.0,,,16.0,5.0,0.1,10.0,,,,,,,,0.11158009348857001,0.19414575866188702,0.004646010322322008,0.008363201911589013,3
als|factors=16;epochs=5;regularisation=0.1;alpha=40.0|frac=1.0,software,als,1.0,,,16.0,5.0,0.1,40.0,,,,,,,,0.11181023252704801,0.19474313022700102,0.012865926114940002,0.00896057347670201,3
als|factors=16;epochs=15;regularisation=0.001;alpha=1.0|frac=1.0,software,als,1.0,,,16.0,15.0,0.001,1.0,,,,,,,,0.115270016443674,0.20011947431302202,0.00043502448829500773,0.004778972520908004,3
als|factors=16;epochs=15;regularisation=0.001;alpha=10.0|frac=1.0,software,als,1.0,,,16.0,15.0,0.001,10.0,,,,,,,,0.11500426136705301,0.202508960573476,0.0038953455689239996,0.008363201911589013,3
als|factors=16;epochs=15;regularisation=0.001;alpha=40.0|frac=1.0,software,als,1.0,,,16.0,15.0,0.001,40.0,,,,,,,,0.11542901208035002,0.19892473118279502,0.005379321906448006,0.00896057347670301,3
als|factors=16;epochs=15;regularisation=0.01;alpha=1.0|frac=1.0,software,als,1.0,,,16.0,15.0,0.01,1.0,,,,,,,,0.11506861840092401,0.20011947431302202,0.0005416819449509946,0.005376344086021001,3
als|factors=16;epochs=15;regularisation=0.01;alpha=10.0|frac=1.0,software,als,1.0,,,16.0,15.0,0.01,10.0,,,,,,,,0.115434017040868,0.20370370370370303,0.0037779490561680035,0.007765830346476016,3
als|factors=16;epochs=15;regularisation=0.01;alpha=40.0|frac=1.0,software,als,1.0,,,16.0,15.0,0.01,40.0,,,,,,,,0.11737549113020701,0.202508960573476,0.005560741642704009,0.008363201911589013,3
als|factors=16;epochs=15;regularisation=0.1;alpha=1.0|frac=1.0,software,als,1.0,,,16.0,15.0,0.1,1.0,,,,,,,,0.115115660616994,0.20011947431302202,0.0005464326454150126,0.004778972520908004,3
als|factors=16;epochs=15;regularisation=0.1;alpha=10.0|frac=1.0,software,als,1.0,,,16.0,15.0,0.1,10.0,,,,,,,,0.11522648200511901,0.202508960573476,0.004590530091177006,0.008363201911589013,3
als|factors=16;epochs=15;regularisation=0.1;alpha=40.0|frac=1.0,software,als,1.0,,,16.0,15.0,0.1,40.0,,,,,,,,0.11752875331619701,0.20370370370370303,0.005353218894320999,0.004181600955794007,3
als|factors=16;epochs=30;regularisation=0.001;alpha=1.0|frac=1.0,software,als,1.0,,,16.0,30.0,0.001,1.0,,,,,,,,0.11484049313935801,0.19952210274790902,0.0016214937278319907,0.0017921146953409905,3
als|factors=16;epochs=30;regularisation=0.001;alpha=10.0|frac=1.0,software,als,1.0,,,16.0,30.0,0.001,10.0,,,,,,,,0.11554648985457601,0.20370370370370303,0.003078162365621001,0.0035842293906810097,3
als|factors=16;epochs=30;regularisation=0.001;alpha=40.0|frac=1.0,software,als,1.0,,,16.0,30.0,0.001,40.0,,,,,,,,0.113671923764027,0.201911589008363,0.013752671422565005,0.004778972520908004,3
als|factors=16;epochs=30;regularisation=0.01;alpha=1.0|frac=1.0,software,als,1.0,,,16.0,30.0,0.01,1.0,,,,,,,,0.11499561617197501,0.19952210274790902,0.0012303936696960033,0.0005973715651129974,3
als|factors=16;epochs=30;regularisation=0.01;alpha=10.0|frac=1.0,software,als,1.0,,,16.0,30.0,0.01,10.0,,,,,,,,0.115791612865535,0.20370370370370303,0.0026463828640019976,0.0023894862604540157,3
als|factors=16;epochs=30;regularisation=0.01;alpha=40.0|frac=1.0,software,als,1.0,,,16.0,30.0,0.01,40.0,,,,,,,,0.11566642690376101,0.201314217443249,0.004229776387067993,0.005973715651134998,3
als|factors=16;epochs=30;regularisation=0.1;alpha=1.0|frac=1.0,software,als,1.0,,,16.0,30.0,0.1,1.0,,,,,,,,0.11493212749699601,0.19952210274790902,0.001221098880365007,0.0005973715651129974,3
als|factors=16;epochs=30;regularisation=0.1;alpha=10.0|frac=1.0,software,als,1.0,,,16.0,30.0,0.1,10.0,,,,,,,,0.11621010599103201,0.20430107526881702,0.0025315291401189904,0.0005973715651129974,3
als|factors=16;epochs=30;regularisation=0.1;alpha=40.0|frac=1.0,software,als,1.0,,,16.0,30.0,0.1,40.0,,,,,,,,0.115344976452336,0.20370370370370303,0.0035631177467079916,0.0029868578255680123,3
als|factors=32;epochs=5;regularisation=0.001;alpha=1.0|frac=1.0,software,als,1.0,,,32.0,5.0,0.001,1.0,,,,,,,,0.12031826716722101,0.212664277180406,0.0034463707331929966,0.011947431302269995,3
als|factors=32;epochs=5;regularisation=0.001;alpha=10.0|frac=1.0,software,als,1.0,,,32.0,5.0,0.001,10.0,,,,,,,,0.12067550532196201,0.21146953405017901,0.0039436333532179985,0.009557945041816007,3
als|factors=32;epochs=5;regularisation=0.001;alpha=40.0|frac=1.0,software,als,1.0,,,32.0,5.0,0.001,40.0,,,,,,,,0.12093235569994201,0.20489844683393002,0.002042296761806006,0.005376344086021001,3
als|factors=32;epochs=5;regularisation=0.01;alpha=1.0|frac=1.0,software,als,1.0,,,32.0,5.0,0.01,1.0,,,,,,,,0.12030759305936702,0.212664277180406,0.0028845913759919933,0.010752688172043001,3
als|factors=32;epochs=5;regularisation=0.01;alpha=10.0|frac=1.0,software,als,1.0,,,32.0,5.0,0.01,10.0,,,,,,,,0.12087530262065802,0.212066905615292,0.003798108773412995,0.010752688172043001,3
als|factors=32;epochs=5;regularisation=0.01;alpha=40.0|frac=1.0,software,als,1.0,,,32.0,5.0,0.01,40.0,,,,,,,,0.121485293830995,0.207885304659498,0.0007257344505030017,0.0005973715651139966,3
als|factors=32;epochs=5;regularisation=0.1;alpha=1.0|frac=1.0,software,als,1.0,,,32.0,5.0,0.1,1.0,,,,,,,,0.12026019397161201,0.213261648745519,0.0027820729717350084,0.010155316606930004,3
als|factors=32;epochs=5;regularisation=0.1;alpha=10.0|frac=1.0,software,als,1.0,,,32.0,5.0,0.1,10.0,,,,,,,,0.121491780144636,0.213261648745519,0.003426176018349006,0.010155316606930004,3
als|factors=32;epochs=5;regularisation=0.1;alpha=40.0|frac=1.0,software,als,1.0,,,32.0,5.0,0.1,40.0,,,,,,,,0.121666118348664,0.21146953405017901,0.0019260543372649902,0.003584229390680982,3
als|factors=32;epochs=15;regularisation=0.001;alpha=1.0|frac=1.0,software,als,1.0,,,32.0,15.0,0.001,1.0,,,,,,,,0.12032049218243701,0.21146953405017901,0.000708575566636005,0.0017921146953409905,3
als|factors=32;epochs=15;regularisation=0.001;alpha=10.0|frac=1.0,software,als,1.0,,,32.0,15.0,0.001,10.0,,,,,,,,0.12361995475112302,0.21684587813620002,0.0032663489264649903,0.010155316606930004,3
als|factors=32;epochs=15;regularisation=0.001;alpha=40.0|frac=1.0,software,als,1.0,,,32.0,15.0,0.001,40.0,,,,,,,,0.125277425020724,0.21505376344086002,0.002477516098667004,0.003584229390680982,3
als|factors=32;epochs=15;regularisation=0.01;alpha=1.0|frac=1.0,software,als,1.0,,,32.0,15.0,0.01,1.0,,,,,,,,0.12033632806927501,0.21146953405017901,0.000504260396733,0.001194743130226994,3
als|factors=32;epochs=15;regularisation=0.01;alpha=10.0|frac=1.0,software,als,1.0,,,32.0,15.0,0.01,10.0,,,,,,,,0.12478162792941501,0.218637992831541,0.003054260316883009,0.008363201911589013,3
als|factors=32;epochs=15;regularisation=0.01;alpha=40.0|frac=1.0,software,als,1.0,,,32.0,15.0,0.01,40.0,,,,,,,,0.124518610304787,0.21624850657108702,0.003427748896259006,0.004778972520907976,3
als|factors=32;epochs=15;regularisation=0.1;alpha=1.0|frac=1.0,software,als,1.0,,,32.0,15.0,0.1,1.0,,,,,,,,0.120305506374418,0.21146953405017901,0.00014789528212499903,0.0,3
als|factors=32;epochs=15;regularisation=0.1;alpha=10.0|frac=1.0,software,als,1.0,,,32.0,15.0,0.1,10.0,,,,,,,,0.12448697253385801,0.218637992831541,0.0034415211020970005,0.00896057347670301,3
als|factors=32;epochs=15;regularisation=0.1;alpha=40.0|frac=1.0,software,als,1.0,,,32.0,15.0,0.1,40.0,,,,,,,,0.12432601467889101,0.21624850657108702,0.004305010935475001,0.011350059737155999,3
als|factors=32;epochs=30;regularisation=0.001;alpha=1.0|frac=1.0,software,als,1.0,,,32.0,30.0,0.001,1.0,,,,,,,,0.12043410717050601,0.21385902031063303,0.0018286368594079977,0.005376344086022,3
als|factors=32;epochs=30;regularisation=0.001;alpha=10.0|frac=1.0,software,als,1.0,,,32.0,30.0,0.001,10.0,,,,,,,,0.12366135308231702,0.218040621266427,0.0033890577249440085,0.005376344086022,3
als|factors=32;epochs=30;regularisation=0.001;alpha=40.0|frac=1.0,software,als,1.0,,,32.0,30.0,0.001,40.0,,,,,,,,0.12339829866804801,0.21624850657108702,0.0034665267720900145,0.007765830346474989,3
als|factors=32;epochs=30;regularisation=0.01;alpha=1.0|frac=1.0,software,als,1.0,,,32.0,30.0,0.01,1.0,,,,,,,,0.12043410717050601,0.21385902031063303,0.0018023645318240022,0.005376344086022,3
als|factors=32;epochs=30;regularisation=0.01;alpha=10.0|frac=1.0,software,als,1.0,,,32.0,30.0,0.01,10.0,,,,,,,,0.12351973035775,0.218637992831541,0.0036797941810329804,0.0071684587813619915,3
als|factors=32;epochs=30;regularisation=0.01;alpha=40.0|frac=1.0,software,als,1.0,,,32.0,30.0,0.01,40.0,,,,,,,,0.12383185027241402,0.218040621266427,0.003240834868692005,0.007765830346475017,3
als|factors=32;epochs=30;regularisation=0.1;alpha=1.0|frac=1.0,software,als,1.0,,,32.0,30.0,0.1,1.0,,,,,,,,0.120302405031008,0.213261648745519,0.0016265618252429975,0.004778972520908004,3
als|factors=32;epochs=30;regularisation=0.1;alpha=10.0|frac=1.0,software,als,1.0,,,32.0,30.0,0.1,10.0,,,,,,,,0.12420079411696801,0.218637992831541,0.003935625641861992,0.006571087216247995,3
als|factors=32;epochs=30;regularisation=0.1;alpha=40.0|frac=1.0,software,als,1.0,,,32.0,30.0,0.1,40.0,,,,,,,,0.12448404243548201,0.217443249701314,0.004580268048757996,0.010752688172043001,3
als|factors=64;epochs=5;regularisation=0.001;alpha=1.0|frac=1.0,software,als,1.0,,,64.0,5.0,0.001,1.0,,,,,,,,0.12030118856169801,0.21146953405017901,0.0031207625828180013,0.009557945041816007,3
als|factors=64;epochs=5;regularisation=0.001;alpha=10.0|frac=1.0,software,als,1.0,,,64.0,5.0,0.001,10.0,,,,,,,,0.12419185986269,0.21684587813620002,0.003002296732248999,0.00896057347670201,3
als|factors=64;epochs=5;regularisation=0.001;alpha=40.0|frac=1.0,software,als,1.0,,,64.0,5.0,0.001,40.0,,,,,,,,0.12412126981917601,0.212664277180406,0.003920355645010018,0.013739545997611013,3
als|factors=64;epochs=5;regularisation=0.01;alpha=1.0|frac=1.0,software,als,1.0,,,64.0,5.0,0.01,1.0,,,,,,,,0.120099794208762,0.21087216248506502,0.0030021248292590036,0.00896057347670201,3
als|factors=64;epochs=5;regularisation=0.01;alpha=10.0|frac=1.0,software,als,1.0,,,64.0,5.0,0.01,10.0,,,,,,,,0.12472098838423301,0.21684587813620002,0.0028659525574380035,0.008363201911588986,3
als|factors=64;epochs=5;regularisation=0.01;alpha=40.0|frac=1.0,software,als,1.0,,,64.0,5.0,0.01,40.0,,,,,,,,0.12471640804474601,0.212066905615292,0.0035746371195359977,0.01314217443249699,3
als|factors=64;epochs=5;regularisation=0.1;alpha=1.0|frac=1.0,software,als,1.0,,,64.0,5.0,0.1,1.0,,,,,,,,0.120209438540884,0.21146953405017901,0.0029965052997359964,0.00896057347670201,3
als|factors=64;epochs=5;regularisation=0.1;alpha=10.0|frac=1.0,software,als,1.0,,,64.0,5.0,0.1,10.0,,,,,,,,0.124463812938573,0.21565113500597302,0.0028712225004639824,0.007765830346474989,3
als|factors=64;epochs=5;regularisation=0.1;alpha=40.0|frac=1.0,software,als,1.0,,,64.0,5.0,0.1,40.0,,,,,,,,0.125503533367181,0.213261648745519,0.004361434295286001,0.01314217443249699,3
als|factors=64;epochs=15;regularisation=0.001;alpha=1.0|frac=1.0,software,als,1.0,,,64.0,15.0,0.001,1.0,,,,,,,,0.12083634661486801,0.21146953405017901,0.00033926971165500197,0.001194743130226994,3
als|factors=64;epochs=15;regularisation=0.001;alpha=10.0|frac=1.0,software,als,1.0,,,64.0,15.0,0.001,10.0,,,,,,,,0.12729470621419,0.224014336917562,0.0007022401190840133,0.0005973715651129974,3
als|factors=64;epochs=15;regularisation=0.001;alpha=40.0|frac=1.0,software,als,1.0,,,64.0,15.0,0.001,40.0,,,,,,,,0.126230821006682,0.22222222222222202,0.0034224938757489998,0.004778972520908004,3
als|factors=64;epochs=15;regularisation=0.01;alpha=1.0|frac=1.0,software,als,1.0,,,64.0,15.0,0.01,1.0,,,,,,,,0.12080634277359802,0.21146953405017901,0.0001225046090439913,0.0005973715651139966,3
als|factors=64;epochs=15;regularisation=0.01;alpha=10.0|frac=1.0,software,als,1.0,,,64.0,15.0,0.01,10.0,,,,,,,,0.12713261676193702,0.224014336917562,0.0007516820417550196,0.0,3
als|factors=64;epochs=15;regularisation=0.01;alpha=40.0|frac=1.0,software,als,1.0,,,64.0,15.0,0.01,40.0,,,,,,,,0.126158625442371,0.223416965352449,0.0017735153174159857,0.0017921146953399913,3
als|factors=64;epochs=15;regularisation=0.1;alpha=1.0|frac=1.0,software,als,1.0,,,64.0,15.0,0.1,1.0,,,,,,,,0.12050590513721601,0.21146953405017901,0.0002554237450069913,0.0017921146953409905,3
als|factors=64;epochs=15;regularisation=0.1;alpha=10.0|frac=1.0,software,als,1.0,,,64.0,15.0,0.1,10.0,,,,,,,,0.126925098052522,0.223416965352449,0.0017069409579139883,0.002986857825567013,3
als|factors=64;epochs=15;regularisation=0.1;alpha=40.0|frac=1.0,software,als,1.0,,,64.0,15.0,0.1,40.0,,,,,,,,0.12558708514459002,0.22162485065710802,0.0021255512872750126,0.005973715651134998,3
als|factors=64;epochs=30;regularisation=0.001;alpha=1.0|frac=1.0,software,als,1.0,,,64.0,30.0,0.001,1.0,,,,,,,,0.12068620417683601,0.212066905615292,0.0012349376779259985,0.004181600955793979,3
als|factors=64;epochs=30;regularisation=0.001;alpha=10.0|frac=1.0,software,als,1.0,,,64.0,30.0,0.001,10.0,,,,,,,,0.127549010048839,0.224014336917562,0.0012970716451370101,0.002986857825567013,3
als|factors=64;epochs=30;regularisation=0.001;alpha=40.0|frac=1.0,software,als,1.0,,,64.0,30.0,0.001,40.0,,,,,,,,0.12717367206501,0.22461170848267603,0.0018929872269580206,0.0017921146953399913,3
als|factors=64;epochs=30;regularisation=0.01;alpha=1.0|frac=1.0,software,als,1.0,,,64.0,30.0,0.01,1.0,,,,,,,,0.12068620417683601,0.212066905615292,0.0012414542158169922,0.004181600955793979,3
als|factors=64;epochs=30;regularisation=0.01;alpha=10.0|frac=1.0,software,als,1.0,,,64.0,30.0,0.01,10.0,,,,,,,,0.126978797973048,0.224014336917562,0.0008301797267070143,0.0023894862604540157,3
als|factors=64;epochs=30;regularisation=0.01;alpha=40.0|frac=1.0,software,als,1.0,,,64.0,30.0,0.01,40.0,,,,,,,,0.126977932417357,0.22640382317801602,0.0020462521488679997,0.001194743130226994,3
als|factors=64;epochs=30;regularisation=0.1;alpha=1.0|frac=1.0,software,als,1.0,,,64.0,30.0,0.1,1.0,,,,,,,,0.12070411920158601,0.212066905615292,0.000678448697822992,0.002389486260453988,3
als|factors=64;epochs=30;regularisation=0.1;alpha=10.0|frac=1.0,software,als,1.0,,,64.0,30.0,0.1,10.0,,,,,,,,0.127549471447358,0.224014336917562,0.0018687060460010063,0.0011947431302270217,3
als|factors=64;epochs=30;regularisation=0.1;alpha=40.0|frac=1.0,software,als,1.0,,,64.0,30.0,0.1,40.0,,,,,,,,0.128436898555772,0.22580645161290303,0.00294527782624901,0.008363201911589013,3
als|factors=128;epochs=5;regularisation=0.001;alpha=1.0|frac=1.0,software,als,1.0,,,128.0,5.0,0.001,1.0,,,,,,,,0.09790049718492501,0.21684587813620002,0.009963527355193,0.004181600955795006,3
als|factors=128;epochs=5;regularisation=0.001;alpha=10.0|frac=1.0,software,als,1.0,,,128.0,5.0,0.001,10.0,,,,,,,,0.12914460076776002,0.21983273596176803,0.0035522339031160144,0.008363201911589013,3
als|factors=128;epochs=5;regularisation=0.001;alpha=40.0|frac=1.0,software,als,1.0,,,128.0,5.0,0.001,40.0,,,,,,,,0.12671859434253002,0.21445639187574603,0.005237084161868008,0.010752688172043001,3
als|factors=128;epochs=5;regularisation=0.01;alpha=1.0|frac=1.0,software,als,1.0,,,128.0,5.0,0.01,1.0,,,,,,,,0.09809930404359601,0.217443249701314,0.009686256244256994,0.003584229390680982,3
als|factors=128;epochs=5;regularisation=0.01;alpha=10.0|frac=1.0,software,als,1.0,,,128.0,5.0,0.01,10.0,,,,,,,,0.129471048514085,0.21983273596176803,0.00275225766176998,0.006571087216249022,3
als|factors=128;epochs=5;regularisation=0.01;alpha=40.0|frac=1.0,software,als,1.0,,,128.0,5.0,0.01,40.0,,,,,,,,0.12675808915449402,0.21445639187574603,0.0060035255254860115,0.011350059737156998,3
als|factors=128;epochs=5;regularisation=0.1;alpha=1.0|frac=1.0,software,als,1.0,,,128.0,5.0,0.1,1.0,,,,,,,,0.103488943165616,0.218637992831541,0.009427517476457009,0.0029868578255669853,3
als|factors=128;epochs=5;regularisation=0.1;alpha=10.0|frac=1.0,software,als,1.0,,,128.0,5.0,0.1,10.0,,,,,,,,0.128649908665941,0.218040621266427,0.003582451340652021,0.008363201911589013,3
als|factors=128;epochs=5;regularisation=0.1;alpha=40.0|frac=1.0,software,als,1.0,,,128.0,5.0,0.1,40.0,,,,,,,,0.1269010741371,0.21445639187574603,0.005721252117348002,0.009557945041816007,3
als|factors=128;epochs=15;regularisation=0.001;alpha=1.0|frac=1.0,software,als,1.0,,,128.0,15.0,0.001,1.0,,,,,,,,0.095967883483643,0.217443249701314,0.0008931917265549982,0.001194743130226994,3
als|factors=128;epochs=15;regularisation=0.001;alpha=10.0|frac=1.0,software,als,1.0,,,128.0,15.0,0.001,10.0,,,,,,,,0.127093913511263,0.22043010752688103,0.0013750633428299963,0.004181600955794007,3
als|factors=128;epochs=15;regularisation=0.001;alpha=40.0|frac=1.0,software,als,1.0,,,128.0,15.0,0.001,40.0,,,,,,,,0.126276587014538,0.21445639187574603,0.0007074794550800123,0.0035842293906810097,3
als|factors=128;epochs=15;regularisation=0.01;alpha=1.0|frac=1.0,software,als,1.0,,,128.0,15.0,0.01,1.0,,,,,,,,0.09657638146658601,0.218637992831541,0.0007394018195950036,0.0005973715651139966,3
als|factors=128;epochs=15;regularisation=0.01;alpha=10.0|frac=1.0,software,als,1.0,,,128.0,15.0,0.01,10.0,,,,,,,,0.12636870889575402,0.217443249701314,0.0005034406082350118,0.002389486260453988,3
als|factors=128;epochs=15;regularisation=0.01;alpha=40.0|frac=1.0,software,als,1.0,,,128.0,15.0,0.01,40.0,,,,,,,,0.12585844675902902,0.213261648745519,0.002090848806531015,0.0071684587813619915,3
als|factors=128;epochs=15;regularisation=0.1;alpha=1.0|frac=1.0,software,als,1.0,,,128.0,15.0,0.1,1.0,,,,,,,,0.09667072062330101,0.218637992831541,0.0013506796433870039,0.0005973715651129974,3
als|factors=128;epochs=15;regularisation=0.1;alpha=10.0|frac=1.0,software,als,1.0,,,128.0,15.0,0.1,10.0,,,,,,,,0.12635625944630302,0.218040621266427,0.0012514150905990062,0.004181600955795006,3
als|factors=128;epochs=15;regularisation=0.1;alpha=40.0|frac=1.0,software,als,1.0,,,128.0,15.0,0.1,40.0,,,,,,,,0.126585657201103,0.21505376344086002,0.0006027871332759949,0.0023894862604540157,3
als|factors=128;epochs=30;regularisation=0.001;alpha=1.0|frac=1.0,software,als,1.0,,,128.0,30.0,0.001,1.0,,,,,,,,0.095688718820937,0.21445639187574603,0.004644664850497998,0.001194743130226994,3
als|factors=128;epochs=30;regularisation=0.001;alpha=10.0|frac=1.0,software,als,1.0,,,128.0,30.0,0.001,10.0,,,,,,,,0.126893656303865,0.21983273596176803,0.000882783417649996,0.002986857825567013,3
als|factors=128;epochs=30;regularisation=0.001;alpha=40.0|frac=1.0,software,als,1.0,,,128.0,30.0,0.001,40.0,,,,,,,,0.12675479185642702,0.21505376344086002,0.0002976154059200209,0.001194743130226994,3
als|factors=128;epochs=30;regularisation=0.01;alpha=1.0|frac=1.0,software,als,1.0,,,128.0,30.0,0.01,1.0,,,,,,,,0.09602340292851601,0.21505376344086002,0.004274748959808006,0.001194743130226994,3
als|factors=128;epochs=30;regularisation=0.01;alpha=10.0|frac=1.0,software,als,1.0,,,128.0,30.0,0.01,10.0,,,,,,,,0.12681523223667202,0.21983273596176803,0.0015997474020990055,0.0035842293906810097,3
als|factors=128;epochs=30;regularisation=0.01;alpha=40.0|frac=1.0,software,als,1.0,,,128.0,30.0,0.01,40.0,,,,,,,,0.126699413137029,0.21385902031063303,0.00045166341751398664,0.0017921146953399913,3
als|factors=128;epochs=30;regularisation=0.1;alpha=1.0|frac=1.0,software,als,1.0,,,128.0,30.0,0.1,1.0,,,,,,,,0.09685105745529501,0.21684587813620002,0.003649685060833005,0.0041816009557949785,3
als|factors=128;epochs=30;regularisation=0.1;alpha=10.0|frac=1.0,software,als,1.0,,,128.0,30.0,0.1,10.0,,,,,,,,0.12749089761214902,0.22222222222222202,0.0009870974166509838,0.0029868578255680123,3
als|factors=128;epochs=30;regularisation=0.1;alpha=40.0|frac=1.0,software,als,1.0,,,128.0,30.0,0.1,40.0,,,,,,,,0.126630816048231,0.21445639187574603,0.0014700425553659802,0.0023894862604540157,3
multvae|latent=32;hidden=200;epochs=10;dropout=0.0|frac=0.25,software,multvae,0.25,,,,,,,32.0,200.0,10.0,0.0,,,,0.013867883941819,0.031063321385902003,0.0033243568240709995,0.007765830346476002,3
multvae|latent=32;hidden=200;epochs=10;dropout=0.5|frac=0.25,software,multvae,0.25,,,,,,,32.0,200.0,10.0,0.5,,,,0.013220772832185002,0.030465949820788003,0.0006609094258969994,0.002389486260454002,3
multvae|latent=32;hidden=200;epochs=20;dropout=0.0|frac=0.25,software,multvae,0.25,,,,,,,32.0,200.0,20.0,0.0,,,,0.014742724824968,0.031660692951015,0.0010759111524409996,0.0005973715651129974,3
multvae|latent=32;hidden=200;epochs=20;dropout=0.5|frac=0.25,software,multvae,0.25,,,,,,,32.0,200.0,20.0,0.5,,,,0.013861930529705002,0.032855436081242,0.002964918557322999,0.008960573476703003,3
multvae|latent=32;hidden=600;epochs=10;dropout=0.0|frac=0.25,software,multvae,0.25,,,,,,,32.0,600.0,10.0,0.0,,,,0.021011307722896,0.04540023894862601,0.010398938034421,0.019115890083631997,3
multvae|latent=32;hidden=600;epochs=10;dropout=0.5|frac=0.25,software,multvae,0.25,,,,,,,32.0,600.0,10.0,0.5,,,,0.016882471430846,0.037037037037037,0.0030857268968800013,0.008363201911589,3
multvae|latent=32;hidden=600;epochs=20;dropout=0.0|frac=0.25,software,multvae,0.25,,,,,,,32.0,600.0,20.0,0.0,,,,0.022003666274767002,0.043608124253285,0.005648607750186999,0.004778972520908004,3
multvae|latent=32;hidden=600;epochs=20;dropout=0.5|frac=0.25,software,multvae,0.25,,,,,,,32.0,600.0,20.0,0.5,,,,0.018954900275642002,0.042413381123058,0.002042630625728001,0.007765830346475003,3
multvae|latent=64;hidden=200;epochs=10;dropout=0.0|frac=0.25,software,multvae,0.25,,,,,,,64.0,200.0,10.0,0.0,,,,0.013181909403610002,0.031063321385902003,0.003195163630490999,0.007765830346474999,3
multvae|latent=64;hidden=200;epochs=10;dropout=0.5|frac=0.25,software,multvae,0.25,,,,,,,64.0,200.0,10.0,0.5,,,,0.012962448779676,0.030465949820788003,0.0023209758548050005,0.0053763440860209975,3
multvae|latent=64;hidden=200;epochs=20;dropout=0.0|frac=0.25,software,multvae,0.25,,,,,,,64.0,200.0,20.0,0.0,,,,0.015369151470222001,0.030465949820788003,0.00380446086773,0.006571087216249005,3
multvae|latent=64;hidden=200;epochs=20;dropout=0.5|frac=0.25,software,multvae,0.25,,,,,,,64.0,200.0,20.0,0.5,,,,0.013690540018039002,0.032855436081242,0.0008118127108200004,0.002986857825568002,3
multvae|latent=64;hidden=600;epochs=10;dropout=0.0|frac=0.25,software,multvae,0.25,,,,,,,64.0,600.0,10.0,0.0,,,,0.018666287748923,0.039426523297491,0.009508725433714,0.012544802867384002,3
multvae|latent=64;hidden=600;epochs=10;dropout=0.5|frac=0.25,software,multvae,0.25,,,,,,,64.0,600.0,10.0,0.5,,,,0.014576388641497,0.033452807646356005,0.0009232777451590006,0.0029868578255679984,3
multvae|latent=64;hidden=600;epochs=20;dropout=0.0|frac=0.25,software,multvae,0.25,,,,,,,64.0,600.0,20.0,0.0,,,,0.024313714995478002,0.042413381123058,0.043644922404672,0.13500597371565098,3
multvae|latent=64;hidden=600;epochs=20;dropout=0.5|frac=0.25,software,multvae,0.25,,,,,,,64.0,600.0,20.0,0.5,,,,0.019517025377459002,0.044205495818399006,0.004302773583273998,0.010155316606930004,3
multvae|latent=128;hidden=200;epochs=10;dropout=0.0|frac=0.25,software,multvae,0.25,,,,,,,128.0,200.0,10.0,0.0,,,,0.014864916183691,0.033452807646356005,0.0021989221374720015,0.002389486260453995,3
multvae|latent=128;hidden=200;epochs=10;dropout=0.5|frac=0.25,software,multvae,0.25,,,,,,,128.0,200.0,10.0,0.5,,,,0.014660174374411002,0.03584229390681,0.0036049078561039994,0.011350059737157001,3
multvae|latent=128;hidden=200;epochs=20;dropout=0.0|frac=0.25,software,multvae,0.25,,,,,,,128.0,200.0,20.0,0.0,,,,0.015617163267684002,0.032855436081242,0.0030456596439210025,0.007765830346476002,3
multvae|latent=128;hidden=200;epochs=20;dropout=0.5|frac=0.25,software,multvae,0.25,,,,,,,128.0,200.0,20.0,0.5,,,,0.014479081709981,0.034050179211469,0.0009349382964860004,0.0035842293906809958,3
multvae|latent=128;hidden=600;epochs=10;dropout=0.0|frac=0.25,software,multvae,0.25,,,,,,,128.0,600.0,10.0,0.0,,,,0.015859986193145,0.032855436081242,0.004149913253483002,0.011350059737155999,3
multvae|latent=128;hidden=600;epochs=10;dropout=0.5|frac=0.25,software,multvae,0.25,,,,,,,128.0,600.0,10.0,0.5,,,,0.014045107839281002,0.033452807646356005,0.0008612963070250002,0.0017921146953410044,3
multvae|latent=128;hidden=600;epochs=20;dropout=0.0|frac=0.25,software,multvae,0.25,,,,,,,128.0,600.0,20.0,0.0,,,,0.025775719259994,0.04778972520908,0.010796150258586,0.015531660692950998,3
multvae|latent=128;hidden=600;epochs=20;dropout=0.5|frac=0.25,software,multvae,0.25,,,,,,,128.0,600.0,20.0,0.5,,,,0.02122524031434,0.04958183990442001,0.003316459237608999,0.008960573476701997,3
multvae|latent=32;hidden=200;epochs=10;dropout=0.0|frac=0.5,software,multvae,0.5,,,,,,,32.0,200.0,10.0,0.0,,,,0.019576693115677002,0.039426523297491,0.005263763228045001,0.009557945041816,3
multvae|latent=32;hidden=200;epochs=10;dropout=0.5|frac=0.5,software,multvae,0.5,,,,,,,32.0,200.0,10.0,0.5,,,,0.012508036503141001,0.029868578255675002,0.0011679532496190002,0.0035842293906809992,3
multvae|latent=32;hidden=200;epochs=20;dropout=0.0|frac=0.5,software,multvae,0.5,,,,,,,32.0,200.0,20.0,0.0,,,,0.06435694754562,0.17861409796893601,0.04656766342455,0.11827956989247303,3
multvae|latent=32;hidden=200;epochs=20;dropout=0.5|frac=0.5,software,multvae,0.5,,,,,,,32.0,200.0,20.0,0.5,,,,0.025741840467359,0.053763440860215006,0.0038054526684330008,0.011350059737157005,3
multvae|latent=32;hidden=600;epochs=10;dropout=0.0|frac=0.5,software,multvae,0.5,,,,,,,32.0,600.0,10.0,0.0,,,,0.032917574568598,0.06690561529271201,0.012632698356242002,0.018518518518517997,3
multvae|latent=32;hidden=600;epochs=10;dropout=0.5|frac=0.5,software,multvae,0.5,,,,,,,32.0,600.0,10.0,0.5,,,,0.02294802250347,0.052568697729988005,0.006802017893894001,0.011350059737156998,3
multvae|latent=32;hidden=600;epochs=20;dropout=0.0|frac=0.5,software,multvae,0.5,,,,,,,32.0,600.0,20.0,0.0,,,,0.078391669705226,0.196535244922341,0.020407772192011994,0.013739545997610014,3
multvae|latent=32;hidden=600;epochs=20;dropout=0.5|frac=0.5,software,multvae,0.5,,,,,,,32.0,600.0,20.0,0.5,,,,0.035660484897485,0.077060931899641,0.001425530350628,0.0011947431302270078,3
multvae|latent=64;hidden=200;epochs=10;dropout=0.0|frac=0.5,software,multvae,0.5,,,,,,,64.0,200.0,10.0,0.0,,,,0.014225141401202,0.029868578255675002,0.0018713291299140011,0.005376344086022004,3
multvae|latent=64;hidden=200;epochs=10;dropout=0.5|frac=0.5,software,multvae,0.5,,,,,,,64.0,200.0,10.0,0.5,,,,0.011787255832911,0.028673835125448,0.0024946648811980006,0.0065710872162479984,3
multvae|latent=64;hidden=200;epochs=20;dropout=0.0|frac=0.5,software,multvae,0.5,,,,,,,64.0,200.0,20.0,0.0,,,,0.029012256047633002,0.05495818399044201,0.007519374998547001,0.011350059737155999,3
multvae|latent=64;hidden=200;epochs=20;dropout=0.5|frac=0.5,software,multvae,0.5,,,,,,,64.0,200.0,20.0,0.5,,,,0.024715536075914,0.051971326164874,0.0036293233803889983,0.006571087216248002,3
multvae|latent=64;hidden=600;epochs=10;dropout=0.0|frac=0.5,software,multvae,0.5,,,,,,,64.0,600.0,10.0,0.0,,,,0.029244851610236003,0.06033452807646301,0.009495417817532,0.015531660692951005,3
multvae|latent=64;hidden=600;epochs=10;dropout=0.5|frac=0.5,software,multvae,0.5,,,,,,,64.0,600.0,10.0,0.5,,,,0.023343151686094,0.051971326164874,0.0020539611568,0.008363201911589,3
multvae|latent=64;hidden=600;epochs=20;dropout=0.0|frac=0.5,software,multvae,0.5,,,,,,,64.0,600.0,20.0,0.0,,,,0.08488745747334,0.200716845878136,0.006789880120395997,0.013739545997610986,3
multvae|latent=64;hidden=600;epochs=20;dropout=0.5|frac=0.5,software,multvae,0.5,,,,,,,64.0,600.0,20.0,0.5,,,,0.07363678074237201,0.191756272401433,0.044643333773649,0.127240143369175,3
multvae|latent=128;hidden=200;epochs=10;dropout=0.0|frac=0.5,software,multvae,0.5,,,,,,,128.0,200.0,10.0,0.0,,,,0.015936931747738,0.035244922341696,0.007250726238489,0.009557945041816,3
multvae|latent=128;hidden=200;epochs=10;dropout=0.5|frac=0.5,software,multvae,0.5,,,,,,,128.0,200.0,10.0,0.5,,,,0.012305860363923001,0.029271206690561002,0.002136779317788001,0.0035842293906810027,3
multvae|latent=128;hidden=200;epochs=20;dropout=0.0|frac=0.5,software,multvae,0.5,,,,,,,128.0,200.0,20.0,0.0,,,,0.06647497907817701,0.16905615292712,0.04979519179487901,0.114695340501792,3
multvae|latent=128;hidden=200;epochs=20;dropout=0.5|frac=0.5,software,multvae,0.5,,,,,,,128.0,200.0,20.0,0.5,,,,0.023270180221479003,0.053763440860215006,0.0033948058637460025,0.004778972520908004,3
multvae|latent=128;hidden=600;epochs=10;dropout=0.0|frac=0.5,software,multvae,0.5,,,,,,,128.0,600.0,10.0,0.0,,,,0.033733634747415,0.065710872162485,0.037008751844733,0.116487455197132,3
multvae|latent=128;hidden=600;epochs=10;dropout=0.5|frac=0.5,software,multvae,0.5,,,,,,,128.0,600.0,10.0,0.5,,,,0.022482582154779003,0.048984468339307,0.0026614362501519995,0.007765830346476002,3
multvae|latent=128;hidden=600;epochs=20;dropout=0.0|frac=0.5,software,multvae,0.5,,,,,,,128.0,600.0,20.0,0.0,,,,0.100988375773985,0.202508960573476,0.06207746132053601,0.12485065710872202,3
multvae|latent=128;hidden=600;epochs=20;dropout=0.5|frac=0.5,software,multvae,0.5,,,,,,,128.0,600.0,20.0,0.5,,,,0.037571717677949,0.081839904420549,0.039249208273321005,0.115292712066905,3
multvae|latent=32;hidden=200;epochs=10;dropout=0.0|frac=1.0,software,multvae,1.0,,,,,,,32.0,200.0,10.0,0.0,,,,0.076921219363502,0.17264038231780102,0.016325407528426004,0.004181600955794007,3
multvae|latent=32;hidden=200;epochs=10;dropout=0.5|frac=1.0,software,multvae,1.0,,,,,,,32.0,200.0,10.0,0.5,,,,0.021742969262734002,0.046594982078853,0.038873648145397,0.11529271206690601,3
multvae|latent=32;hidden=200;epochs=20;dropout=0.0|frac=1.0,software,multvae,1.0,,,,,,,32.0,200.0,20.0,0.0,,,,0.11485454912649601,0.196535244922341,0.004966803817008994,0.004181600955795006,3
multvae|latent=32;hidden=200;epochs=20;dropout=0.5|frac=1.0,software,multvae,1.0,,,,,,,32.0,200.0,20.0,0.5,,,,0.11093626577457501,0.18936678614097902,0.004564531529870991,0.010155316606930004,3
multvae|latent=32;hidden=600;epochs=10;dropout=0.0|frac=1.0,software,multvae,1.0,,,,,,,32.0,600.0,10.0,0.0,,,,0.117422054360657,0.201314217443249,0.0032618695417770127,0.006571087216248994,3
multvae|latent=32;hidden=600;epochs=10;dropout=0.5|frac=1.0,software,multvae,1.0,,,,,,,32.0,600.0,10.0,0.5,,,,0.10835132025506501,0.185185185185185,0.009124167923544993,0.015531660692951005,3
multvae|latent=32;hidden=600;epochs=20;dropout=0.0|frac=1.0,software,multvae,1.0,,,,,,,32.0,600.0,20.0,0.0,,,,0.121530413821854,0.213261648745519,0.0025253713359000007,0.005376344086022,3
multvae|latent=32;hidden=600;epochs=20;dropout=0.5|frac=1.0,software,multvae,1.0,,,,,,,32.0,600.0,20.0,0.5,,,,0.119234471456182,0.20908004778972503,0.0037357392383630117,0.011947431302269995,3
multvae|latent=64;hidden=200;epochs=10;dropout=0.0|frac=1.0,software,multvae,1.0,,,,,,,64.0,200.0,10.0,0.0,,,,0.09995856378189501,0.16905615292712,0.017722218944537002,0.0035842293906810097,3
multvae|latent=64;hidden=200;epochs=10;dropout=0.5|frac=1.0,software,multvae,1.0,,,,,,,64.0,200.0,10.0,0.5,,,,0.019699571592192003,0.04540023894862601,0.040447517438815,0.11529271206690501,3
multvae|latent=64;hidden=200;epochs=20;dropout=0.0|frac=1.0,software,multvae,1.0,,,,,,,64.0,200.0,20.0,0.0,,,,0.11754802757302502,0.19952210274790902,0.0029906783742189996,0.012544802867383992,3
multvae|latent=64;hidden=200;epochs=20;dropout=0.5|frac=1.0,software,multvae,1.0,,,,,,,64.0,200.0,20.0,0.5,,,,0.10954297667619702,0.186379928315412,0.0034729937467750105,0.0071684587813619915,3
multvae|latent=64;hidden=600;epochs=10;dropout=0.0|frac=1.0,software,multvae,1.0,,,,,,,64.0,600.0,10.0,0.0,,,,0.11751189560905001,0.20370370370370303,0.008755867863335001,0.017323775388290996,3
multvae|latent=64;hidden=600;epochs=10;dropout=0.5|frac=1.0,software,multvae,1.0,,,,,,,64.0,600.0,10.0,0.5,,,,0.111089223058508,0.189964157706093,0.0019907934687009993,0.0029868578255669853,3
multvae|latent=64;hidden=600;epochs=20;dropout=0.0|frac=1.0,software,multvae,1.0,,,,,,,64.0,600.0,20.0,0.0,,,,0.12188134976556701,0.213261648745519,0.008091191462976988,0.012544802867382993,3
multvae|latent=64;hidden=600;epochs=20;dropout=0.5|frac=1.0,software,multvae,1.0,,,,,,,64.0,600.0,20.0,0.5,,,,0.11808836976476901,0.20908004778972503,0.005887805068798005,0.00896057347670301,3
multvae|latent=128;hidden=200;epochs=10;dropout=0.0|frac=1.0,software,multvae,1.0,,,,,,,128.0,200.0,10.0,0.0,,,,0.076674511497284,0.17264038231780102,0.019568957803171,0.004778972520907976,3
multvae|latent=128;hidden=200;epochs=10;dropout=0.5|frac=1.0,software,multvae,1.0,,,,,,,128.0,200.0,10.0,0.5,,,,0.018052981281696003,0.038829151732377006,0.04171815242229901,0.130227001194743,3
multvae|latent=128;hidden=200;epochs=20;dropout=0.0|frac=1.0,software,multvae,1.0,,,,,,,128.0,200.0,20.0,0.0,,,,0.11495022783403401,0.20430107526881702,0.003007290127585008,0.011350059737155999,3
multvae|latent=128;hidden=200;epochs=20;dropout=0.5|frac=1.0,software,multvae,1.0,,,,,,,128.0,200.0,20.0,0.5,,,,0.10746545992115,0.186379928315412,0.004465228236052998,0.010752688172043001,3
multvae|latent=128;hidden=600;epochs=10;dropout=0.0|frac=1.0,software,multvae,1.0,,,,,,,128.0,600.0,10.0,0.0,,,,0.115072180634102,0.19952210274790902,0.003813048898427998,0.006571087216248994,3
multvae|latent=128;hidden=600;epochs=10;dropout=0.5|frac=1.0,software,multvae,1.0,,,,,,,128.0,600.0,10.0,0.5,,,,0.10666474748471201,0.18339307048984402,0.003990543517650005,0.008363201911589013,3
multvae|latent=128;hidden=600;epochs=20;dropout=0.0|frac=1.0,software,multvae,1.0,,,,,,,128.0,600.0,20.0,0.0,,,,0.12588090291332302,0.22043010752688103,0.008000186188352007,0.00896057347670301,3
multvae|latent=128;hidden=600;epochs=20;dropout=0.5|frac=1.0,software,multvae,1.0,,,,,,,128.0,600.0,20.0,0.5,,,,0.11667672434401201,0.20370370370370303,0.0015130029819370033,0.0023894862604540157,3
markov|order=1;smoothing=0.0;decay=false|frac=0.25,software,markov,0.25,,,,,,,,,,,1.0,0.0,0.0,0.01985354694224,0.034647550776583005,0.0,0.0,1
markov|order=1;smoothing=0.0;decay=true|frac=0.25,software,markov,0.25,,,,,,,,,,,1.0,0.0,1.0,0.020329787511401,0.034647550776583005,0.0,0.0,1
markov|order=1;smoothing=0.1;decay=false|frac=0.25,software,markov,0.25,,,,,,,,,,,1.0,0.1,0.0,0.025901299833889002,0.047192353643966005,0.0,0.0,1
markov|order=1;smoothing=0.1;decay=true|frac=0.25,software,markov,0.25,,,,,,,,,,,1.0,0.1,1.0,0.026382559464661,0.047192353643966005,0.0,0.0,1
markov|order=1;smoothing=0.5;decay=false|frac=0.25,software,markov,0.25,,,,,,,,,,,1.0,0.5,0.0,0.025901299833889002,0.047192353643966005,0.0,0.0,1
markov|order=1;smoothing=0.5;decay=true|frac=0.25,software,markov,0.25,,,,,,,,,,,1.0,0.5,1.0,0.026382559464661,0.047192353643966005,0.0,0.0,1
markov|order=2;smoothing=0.0;decay=false|frac=0.25,software,markov,0.25,,,,,,,,,,,2.0,0.0,0.0,0.019256175377126,0.034050179211469,0.0,0.0,1
markov|order=2;smoothing=0.0;decay=true|frac=0.25,software,markov,0.25,,,,,,,,,,,2.0,0.0,1.0,0.019732415946288002,0.034050179211469,0.0,0.0,1
markov|order=2;smoothing=0.1;decay=false|frac=0.25,software,markov,0.25,,,,,,,,,,,2.0,0.1,0.0,0.025680827763143003,0.047192353643966005,0.0,0.0,1
markov|order=2;smoothing=0.1;decay=true|frac=0.25,software,markov,0.25,,,,,,,,,,,2.0,0.1,1.0,0.026162087393915002,0.047192353643966005,0.0,0.0,1
markov|order=2;smoothing=0.5;decay=false|frac=0.25,software,markov,0.25,,,,,,,,,,,2.0,0.5,0.0,0.025680827763143003,0.047192353643966005,0.0,0.0,1
markov|order=2;smoothing=0.5;decay=true|frac=0.25,software,markov,0.25,,,,,,,,,,,2.0,0.5,1.0,0.026162087393915002,0.047192353643966005,0.0,0.0,1
markov|order=1;smoothing=0.0;decay=false|frac=0.5,software,markov,0.5,,,,,,,,,,,1.0,0.0,0.0,0.029870619627731004,0.051971326164874,0.0,0.0,1
markov|order=1;smoothing=0.0;decay=true|frac=0.5,software,markov,0.5,,,,,,,,,,,1.0,0.0,1.0,0.031810186344176004,0.053166069295101,0.0,0.0,1
markov|order=1;smoothing=0.1;decay=false|frac=0.5,software,markov,0.5,,,,,,,,,,,1.0,0.1,0.0,0.037604620655503004,0.066308243727598,0.0,0.0,1
markov|order=1;smoothing=0.1;decay=true|frac=0.5,software,markov,0.5,,,,,,,,,,,1.0,0.1,1.0,0.037689158672876005,0.066308243727598,0.0,0.0,1
markov|order=1;smoothing=0.5;decay=false|frac=0.5,software,markov,0.5,,,,,,,,,,,1.0,0.5,0.0,0.037553837610498006,0.066308243727598,0.0,0.0,1
markov|order=1;smoothing=0.5;decay=true|frac=0.5,software,markov,0.5,,,,,,,,,,,1.0,0.5,1.0,0.037479865921041,0.065710872162485,0.0,0.0,1
markov|order=2;smoothing=0.0;decay=false|frac=0.5,software,markov,0.5,,,,,,,,,,,2.0,0.0,0.0,0.027385466203714,0.046594982078853,0.0,0.0,1
markov|order=2;smoothing=0.0;decay=true|frac=0.5,software,markov,0.5,,,,,,,,,,,2.0,0.0,1.0,0.029207826447512002,0.04778972520908,0.0,0.0,1
markov|order=2;smoothing=0.1;decay=false|frac=0.5,software,markov,0.5,,,,,,,,,,,2.0,0.1,0.0,0.037508100121633005,0.066308243727598,0.0,0.0,1
markov|order=2;smoothing=0.1;decay=true|frac=0.5,software,markov,0.5,,,,,,,,,,,2.0,0.1,1.0,0.037446833511565004,0.066308243727598,0.0,0.0,1
markov|order=2;smoothing=0.5;decay=false|frac=0.5,software,markov,0.5,,,,,,,,,,,2.0,0.5,0.0,0.037494435931803,0.066308243727598,0.0,0.0,1
markov|order=2;smoothing=0.5;decay=true|frac=0.5,software,markov,0.5,,,,,,,,,,,2.0,0.5,1.0,0.037446833511565004,0.066308243727598,0.0,0.0,1
markov|order=1;smoothing=0.0;decay=false|frac=1.0,software,markov,1.0,,,,,,,,,,,1.0,0.0,0.0,0.038359690889765,0.070489844683393,0.0,0.0,1
markov|order=1;smoothing=0.0;decay=true|frac=1.0,software,markov,1.0,,,,,,,,,,,1.0,0.0,1.0,0.041008973280289004,0.07228195937873301,0.0,0.0,1
markov|order=1;smoothing=0.1;decay=false|frac=1.0,software,markov,1.0,,,,,,,,,,,1.0,0.1,0.0,0.042418767272783,0.081839904420549,0.0,0.0,1
markov|order=1;smoothing=0.1;decay=true|frac=1.0,software,markov,1.0,,,,,,,,,,,1.0,0.1,1.0,0.044001378443783004,0.077060931899641,0.0,0.0,1
markov|order=1;smoothing=0.5;decay=false|frac=1.0,software,markov,1.0,,,,,,,,,,,1.0,0.5,0.0,0.042418767272783,0.081839904420549,0.0,0.0,1
markov|order=1;smoothing=0.5;decay=true|frac=1.0,software,markov,1.0,,,,,,,,,,,1.0,0.5,1.0,0.044298759835335,0.07825567502986801,0.0,0.0,1
markov|order=2;smoothing=0.0;decay=false|frac=1.0,software,markov,1.0,,,,,,,,,,,2.0,0.0,0.0,0.035303839340776,0.062724014336917,0.0,0.0,1
markov|order=2;smoothing=0.0;decay=true|frac=1.0,software,markov,1.0,,,,,,,,,,,2.0,0.0,1.0,0.037764564252081,0.062126642771804005,0.0,0.0,1
markov|order=2;smoothing=0.1;decay=false|frac=1.0,software,markov,1.0,,,,,,,,,,,2.0,0.1,0.0,0.042831044602044004,0.081242532855436,0.0,0.0,1
markov|order=2;smoothing=0.1;decay=true|frac=1.0,software,markov,1.0,,,,,,,,,,,2.0,0.1,1.0,0.044882800001940004,0.077060931899641,0.0,0.0,1
markov|order=2;smoothing=0.5;decay=false|frac=1.0,software,markov,1.0,,,,,,,,,,,2.0,0.5,0.0,0.042831044602044004,0.081242532855436,0.0,0.0,1
markov|order=2;smoothing=0.5;decay=true|frac=1.0,software,markov,1.0,,,,,,,,,,,2.0,0.5,1.0,0.044684960725315005,0.077060931899641,0.0,0.0,1
popularity||frac=0.25,gift_cards,popularity,0.25,,,,,,,,,,,,,,0.069629985537957,0.15812917594654702,0.0,0.0,1
popularity||frac=0.5,gift_cards,popularity,0.5,,,,,,,,,,,,,,0.061838655138196,0.129175946547884,0.0,0.0,1
popularity||frac=1.0,gift_cards,popularity,1.0,,,,,,,,,,,,,,0.06378891947830001,0.129175946547884,0.0,0.0,1
itemknn|topk=10;shrink=0.0|frac=0.25,gift_cards,itemknn,0.25,10.0,0.0,,,,,,,,,,,,0.068394169020542,0.138084632516703,0.0,0.0,1
itemknn|topk=10;shrink=10.0|frac=0.25,gift_cards,itemknn,0.25,10.0,10.0,,,,,,,,,,,,0.072517304177831,0.138084632516703,0.0,0.0,1
itemknn|topk=10;shrink=100.0|frac=0.25,gift_cards,itemknn,0.25,10.0,100.0,,,,,,,,,,,,0.072517304177831,0.138084632516703,0.0,0.0,1
itemknn|topk=50;shrink=0.0|frac=0.25,gift_cards,itemknn,0.25,50.0,0.0,,,,,,,,,,,,0.06828442758570401,0.138084632516703,0.0,0.0,1
itemknn|topk=50;shrink=10.0|frac=0.25,gift_cards,itemknn,0.25,50.0,10.0,,,,,,,,,,,,0.072076163611324,0.138084632516703,0.0,0.0,1
itemknn|topk=50;shrink=100.0|frac=0.25,gift_cards,itemknn,0.25,50.0,100.0,,,,,,,,,,,,0.072076163611324,0.138084632516703,0.0,0.0,1
itemknn|topk=100;shrink=0.0|frac=0.25,gift_cards,itemknn,0.25,100.0,0.0,,,,,,,,,,,,0.06828442758570401,0.138084632516703,0.0,0.0,1
itemknn|topk=100;shrink=10.0|frac=0.25,gift_cards,itemknn,0.25,100.0,10.0,,,,,,,,,,,,0.072076163611324,0.138084632516703,0.0,0.0,1
itemknn|topk=100;shrink=100.0|frac=0.25,gift_cards,itemknn,0.25,100.0,100.0,,,,,,,,,,,,0.072076163611324,0.138084632516703,0.0,0.0,1
itemknn|topk=300;shrink=0.0|frac=0.25,gift_cards,itemknn,0.25,300.0,0.0,,,,,,,,,,,,0.06828442758570401,0.138084632516703,0.0,0.0,1
itemknn|topk=300;shrink=10.0|frac=0.25,gift_cards,itemknn,0.25,300.0,10.0,,,,,,,,,,,,0.072076163611324,0.138084632516703,0.0,0.0,1
itemknn|topk=300;shrink=100.0|frac=0.25,gift_cards,itemknn,0.25,300.0,100.0,,,,,,,,,,,,0.072076163611324,0.138084632516703,0.0,0.0,1
itemknn|topk=10;shrink=0.0|frac=0.5,gift_cards,itemknn,0.5,10.0,0.0,,,,,,,,,,,,0.089124392376971,0.182628062360801,0.0,0.0,1
itemknn|topk=10;shrink=10.0|frac=0.5,gift_cards,itemknn,0.5,10.0,10.0,,,,,,,,,,,,0.10913257423289101,0.21826280623608002,0.0,0.0,1
itemknn|topk=10;shrink=100.0|frac=0.5,gift_cards,itemknn,0.5,10.0,100.0,,,,,,,,,,,,0.10912480515524,0.22271714922049,0.0,0.0,1
itemknn|topk=50;shrink=0.0|frac=0.5,gift_cards,itemknn,0.5,50.0,0.0,,,,,,,,,,,,0.09774214215842901,0.20489977728285003,0.0,0.0,1
itemknn|topk=50;shrink=10.0|frac=0.5,gift_cards,itemknn,0.5,50.0,10.0,,,,,,,,,,,,0.11236974847687901,0.23162583518930902,0.0,0.0,1
itemknn|topk=50;shrink=100.0|frac=0.5,gift_cards,itemknn,0.5,50.0,100.0,,,,,,,,,,,,0.115623800092191,0.242761692650334,0.0,0.0,1
itemknn|topk=100;shrink=0.0|frac=0.5,gift_cards,itemknn,0.5,100.0,0.0,,,,,,,,,,,,0.098412587583071,0.20712694877505503,0.0,0.0,1
itemknn|topk=100;shrink=10.0|frac=0.5,gift_cards,itemknn,0.5,100.0,10.0,,,,,,,,,,,,0.11368949131375501,0.236080178173719,0.0,0.0,1
itemknn|topk=100;shrink=100.0|frac=0.5,gift_cards,itemknn,0.5,100.0,100.0,,,,,,,,,,,,0.11693804245740701,0.247216035634743,0.0,0.0,1
itemknn|topk=300;shrink=0.0|frac=0.5,gift_cards,itemknn,0.5,300.0,0.0,,,,,,,,,,,,0.098412587583071,0.20712694877505503,0.0,0.0,1
itemknn|topk=300;shrink=10.0|frac=0.5,gift_cards,itemknn,0.5,300.0,10.0,,,,,,,,,,,,0.11368949131375501,0.236080178173719,0.0,0.0,1
itemknn|topk=300;shrink=100.0|frac=0.5,gift_cards,itemknn,0.5,300.0,100.0,,,,,,,,,,,,0.11693804245740701,0.247216035634743,0.0,0.0,1
itemknn|topk=10;shrink=0.0|frac=1.0,gift_cards,itemknn,1.0,10.0,0.0,,,,,,,,,,,,0.131921033568297,0.282850779510022,0.0,0.0,1
itemknn|topk=10;shrink=10.0|frac=1.0,gift_cards,itemknn,1.0,10.0,10.0,,,,,,,,,,,,0.141828687147944,0.300668151447661,0.0,0.0,1
itemknn|topk=10;shrink=100.0|frac=1.0,gift_cards,itemknn,1.0,10.0,100.0,,,,,,,,,,,,0.132527573577914,0.269487750556792,0.0,0.0,1
itemknn|topk=50;shrink=0.0|frac=1.0,gift_cards,itemknn,1.0,50.0,0.0,,,,,,,,,,,,0.144234388452138,0.30289532293986604,0.0,0.0,1
itemknn|topk=50;shrink=10.0|frac=1.0,gift_cards,itemknn,1.0,50.0,10.0,,,,,,,,,,,,0.146907283840557,0.305122494432071,0.0,0.0,1
itemknn|topk=50;shrink=100.0|frac=1.0,gift_cards,itemknn,1.0,50.0,100.0,,,,,,,,,,,,0.13801411311806902,0.282850779510022,0.0,0.0,1
itemknn|topk=100;shrink=0.0|frac=1.0,gift_cards,itemknn,1.0,100.0,0.0,,,,,,,,,,,,0.14616101173147,0.30734966592427604,0.0,0.0,1
itemknn|topk=100;shrink=10.0|frac=1.0,gift_cards,itemknn,1.0,100.0,10.0,,,,,,,,,,,,0.15015579114662,0.31625835189309504,0.0,0.0,1
itemknn|topk=100;shrink=100.0|frac=1.0,gift_cards,itemknn,1.0,100.0,100.0,,,,,,,,,,,,0.13923185178075,0.287305122494432,0.0,0.0,1
itemknn|topk=300;shrink=0.0|frac=1.0,gift_cards,itemknn,1.0,300.0,0.0,,,,,,,,,,,,0.14616101173147,0.30734966592427604,0.0,0.0,1
itemknn|topk=300;shrink=10.0|frac=1.0,gift_cards,itemknn,1.0,300.0,10.0,,,,,,,,,,,,0.15015579114662,0.31625835189309504,0.0,0.0,1
itemknn|topk=300;shrink=100.0|frac=1.0,gift_cards,itemknn,1.0,300.0,100.0,,,,,,,,,,,,0.13923185178075,0.287305122494432,0.0,0.0,1
als|factors=16;epochs=5;regularisation=0.001;alpha=1.0|frac=0.25,gift_cards,als,0.25,,,16.0,5.0,0.001,1.0,,,,,,,,0.078616697431776,0.16035634743875202,0.012575857975114998,0.03563474387527901,3
als|factors=16;epochs=5;regularisation=0.001;alpha=10.0|frac=0.25,gift_cards,als,0.25,,,16.0,5.0,0.001,10.0,,,,,,,,0.071086991820518,0.135857461024498,0.009109056671388997,0.02004454342984402,3
als|factors=16;epochs=5;regularisation=0.001;alpha=40.0|frac=0.25,gift_cards,als,0.25,,,16.0,5.0,0.001,40.0,,,,,,,,0.067107114162287,0.126948775055679,0.013054016770344005,0.008908685968819996,3
als|factors=16;epochs=5;regularisation=0.01;alpha=1.0|frac=0.25,gift_cards,als,0.25,,,16.0,5.0,0.01,1.0,,,,,,,,0.078719721812228,0.16035634743875202,0.011785519285691007,0.03340757238307401,3
als|factors=16;epochs=5;regularisation=0.01;alpha=10.0|frac=0.25,gift_cards,als,0.25,,,16.0,5.0,0.01,10.0,,,,,,,,0.07048308477581501,0.135857461024498,0.010591881027645994,0.015590200445434022,3
als|factors=16;epochs=5;regularisation=0.01;alpha=40.0|frac=0.25,gift_cards,als,0.25,,,16.0,5.0,0.01,40.0,,,,,,,,0.061041385096674006,0.122494432071269,0.009931387902741999,0.006681514476614997,3
als|factors=16;epochs=5;regularisation=0.1;alpha=1.0|frac=0.25,gift_cards,als,0.25,,,16.0,5.0,0.1,1.0,,,,,,,,0.078731976422625,0.16258351893095702,0.01198756404107501,0.03340757238307401,3
als|factors=16;epochs=5;regularisation=0.1;alpha=10.0|frac=0.25,gift_cards,als,0.25,,,16.0,5.0,0.1,10.0,,,,,,,,0.068825584824481,0.133630289532294,0.014256025557934995,0.006681514476613998,3
als|factors=16;epochs=5;regularisation=0.1;alpha=40.0|frac=0.25,gift_cards,als,0.25,,,16.0,5.0,0.1,40.0,,,,,,,,0.060141079097990005,0.126948775055679,0.011918707045456008,0.006681514476614997,3
als|factors=16;epochs=15;regularisation=0.001;alpha=1.0|frac=0.25,gift_cards,als,0.25,,,16.0,15.0,0.001,1.0,,,,,,,,0.081310100459521,0.15812917594654702,0.011480326379348996,0.02449888641425399,3
als|factors=16;epochs=15;regularisation=0.001;alpha=10.0|frac=0.25,gift_cards,als,0.25,,,16.0,15.0,0.001,10.0,,,,,,,,0.075155350780059,0.138084632516703,0.01244264702829001,0.015590200445434022,3
als|factors=16;epochs=15;regularisation=0.001;alpha=40.0|frac=0.25,gift_cards,als,0.25,,,16.0,15.0,0.001,40.0,,,,,,,,0.07603274993737501,0.140311804008908,0.005956287693059989,0.013363028953230022,3
als|factors=16;epochs=15;regularisation=0.01;alpha=1.0|frac=0.25,gift_cards,als,0.25,,,16.0,15.0,0.01,1.0,,,,,,,,0.08029561318393001,0.15590200445434302,0.011622240928104002,0.02227171492204899,3
als|factors=16;epochs=15;regularisation=0.01;alpha=10.0|frac=0.25,gift_cards,als,0.25,,,16.0,15.0,0.01,10.0,,,,,,,,0.07635080848702,0.140311804008908,0.010613475682651002,0.015590200445434022,3
als|factors=16;epochs=15;regularisation=0.01;alpha=40.0|frac=0.25,gift_cards,als,0.25,,,16.0,15.0,0.01,40.0,,,,,,,,0.072698409852016,0.135857461024498,0.009651459696008002,0.015590200445434022,3
als|factors=16;epochs=15;regularisation=0.1;alpha=1.0|frac=0.25,gift_cards,als,0.25,,,16.0,15.0,0.1,1.0,,,,,,,,0.08236974640755801,0.16035634743875202,0.010635475231668995,0.02004454342984399,3
als|factors=16;epochs=15;regularisation=0.1;alpha=10.0|frac=0.25,gift_cards,als,0.25,,,16.0,15.0,0.1,10.0,,,,,,,,0.07775574650603001,0.14253897550111302,0.008512806712013002,0.011135857461025023,3
als|factors=16;epochs=15;regularisation=0.1;alpha=40.0|frac=0.25,gift_cards,als,0.25,,,16.0,15.0,0.1,40.0,,,,,,,,0.073846208696681,0.135857461024498,0.006918792269795998,0.004454342984408999,3
als|factors=16;epochs=30;regularisation=0.001;alpha=1.0|frac=0.25,gift_cards,als,0.25,,,16.0,30.0,0.001,1.0,,,,,,,,0.08118173201943801,0.16035634743875202,0.011904589959907008,0.013363028953228995,3
als|factors=16;epochs=30;regularisation=0.001;alpha=10.0|frac=0.25,gift_cards,als,0.25,,,16.0,30.0,0.001,10.0,,,,,,,,0.073634452355088,0.133630289532294,0.004630026514964011,0.013363028953228995,3
als|factors=16;epochs=30;regularisation=0.001;alpha=40.0|frac=0.25,gift_cards,als,0.25,,,16.0,30.0,0.001,40.0,,,,,,,,0.072431187286529,0.133630289532294,0.006346126658839005,0.02004454342984402,3
als|factors=16;epochs=30;regularisation=0.01;alpha=1.0|frac=0.25,gift_cards,als,0.25,,,16.0,30.0,0.01,1.0,,,,,,,,0.079079159738196,0.15590200445434302,0.010970204711163,0.011135857461023996,3
als|factors=16;epochs=30;regularisation=0.01;alpha=10.0|frac=0.25,gift_cards,als,0.25,,,16.0,30.0,0.01,10.0,,,,,,,,0.073853743371128,0.131403118040089,0.003154997514657004,0.011135857461023996,3
als|factors=16;epochs=30;regularisation=0.01;alpha=40.0|frac=0.25,gift_cards,als,0.25,,,16.0,30.0,0.01,40.0,,,,,,,,0.076006380404147,0.140311804008908,0.005196578712522992,0.008908685968820024,3
als|factors=16;epochs=30;regularisation=0.1;alpha=1.0|frac=0.25,gift_cards,als,0.25,,,16.0,30.0,0.1,1.0,,,,,,,,0.08045268045954901,0.15812917594654702,0.012197252050865998,0.015590200445433994,3
als|factors=16;epochs=30;regularisation=0.1;alpha=10.0|frac=0.25,gift_cards,als,0.25,,,16.0,30.0,0.1,10.0,,,,,,,,0.076006156894348,0.135857461024498,0.007465790237294004,0.026726057906459016,3
als|factors=16;epochs=30;regularisation=0.1;alpha=40.0|frac=0.25,gift_cards,als,0.25,,,16.0,30.0,0.1,40.0,,,,,,,,0.075099669716939,0.140311804008908,0.0057846478655649985,0.013363028953229023,3
als|factors=32;epochs=5;regularisation=0.001;alpha=1.0|frac=0.25,gift_cards,als,0.25,,,32.0,5.0,0.001,1.0,,,,,,,,0.058882867851047,0.126948775055679,0.007373634532491,0.03340757238307401,3
als|factors=32;epochs=5;regularisation=0.001;alpha=10.0|frac=0.25,gift_cards,als,0.25,,,32.0,5.0,0.001,10.0,,,,,,,,0.061827525918583,0.131403118040089,0.012224334943123999,0.02004454342984499,3
als|factors=32;epochs=5;regularisation=0.001;alpha=40.0|frac=0.25,gift_cards,als,0.25,,,32.0,5.0,0.001,40.0,,,,,,,,0.06069594013055501,0.122494432071269,0.011339406625212003,0.017817371937638993,3
als|factors=32;epochs=5;regularisation=0.01;alpha=1.0|frac=0.25,gift_cards,als,0.25,,,32.0,5.0,0.01,1.0,,,,,,,,0.058403095143473006,0.124721603563474,0.004850180529858,0.024498886414254017,3
als|factors=32;epochs=5;regularisation=0.01;alpha=10.0|frac=0.25,gift_cards,als,0.25,,,32.0,5.0,0.01,10.0,,,,,,,,0.06193677621904001,0.131403118040089,0.012584995203695,0.02672605790645899,3
als|factors=32;epochs=5;regularisation=0.01;alpha=40.0|frac=0.25,gift_cards,als,0.25,,,32.0,5.0,0.01,40.0,,,,,,,,0.052038433208306006,0.10690423162583501,0.013068861128414003,0.02004454342984399,3
als|factors=32;epochs=5;regularisation=0.1;alpha=1.0|frac=0.25,gift_cards,als,0.25,,,32.0,5.0,0.1,1.0,,,,,,,,0.05832534437642001,0.122494432071269,0.005337495959761997,0.024498886414254017,3
als|factors=32;epochs=5;regularisation=0.1;alpha=10.0|frac=0.25,gift_cards,als,0.25,,,32.0,5.0,0.1,10.0,,,,,,,,0.06384918666859901,0.126948775055679,0.006477540607925998,0.015590200445433994,3
als|factors=32;epochs=5;regularisation=0.1;alpha=40.0|frac=0.25,gift_cards,als,0.25,,,32.0,5.0,0.1,40.0,,,,,,,,0.049834480906652004,0.10467706013363001,0.010485530912515001,0.015590200445433994,3
als|factors=32;epochs=15;regularisation=0.001;alpha=1.0|frac=0.25,gift_cards,als,0.25,,,32.0,15.0,0.001,1.0,,,,,,,,0.057469368148474004,0.133630289532294,0.0035564103313310003,0.011135857461024995,3
als|factors=32;epochs=15;regularisation=0.001;alpha=10.0|frac=0.25,gift_cards,als,0.25,,,32.0,15.0,0.001,10.0,,,,,,,,0.06038674847586101,0.126948775055679,0.007533650088355007,0.02004454342984499,3
als|factors=32;epochs=15;regularisation=0.001;alpha=40.0|frac=0.25,gift_cards,als,0.25,,,32.0,15.0,0.001,40.0,,,,,,,,0.064818283185597,0.126948775055679,0.006263697458785002,0.02895322939866299,3
als|factors=32;epochs=15;regularisation=0.01;alpha=1.0|frac=0.25,gift_cards,als,0.25,,,32.0,15.0,0.01,1.0,,,,,,,,0.05754131322123401,0.131403118040089,0.0027412568590399963,0.011135857461024995,3
als|factors=32;epochs=15;regularisation=0.01;alpha=10.0|frac=0.25,gift_cards,als,0.25,,,32.0,15.0,0.01,10.0,,,,,,,,0.059848157246859005,0.118040089086859,0.006347502151019001,0.013363028953229994,3
als|factors=32;epochs=15;regularisation=0.01;alpha=40.0|frac=0.25,gift_cards,als,0.25,,,32.0,15.0,0.01,40.0,,,,,,,,0.059778814689321,0.124721603563474,0.010640004273298004,0.02449888641425399,3
als|factors=32;epochs=15;regularisation=0.1;alpha=1.0|frac=0.25,gift_cards,als,0.25,,,32.0,15.0,0.1,1.0,,,,,,,,0.05775652528898301,0.133630289532294,0.003551631257092,0.011135857461023996,3
als|factors=32;epochs=15;regularisation=0.1;alpha=10.0|frac=0.25,gift_cards,als,0.25,,,32.0,15.0,0.1,10.0,,,,,,,,0.062312732283888006,0.126948775055679,0.004399395233117005,0.006681514476614997,3
als|factors=32;epochs=15;regularisation=0.1;alpha=40.0|frac=0.25,gift_cards,als,0.25,,,32.0,15.0,0.1,40.0,,,,,,,,0.058126888455945006,0.122494432071269,0.007802463874960003,0.017817371937638993,3
als|factors=32;epochs=30;regularisation=0.001;alpha=1.0|frac=0.25,gift_cards,als,0.25,,,32.0,30.0,0.001,1.0,,,,,,,,0.04942795477357,0.10913140311804001,0.002970924414418999,0.011135857461023996,3
als|factors=32;epochs=30;regularisation=0.001;alpha=10.0|frac=0.25,gift_cards,als,0.25,,,32.0,30.0,0.001,10.0,,,,,,,,0.064192236005886,0.126948775055679,0.0016030024719759922,0.002227171492204999,3
als|factors=32;epochs=30;regularisation=0.001;alpha=40.0|frac=0.25,gift_cards,als,0.25,,,32.0,30.0,0.001,40.0,,,,,,,,0.062672348590132,0.120267260579064,0.0029956160813440005,0.011135857461024995,3
als|factors=32;epochs=30;regularisation=0.01;alpha=1.0|frac=0.25,gift_cards,als,0.25,,,32.0,30.0,0.01,1.0,,,,,,,,0.049460103729298,0.11135857461024501,0.0024247304823939997,0.011135857461023996,3
als|factors=32;epochs=30;regularisation=0.01;alpha=10.0|frac=0.25,gift_cards,als,0.25,,,32.0,30.0,0.01,10.0,,,,,,,,0.062709145224643,0.122494432071269,0.002679914999329,0.006681514476614997,3
als|factors=32;epochs=30;regularisation=0.01;alpha=40.0|frac=0.25,gift_cards,als,0.25,,,32.0,30.0,0.01,40.0,,,,,,,,0.060413672243330004,0.122494432071269,0.0031364974260799997,0.004454342984409998,3
als|factors=32;epochs=30;regularisation=0.1;alpha=1.0|frac=0.25,gift_cards,als,0.25,,,32.0,30.0,0.1,1.0,,,,,,,,0.049499899846331005,0.10690423162583501,0.0036994219725159996,0.011135857461023996,3
als|factors=32;epochs=30;regularisation=0.1;alpha=10.0|frac=0.25,gift_cards,als,0.25,,,32.0,30.0,0.1,10.0,,,,,,,,0.06245554485553201,0.120267260579064,0.0031789679627560047,0.006681514476614997,3
als|factors=32;epochs=30;regularisation=0.1;alpha=40.0|frac=0.25,gift_cards,als,0.25,,,32.0,30.0,0.1,40.0,,,,,,,,0.06198514811082,0.124721603563474,0.004832651871312002,0.011135857461024995,3
als|factors=64;epochs=5;regularisation=0.001;alpha=1.0|frac=0.25,gift_cards,als,0.25,,,64.0,5.0,0.001,1.0,,,,,,,,0.032375038438072004,0.069042316258351,0.012057045706625004,0.028953229398664,3
als|factors=64;epochs=5;regularisation=0.001;alpha=10.0|frac=0.25,gift_cards,als,0.25,,,64.0,5.0,0.001,10.0,,,,,,,,0.037637778242633,0.086859688195991,0.006061238082698997,0.008908685968818997,3
als|factors=64;epochs=5;regularisation=0.001;alpha=40.0|frac=0.25,gift_cards,als,0.25,,,64.0,5.0,0.001,40.0,,,,,,,,0.039244275931525005,0.086859688195991,0.003067117181247997,0.006681514476613998,3
als|factors=64;epochs=5;regularisation=0.01;alpha=1.0|frac=0.25,gift_cards,als,0.25,,,64.0,5.0,0.01,1.0,,,,,,,,0.031559340443097,0.066815144766147,0.010783863386166,0.024498886414254004,3
als|factors=64;epochs=5;regularisation=0.01;alpha=10.0|frac=0.25,gift_cards,als,0.25,,,64.0,5.0,0.01,10.0,,,,,,,,0.039081759945785007,0.084632516703786,0.0028861200670389983,0.013363028953228995,3
als|factors=64;epochs=5;regularisation=0.01;alpha=40.0|frac=0.25,gift_cards,als,0.25,,,64.0,5.0,0.01,40.0,,,,,,,,0.033109071197731,0.069042316258351,0.001934929344888002,0.006681514476615011,3
als|factors=64;epochs=5;regularisation=0.1;alpha=1.0|frac=0.25,gift_cards,als,0.25,,,64.0,5.0,0.1,1.0,,,,,,,,0.032945899757609004,0.071269487750556,0.014829518889826001,0.037861915367483,3
als|factors=64;epochs=5;regularisation=0.1;alpha=10.0|frac=0.25,gift_cards,als,0.25,,,64.0,5.0,0.1,10.0,,,,,,,,0.038301420119557006,0.086859688195991,0.0007201608611240029,0.008908685968819996,3
als|factors=64;epochs=5;regularisation=0.1;alpha=40.0|frac=0.25,gift_cards,als,0.25,,,64.0,5.0,0.1,40.0,,,,,,,,0.033461647661161005,0.069042316258351,0.005670167414087001,0.024498886414254004,3
als|factors=64;epochs=15;regularisation=0.001;alpha=1.0|frac=0.25,gift_cards,als,0.25,,,64.0,15.0,0.001,1.0,,,,,,,,0.038275403804465,0.08240534521158101,0.0036327192529390026,0.008908685968819996,3
als|factors=64;epochs=15;regularisation=0.001;alpha=10.0|frac=0.25,gift_cards,als,0.25,,,64.0,15.0,0.001,10.0,,,,,,,,0.040056534432692005,0.084632516703786,0.005458962081395999,0.013363028953228995,3
als|factors=64;epochs=15;regularisation=0.001;alpha=40.0|frac=0.25,gift_cards,als,0.25,,,64.0,15.0,0.001,40.0,,,,,,,,0.037824015363972,0.08017817371937601,0.006160144345902001,0.008908685968818997,3
als|factors=64;epochs=15;regularisation=0.01;alpha=1.0|frac=0.25,gift_cards,als,0.25,,,64.0,15.0,0.01,1.0,,,,,,,,0.037364427015829,0.08017817371937601,0.0012834004806159954,0.006681514476614997,3
als|factors=64;epochs=15;regularisation=0.01;alpha=10.0|frac=0.25,gift_cards,als,0.25,,,64.0,15.0,0.01,10.0,,,,,,,,0.037554256579974,0.07572383073496601,0.008558079230943004,0.022271714922049005,3
als|factors=64;epochs=15;regularisation=0.01;alpha=40.0|frac=0.25,gift_cards,als,0.25,,,64.0,15.0,0.01,40.0,,,,,,,,0.037099149224923,0.08017817371937601,0.0070798576232780006,0.015590200445433994,3
als|factors=64;epochs=15;regularisation=0.1;alpha=1.0|frac=0.25,gift_cards,als,0.25,,,64.0,15.0,0.1,1.0,,,,,,,,0.038974391944976004,0.08240534521158101,0.0019462058705030025,0.004454342984409998,3
als|factors=64;epochs=15;regularisation=0.1;alpha=10.0|frac=0.25,gift_cards,als,0.25,,,64.0,15.0,0.1,10.0,,,,,,,,0.038847507346583,0.08240534521158101,0.007144879830114997,0.02004454342984399,3
als|factors=64;epochs=15;regularisation=0.1;alpha=40.0|frac=0.25,gift_cards,als,0.25,,,64.0,15.0,0.1,40.0,,,,,,,,0.037452039369093006,0.08017817371937601,0.00459508618045,0.004454342984409998,3
als|factors=64;epochs=30;regularisation=0.001;alpha=1.0|frac=0.25,gift_cards,als,0.25,,,64.0,30.0,0.001,1.0,,,,,,,,0.037270177789296005,0.07795100222717101,0.001734844111948998,0.008908685968819996,3
als|factors=64;epochs=30;regularisation=0.001;alpha=10.0|frac=0.25,gift_cards,als,0.25,,,64.0,30.0,0.001,10.0,,,,,,,,0.041689970956377005,0.086859688195991,0.003464312512692004,0.004454342984408999,3
als|factors=64;epochs=30;regularisation=0.001;alpha=40.0|frac=0.25,gift_cards,als,0.25,,,64.0,30.0,0.001,40.0,,,,,,,,0.040073299987472,0.086859688195991,0.0028352114346529983,0.004454342984408999,3
als|factors=64;epochs=30;regularisation=0.01;alpha=1.0|frac=0.25,gift_cards,als,0.25,,,64.0,30.0,0.01,1.0,,,,,,,,0.03635691042307,0.08017817371937601,0.001892218876222998,0.008908685968819996,3
als|factors=64;epochs=30;regularisation=0.01;alpha=10.0|frac=0.25,gift_cards,als,0.25,,,64.0,30.0,0.01,10.0,,,,,,,,0.042249286809910004,0.089086859688195,0.003256826634403999,0.006681514476613998,3
als|factors=64;epochs=30;regularisation=0.01;alpha=40.0|frac=0.25,gift_cards,als,0.25,,,64.0,30.0,0.01,40.0,,,,,,,,0.040104170835866,0.084632516703786,0.005752547152722005,0.013363028953228995,3
als|factors=64;epochs=30;regularisation=0.1;alpha=1.0|frac=0.25,gift_cards,als,0.25,,,64.0,30.0,0.1,1.0,,,,,,,,0.039937121851803,0.08240534521158101,0.0008874689895410001,0.011135857461023996,3
als|factors=64;epochs=30;regularisation=0.1;alpha=10.0|frac=0.25,gift_cards,als,0.25,,,64.0,30.0,0.1,10.0,,,,,,,,0.043511968061608,0.09576837416481,0.0043749510017330046,0.006681514476614997,3
als|factors=64;epochs=30;regularisation=0.1;alpha=40.0|frac=0.25,gift_cards,als,0.25,,,64.0,30.0,0.1,40.0,,,,,,,,0.041581448530315,0.0913140311804,0.005161525855652001,0.013363028953228995,3
als|factors=128;epochs=5;regularisation=0.001;alpha=1.0|frac=0.25,gift_cards,als,0.25,,,128.0,5.0,0.001,1.0,,,,,,,,0.036830068782298005,0.08240534521158101,0.005805746716370998,0.008908685968819996,3
als|factors=128;epochs=5;regularisation=0.001;alpha=10.0|frac=0.25,gift_cards,als,0.25,,,128.0,5.0,0.001,10.0,,,,,,,,0.045247839257094004,0.09576837416481,0.01752422007274,0.017817371937639007,3
als|factors=128;epochs=5;regularisation=0.001;alpha=40.0|frac=0.25,gift_cards,als,0.25,,,128.0,5.0,0.001,40.0,,,,,,,,0.047413646305723006,0.0913140311804,0.018132918889626003,0.024498886414254004,3
als|factors=128;epochs=5;regularisation=0.01;alpha=1.0|frac=0.25,gift_cards,als,0.25,,,128.0,5.0,0.01,1.0,,,,,,,,0.034301571618066004,0.07572383073496601,0.012497077770078,0.024498886414254004,3
als|factors=128;epochs=5;regularisation=0.01;alpha=10.0|frac=0.25,gift_cards,als,0.25,,,128.0,5.0,0.01,10.0,,,,,,,,0.054692275983263004,0.084632516703786,0.015936777243695,0.033407572383074,3
als|factors=128;epochs=5;regularisation=0.01;alpha=40.0|frac=0.25,gift_cards,als,0.25,,,128.0,5.0,0.01,40.0,,,,,,,,0.063598445279685,0.11358574610244901,0.014760447615315003,0.031180400890867987,3
als|factors=128;epochs=5;regularisation=0.1;alpha=1.0|frac=0.25,gift_cards,als,0.25,,,128.0,5.0,0.1,1.0,,,,,,,,0.038745599426897,0.08240534521158101,0.0022242877331250036,0.006681514476614997,3
als|factors=128;epochs=5;regularisation=0.1;alpha=10.0|frac=0.25,gift_cards,als,0.25,,,128.0,5.0,0.1,10.0,,,,,,,,0.05472645841966801,0.097995545657015,0.003046204610797,0.006681514476615011,3
als|factors=128;epochs=5;regularisation=0.1;alpha=40.0|frac=0.25,gift_cards,als,0.25,,,128.0,5.0,0.1,40.0,,,,,,,,0.05880653523191601,0.11358574610244901,0.008943955930119991,0.017817371937638993,3
als|factors=128;epochs=15;regularisation=0.001;alpha=1.0|frac=0.25,gift_cards,als,0.25,,,128.0,15.0,0.001,1.0,,,,,,,,0.033059749049048,0.08017817371937601,0.005363440371359003,0.004454342984409998,3
als|factors=128;epochs=15;regularisation=0.001;alpha=10.0|frac=0.25,gift_cards,als,0.25,,,128.0,15.0,0.001,10.0,,,,,,,,0.055052287530629004,0.10467706013363001,0.014616782865800003,0.013363028953230008,3
als|factors=128;epochs=15;regularisation=0.001;alpha=40.0|frac=0.25,gift_cards,als,0.25,,,128.0,15.0,0.001,40.0,,,,,,,,0.05229059998886,0.10022271714922001,0.009973795304168004,0.015590200445435007,3
als|factors=128;epochs=15;regularisation=0.01;alpha=1.0|frac=0.25,gift_cards,als,0.25,,,128.0,15.0,0.01,1.0,,,,,,,,0.031786974767071,0.071269487750556,0.004426079798282998,0.00890868596882001,3
als|factors=128;epochs=15;regularisation=0.01;alpha=10.0|frac=0.25,gift_cards,als,0.25,,,128.0,15.0,0.01,10.0,,,,,,,,0.041708568642266006,0.086859688195991,0.007299658432099003,0.004454342984408999,3
als|factors=128;epochs=15;regularisation=0.01;alpha=40.0|frac=0.25,gift_cards,als,0.25,,,128.0,15.0,0.01,40.0,,,,,,,,0.054114029688643005,0.10244988864142501,0.012939067467712,0.02227171492204899,3
als|factors=128;epochs=15;regularisation=0.1;alpha=1.0|frac=0.25,gift_cards,als,0.25,,,128.0,15.0,0.1,1.0,,,,,,,,0.055745228624057,0.122494432071269,0.0037249123340800036,0.013363028953228995,3
als|factors=128;epochs=15;regularisation=0.1;alpha=10.0|frac=0.25,gift_cards,als,0.25,,,128.0,15.0,0.1,10.0,,,,,,,,0.041380222948260006,0.09576837416481,0.004320669267181006,0.013363028953228995,3
als|factors=128;epochs=15;regularisation=0.1;alpha=40.0|frac=0.25,gift_cards,als,0.25,,,128.0,15.0,0.1,40.0,,,,,,,,0.05007959591223501,0.097995545657015,0.009997403543754002,0.013363028953230008,3
als|factors=128;epochs=30;regularisation=0.001;alpha=1.0|frac=0.25,gift_cards,als,0.25,,,128.0,30.0,0.001,1.0,,,,,,,,0.030543945166039,0.071269487750556,0.005612818252103004,0.00890868596882001,3
als|factors=128;epochs=30;regularisation=0.001;alpha=10.0|frac=0.25,gift_cards,als,0.25,,,128.0,30.0,0.001,10.0,,,,,,,,0.04393525019968501,0.089086859688195,0.014668106571978,0.008908685968818997,3
als|factors=128;epochs=30;regularisation=0.001;alpha=40.0|frac=0.25,gift_cards,als,0.25,,,128.0,30.0,0.001,40.0,,,,,,,,0.053774309354491005,0.10022271714922001,0.010303407309339,0.006681514476614997,3
als|factors=128;epochs=30;regularisation=0.01;alpha=1.0|frac=0.25,gift_cards,als,0.25,,,128.0,30.0,0.01,1.0,,,,,,,,0.034624617712492,0.08240534521158101,0.003932349214432002,0.006681514476614997,3
als|factors=128;epochs=30;regularisation=0.01;alpha=10.0|frac=0.25,gift_cards,als,0.25,,,128.0,30.0,0.01,10.0,,,,,,,,0.029415692487694003,0.07349665924276101,0.002439720042219002,0.00890868596881901,3
als|factors=128;epochs=30;regularisation=0.01;alpha=40.0|frac=0.25,gift_cards,als,0.25,,,128.0,30.0,0.01,40.0,,,,,,,,0.039574744335582,0.08017817371937601,0.010644284494796,0.015590200445433994,3
als|factors=128;epochs=30;regularisation=0.1;alpha=1.0|frac=0.25,gift_cards,als,0.25,,,128.0,30.0,0.1,1.0,,,,,,,,0.056987821028098004,0.120267260579064,0.003733727096997,0.011135857461024995,3
als|factors=128;epochs=30;regularisation=0.1;alpha=10.0|frac=0.25,gift_cards,als,0.25,,,128.0,30.0,0.1,10.0,,,,,,,,0.042879665072880005,0.09576837416481,0.006769115298031002,0.013363028953230008,3
als|factors=128;epochs=30;regularisation=0.1;alpha=40.0|frac=0.25,gift_cards,als,0.25,,,128.0,30.0,0.1,40.0,,,,,,,,0.042657495160035,0.08240534521158101,0.012650006660225005,0.017817371937639007,3
als|factors=16;epochs=5;regularisation=0.001;alpha=1.0|frac=0.5,gift_cards,als,0.5,,,16.0,5.0,0.001,1.0,,,,,,,,0.094044739548664,0.173719376391982,0.014996480259467995,0.037861915367483984,3
als|factors=16;epochs=5;regularisation=0.001;alpha=10.0|frac=0.5,gift_cards,als,0.5,,,16.0,5.0,0.001,10.0,,,,,,,,0.092909582508454,0.189309576837416,0.0013518529225370057,0.011135857461024995,3
als|factors=16;epochs=5;regularisation=0.001;alpha=40.0|frac=0.5,gift_cards,als,0.5,,,16.0,5.0,0.001,40.0,,,,,,,,0.088391457509031,0.173719376391982,0.017997964906034003,0.035634743875278985,3
als|factors=16;epochs=5;regularisation=0.01;alpha=1.0|frac=0.5,gift_cards,als,0.5,,,16.0,5.0,0.01,1.0,,,,,,,,0.093347851923402,0.171492204899777,0.01675616054979899,0.04231625835189298,3
als|factors=16;epochs=5;regularisation=0.01;alpha=10.0|frac=0.5,gift_cards,als,0.5,,,16.0,5.0,0.01,10.0,,,,,,,,0.09308770573598801,0.182628062360801,0.001942737769276004,0.011135857461024995,3
als|factors=16;epochs=5;regularisation=0.01;alpha=40.0|frac=0.5,gift_cards,als,0.5,,,16.0,5.0,0.01,40.0,,,,,,,,0.08875971152485801,0.173719376391982,0.00862752043435401,0.017817371937638993,3
als|factors=16;epochs=5;regularisation=0.1;alpha=1.0|frac=0.5,gift_cards,als,0.5,,,16.0,5.0,0.1,1.0,,,,,,,,0.09480316920310501,0.178173719376391,0.018240534477499,0.04231625835189298,3
als|factors=16;epochs=5;regularisation=0.1;alpha=10.0|frac=0.5,gift_cards,als,0.5,,,16.0,5.0,0.1,10.0,,,,,,,,0.09197372602754,0.187082405345211,0.004952998211059004,0.015590200445434993,3
als|factors=16;epochs=5;regularisation=0.1;alpha=40.0|frac=0.5,gift_cards,als,0.5,,,16.0,5.0,0.1,40.0,,,,,,,,0.08887385617808101,0.175946547884187,0.0036505118416339938,0.006681514476613998,3
als|factors=16;epochs=15;regularisation=0.001;alpha=1.0|frac=0.5,gift_cards,als,0.5,,,16.0,15.0,0.001,1.0,,,,,,,,0.09090807009713,0.189309576837416,0.012218690295761003,0.011135857461024995,3
als|factors=16;epochs=15;regularisation=0.001;alpha=10.0|frac=0.5,gift_cards,als,0.5,,,16.0,15.0,0.001,10.0,,,,,,,,0.099096215138949,0.19821826280623603,0.005975467535071,0.015590200445434022,3
als|factors=16;epochs=15;regularisation=0.001;alpha=40.0|frac=0.5,gift_cards,als,0.5,,,16.0,15.0,0.001,40.0,,,,,,,,0.100013609640868,0.20044543429844003,0.0032617106082850067,0.011135857461023996,3
als|factors=16;epochs=15;regularisation=0.01;alpha=1.0|frac=0.5,gift_cards,als,0.5,,,16.0,15.0,0.01,1.0,,,,,,,,0.09283855497012401,0.191536748329621,0.01226559660394401,0.008908685968819996,3
als|factors=16;epochs=15;regularisation=0.01;alpha=10.0|frac=0.5,gift_cards,als,0.5,,,16.0,15.0,0.01,10.0,,,,,,,,0.096384184999786,0.19821826280623603,0.005853633064801009,0.006681514476615025,3
als|factors=16;epochs=15;regularisation=0.01;alpha=40.0|frac=0.5,gift_cards,als,0.5,,,16.0,15.0,0.01,40.0,,,,,,,,0.09792810791532701,0.19821826280623603,0.002655448466148999,0.0066815144766140255,3
als|factors=16;epochs=15;regularisation=0.1;alpha=1.0|frac=0.5,gift_cards,als,0.5,,,16.0,15.0,0.1,1.0,,,,,,,,0.092666487241276,0.191536748329621,0.011265031747042006,0.008908685968819996,3
als|factors=16;epochs=15;regularisation=0.1;alpha=10.0|frac=0.5,gift_cards,als,0.5,,,16.0,15.0,0.1,10.0,,,,,,,,0.09347549516452101,0.191536748329621,0.0023220288187680016,0.004454342984409998,3
als|factors=16;epochs=15;regularisation=0.1;alpha=40.0|frac=0.5,gift_cards,als,0.5,,,16.0,15.0,0.1,40.0,,,,,,,,0.097705720774012,0.191536748329621,0.0035303287036139996,0.002227171492204999,3
als|factors=16;epochs=30;regularisation=0.001;alpha=1.0|frac=0.5,gift_cards,als,0.5,,,16.0,30.0,0.001,1.0,,,,,,,,0.08985361297700101,0.195991091314031,0.009598072628537,0.013363028953229023,3
als|factors=16;epochs=30;regularisation=0.001;alpha=10.0|frac=0.5,gift_cards,als,0.5,,,16.0,30.0,0.001,10.0,,,,,,,,0.096908881486943,0.19821826280623603,0.0033774765587780003,0.0066815144766140255,3
als|factors=16;epochs=30;regularisation=0.001;alpha=40.0|frac=0.5,gift_cards,als,0.5,,,16.0,30.0,0.001,40.0,,,,,,,,0.100048909510346,0.20044543429844003,0.0040197677589910025,0.015590200445434022,3
als|factors=16;epochs=30;regularisation=0.01;alpha=1.0|frac=0.5,gift_cards,als,0.5,,,16.0,30.0,0.01,1.0,,,,,,,,0.088507932853188,0.193763919821826,0.01111840498852601,0.015590200445434022,3
als|factors=16;epochs=30;regularisation=0.01;alpha=10.0|frac=0.5,gift_cards,als,0.5,,,16.0,30.0,0.01,10.0,,,,,,,,0.095460955376298,0.193763919821826,0.0032543823893749907,0.011135857461024024,3
als|factors=16;epochs=30;regularisation=0.01;alpha=40.0|frac=0.5,gift_cards,als,0.5,,,16.0,30.0,0.01,40.0,,,,,,,,0.099812327935397,0.195991091314031,0.004273135607435002,0.015590200445434022,3
als|factors=16;epochs=30;regularisation=0.1;alpha=1.0|frac=0.5,gift_cards,als,0.5,,,16.0,30.0,0.1,1.0,,,,,,,,0.08919717331714601,0.195991091314031,0.010260439845176994,0.013363028953229023,3
als|factors=16;epochs=30;regularisation=0.1;alpha=10.0|frac=0.5,gift_cards,als,0.5,,,16.0,30.0,0.1,10.0,,,,,,,,0.097113832566703,0.19821826280623603,0.003583027033078001,0.0066815144766140255,3
als|factors=16;epochs=30;regularisation=0.1;alpha=40.0|frac=0.5,gift_cards,als,0.5,,,16.0,30.0,0.1,40.0,,,,,,,,0.09955243920414601,0.20044543429844003,0.007195610325808996,0.008908685968819996,3
als|factors=32;epochs=5;regularisation=0.001;alpha=1.0|frac=0.5,gift_cards,als,0.5,,,32.0,5.0,0.001,1.0,,,,,,,,0.082352157717879,0.16035634743875202,0.008624356274638992,0.02449888641425399,3
als|factors=32;epochs=5;regularisation=0.001;alpha=10.0|frac=0.5,gift_cards,als,0.5,,,32.0,5.0,0.001,10.0,,,,,,,,0.080551323798669,0.171492204899777,0.015937562814412998,0.02004454342984399,3
als|factors=32;epochs=5;regularisation=0.001;alpha=40.0|frac=0.5,gift_cards,als,0.5,,,32.0,5.0,0.001,40.0,,,,,,,,0.079974895693011,0.16481069042316202,0.004021145961992004,0.013363028953228995,3
als|factors=32;epochs=5;regularisation=0.01;alpha=1.0|frac=0.5,gift_cards,als,0.5,,,32.0,5.0,0.01,1.0,,,,,,,,0.08265358004472301,0.15812917594654702,0.007769074356913999,0.02449888641425399,3
als|factors=32;epochs=5;regularisation=0.01;alpha=10.0|frac=0.5,gift_cards,als,0.5,,,32.0,5.0,0.01,10.0,,,,,,,,0.075915352482816,0.15812917594654702,0.01563759650188601,0.031180400890867987,3
als|factors=32;epochs=5;regularisation=0.01;alpha=40.0|frac=0.5,gift_cards,als,0.5,,,32.0,5.0,0.01,40.0,,,,,,,,0.069845461761256,0.15144766146993302,0.007492216292921003,0.004454342984409998,3
als|factors=32;epochs=5;regularisation=0.1;alpha=1.0|frac=0.5,gift_cards,als,0.5,,,32.0,5.0,0.1,1.0,,,,,,,,0.083287210176454,0.16035634743875202,0.008454118418200998,0.02449888641425399,3
als|factors=32;epochs=5;regularisation=0.1;alpha=10.0|frac=0.5,gift_cards,als,0.5,,,32.0,5.0,0.1,10.0,,,,,,,,0.07960759324922001,0.16035634743875202,0.014722542816373002,0.02895322939866299,3
als|factors=32;epochs=5;regularisation=0.1;alpha=40.0|frac=0.5,gift_cards,als,0.5,,,32.0,5.0,0.1,40.0,,,,,,,,0.069635729704228,0.15144766146993302,0.016607471919405994,0.015590200445433994,3
als|factors=32;epochs=15;regularisation=0.001;alpha=1.0|frac=0.5,gift_cards,als,0.5,,,32.0,15.0,0.001,1.0,,,,,,,,0.082038838410272,0.15812917594654702,0.005546964969594004,0.011135857461023996,3
als|factors=32;epochs=15;regularisation=0.001;alpha=10.0|frac=0.5,gift_cards,als,0.5,,,32.0,15.0,0.001,10.0,,,,,,,,0.08627287944010101,0.178173719376391,0.010045296245115992,0.02895322939866299,3
als|factors=32;epochs=15;regularisation=0.001;alpha=40.0|frac=0.5,gift_cards,als,0.5,,,32.0,15.0,0.001,40.0,,,,,,,,0.081916012459149,0.171492204899777,0.01258125379451501,0.035634743875277985,3
als|factors=32;epochs=15;regularisation=0.01;alpha=1.0|frac=0.5,gift_cards,als,0.5,,,32.0,15.0,0.01,1.0,,,,,,,,0.083086994261741,0.16035634743875202,0.005605145611789,0.013363028953229994,3
als|factors=32;epochs=15;regularisation=0.01;alpha=10.0|frac=0.5,gift_cards,als,0.5,,,32.0,15.0,0.01,10.0,,,,,,,,0.084283366935875,0.175946547884187,0.007080538508938,0.017817371937638993,3
als|factors=32;epochs=15;regularisation=0.01;alpha=40.0|frac=0.5,gift_cards,als,0.5,,,32.0,15.0,0.01,40.0,,,,,,,,0.07970071972148601,0.169265033407572,0.008805154649504002,0.02449888641425399,3
als|factors=32;epochs=15;regularisation=0.1;alpha=1.0|frac=0.5,gift_cards,als,0.5,,,32.0,15.0,0.1,1.0,,,,,,,,0.08369288813523901,0.16258351893095702,0.005232356404037991,0.011135857461024995,3
als|factors=32;epochs=15;regularisation=0.1;alpha=10.0|frac=0.5,gift_cards,als,0.5,,,32.0,15.0,0.1,10.0,,,,,,,,0.08412852281872,0.173719376391982,0.007456836320431995,0.013363028953228995,3
als|factors=32;epochs=15;regularisation=0.1;alpha=40.0|frac=0.5,gift_cards,als,0.5,,,32.0,15.0,0.1,40.0,,,,,,,,0.08041800815903301,0.16703786191536701,0.005015344628196,0.008908685968819996,3
als|factors=32;epochs=30;regularisation=0.001;alpha=1.0|frac=0.5,gift_cards,als,0.5,,,32.0,30.0,0.001,1.0,,,,,,,,0.089662689926434,0.178173719376391,0.003123406807061996,0.008908685968818997,3
als|factors=32;epochs=30;regularisation=0.001;alpha=10.0|frac=0.5,gift_cards,als,0.5,,,32.0,30.0,0.001,10.0,,,,,,,,0.082739628108159,0.173719376391982,0.007865996651892998,0.017817371937638993,3
als|factors=32;epochs=30;regularisation=0.001;alpha=40.0|frac=0.5,gift_cards,als,0.5,,,32.0,30.0,0.001,40.0,,,,,,,,0.082140855831502,0.169265033407572,0.010154414339583001,0.02449888641425399,3
als|factors=32;epochs=30;regularisation=0.01;alpha=1.0|frac=0.5,gift_cards,als,0.5,,,32.0,30.0,0.01,1.0,,,,,,,,0.08869742402931301,0.173719376391982,0.0011007112105139993,0.006681514476614997,3
als|factors=32;epochs=30;regularisation=0.01;alpha=10.0|frac=0.5,gift_cards,als,0.5,,,32.0,30.0,0.01,10.0,,,,,,,,0.083107930579337,0.175946547884187,0.006848649615384991,0.013363028953228995,3
als|factors=32;epochs=30;regularisation=0.01;alpha=40.0|frac=0.5,gift_cards,als,0.5,,,32.0,30.0,0.01,40.0,,,,,,,,0.08043518172530001,0.171492204899777,0.006332636926542998,0.015590200445433994,3
als|factors=32;epochs=30;regularisation=0.1;alpha=1.0|frac=0.5,gift_cards,als,0.5,,,32.0,30.0,0.1,1.0,,,,,,,,0.08988822151957501,0.175946547884187,0.0004676321373049963,0.004454342984408999,3
als|factors=32;epochs=30;regularisation=0.1;alpha=10.0|frac=0.5,gift_cards,als,0.5,,,32.0,30.0,0.1,10.0,,,,,,,,0.082299296264492,0.171492204899777,0.006230186711000993,0.013363028953228995,3
als|factors=32;epochs=30;regularisation=0.1;alpha=40.0|frac=0.5,gift_cards,als,0.5,,,32.0,30.0,0.1,40.0,,,,,,,,0.081601607963453,0.175946547884187,0.005698546163629012,0.013363028953228995,3
als|factors=64;epochs=5;regularisation=0.001;alpha=1.0|frac=0.5,gift_cards,als,0.5,,,64.0,5.0,0.001,1.0,,,,,,,,0.05779117275817901,0.11581291759465401,0.005481706939569002,0.015590200445433994,3
als|factors=64;epochs=5;regularisation=0.001;alpha=10.0|frac=0.5,gift_cards,als,0.5,,,64.0,5.0,0.001,10.0,,,,,,,,0.06396288920394501,0.131403118040089,0.006228136701844002,0.02004454342984399,3
als|factors=64;epochs=5;regularisation=0.001;alpha=40.0|frac=0.5,gift_cards,als,0.5,,,64.0,5.0,0.001,40.0,,,,,,,,0.065042209506167,0.133630289532294,0.010603762650335004,0.02227171492204902,3
als|factors=64;epochs=5;regularisation=0.01;alpha=1.0|frac=0.5,gift_cards,als,0.5,,,64.0,5.0,0.01,1.0,,,,,,,,0.057622721930145004,0.11581291759465401,0.004717177881484,0.015590200445433994,3
als|factors=64;epochs=5;regularisation=0.01;alpha=10.0|frac=0.5,gift_cards,als,0.5,,,64.0,5.0,0.01,10.0,,,,,,,,0.061316678621567006,0.129175946547884,0.004565121530983998,0.004454342984409998,3
als|factors=64;epochs=5;regularisation=0.01;alpha=40.0|frac=0.5,gift_cards,als,0.5,,,64.0,5.0,0.01,40.0,,,,,,,,0.06211204100647601,0.124721603563474,0.011075988107989994,0.02004454342984399,3
als|factors=64;epochs=5;regularisation=0.1;alpha=1.0|frac=0.5,gift_cards,als,0.5,,,64.0,5.0,0.1,1.0,,,,,,,,0.055585212074187006,0.10913140311804001,0.004133605475466998,0.013363028953228995,3
als|factors=64;epochs=5;regularisation=0.1;alpha=10.0|frac=0.5,gift_cards,als,0.5,,,64.0,5.0,0.1,10.0,,,,,,,,0.06157451238927301,0.126948775055679,0.001958177842729003,0.011135857461023996,3
als|factors=64;epochs=5;regularisation=0.1;alpha=40.0|frac=0.5,gift_cards,als,0.5,,,64.0,5.0,0.1,40.0,,,,,,,,0.059129129979554,0.124721603563474,0.004253758812302999,0.002227171492204999,3
als|factors=64;epochs=15;regularisation=0.001;alpha=1.0|frac=0.5,gift_cards,als,0.5,,,64.0,15.0,0.001,1.0,,,,,,,,0.060069168755131006,0.124721603563474,0.007156704796048997,0.02004454342984399,3
als|factors=64;epochs=15;regularisation=0.001;alpha=10.0|frac=0.5,gift_cards,als,0.5,,,64.0,15.0,0.001,10.0,,,,,,,,0.068120771603592,0.14476614699331802,0.0075298562291370025,0.02004454342984402,3
als|factors=64;epochs=15;regularisation=0.001;alpha=40.0|frac=0.5,gift_cards,als,0.5,,,64.0,15.0,0.001,40.0,,,,,,,,0.065639740070529,0.135857461024498,0.005708514259304007,0.01781737193763902,3
als|factors=64;epochs=15;regularisation=0.01;alpha=1.0|frac=0.5,gift_cards,als,0.5,,,64.0,15.0,0.01,1.0,,,,,,,,0.059537930906479006,0.122494432071269,0.005144691582985,0.02004454342984399,3
als|factors=64;epochs=15;regularisation=0.01;alpha=10.0|frac=0.5,gift_cards,als,0.5,,,64.0,15.0,0.01,10.0,,,,,,,,0.06826642151172001,0.138084632516703,0.0067460185813449924,0.01781737193763902,3
als|factors=64;epochs=15;regularisation=0.01;alpha=40.0|frac=0.5,gift_cards,als,0.5,,,64.0,15.0,0.01,40.0,,,,,,,,0.065278537811923,0.133630289532294,0.0063365155538400025,0.01781737193763902,3
als|factors=64;epochs=15;regularisation=0.1;alpha=1.0|frac=0.5,gift_cards,als,0.5,,,64.0,15.0,0.1,1.0,,,,,,,,0.059286923252607,0.122494432071269,0.0019767186216640004,0.006681514476614997,3
als|factors=64;epochs=15;regularisation=0.1;alpha=10.0|frac=0.5,gift_cards,als,0.5,,,64.0,15.0,0.1,10.0,,,,,,,,0.067852450575314,0.138084632516703,0.007558695522506001,0.02004454342984402,3
als|factors=64;epochs=15;regularisation=0.1;alpha=40.0|frac=0.5,gift_cards,als,0.5,,,64.0,15.0,0.1,40.0,,,,,,,,0.06655495253221,0.140311804008908,0.004600625061513,0.008908685968820024,3
als|factors=64;epochs=30;regularisation=0.001;alpha=1.0|frac=0.5,gift_cards,als,0.5,,,64.0,30.0,0.001,1.0,,,,,,,,0.06024184748197001,0.129175946547884,0.0034112673788900053,0.006681514476614997,3
als|factors=64;epochs=30;regularisation=0.001;alpha=10.0|frac=0.5,gift_cards,als,0.5,,,64.0,30.0,0.001,10.0,,,,,,,,0.06949218501185,0.140311804008908,0.00047197383297099826,0.002227171492204999,3
als|factors=64;epochs=30;regularisation=0.001;alpha=40.0|frac=0.5,gift_cards,als,0.5,,,64.0,30.0,0.001,40.0,,,,,,,,0.07008062540867001,0.14699331848552302,0.005253490776113992,0.015590200445434022,3
als|factors=64;epochs=30;regularisation=0.01;alpha=1.0|frac=0.5,gift_cards,als,0.5,,,64.0,30.0,0.01,1.0,,,,,,,,0.060919279361125005,0.131403118040089,0.003432705003090994,0.006681514476614997,3
als|factors=64;epochs=30;regularisation=0.01;alpha=10.0|frac=0.5,gift_cards,als,0.5,,,64.0,30.0,0.01,10.0,,,,,,,,0.06852956839117101,0.138084632516703,0.00165391650922099,0.002227171492204999,3
als|factors=64;epochs=30;regularisation=0.01;alpha=40.0|frac=0.5,gift_cards,als,0.5,,,64.0,30.0,0.01,40.0,,,,,,,,0.07040370154456001,0.14253897550111302,0.0025398507049959884,0.004454342984410026,3
als|factors=64;epochs=30;regularisation=0.1;alpha=1.0|frac=0.5,gift_cards,als,0.5,,,64.0,30.0,0.1,1.0,,,,,,,,0.06176520910368301,0.131403118040089,0.005630412780195,0.013363028953228995,3
als|factors=64;epochs=30;regularisation=0.1;alpha=10.0|frac=0.5,gift_cards,als,0.5,,,64.0,30.0,0.1,10.0,,,,,,,,0.06929510665593301,0.140311804008908,0.001704164286032997,0.004454342984410026,3
als|factors=64;epochs=30;regularisation=0.1;alpha=40.0|frac=0.5,gift_cards,als,0.5,,,64.0,30.0,0.1,40.0,,,,,,,,0.06898029102539001,0.14253897550111302,0.00030237323425200135,0.004454342984410026,3
als|factors=128;epochs=5;regularisation=0.001;alpha=1.0|frac=0.5,gift_cards,als,0.5,,,128.0,5.0,0.001,1.0,,,,,,,,0.028894495463794002,0.064587973273942,0.004018717069172999,0.006681514476614997,3
als|factors=128;epochs=5;regularisation=0.001;alpha=10.0|frac=0.5,gift_cards,als,0.5,,,128.0,5.0,0.001,10.0,,,,,,,,0.037542289546384,0.07795100222717101,0.010852633283513997,0.017817371937639007,3
als|factors=128;epochs=5;regularisation=0.001;alpha=40.0|frac=0.5,gift_cards,als,0.5,,,128.0,5.0,0.001,40.0,,,,,,,,0.047257779647503,0.097995545657015,0.008765944838114999,0.00890868596882001,3
als|factors=128;epochs=5;regularisation=0.01;alpha=1.0|frac=0.5,gift_cards,als,0.5,,,128.0,5.0,0.01,1.0,,,,,,,,0.028806231882848,0.064587973273942,0.004812852858088003,0.006681514476614997,3
als|factors=128;epochs=5;regularisation=0.01;alpha=10.0|frac=0.5,gift_cards,als,0.5,,,128.0,5.0,0.01,10.0,,,,,,,,0.048469546844206006,0.093541202672605,0.014882649644178,0.022271714922049005,3
als|factors=128;epochs=5;regularisation=0.01;alpha=40.0|frac=0.5,gift_cards,als,0.5,,,128.0,5.0,0.01,40.0,,,,,,,,0.062668776076924,0.118040089086859,0.007032217186931006,0.013363028953229994,3
als|factors=128;epochs=5;regularisation=0.1;alpha=1.0|frac=0.5,gift_cards,als,0.5,,,128.0,5.0,0.1,1.0,,,,,,,,0.035931255483720004,0.084632516703786,0.006770327901437001,0.013363028953229994,3
als|factors=128;epochs=5;regularisation=0.1;alpha=10.0|frac=0.5,gift_cards,als,0.5,,,128.0,5.0,0.1,10.0,,,,,,,,0.050537692334819,0.10244988864142501,0.016569479712308002,0.024498886414254004,3
als|factors=128;epochs=5;regularisation=0.1;alpha=40.0|frac=0.5,gift_cards,als,0.5,,,128.0,5.0,0.1,40.0,,,,,,,,0.07194139957465201,0.14476614699331802,0.017059642747771005,0.031180400890869014,3
als|factors=128;epochs=15;regularisation=0.001;alpha=1.0|frac=0.5,gift_cards,als,0.5,,,128.0,15.0,0.001,1.0,,,,,,,,0.027581075951407002,0.057906458797327004,0.0017165720417740005,0.002227171492204999,3
als|factors=128;epochs=15;regularisation=0.001;alpha=10.0|frac=0.5,gift_cards,als,0.5,,,128.0,15.0,0.001,10.0,,,,,,,,0.032118236603186,0.07572383073496601,0.00585295025256,0.006681514476615011,3
als|factors=128;epochs=15;regularisation=0.001;alpha=40.0|frac=0.5,gift_cards,als,0.5,,,128.0,15.0,0.001,40.0,,,,,,,,0.03986239283086,0.093541202672605,0.011116818982311004,0.011135857461023996,3
als|factors=128;epochs=15;regularisation=0.01;alpha=1.0|frac=0.5,gift_cards,als,0.5,,,128.0,15.0,0.01,1.0,,,,,,,,0.027530131956363002,0.060133630289532,0.0003587253541640009,0.004454342984409998,3
als|factors=128;epochs=15;regularisation=0.01;alpha=10.0|frac=0.5,gift_cards,als,0.5,,,128.0,15.0,0.01,10.0,,,,,,,,0.028155403096902003,0.064587973273942,0.001505268300418,0.006681514476614997,3
als|factors=128;epochs=15;regularisation=0.01;alpha=40.0|frac=0.5,gift_cards,als,0.5,,,128.0,15.0,0.01,40.0,,,,,,,,0.04456075701462801,0.089086859688195,0.016637667897519,0.037861915367484,3
als|factors=128;epochs=15;regularisation=0.1;alpha=1.0|frac=0.5,gift_cards,als,0.5,,,128.0,15.0,0.1,1.0,,,,,,,,0.041657147959471,0.09576837416481,0.0011394485332930013,0.00890868596882001,3
als|factors=128;epochs=15;regularisation=0.1;alpha=10.0|frac=0.5,gift_cards,als,0.5,,,128.0,15.0,0.1,10.0,,,,,,,,0.029328355245741,0.064587973273942,0.0035189081384519975,0.006681514476614997,3
als|factors=128;epochs=15;regularisation=0.1;alpha=40.0|frac=0.5,gift_cards,als,0.5,,,128.0,15.0,0.1,40.0,,,,,,,,0.044521192431834,0.084632516703786,0.009950831715874,0.03563474387527901,3
als|factors=128;epochs=30;regularisation=0.001;alpha=1.0|frac=0.5,gift_cards,als,0.5,,,128.0,30.0,0.001,1.0,,,,,,,,0.029039197729585003,0.062360801781737,0.002848453234700999,0.004454342984409998,3
als|factors=128;epochs=30;regularisation=0.001;alpha=10.0|frac=0.5,gift_cards,als,0.5,,,128.0,30.0,0.001,10.0,,,,,,,,0.030804047005578,0.064587973273942,0.006724126536615999,0.020044543429844006,3
als|factors=128;epochs=30;regularisation=0.001;alpha=40.0|frac=0.5,gift_cards,als,0.5,,,128.0,30.0,0.001,40.0,,,,,,,,0.038618139692641,0.084632516703786,0.005251345127455002,0.008908685968818997,3
als|factors=128;epochs=30;regularisation=0.01;alpha=1.0|frac=0.5,gift_cards,als,0.5,,,128.0,30.0,0.01,1.0,,,,,,,,0.028957791545322003,0.062360801781737,0.001101939074889001,0.002227171492204999,3
als|factors=128;epochs=30;regularisation=0.01;alpha=10.0|frac=0.5,gift_cards,als,0.5,,,128.0,30.0,0.01,10.0,,,,,,,,0.028525756446131003,0.057906458797327004,0.005227842019615004,0.011135857461023996,3
als|factors=128;epochs=30;regularisation=0.01;alpha=40.0|frac=0.5,gift_cards,als,0.5,,,128.0,30.0,0.01,40.0,,,,,,,,0.030623548471287003,0.066815144766147,0.005623592379436999,0.015590200445434008,3
als|factors=128;epochs=30;regularisation=0.1;alpha=1.0|frac=0.5,gift_cards,als,0.5,,,128.0,30.0,0.1,1.0,,,,,,,,0.045688743056593005,0.10467706013363001,0.0009098507771580014,0.006681514476615011,3
als|factors=128;epochs=30;regularisation=0.1;alpha=10.0|frac=0.5,gift_cards,als,0.5,,,128.0,30.0,0.1,10.0,,,,,,,,0.032131575540699,0.07349665924276101,0.002134581267983996,0.00890868596881901,3
als|factors=128;epochs=30;regularisation=0.1;alpha=40.0|frac=0.5,gift_cards,als,0.5,,,128.0,30.0,0.1,40.0,,,,,,,,0.030680323803295002,0.064587973273942,0.004654507848447002,0.013363028953229009,3
als|factors=16;epochs=5;regularisation=0.001;alpha=1.0|frac=1.0,gift_cards,als,1.0,,,16.0,5.0,0.001,1.0,,,,,,,,0.103767488241539,0.21603563474387502,0.014817250213941008,0.015590200445434965,3
als|factors=16;epochs=5;regularisation=0.001;alpha=10.0|frac=1.0,gift_cards,als,1.0,,,16.0,5.0,0.001,10.0,,,,,,,,0.110180655685103,0.23385300668151401,0.010070603703572004,0.028953229398663988,3
als|factors=16;epochs=5;regularisation=0.001;alpha=40.0|frac=1.0,gift_cards,als,1.0,,,16.0,5.0,0.001,40.0,,,,,,,,0.10829788700733702,0.22494432071269402,0.016480893466047003,0.04677060133630301,3
als|factors=16;epochs=5;regularisation=0.01;alpha=1.0|frac=1.0,gift_cards,als,1.0,,,16.0,5.0,0.01,1.0,,,,,,,,0.10403308560203901,0.21826280623608002,0.015038979793807,0.015590200445433994,3
als|factors=16;epochs=5;regularisation=0.01;alpha=10.0|frac=1.0,gift_cards,als,1.0,,,16.0,5.0,0.01,10.0,,,,,,,,0.11069625736401101,0.22717149220489902,0.008518771050513005,0.02004454342984399,3
als|factors=16;epochs=5;regularisation=0.01;alpha=40.0|frac=1.0,gift_cards,als,1.0,,,16.0,5.0,0.01,40.0,,,,,,,,0.101813241316989,0.20712694877505503,0.009330381292146,0.017817371937638993,3
als|factors=16;epochs=5;regularisation=0.1;alpha=1.0|frac=1.0,gift_cards,als,1.0,,,16.0,5.0,0.1,1.0,,,,,,,,0.104561324129015,0.21826280623608002,0.013506952325003,0.011135857461024995,3
als|factors=16;epochs=5;regularisation=0.1;alpha=10.0|frac=1.0,gift_cards,als,1.0,,,16.0,5.0,0.1,10.0,,,,,,,,0.10842416803411101,0.22494432071269402,0.009754817543594002,0.02004454342984402,3
als|factors=16;epochs=5;regularisation=0.1;alpha=40.0|frac=1.0,gift_cards,als,1.0,,,16.0,5.0,0.1,40.0,,,,,,,,0.100931486882237,0.20044543429844003,0.012554042678458,0.033407572383073014,3
als|factors=16;epochs=15;regularisation=0.001;alpha=1.0|frac=1.0,gift_cards,als,1.0,,,16.0,15.0,0.001,1.0,,,,,,,,0.110680430996276,0.22494432071269402,0.008768869660863002,0.011135857461023996,3
als|factors=16;epochs=15;regularisation=0.001;alpha=10.0|frac=1.0,gift_cards,als,1.0,,,16.0,15.0,0.001,10.0,,,,,,,,0.11806993666666601,0.238307349665924,0.015535332734051999,0.02895322939866299,3
als|factors=16;epochs=15;regularisation=0.001;alpha=40.0|frac=1.0,gift_cards,als,1.0,,,16.0,15.0,0.001,40.0,,,,,,,,0.1116580568641,0.22939866369710402,0.009580445752094005,0.015590200445433994,3
als|factors=16;epochs=15;regularisation=0.01;alpha=1.0|frac=1.0,gift_cards,als,1.0,,,16.0,15.0,0.01,1.0,,,,,,,,0.107777050488971,0.21826280623608002,0.007999585258860006,0.008908685968819996,3
als|factors=16;epochs=15;regularisation=0.01;alpha=10.0|frac=1.0,gift_cards,als,1.0,,,16.0,15.0,0.01,10.0,,,,,,,,0.12081863872150701,0.240534521158129,0.011783969340935008,0.02227171492204899,3
als|factors=16;epochs=15;regularisation=0.01;alpha=40.0|frac=1.0,gift_cards,als,1.0,,,16.0,15.0,0.01,40.0,,,,,,,,0.11588991567602101,0.236080178173719,0.009319029393075995,0.028953229398663044,3
als|factors=16;epochs=15;regularisation=0.1;alpha=1.0|frac=1.0,gift_cards,als,1.0,,,16.0,15.0,0.1,1.0,,,,,,,,0.10909837683440901,0.22271714922049,0.011190450013045,0.02004454342984399,3
als|factors=16;epochs=15;regularisation=0.1;alpha=10.0|frac=1.0,gift_cards,als,1.0,,,16.0,15.0,0.1,10.0,,,,,,,,0.117584575279984,0.240534521158129,0.008864351969492007,0.006681514476614997,3
als|factors=16;epochs=15;regularisation=0.1;alpha=40.0|frac=1.0,gift_cards,als,1.0,,,16.0,15.0,0.1,40.0,,,,,,,,0.11026397999802201,0.22717149220489902,0.013045283377148997,0.02672605790645899,3
als|factors=16;epochs=30;regularisation=0.001;alpha=1.0|frac=1.0,gift_cards,als,1.0,,,16.0,30.0,0.001,1.0,,,,,,,,0.110047315029122,0.23162583518930902,0.008976501362669004,0.02004454342984399,3
als|factors=16;epochs=30;regularisation=0.001;alpha=10.0|frac=1.0,gift_cards,als,1.0,,,16.0,30.0,0.001,10.0,,,,,,,,0.11498671888095101,0.23162583518930902,0.009998905937550998,0.013363028953228995,3
als|factors=16;epochs=30;regularisation=0.001;alpha=40.0|frac=1.0,gift_cards,als,1.0,,,16.0,30.0,0.001,40.0,,,,,,,,0.117319659087215,0.242761692650334,0.008389790655122006,0.031180400890868987,3
als|factors=16;epochs=30;regularisation=0.01;alpha=1.0|frac=1.0,gift_cards,als,1.0,,,16.0,30.0,0.01,1.0,,,,,,,,0.113429564097812,0.238307349665924,0.008740969064060009,0.017817371937638993,3
als|factors=16;epochs=30;regularisation=0.01;alpha=10.0|frac=1.0,gift_cards,als,1.0,,,16.0,30.0,0.01,10.0,,,,,,,,0.115851792162711,0.242761692650334,0.008200580384231007,0.006681514476613998,3
als|factors=16;epochs=30;regularisation=0.01;alpha=40.0|frac=1.0,gift_cards,als,1.0,,,16.0,30.0,0.01,40.0,,,,,,,,0.11983670418955401,0.242761692650334,0.015692847859788014,0.04231625835189301,3
als|factors=16;epochs=30;regularisation=0.1;alpha=1.0|frac=1.0,gift_cards,als,1.0,,,16.0,30.0,0.1,1.0,,,,,,,,0.11505096340041801,0.242761692650334,0.007550565624568989,0.015590200445433994,3
als|factors=16;epochs=30;regularisation=0.1;alpha=10.0|frac=1.0,gift_cards,als,1.0,,,16.0,30.0,0.1,10.0,,,,,,,,0.11551583755677401,0.244988864142538,0.0032914157609110067,0.013363028953228995,3
als|factors=16;epochs=30;regularisation=0.1;alpha=40.0|frac=1.0,gift_cards,als,1.0,,,16.0,30.0,0.1,40.0,,,,,,,,0.118315406532079,0.244988864142538,0.0046971566910889995,0.015590200445434022,3
als|factors=32;epochs=5;regularisation=0.001;alpha=1.0|frac=1.0,gift_cards,als,1.0,,,32.0,5.0,0.001,1.0,,,,,,,,0.09896119330467301,0.21158129175946502,0.011935557592260004,0.013363028953229994,3
als|factors=32;epochs=5;regularisation=0.001;alpha=10.0|frac=1.0,gift_cards,als,1.0,,,32.0,5.0,0.001,10.0,,,,,,,,0.10350825405066301,0.20489977728285003,0.013448198821960008,0.04231625835189301,3
als|factors=32;epochs=5;regularisation=0.001;alpha=40.0|frac=1.0,gift_cards,als,1.0,,,32.0,5.0,0.001,40.0,,,,,,,,0.09472454313091201,0.184855233853006,0.01417687176413801,0.031180400890869014,3
als|factors=32;epochs=5;regularisation=0.01;alpha=1.0|frac=1.0,gift_cards,als,1.0,,,32.0,5.0,0.01,1.0,,,,,,,,0.09973455090497801,0.20935412026726002,0.010654079498707003,0.008908685968819996,3
als|factors=32;epochs=5;regularisation=0.01;alpha=10.0|frac=1.0,gift_cards,als,1.0,,,32.0,5.0,0.01,10.0,,,,,,,,0.09731184551850101,0.193763919821826,0.009404755827870995,0.03786191536748301,3
als|factors=32;epochs=5;regularisation=0.01;alpha=40.0|frac=1.0,gift_cards,als,1.0,,,32.0,5.0,0.01,40.0,,,,,,,,0.09057634317671401,0.180400890868596,0.005884135632494,0.02672605790645899,3
als|factors=32;epochs=5;regularisation=0.1;alpha=1.0|frac=1.0,gift_cards,als,1.0,,,32.0,5.0,0.1,1.0,,,,,,,,0.10020414697391401,0.21603563474387502,0.006119426329860997,0.011135857461024995,3
als|factors=32;epochs=5;regularisation=0.1;alpha=10.0|frac=1.0,gift_cards,als,1.0,,,32.0,5.0,0.1,10.0,,,,,,,,0.097309585913204,0.195991091314031,0.005282646782738001,0.02227171492204902,3
als|factors=32;epochs=5;regularisation=0.1;alpha=40.0|frac=1.0,gift_cards,als,1.0,,,32.0,5.0,0.1,40.0,,,,,,,,0.08238488458338901,0.15812917594654702,0.012280997698103008,0.037861915367482984,3
als|factors=32;epochs=15;regularisation=0.001;alpha=1.0|frac=1.0,gift_cards,als,1.0,,,32.0,15.0,0.001,1.0,,,,,,,,0.10026450353668401,0.195991091314031,0.010323932498594007,0.02227171492204902,3
als|factors=32;epochs=15;regularisation=0.001;alpha=10.0|frac=1.0,gift_cards,als,1.0,,,32.0,15.0,0.001,10.0,,,,,,,,0.09761766627305801,0.20489977728285003,0.012593824645693003,0.026726057906459016,3
als|factors=32;epochs=15;regularisation=0.001;alpha=40.0|frac=1.0,gift_cards,als,1.0,,,32.0,15.0,0.001,40.0,,,,,,,,0.09749336264840701,0.20044543429844003,0.01075975348630201,0.03563474387527901,3
als|factors=32;epochs=15;regularisation=0.01;alpha=1.0|frac=1.0,gift_cards,als,1.0,,,32.0,15.0,0.01,1.0,,,,,,,,0.10115337689484401,0.195991091314031,0.010263448292290006,0.02227171492204902,3
als|factors=32;epochs=15;regularisation=0.01;alpha=10.0|frac=1.0,gift_cards,als,1.0,,,32.0,15.0,0.01,10.0,,,,,,,,0.098936772712368,0.20267260579064503,0.010825151446507988,0.02004454342984402,3
als|factors=32;epochs=15;regularisation=0.01;alpha=40.0|frac=1.0,gift_cards,als,1.0,,,32.0,15.0,0.01,40.0,,,,,,,,0.095642605811302,0.189309576837416,0.0025632770121509912,0.02227171492204902,3
als|factors=32;epochs=15;regularisation=0.1;alpha=1.0|frac=1.0,gift_cards,als,1.0,,,32.0,15.0,0.1,1.0,,,,,,,,0.098555216437385,0.191536748329621,0.013706263093093002,0.028953229398664015,3
als|factors=32;epochs=15;regularisation=0.1;alpha=10.0|frac=1.0,gift_cards,als,1.0,,,32.0,15.0,0.1,10.0,,,,,,,,0.10300742339228801,0.20935412026726002,0.009743121623426998,0.017817371937639992,3
als|factors=32;epochs=15;regularisation=0.1;alpha=40.0|frac=1.0,gift_cards,als,1.0,,,32.0,15.0,0.1,40.0,,,,,,,,0.094718793265903,0.187082405345211,0.0022530355328439916,0.008908685968819996,3
als|factors=32;epochs=30;regularisation=0.001;alpha=1.0|frac=1.0,gift_cards,als,1.0,,,32.0,30.0,0.001,1.0,,,,,,,,0.10324435166458301,0.20044543429844003,0.006472737705695009,0.013363028953228995,3
als|factors=32;epochs=30;regularisation=0.001;alpha=10.0|frac=1.0,gift_cards,als,1.0,,,32.0,30.0,0.001,10.0,,,,,,,,0.10006594515755,0.20267260579064503,0.007889596039568,0.024498886414254017,3
als|factors=32;epochs=30;regularisation=0.001;alpha=40.0|frac=1.0,gift_cards,als,1.0,,,32.0,30.0,0.001,40.0,,,,,,,,0.09540051357364701,0.189309576837416,0.003203886811287998,0.006681514476614997,3
als|factors=32;epochs=30;regularisation=0.01;alpha=1.0|frac=1.0,gift_cards,als,1.0,,,32.0,30.0,0.01,1.0,,,,,,,,0.10332315963381701,0.20044543429844003,0.005590233683575002,0.013363028953228995,3
als|factors=32;epochs=30;regularisation=0.01;alpha=10.0|frac=1.0,gift_cards,als,1.0,,,32.0,30.0,0.01,10.0,,,,,,,,0.10317311968273601,0.20267260579064503,0.007687150721050001,0.02227171492204902,3
als|factors=32;epochs=30;regularisation=0.01;alpha=40.0|frac=1.0,gift_cards,als,1.0,,,32.0,30.0,0.01,40.0,,,,,,,,0.096545027464161,0.189309576837416,0.005435725013985995,0.008908685968819996,3
als|factors=32;epochs=30;regularisation=0.1;alpha=1.0|frac=1.0,gift_cards,als,1.0,,,32.0,30.0,0.1,1.0,,,,,,,,0.10395152841534201,0.20267260579064503,0.006407671761757008,0.013363028953229994,3
als|factors=32;epochs=30;regularisation=0.1;alpha=10.0|frac=1.0,gift_cards,als,1.0,,,32.0,30.0,0.1,10.0,,,,,,,,0.096080847816428,0.193763919821826,0.004737539873321997,0.004454342984410026,3
als|factors=32;epochs=30;regularisation=0.1;alpha=40.0|frac=1.0,gift_cards,als,1.0,,,32.0,30.0,0.1,40.0,,,,,,,,0.09504699375815501,0.193763919821826,0.003590096123752995,0.004454342984409998,3
als|factors=64;epochs=5;regularisation=0.001;alpha=1.0|frac=1.0,gift_cards,als,1.0,,,64.0,5.0,0.001,1.0,,,,,,,,0.066582890994082,0.140311804008908,0.0050292030500640045,0.006681514476615025,3
als|factors=64;epochs=5;regularisation=0.001;alpha=10.0|frac=1.0,gift_cards,als,1.0,,,64.0,5.0,0.001,10.0,,,,,,,,0.07395387009496,0.15590200445434302,0.011077594043802999,0.015590200445433994,3
als|factors=64;epochs=5;regularisation=0.001;alpha=40.0|frac=1.0,gift_cards,als,1.0,,,64.0,5.0,0.001,40.0,,,,,,,,0.075701133156946,0.15812917594654702,0.011811466534384002,0.02227171492204899,3
als|factors=64;epochs=5;regularisation=0.01;alpha=1.0|frac=1.0,gift_cards,als,1.0,,,64.0,5.0,0.01,1.0,,,,,,,,0.066320446631943,0.138084632516703,0.006026278792784001,0.006681514476615025,3
als|factors=64;epochs=5;regularisation=0.01;alpha=10.0|frac=1.0,gift_cards,als,1.0,,,64.0,5.0,0.01,10.0,,,,,,,,0.07358239674856201,0.15367483296213802,0.013877870507746012,0.02004454342984502,3
als|factors=64;epochs=5;regularisation=0.01;alpha=40.0|frac=1.0,gift_cards,als,1.0,,,64.0,5.0,0.01,40.0,,,,,,,,0.06737925601945101,0.14253897550111302,0.01088152313882601,0.011135857461024995,3
als|factors=64;epochs=5;regularisation=0.1;alpha=1.0|frac=1.0,gift_cards,als,1.0,,,64.0,5.0,0.1,1.0,,,,,,,,0.067825893112987,0.14476614699331802,0.005770669224298003,0.011135857461025023,3
als|factors=64;epochs=5;regularisation=0.1;alpha=10.0|frac=1.0,gift_cards,als,1.0,,,64.0,5.0,0.1,10.0,,,,,,,,0.07005186929486601,0.14476614699331802,0.009409955809378992,0.01781737193763902,3
als|factors=64;epochs=5;regularisation=0.1;alpha=40.0|frac=1.0,gift_cards,als,1.0,,,64.0,5.0,0.1,40.0,,,,,,,,0.068016943295731,0.14253897550111302,0.015856971173654,0.03786191536748401,3
als|factors=64;epochs=15;regularisation=0.001;alpha=1.0|frac=1.0,gift_cards,als,1.0,,,64.0,15.0,0.001,1.0,,,,,,,,0.07355894179425601,0.15812917594654702,0.004894414435149,0.011135857461023996,3
als|factors=64;epochs=15;regularisation=0.001;alpha=10.0|frac=1.0,gift_cards,als,1.0,,,64.0,15.0,0.001,10.0,,,,,,,,0.077630433130371,0.15367483296213802,0.008829798971430006,0.02004454342984399,3
als|factors=64;epochs=15;regularisation=0.001;alpha=40.0|frac=1.0,gift_cards,als,1.0,,,64.0,15.0,0.001,40.0,,,,,,,,0.07738016795837001,0.16035634743875202,0.001250754430049003,0.006681514476614997,3
als|factors=64;epochs=15;regularisation=0.01;alpha=1.0|frac=1.0,gift_cards,als,1.0,,,64.0,15.0,0.01,1.0,,,,,,,,0.074308184737642,0.16035634743875202,0.006285779877232001,0.013363028953228995,3
als|factors=64;epochs=15;regularisation=0.01;alpha=10.0|frac=1.0,gift_cards,als,1.0,,,64.0,15.0,0.01,10.0,,,,,,,,0.075139417146171,0.14922048997772802,0.012103094728209002,0.03340757238307401,3
als|factors=64;epochs=15;regularisation=0.01;alpha=40.0|frac=1.0,gift_cards,als,1.0,,,64.0,15.0,0.01,40.0,,,,,,,,0.07124255028203601,0.14922048997772802,0.0061945139121159926,0.015590200445433994,3
als|factors=64;epochs=15;regularisation=0.1;alpha=1.0|frac=1.0,gift_cards,als,1.0,,,64.0,15.0,0.1,1.0,,,,,,,,0.072949479918211,0.15590200445434302,0.004564103077647999,0.008908685968818997,3
als|factors=64;epochs=15;regularisation=0.1;alpha=10.0|frac=1.0,gift_cards,als,1.0,,,64.0,15.0,0.1,10.0,,,,,,,,0.073205579945831,0.15144766146993302,0.007079242577182995,0.015590200445433994,3
als|factors=64;epochs=15;regularisation=0.1;alpha=40.0|frac=1.0,gift_cards,als,1.0,,,64.0,15.0,0.1,40.0,,,,,,,,0.069675088724758,0.14476614699331802,0.006297333241516004,0.011135857461024995,3
als|factors=64;epochs=30;regularisation=0.001;alpha=1.0|frac=1.0,gift_cards,als,1.0,,,64.0,30.0,0.001,1.0,,,,,,,,0.072755812490726,0.15590200445434302,0.0022662769446479963,0.0,3
als|factors=64;epochs=30;regularisation=0.001;alpha=10.0|frac=1.0,gift_cards,als,1.0,,,64.0,30.0,0.001,10.0,,,,,,,,0.076309156475984,0.15812917594654702,0.008982801961015002,0.02004454342984399,3
als|factors=64;epochs=30;regularisation=0.001;alpha=40.0|frac=1.0,gift_cards,als,1.0,,,64.0,30.0,0.001,40.0,,,,,,,,0.075030876700045,0.15144766146993302,0.004721738588520999,0.011135857461023996,3
als|factors=64;epochs=30;regularisation=0.01;alpha=1.0|frac=1.0,gift_cards,als,1.0,,,64.0,30.0,0.01,1.0,,,,,,,,0.07153666376492,0.15590200445434302,0.002841316719320003,0.006681514476613998,3
als|factors=64;epochs=30;regularisation=0.01;alpha=10.0|frac=1.0,gift_cards,als,1.0,,,64.0,30.0,0.01,10.0,,,,,,,,0.073899759453287,0.15144766146993302,0.009177616822487009,0.02004454342984399,3
als|factors=64;epochs=30;regularisation=0.01;alpha=40.0|frac=1.0,gift_cards,als,1.0,,,64.0,30.0,0.01,40.0,,,,,,,,0.077793812641548,0.15590200445434302,0.008463422155767994,0.02004454342984399,3
als|factors=64;epochs=30;regularisation=0.1;alpha=1.0|frac=1.0,gift_cards,als,1.0,,,64.0,30.0,0.1,1.0,,,,,,,,0.07229135953514901,0.15590200445434302,0.0031532593055920016,0.004454342984408999,3
als|factors=64;epochs=30;regularisation=0.1;alpha=10.0|frac=1.0,gift_cards,als,1.0,,,64.0,30.0,0.1,10.0,,,,,,,,0.0733503927719,0.15144766146993302,0.005299749387332006,0.008908685968819996,3
als|factors=64;epochs=30;regularisation=0.1;alpha=40.0|frac=1.0,gift_cards,als,1.0,,,64.0,30.0,0.1,40.0,,,,,,,,0.07093706585994401,0.14699331848552302,0.005287814526196005,0.02004454342984399,3
als|factors=128;epochs=5;regularisation=0.001;alpha=1.0|frac=1.0,gift_cards,als,1.0,,,128.0,5.0,0.001,1.0,,,,,,,,0.027336890964316,0.053452115812917006,0.010517643335800003,0.028953229398664,3
als|factors=128;epochs=5;regularisation=0.001;alpha=10.0|frac=1.0,gift_cards,als,1.0,,,128.0,5.0,0.001,10.0,,,,,,,,0.031437500811661,0.064587973273942,0.006843643945544001,0.024498886414254004,3
als|factors=128;epochs=5;regularisation=0.001;alpha=40.0|frac=1.0,gift_cards,als,1.0,,,128.0,5.0,0.001,40.0,,,,,,,,0.039669699808547,0.086859688195991,0.004127424206571001,0.017817371937638993,3
als|factors=128;epochs=5;regularisation=0.01;alpha=1.0|frac=1.0,gift_cards,als,1.0,,,128.0,5.0,0.01,1.0,,,,,,,,0.028829378008515004,0.055679287305122005,0.011225271771972006,0.028953229398664,3
als|factors=128;epochs=5;regularisation=0.01;alpha=10.0|frac=1.0,gift_cards,als,1.0,,,128.0,5.0,0.01,10.0,,,,,,,,0.032963425830076006,0.066815144766147,0.008462114639726001,0.024498886414254004,3
als|factors=128;epochs=5;regularisation=0.01;alpha=40.0|frac=1.0,gift_cards,als,1.0,,,128.0,5.0,0.01,40.0,,,,,,,,0.052096642388317,0.10913140311804001,0.002763016490129,0.020044543429844006,3
als|factors=128;epochs=5;regularisation=0.1;alpha=1.0|frac=1.0,gift_cards,als,1.0,,,128.0,5.0,0.1,1.0,,,,,,,,0.031845599632321,0.064587973273942,0.011323560726861002,0.028953229398663002,3
als|factors=128;epochs=5;regularisation=0.1;alpha=10.0|frac=1.0,gift_cards,als,1.0,,,128.0,5.0,0.1,10.0,,,,,,,,0.037655299614600006,0.08017817371937601,0.011678593881175002,0.031180400890869,3
als|factors=128;epochs=5;regularisation=0.1;alpha=40.0|frac=1.0,gift_cards,als,1.0,,,128.0,5.0,0.1,40.0,,,,,,,,0.06613061156800801,0.138084632516703,0.007650044068476004,0.013363028953229023,3
als|factors=128;epochs=15;regularisation=0.001;alpha=1.0|frac=1.0,gift_cards,als,1.0,,,128.0,15.0,0.001,1.0,,,,,,,,0.036137111518204,0.069042316258351,0.0060768653233509995,0.002227171492204,3
als|factors=128;epochs=15;regularisation=0.001;alpha=10.0|frac=1.0,gift_cards,als,1.0,,,128.0,15.0,0.001,10.0,,,,,,,,0.037854894892186006,0.069042316258351,0.0032378949322900002,0.00890868596882001,3
als|factors=128;epochs=15;regularisation=0.001;alpha=40.0|frac=1.0,gift_cards,als,1.0,,,128.0,15.0,0.001,40.0,,,,,,,,0.03988240273960501,0.084632516703786,0.004366123701719002,0.008908685968819996,3
als|factors=128;epochs=15;regularisation=0.01;alpha=1.0|frac=1.0,gift_cards,als,1.0,,,128.0,15.0,0.01,1.0,,,,,,,,0.036964594721332004,0.069042316258351,0.005344838439130001,0.002227171492204,3
als|factors=128;epochs=15;regularisation=0.01;alpha=10.0|frac=1.0,gift_cards,als,1.0,,,128.0,15.0,0.01,10.0,,,,,,,,0.038795656782117,0.071269487750556,0.007652500687759002,0.006681514476615011,3
als|factors=128;epochs=15;regularisation=0.01;alpha=40.0|frac=1.0,gift_cards,als,1.0,,,128.0,15.0,0.01,40.0,,,,,,,,0.042058301015973,0.08017817371937601,0.005954404122213,0.008908685968819996,3
als|factors=128;epochs=15;regularisation=0.1;alpha=1.0|frac=1.0,gift_cards,als,1.0,,,128.0,15.0,0.1,1.0,,,,,,,,0.038872028271315,0.07795100222717101,0.005919001244984998,0.008908685968819996,3
als|factors=128;epochs=15;regularisation=0.1;alpha=10.0|frac=1.0,gift_cards,als,1.0,,,128.0,15.0,0.1,10.0,,,,,,,,0.039743626210311,0.071269487750556,0.0062014999741530005,0.004454342984410012,3
als|factors=128;epochs=15;regularisation=0.1;alpha=40.0|frac=1.0,gift_cards,als,1.0,,,128.0,15.0,0.1,40.0,,,,,,,,0.03814984015699,0.07572383073496601,0.002852491881697998,0.006681514476614997,3
als|factors=128;epochs=30;regularisation=0.001;alpha=1.0|frac=1.0,gift_cards,als,1.0,,,128.0,30.0,0.001,1.0,,,,,,,,0.037699196161863,0.071269487750556,0.0056369280299259986,0.015590200445434008,3
als|factors=128;epochs=30;regularisation=0.001;alpha=10.0|frac=1.0,gift_cards,als,1.0,,,128.0,30.0,0.001,10.0,,,,,,,,0.038401663286942,0.071269487750556,0.0028258374371750022,0.006681514476615011,3
als|factors=128;epochs=30;regularisation=0.001;alpha=40.0|frac=1.0,gift_cards,als,1.0,,,128.0,30.0,0.001,40.0,,,,,,,,0.039435684475822005,0.07795100222717101,0.0025644524511779995,0.006681514476614997,3
als|factors=128;epochs=30;regularisation=0.01;alpha=1.0|frac=1.0,gift_cards,als,1.0,,,128.0,30.0,0.01,1.0,,,,,,,,0.038375142058165,0.07349665924276101,0.006339522410295,0.017817371937639007,3
als|factors=128;epochs=30;regularisation=0.01;alpha=10.0|frac=1.0,gift_cards,als,1.0,,,128.0,30.0,0.01,10.0,,,,,,,,0.038681475593635,0.07349665924276101,0.0013700583601950062,0.002227171492204999,3
als|factors=128;epochs=30;regularisation=0.01;alpha=40.0|frac=1.0,gift_cards,als,1.0,,,128.0,30.0,0.01,40.0,,,,,,,,0.037137759242791,0.07349665924276101,0.0036077679858700015,0.004454342984410012,3
als|factors=128;epochs=30;regularisation=0.1;alpha=1.0|frac=1.0,gift_cards,als,1.0,,,128.0,30.0,0.1,1.0,,,,,,,,0.036161503001621,0.07795100222717101,0.004409867371585004,0.002227171492204999,3
als|factors=128;epochs=30;regularisation=0.1;alpha=10.0|frac=1.0,gift_cards,als,1.0,,,128.0,30.0,0.1,10.0,,,,,,,,0.040022836626701,0.07572383073496601,0.0029156384238899977,0.004454342984409998,3
als|factors=128;epochs=30;regularisation=0.1;alpha=40.0|frac=1.0,gift_cards,als,1.0,,,128.0,30.0,0.1,40.0,,,,,,,,0.036787305400059006,0.071269487750556,0.0022489568347529992,0.004454342984408999,3
multvae|latent=32;hidden=200;epochs=10;dropout=0.0|frac=0.25,gift_cards,multvae,0.25,,,,,,,32.0,200.0,10.0,0.0,,,,0.081836859108376,0.193763919821826,0.0037028311975700057,0.011135857461024024,3
multvae|latent=32;hidden=200;epochs=10;dropout=0.5|frac=0.25,gift_cards,multvae,0.25,,,,,,,32.0,200.0,10.0,0.5,,,,0.08225368159579201,0.189309576837416,0.013960925201221996,0.04677060133630301,3
multvae|latent=32;hidden=200;epochs=20;dropout=0.0|frac=0.25,gift_cards,multvae,0.25,,,,,,,32.0,200.0,20.0,0.0,,,,0.080182166874352,0.191536748329621,0.0059863252124639915,0.017817371937639992,3
multvae|latent=32;hidden=200;epochs=20;dropout=0.5|frac=0.25,gift_cards,multvae,0.25,,,,,,,32.0,200.0,20.0,0.5,,,,0.08120483761477501,0.184855233853006,0.012181746031555002,0.031180400890868987,3
multvae|latent=32;hidden=600;epochs=10;dropout=0.0|frac=0.25,gift_cards,multvae,0.25,,,,,,,32.0,600.0,10.0,0.0,,,,0.07975383768271001,0.182628062360801,0.015176577689110002,0.04008908685968798,3
multvae|latent=32;hidden=600;epochs=10;dropout=0.5|frac=0.25,gift_cards,multvae,0.25,,,,,,,32.0,600.0,10.0,0.5,,,,0.071366903600555,0.169265033407572,0.010801521892841004,0.011135857461024995,3
multvae|latent=32;hidden=600;epochs=20;dropout=0.0|frac=0.25,gift_cards,multvae,0.25,,,,,,,32.0,600.0,20.0,0.0,,,,0.07858247811131601,0.182628062360801,0.013971639206998995,0.02672605790645899,3
multvae|latent=32;hidden=600;epochs=20;dropout=0.5|frac=0.25,gift_cards,multvae,0.25,,,,,,,32.0,600.0,20.0,0.5,,,,0.08543739368168,0.187082405345211,0.017671396166416997,0.04677060133630301,3
multvae|latent=64;hidden=200;epochs=10;dropout=0.0|frac=0.25,gift_cards,multvae,0.25,,,,,,,64.0,200.0,10.0,0.0,,,,0.084142108875131,0.189309576837416,0.010882119030571999,0.02227171492204899,3
multvae|latent=64;hidden=200;epochs=10;dropout=0.5|frac=0.25,gift_cards,multvae,0.25,,,,,,,64.0,200.0,10.0,0.5,,,,0.076889915204236,0.169265033407572,0.02842892173601401,0.033407572383073986,3
multvae|latent=64;hidden=200;epochs=20;dropout=0.0|frac=0.25,gift_cards,multvae,0.25,,,,,,,64.0,200.0,20.0,0.0,,,,0.084519466661907,0.187082405345211,0.017098737379230997,0.02227171492204899,3
multvae|latent=64;hidden=200;epochs=20;dropout=0.5|frac=0.25,gift_cards,multvae,0.25,,,,,,,64.0,200.0,20.0,0.5,,,,0.081874234879123,0.19821826280623603,0.02188698626630701,0.05122494432071201,3
multvae|latent=64;hidden=600;epochs=10;dropout=0.0|frac=0.25,gift_cards,multvae,0.25,,,,,,,64.0,600.0,10.0,0.0,,,,0.074424882609765,0.16035634743875202,0.014691062258011006,0.04008908685968901,3
multvae|latent=64;hidden=600;epochs=10;dropout=0.5|frac=0.25,gift_cards,multvae,0.25,,,,,,,64.0,600.0,10.0,0.5,,,,0.07922690044500101,0.178173719376391,0.012421212765583,0.03786191536748401,3
multvae|latent=64;hidden=600;epochs=20;dropout=0.0|frac=0.25,gift_cards,multvae,0.25,,,,,,,64.0,600.0,20.0,0.0,,,,0.079689741754507,0.171492204899777,0.028803071492806004,0.055679287305123004,3
multvae|latent=64;hidden=600;epochs=20;dropout=0.5|frac=0.25,gift_cards,multvae,0.25,,,,,,,64.0,600.0,20.0,0.5,,,,0.091524453579143,0.20267260579064503,0.017502041759852996,0.02227171492204902,3
multvae|latent=128;hidden=200;epochs=10;dropout=0.0|frac=0.25,gift_cards,multvae,0.25,,,,,,,128.0,200.0,10.0,0.0,,,,0.068573289989348,0.16703786191536701,0.031869189303678,0.05345211581291798,3
multvae|latent=128;hidden=200;epochs=10;dropout=0.5|frac=0.25,gift_cards,multvae,0.25,,,,,,,128.0,200.0,10.0,0.5,,,,0.074024213121055,0.171492204899777,0.02555123050509,0.06236080178173803,3
multvae|latent=128;hidden=200;epochs=20;dropout=0.0|frac=0.25,gift_cards,multvae,0.25,,,,,,,128.0,200.0,20.0,0.0,,,,0.06846090314608301,0.15144766146993302,0.015595523940940992,0.02895322939866299,3
multvae|latent=128;hidden=200;epochs=20;dropout=0.5|frac=0.25,gift_cards,multvae,0.25,,,,,,,128.0,200.0,20.0,0.5,,,,0.07019370829438801,0.15367483296213802,0.0034641615094389983,0.002227171492204999,3
multvae|latent=128;hidden=600;epochs=10;dropout=0.0|frac=0.25,gift_cards,multvae,0.25,,,,,,,128.0,600.0,10.0,0.0,,,,0.07528585283035501,0.16481069042316202,0.011155367483145995,0.03340757238307401,3
multvae|latent=128;hidden=600;epochs=10;dropout=0.5|frac=0.25,gift_cards,multvae,0.25,,,,,,,128.0,600.0,10.0,0.5,,,,0.070038845593253,0.15144766146993302,0.010268141133713993,0.02895322939866299,3
multvae|latent=128;hidden=600;epochs=20;dropout=0.0|frac=0.25,gift_cards,multvae,0.25,,,,,,,128.0,600.0,20.0,0.0,,,,0.08752690356983801,0.184855233853006,0.01201126816185799,0.04008908685968801,3
multvae|latent=128;hidden=600;epochs=20;dropout=0.5|frac=0.25,gift_cards,multvae,0.25,,,,,,,128.0,600.0,20.0,0.5,,,,0.08816111960690501,0.19821826280623603,0.023022403724771004,0.057906458797327004,3
multvae|latent=32;hidden=200;epochs=10;dropout=0.0|frac=0.5,gift_cards,multvae,0.5,,,,,,,32.0,200.0,10.0,0.0,,,,0.08077025266655401,0.180400890868596,0.025038985392117005,0.06904231625835203,3
multvae|latent=32;hidden=200;epochs=10;dropout=0.5|frac=0.5,gift_cards,multvae,0.5,,,,,,,32.0,200.0,10.0,0.5,,,,0.074936850383781,0.15812917594654702,0.00569434635471,0.031180400890867987,3
multvae|latent=32;hidden=200;epochs=20;dropout=0.0|frac=0.5,gift_cards,multvae,0.5,,,,,,,32.0,200.0,20.0,0.0,,,,0.10345418643804401,0.21826280623608002,0.020763373111164996,0.035634743875278985,3
multvae|latent=32;hidden=200;epochs=20;dropout=0.5|frac=0.5,gift_cards,multvae,0.5,,,,,,,32.0,200.0,20.0,0.5,,,,0.083186891960233,0.180400890868596,0.0033367463555079996,0.008908685968819996,3
multvae|latent=32;hidden=600;epochs=10;dropout=0.0|frac=0.5,gift_cards,multvae,0.5,,,,,,,32.0,600.0,10.0,0.0,,,,0.094259135279361,0.20267260579064503,0.0003423138607430015,0.011135857461024024,3
multvae|latent=32;hidden=600;epochs=10;dropout=0.5|frac=0.5,gift_cards,multvae,0.5,,,,,,,32.0,600.0,10.0,0.5,,,,0.09221706218332301,0.189309576837416,0.006494776354412007,0.008908685968819996,3
multvae|latent=32;hidden=600;epochs=20;dropout=0.0|frac=0.5,gift_cards,multvae,0.5,,,,,,,32.0,600.0,20.0,0.0,,,,0.11014557232703001,0.25167037861915303,0.023066252561417006,0.04677060133630204,3
multvae|latent=32;hidden=600;epochs=20;dropout=0.5|frac=0.5,gift_cards,multvae,0.5,,,,,,,32.0,600.0,20.0,0.5,,,,0.125022448862835,0.26057906458797303,0.013809936956226995,0.028953229398664015,3
multvae|latent=64;hidden=200;epochs=10;dropout=0.0|frac=0.5,gift_cards,multvae,0.5,,,,,,,64.0,200.0,10.0,0.0,,,,0.082608534197758,0.169265033407572,0.012708920017809003,0.013363028953228995,3
multvae|latent=64;hidden=200;epochs=10;dropout=0.5|frac=0.5,gift_cards,multvae,0.5,,,,,,,64.0,200.0,10.0,0.5,,,,0.07754647138682301,0.173719376391982,0.027167459788295996,0.066815144766147,3
multvae|latent=64;hidden=200;epochs=20;dropout=0.0|frac=0.5,gift_cards,multvae,0.5,,,,,,,64.0,200.0,20.0,0.0,,,,0.10113949362448901,0.20935412026726002,0.01621559752545801,0.035634743875278985,3
multvae|latent=64;hidden=200;epochs=20;dropout=0.5|frac=0.5,gift_cards,multvae,0.5,,,,,,,64.0,200.0,20.0,0.5,,,,0.08581571917342401,0.184855233853006,0.020461578978568998,0.057906458797328,3
multvae|latent=64;hidden=600;epochs=10;dropout=0.0|frac=0.5,gift_cards,multvae,0.5,,,,,,,64.0,600.0,10.0,0.0,,,,0.096815181604816,0.21158129175946502,0.008538054579266999,0.006681514476614997,3
multvae|latent=64;hidden=600;epochs=10;dropout=0.5|frac=0.5,gift_cards,multvae,0.5,,,,,,,64.0,600.0,10.0,0.5,,,,0.08792287083867101,0.189309576837416,0.005809997108869994,0.035634743875277985,3
multvae|latent=64;hidden=600;epochs=20;dropout=0.0|frac=0.5,gift_cards,multvae,0.5,,,,,,,64.0,600.0,20.0,0.0,,,,0.11684336665223001,0.242761692650334,0.022615722592187013,0.031180400890868015,3
multvae|latent=64;hidden=600;epochs=20;dropout=0.5|frac=0.5,gift_cards,multvae,0.5,,,,,,,64.0,600.0,20.0,0.5,,,,0.12476473996094702,0.26503340757238303,0.005644406658389986,0.008908685968818997,3
multvae|latent=128;hidden=200;epochs=10;dropout=0.0|frac=0.5,gift_cards,multvae,0.5,,,,,,,128.0,200.0,10.0,0.0,,,,0.079571104191789,0.175946547884187,0.01732567899156301,0.035634743875277985,3
multvae|latent=128;hidden=200;epochs=10;dropout=0.5|frac=0.5,gift_cards,multvae,0.5,,,,,,,128.0,200.0,10.0,0.5,,,,0.072083551812817,0.15144766146993302,0.014288202278931003,0.051224944320713006,3
multvae|latent=128;hidden=200;epochs=20;dropout=0.0|frac=0.5,gift_cards,multvae,0.5,,,,,,,128.0,200.0,20.0,0.0,,,,0.092174430532347,0.193763919821826,0.012631385155589994,0.02004454342984402,3
multvae|latent=128;hidden=200;epochs=20;dropout=0.5|frac=0.5,gift_cards,multvae,0.5,,,,,,,128.0,200.0,20.0,0.5,,,,0.08185471104301101,0.173719376391982,0.0037275709912869964,0.011135857461024995,3
multvae|latent=128;hidden=600;epochs=10;dropout=0.0|frac=0.5,gift_cards,multvae,0.5,,,,,,,128.0,600.0,10.0,0.0,,,,0.096392691617964,0.195991091314031,0.013972918017872996,0.03340757238307401,3
multvae|latent=128;hidden=600;epochs=10;dropout=0.5|frac=0.5,gift_cards,multvae,0.5,,,,,,,128.0,600.0,10.0,0.5,,,,0.08128620323072301,0.16481069042316202,0.017069231325029993,0.04231625835189298,3
multvae|latent=128;hidden=600;epochs=20;dropout=0.0|frac=0.5,gift_cards,multvae,0.5,,,,,,,128.0,600.0,20.0,0.0,,,,0.12633062892000002,0.271714922048997,0.020416672942451017,0.037861915367482984,3
multvae|latent=128;hidden=600;epochs=20;dropout=0.5|frac=0.5,gift_cards,multvae,0.5,,,,,,,128.0,600.0,20.0,0.5,,,,0.12372861475591401,0.25612472160356303,0.005265528618706994,0.008908685968819996,3
multvae|latent=32;hidden=200;epochs=10;dropout=0.0|frac=1.0,gift_cards,multvae,1.0,,,,,,,32.0,200.0,10.0,0.0,,,,0.072183293672525,0.138084632516703,0.008592986050084003,0.011135857461024024,3
multvae|latent=32;hidden=200;epochs=10;dropout=0.5|frac=1.0,gift_cards,multvae,1.0,,,,,,,32.0,200.0,10.0,0.5,,,,0.06906997765110401,0.138084632516703,0.004830808530156994,0.011135857461023996,3
multvae|latent=32;hidden=200;epochs=20;dropout=0.0|frac=1.0,gift_cards,multvae,1.0,,,,,,,32.0,200.0,20.0,0.0,,,,0.13387147584593,0.291759465478841,0.0038981309816989995,0.0022271714922050267,3
multvae|latent=32;hidden=200;epochs=20;dropout=0.5|frac=1.0,gift_cards,multvae,1.0,,,,,,,32.0,200.0,20.0,0.5,,,,0.12386242849505501,0.262806236080178,0.022244194124806008,0.060133630289532,3
multvae|latent=32;hidden=600;epochs=10;dropout=0.0|frac=1.0,gift_cards,multvae,1.0,,,,,,,32.0,600.0,10.0,0.0,,,,0.127444610038512,0.271714922048997,0.012233413989861996,0.017817371937638993,3
multvae|latent=32;hidden=600;epochs=10;dropout=0.5|frac=1.0,gift_cards,multvae,1.0,,,,,,,32.0,600.0,10.0,0.5,,,,0.115185980142312,0.236080178173719,0.011542921574016998,0.02227171492204899,3
multvae|latent=32;hidden=600;epochs=20;dropout=0.0|frac=1.0,gift_cards,multvae,1.0,,,,,,,32.0,600.0,20.0,0.0,,,,0.13174126162108102,0.276169265033407,0.017690625754962025,0.03563474387527804,3
multvae|latent=32;hidden=600;epochs=20;dropout=0.5|frac=1.0,gift_cards,multvae,1.0,,,,,,,32.0,600.0,20.0,0.5,,,,0.14111013287114102,0.29844097995545604,0.006137475703587025,0.008908685968819996,3
multvae|latent=64;hidden=200;epochs=10;dropout=0.0|frac=1.0,gift_cards,multvae,1.0,,,,,,,64.0,200.0,10.0,0.0,,,,0.069072279483348,0.135857461024498,0.00873963668071201,0.015590200445433994,3
multvae|latent=64;hidden=200;epochs=10;dropout=0.5|frac=1.0,gift_cards,multvae,1.0,,,,,,,64.0,200.0,10.0,0.5,,,,0.063284096153426,0.122494432071269,0.007210084489589007,0.015590200445434993,3
multvae|latent=64;hidden=200;epochs=20;dropout=0.0|frac=1.0,gift_cards,multvae,1.0,,,,,,,64.0,200.0,20.0,0.0,,,,0.135489920705542,0.287305122494432,0.004020147178808026,0.017817371937638993,3
multvae|latent=64;hidden=200;epochs=20;dropout=0.5|frac=1.0,gift_cards,multvae,1.0,,,,,,,64.0,200.0,20.0,0.5,,,,0.119532771426333,0.247216035634743,0.02135837688568601,0.03563474387527801,3
multvae|latent=64;hidden=600;epochs=10;dropout=0.0|frac=1.0,gift_cards,multvae,1.0,,,,,,,64.0,600.0,10.0,0.0,,,,0.12434138257931801,0.262806236080178,0.013162984485068002,0.031180400890867987,3
multvae|latent=64;hidden=600;epochs=10;dropout=0.5|frac=1.0,gift_cards,multvae,1.0,,,,,,,64.0,600.0,10.0,0.5,,,,0.108620638401224,0.22048997772828502,0.007890686692057003,0.011135857461023996,3
multvae|latent=64;hidden=600;epochs=20;dropout=0.0|frac=1.0,gift_cards,multvae,1.0,,,,,,,64.0,600.0,20.0,0.0,,,,0.13892062201837002,0.29398663697104604,0.00707906432983002,0.035634743875277985,3
multvae|latent=64;hidden=600;epochs=20;dropout=0.5|frac=1.0,gift_cards,multvae,1.0,,,,,,,64.0,600.0,20.0,0.5,,,,0.138158763548827,0.28953229398663705,0.003367953763711018,0.004454342984409998,3
multvae|latent=128;hidden=200;epochs=10;dropout=0.0|frac=1.0,gift_cards,multvae,1.0,,,,,,,128.0,200.0,10.0,0.0,,,,0.074113364104484,0.138084632516703,0.004573569421918,0.013363028953230022,3
multvae|latent=128;hidden=200;epochs=10;dropout=0.5|frac=1.0,gift_cards,multvae,1.0,,,,,,,128.0,200.0,10.0,0.5,,,,0.07161917943866601,0.135857461024498,0.0033803374206929915,0.006681514476615025,3
multvae|latent=128;hidden=200;epochs=20;dropout=0.0|frac=1.0,gift_cards,multvae,1.0,,,,,,,128.0,200.0,20.0,0.0,,,,0.13436282585145,0.296213808463251,0.014234160704583998,0.017817371937638993,3
multvae|latent=128;hidden=200;epochs=20;dropout=0.5|frac=1.0,gift_cards,multvae,1.0,,,,,,,128.0,200.0,20.0,0.5,,,,0.12017105533958101,0.25612472160356303,0.0042011600235539875,0.011135857461025023,3
multvae|latent=128;hidden=600;epochs=10;dropout=0.0|frac=1.0,gift_cards,multvae,1.0,,,,,,,128.0,600.0,10.0,0.0,,,,0.12754281948682902,0.276169265033407,0.019065813543441,0.04677060133630301,3
multvae|latent=128;hidden=600;epochs=10;dropout=0.5|frac=1.0,gift_cards,multvae,1.0,,,,,,,128.0,600.0,10.0,0.5,,,,0.111979055547511,0.22939866369710402,0.011235226602862997,0.015590200445434993,3
multvae|latent=128;hidden=600;epochs=20;dropout=0.0|frac=1.0,gift_cards,multvae,1.0,,,,,,,128.0,600.0,20.0,0.0,,,,0.14753776635548002,0.31403118040089,0.014231739632242002,0.03786191536748301,3
multvae|latent=128;hidden=600;epochs=20;dropout=0.5|frac=1.0,gift_cards,multvae,1.0,,,,,,,128.0,600.0,20.0,0.5,,,,0.13958804583729,0.29844097995545604,0.00732929230750301,0.006681514476614969,3
markov|order=1;smoothing=0.0;decay=false|frac=0.25,gift_cards,markov,0.25,,,,,,,,,,,1.0,0.0,0.0,0.06328140465903001,0.122494432071269,0.0,0.0,1
markov|order=1;smoothing=0.0;decay=true|frac=0.25,gift_cards,markov,0.25,,,,,,,,,,,1.0,0.0,1.0,0.06213262076587701,0.122494432071269,0.0,0.0,1
markov|order=1;smoothing=0.1;decay=false|frac=0.25,gift_cards,markov,0.25,,,,,,,,,,,1.0,0.1,0.0,0.07734164675181901,0.15590200445434302,0.0,0.0,1
markov|order=1;smoothing=0.1;decay=true|frac=0.25,gift_cards,markov,0.25,,,,,,,,,,,1.0,0.1,1.0,0.075543286095285,0.15590200445434302,0.0,0.0,1
markov|order=1;smoothing=0.5;decay=false|frac=0.25,gift_cards,markov,0.25,,,,,,,,,,,1.0,0.5,0.0,0.07734164675181901,0.15590200445434302,0.0,0.0,1
markov|order=1;smoothing=0.5;decay=true|frac=0.25,gift_cards,markov,0.25,,,,,,,,,,,1.0,0.5,1.0,0.075543286095285,0.15590200445434302,0.0,0.0,1
markov|order=2;smoothing=0.0;decay=false|frac=0.25,gift_cards,markov,0.25,,,,,,,,,,,2.0,0.0,0.0,0.06328140465903001,0.122494432071269,0.0,0.0,1
markov|order=2;smoothing=0.0;decay=true|frac=0.25,gift_cards,markov,0.25,,,,,,,,,,,2.0,0.0,1.0,0.06213262076587701,0.122494432071269,0.0,0.0,1
markov|order=2;smoothing=0.1;decay=false|frac=0.25,gift_cards,markov,0.25,,,,,,,,,,,2.0,0.1,0.0,0.07734164675181901,0.15590200445434302,0.0,0.0,1
markov|order=2;smoothing=0.1;decay=true|frac=0.25,gift_cards,markov,0.25,,,,,,,,,,,2.0,0.1,1.0,0.075543286095285,0.15590200445434302,0.0,0.0,1
markov|order=2;smoothing=0.5;decay=false|frac=0.25,gift_cards,markov,0.25,,,,,,,,,,,2.0,0.5,0.0,0.07734164675181901,0.15590200445434302,0.0,0.0,1
markov|order=2;smoothing=0.5;decay=true|frac=0.25,gift_cards,markov,0.25,,,,,,,,,,,2.0,0.5,1.0,0.075543286095285,0.15590200445434302,0.0,0.0,1
markov|order=1;smoothing=0.0;decay=false|frac=0.5,gift_cards,markov,0.5,,,,,,,,,,,1.0,0.0,0.0,0.08730693750179201,0.16035634743875202,0.0,0.0,1
markov|order=1;smoothing=0.0;decay=true|frac=0.5,gift_cards,markov,0.5,,,,,,,,,,,1.0,0.0,1.0,0.09480685001431201,0.180400890868596,0.0,0.0,1
markov|order=1;smoothing=0.1;decay=false|frac=0.5,gift_cards,markov,0.5,,,,,,,,,,,1.0,0.1,0.0,0.10331985149285601,0.191536748329621,0.0,0.0,1
markov|order=1;smoothing=0.1;decay=true|frac=0.5,gift_cards,markov,0.5,,,,,,,,,,,1.0,0.1,1.0,0.10370079541211501,0.193763919821826,0.0,0.0,1
markov|order=1;smoothing=0.5;decay=false|frac=0.5,gift_cards,markov,0.5,,,,,,,,,,,1.0,0.5,0.0,0.10331985149285601,0.191536748329621,0.0,0.0,1
markov|order=1;smoothing=0.5;decay=true|frac=0.5,gift_cards,markov,0.5,,,,,,,,,,,1.0,0.5,1.0,0.10352080117081601,0.195991091314031,0.0,0.0,1
markov|order=2;smoothing=0.0;decay=false|frac=0.5,gift_cards,markov,0.5,,,,,,,,,,,2.0,0.0,0.0,0.086346496729266,0.15812917594654702,0.0,0.0,1
markov|order=2;smoothing=0.0;decay=true|frac=0.5,gift_cards,markov,0.5,,,,,,,,,,,2.0,0.0,1.0,0.09004004085379601,0.173719376391982,0.0,0.0,1
markov|order=2;smoothing=0.1;decay=false|frac=0.5,gift_cards,markov,0.5,,,,,,,,,,,2.0,0.1,0.0,0.10265093986797601,0.191536748329621,0.0,0.0,1
markov|order=2;smoothing=0.1;decay=true|frac=0.5,gift_cards,markov,0.5,,,,,,,,,,,2.0,0.1,1.0,0.100831360779097,0.193763919821826,0.0,0.0,1
markov|order=2;smoothing=0.5;decay=false|frac=0.5,gift_cards,markov,0.5,,,,,,,,,,,2.0,0.5,0.0,0.10265093986797601,0.191536748329621,0.0,0.0,1
markov|order=2;smoothing=0.5;decay=true|frac=0.5,gift_cards,markov,0.5,,,,,,,,,,,2.0,0.5,1.0,0.10139843960473101,0.191536748329621,0.0,0.0,1
markov|order=1;smoothing=0.0;decay=false|frac=1.0,gift_cards,markov,1.0,,,,,,,,,,,1.0,0.0,0.0,0.10086243978508001,0.191536748329621,0.0,0.0,1
markov|order=1;smoothing=0.0;decay=true|frac=1.0,gift_cards,markov,1.0,,,,,,,,,,,1.0,0.0,1.0,0.108337084575871,0.195991091314031,0.0,0.0,1
markov|order=1;smoothing=0.1;decay=false|frac=1.0,gift_cards,markov,1.0,,,,,,,,,,,1.0,0.1,0.0,0.12387607656384302,0.23162583518930902,0.0,0.0,1
markov|order=1;smoothing=0.1;decay=true|frac=1.0,gift_cards,markov,1.0,,,,,,,,,,,1.0,0.1,1.0,0.11898205869568601,0.22271714922049,0.0,0.0,1
markov|order=1;smoothing=0.5;decay=false|frac=1.0,gift_cards,markov,1.0,,,,,,,,,,,1.0,0.5,0.0,0.12518267176775402,0.236080178173719,0.0,0.0,1
markov|order=1;smoothing=0.5;decay=true|frac=1.0,gift_cards,markov,1.0,,,,,,,,,,,1.0,0.5,1.0,0.12201941823209601,0.23162583518930902,0.0,0.0,1
markov|order=2;smoothing=0.0;decay=false|frac=1.0,gift_cards,markov,1.0,,,,,,,,,,,2.0,0.0,0.0,0.08601528647609401,0.14922048997772802,0.0,0.0,1
markov|order=2;smoothing=0.0;decay=true|frac=1.0,gift_cards,markov,1.0,,,,,,,,,,,2.0,0.0,1.0,0.093394334133772,0.16035634743875202,0.0,0.0,1
markov|order=2;smoothing=0.1;decay=false|frac=1.0,gift_cards,markov,1.0,,,,,,,,,,,2.0,0.1,0.0,0.121416976287017,0.22939866369710402,0.0,0.0,1
markov|order=2;smoothing=0.1;decay=true|frac=1.0,gift_cards,markov,1.0,,,,,,,,,,,2.0,0.1,1.0,0.116440605823729,0.22048997772828502,0.0,0.0,1
markov|order=2;smoothing=0.5;decay=false|frac=1.0,gift_cards,markov,1.0,,,,,,,,,,,2.0,0.5,0.0,0.12206077322759101,0.23162583518930902,0.0,0.0,1
markov|order=2;smoothing=0.5;decay=true|frac=1.0,gift_cards,markov,1.0,,,,,,,,,,,2.0,0.5,1.0,0.11911229934130001,0.22939866369710402,0.0,0.0,1
