config_id,dataset,family,data_fraction,seed,test_ndcg_at_10,test_recall_at_10,itemknn.topk,itemknn.shrink,als.factors,als.epochs,als.regularisation,als.alpha,multvae.latent,multvae.hidden,multvae.epochs,multvae.dropout,markov.order,markov.smoothing,markov.decay
popularity||frac=0.25,ml100k,popularity,0.25,0,0.012356014965505,0.026511134676564,,,,,,,,,,,,,
popularity||frac=0.5,ml100k,popularity,0.5,0,0.015373628459450001,0.029692470837751003,,,,,,,,,,,,,
popularity||frac=1.0,ml100k,popularity,1.0,0,0.044100147408152005,0.083775185577942,,,,,,,,,,,,,
itemknn|topk=10;shrink=0.0|frac=0.25,ml100k,itemknn,0.25,0,0.03020666548564,0.059384941675503004,10.0,0.0,,,,,,,,,,,
itemknn|topk=10;shrink=10.0|frac=0.25,ml100k,itemknn,0.25,0,0.035002732725701,0.071049840933191,10.0,10.0,,,,,,,,,,,
itemknn|topk=10;shrink=100.0|frac=0.25,ml100k,itemknn,0.25,0,0.033739478428253006,0.071049840933191,10.0,100.0,,,,,,,,,,,
itemknn|topk=50;shrink=0.0|frac=0.25,ml100k,itemknn,0.25,0,0.038345416699628,0.078472958642629,50.0,0.0,,,,,,,,,,,
itemknn|topk=50;shrink=10.0|frac=0.25,ml100k,itemknn,0.25,0,0.041621594628009004,0.08271474019088,50.0,10.0,,,,,,,,,,,
itemknn|topk=50;shrink=100.0|frac=0.25,ml100k,itemknn,0.25,0,0.034621967090918006,0.071049840933191,50.0,100.0,,,,,,,,,,,
itemknn|topk=100;shrink=0.0|frac=0.25,ml100k,itemknn,0.25,0,0.038335323244980006,0.074231177094379,100.0,0.0,,,,,,,,,,,
itemknn|topk=100;shrink=10.0|frac=0.25,ml100k,itemknn,0.25,0,0.038943756402356006,0.072110286320254,100.0,10.0,,,,,,,,,,,
itemknn|topk=100;shrink=100.0|frac=0.25,ml100k,itemknn,0.25,0,0.035612528446902006,0.073170731707317,100.0,100.0,,,,,,,,,,,
itemknn|topk=300;shrink=0.0|frac=0.25,ml100k,itemknn,0.25,0,0.040328068389564,0.075291622481442,300.0,0.0,,,,,,,,,,,
itemknn|topk=300;shrink=10.0|frac=0.25,ml100k,itemknn,0.25,0,0.038969928661826005,0.073170731707317,300.0,10.0,,,,,,,,,,,
itemknn|topk=300;shrink=100.0|frac=0.25,ml100k,itemknn,0.25,0,0.035095619121998003,0.072110286320254,300.0,100.0,,,,,,,,,,,
itemknn|topk=10;shrink=0.0|frac=0.5,ml100k,itemknn,0.5,0,0.040038989263950005,0.081654294803817,10.0,0.0,,,,,,,,,,,
itemknn|topk=10;shrink=10.0|frac=0.5,ml100k,itemknn,0.5,0,0.04341410716049501,0.09119830328738,10.0,10.0,,,,,,,,,,,
itemknn|topk=10;shrink=100.0|frac=0.5,ml100k,itemknn,0.5,0,0.047172938807525,0.099681866383881,10.0,100.0,,,,,,,,,,,
itemknn|topk=50;shrink=0.0|frac=0.5,ml100k,itemknn,0.5,0,0.047330115937033006,0.094379639448568,50.0,0.0,,,,,,,,,,,
itemknn|topk=50;shrink=10.0|frac=0.5,ml100k,itemknn,0.5,0,0.045920537333154,0.090137857900318,50.0,10.0,,,,,,,,,,,
itemknn|topk=50;shrink=100.0|frac=0.5,ml100k,itemknn,0.5,0,0.039878799634732,0.079533404029692,50.0,100.0,,,,,,,,,,,
itemknn|topk=100;shrink=0.0|frac=0.5,ml100k,itemknn,0.5,0,0.042287371971624,0.089077412513255,100.0,0.0,,,,,,,,,,,
itemknn|topk=100;shrink=10.0|frac=0.5,ml100k,itemknn,0.5,0,0.041192825997741,0.083775185577942,100.0,10.0,,,,,,,,,,,
itemknn|topk=100;shrink=100.0|frac=0.5,ml100k,itemknn,0.5,0,0.042613301933713,0.085896076352067,100.0,100.0,,,,,,,,,,,
itemknn|topk=300;shrink=0.0|frac=0.5,ml100k,itemknn,0.5,0,0.044065057782282,0.09119830328738,300.0,0.0,,,,,,,,,,,
itemknn|topk=300;shrink=10.0|frac=0.5,ml100k,itemknn,0.5,0,0.04463178367574901,0.093319194061505,300.0,10.0,,,,,,,,,,,
itemknn|topk=300;shrink=100.0|frac=0.5,ml100k,itemknn,0.5,0,0.043542042051347006,0.088016967126193,300.0,100.0,,,,,,,,,,,
itemknn|topk=10;shrink=0.0|frac=1.0,ml100k,itemknn,1.0,0,0.06135637425774001,0.11983032873807,10.0,0.0,,,,,,,,,,,
itemknn|topk=10;shrink=10.0|frac=1.0,ml100k,itemknn,1.0,0,0.061417525960442004,0.11770943796394401,10.0,10.0,,,,,,,,,,,
itemknn|topk=10;shrink=100.0|frac=1.0,ml100k,itemknn,1.0,0,0.05870332809118801,0.11346765641569401,10.0,100.0,,,,,,,,,,,
itemknn|topk=50;shrink=0.0|frac=1.0,ml100k,itemknn,1.0,0,0.052110388850761004,0.100742311770943,50.0,0.0,,,,,,,,,,,
itemknn|topk=50;shrink=10.0|frac=1.0,ml100k,itemknn,1.0,0,0.051659326685918,0.098621420996818,50.0,10.0,,,,,,,,,,,
itemknn|topk=50;shrink=100.0|frac=1.0,ml100k,itemknn,1.0,0,0.050946249887765006,0.099681866383881,50.0,100.0,,,,,,,,,,,
itemknn|topk=100;shrink=0.0|frac=1.0,ml100k,itemknn,1.0,0,0.051695674612168,0.097560975609756,100.0,0.0,,,,,,,,,,,
itemknn|topk=100;shrink=10.0|frac=1.0,ml100k,itemknn,1.0,0,0.053977069780836,0.101802757158006,100.0,10.0,,,,,,,,,,,
itemknn|topk=100;shrink=100.0|frac=1.0,ml100k,itemknn,1.0,0,0.048904767318276005,0.094379639448568,100.0,100.0,,,,,,,,,,,
itemknn|topk=300;shrink=0.0|frac=1.0,ml100k,itemknn,1.0,0,0.056216009608529,0.109225874867444,300.0,0.0,,,,,,,,,,,
itemknn|topk=300;shrink=10.0|frac=1.0,ml100k,itemknn,1.0,0,0.05388691164431501,0.100742311770943,300.0,10.0,,,,,,,,,,,
itemknn|topk=300;shrink=100.0|frac=1.0,ml100k,itemknn,1.0,0,0.050793718192117004,0.099681866383881,300.0,100.0,,,,,,,,,,,
als|factors=16;epochs=5;regularisation=0.001;alpha=1.0|frac=0.25,ml100k,als,0.25,0,0.041954678440337005,0.08695652173913,,,16.0,5.0,0.001,1.0,,,,,,,
als|factors=16;epochs=5;regularisation=0.001;alpha=10.0|frac=0.25,ml100k,als,0.25,0,0.045647004244646,0.097560975609756,,,16.0,5.0,0.001,10.0,,,,,,,
als|factors=16;epochs=5;regularisation=0.001;alpha=40.0|frac=0.25,ml100k,als,0.25,0,0.040102612280542,0.08695652173913,,,16.0,5.0,0.001,40.0,,,,,,,
als|factors=16;epochs=5;regularisation=0.01;alpha=1.0|frac=0.25,ml100k,als,0.25,0,0.041954678440337005,0.08695652173913,,,16.0,5.0,0.01,1.0,,,,,,,
als|factors=16;epochs=5;regularisation=0.01;alpha=10.0|frac=0.25,ml100k,als,0.25,0,0.044936941135165005,0.096500530222693,,,16.0,5.0,0.01,10.0,,,,,,,
als|factors=16;epochs=5;regularisation=0.01;alpha=40.0|frac=0.25,ml100k,als,0.25,0,0.041839304234482004,0.089077412513255,,,16.0,5.0,0.01,40.0,,,,,,,
als|factors=16;epochs=5;regularisation=0.1;alpha=1.0|frac=0.25,ml100k,als,0.25,0,0.041942795787339004,0.08695652173913,,,16.0,5.0,0.1,1.0,,,,,,,
als|factors=16;epochs=5;regularisation=0.1;alpha=10.0|frac=0.25,ml100k,als,0.25,0,0.045577697281246006,0.097560975609756,,,16.0,5.0,0.1,10.0,,,,,,,
als|factors=16;epochs=5;regularisation=0.1;alpha=40.0|frac=0.25,ml100k,als,0.25,0,0.040514224170517005,0.088016967126193,,,16.0,5.0,0.1,40.0,,,,,,,
als|factors=16;epochs=15;regularisation=0.001;alpha=1.0|frac=0.25,ml100k,als,0.25,0,0.039209081143961,0.084835630965005,,,16.0,15.0,0.001,1.0,,,,,,,
als|factors=16;epochs=15;regularisation=0.001;alpha=10.0|frac=0.25,ml100k,als,0.25,0,0.043542440976528006,0.094379639448568,,,16.0,15.0,0.001,10.0,,,,,,,
als|factors=16;epochs=15;regularisation=0.001;alpha=40.0|frac=0.25,ml100k,als,0.25,0,0.043912806701767004,0.099681866383881,,,16.0,15.0,0.001,40.0,,,,,,,
als|factors=16;epochs=15;regularisation=0.01;alpha=1.0|frac=0.25,ml100k,als,0.25,0,0.038949016376751,0.083775185577942,,,16.0,15.0,0.01,1.0,,,,,,,
als|factors=16;epochs=15;regularisation=0.01;alpha=10.0|frac=0.25,ml100k,als,0.25,0,0.043498972199087,0.094379639448568,,,16.0,15.0,0.01,10.0,,,,,,,
als|factors=16;epochs=15;regularisation=0.01;alpha=40.0|frac=0.25,ml100k,als,0.25,0,0.044419042229405,0.099681866383881,,,16.0,15.0,0.01,40.0,,,,,,,
als|factors=16;epochs=15;regularisation=0.1;alpha=1.0|frac=0.25,ml100k,als,0.25,0,0.038980338718792,0.083775185577942,,,16.0,15.0,0.1,1.0,,,,,,,
als|factors=16;epochs=15;regularisation=0.1;alpha=10.0|frac=0.25,ml100k,als,0.25,0,0.043331222293371004,0.093319194061505,,,16.0,15.0,0.1,10.0,,,,,,,
als|factors=16;epochs=15;regularisation=0.1;alpha=40.0|frac=0.25,ml100k,als,0.25,0,0.046780080253308,0.103923647932131,,,16.0,15.0,0.1,40.0,,,,,,,
als|factors=16;epochs=30;regularisation=0.001;alpha=1.0|frac=0.25,ml100k,als,0.25,0,0.038434612182571,0.08695652173913,,,16.0,30.0,0.001,1.0,,,,,,,
als|factors=16;epochs=30;regularisation=0.001;alpha=10.0|frac=0.25,ml100k,als,0.25,0,0.041572573381394,0.08695652173913,,,16.0,30.0,0.001,10.0,,,,,,,
als|factors=16;epochs=30;regularisation=0.001;alpha=40.0|frac=0.25,ml100k,als,0.25,0,0.041328509609526005,0.093319194061505,,,16.0,30.0,0.001,40.0,,,,,,,
als|factors=16;epochs=30;regularisation=0.01;alpha=1.0|frac=0.25,ml100k,als,0.25,0,0.037821537259310006,0.084835630965005,,,16.0,30.0,0.01,1.0,,,,,,,
als|factors=16;epochs=30;regularisation=0.01;alpha=10.0|frac=0.25,ml100k,als,0.25,0,0.04247783825534,0.088016967126193,,,16.0,30.0,0.01,10.0,,,,,,,
als|factors=16;epochs=30;regularisation=0.01;alpha=40.0|frac=0.25,ml100k,als,0.25,0,0.040713669013505004,0.092258748674443,,,16.0,30.0,0.01,40.0,,,,,,,
als|factors=16;epochs=30;regularisation=0.1;alpha=1.0|frac=0.25,ml100k,als,0.25,0,0.038115386312302005,0.085896076352067,,,16.0,30.0,0.1,1.0,,,,,,,
als|factors=16;epochs=30;regularisation=0.1;alpha=10.0|frac=0.25,ml100k,als,0.25,0,0.042330502111227006,0.089077412513255,,,16.0,30.0,0.1,10.0,,,,,,,
als|factors=16;epochs=30;regularisation=0.1;alpha=40.0|frac=0.25,ml100k,als,0.25,0,0.040605940647466005,0.090137857900318,,,16.0,30.0,0.1,40.0,,,,,,,
als|factors=32;epochs=5;regularisation=0.001;alpha=1.0|frac=0.25,ml100k,als,0.25,0,0.041611266058829005,0.08695652173913,,,32.0,5.0,0.001,1.0,,,,,,,
als|factors=32;epochs=5;regularisation=0.001;alpha=10.0|frac=0.25,ml100k,als,0.25,0,0.040232170482232,0.088016967126193,,,32.0,5.0,0.001,10.0,,,,,,,
als|factors=32;epochs=5;regularisation=0.001;alpha=40.0|frac=0.25,ml100k,als,0.25,0,0.03644218596254,0.079533404029692,,,32.0,5.0,0.001,40.0,,,,,,,
als|factors=32;epochs=5;regularisation=0.01;alpha=1.0|frac=0.25,ml100k,als,0.25,0,0.041611266058829005,0.08695652173913,,,32.0,5.0,0.01,1.0,,,,,,,
als|factors=32;epochs=5;regularisation=0.01;alpha=10.0|frac=0.25,ml100k,als,0.25,0,0.03963804408129,0.085896076352067,,,32.0,5.0,0.01,10.0,,,,,,,
als|factors=32;epochs=5;regularisation=0.01;alpha=40.0|frac=0.25,ml100k,als,0.25,0,0.036714008101369,0.078472958642629,,,32.0,5.0,0.01,40.0,,,,,,,
als|factors=32;epochs=5;regularisation=0.1;alpha=1.0|frac=0.25,ml100k,als,0.25,0,0.041980125219095006,0.088016967126193,,,32.0,5.0,0.1,1.0,,,,,,,
als|factors=32;epochs=5;regularisation=0.1;alpha=10.0|frac=0.25,ml100k,als,0.25,0,0.040126019053263004,0.084835630965005,,,32.0,5.0,0.1,10.0,,,,,,,
als|factors=32;epochs=5;regularisation=0.1;alpha=40.0|frac=0.25,ml100k,als,0.25,0,0.035455468916848004,0.074231177094379,,,32.0,5.0,0.1,40.0,,,,,,,
als|factors=32;epochs=15;regularisation=0.001;alpha=1.0|frac=0.25,ml100k,als,0.25,0,0.042546987308418,0.085896076352067,,,32.0,15.0,0.001,1.0,,,,,,,
als|factors=32;epochs=15;regularisation=0.001;alpha=10.0|frac=0.25,ml100k,als,0.25,0,0.043708260157986005,0.09119830328738,,,32.0,15.0,0.001,10.0,,,,,,,
als|factors=32;epochs=15;regularisation=0.001;alpha=40.0|frac=0.25,ml100k,als,0.25,0,0.042889340981162004,0.094379639448568,,,32.0,15.0,0.001,40.0,,,,,,,
als|factors=32;epochs=15;regularisation=0.01;alpha=1.0|frac=0.25,ml100k,als,0.25,0,0.042473473584211004,0.085896076352067,,,32.0,15.0,0.01,1.0,,,,,,,
als|factors=32;epochs=15;regularisation=0.01;alpha=10.0|frac=0.25,ml100k,als,0.25,0,0.042890476564118006,0.092258748674443,,,32.0,15.0,0.01,10.0,,,,,,,
als|factors=32;epochs=15;regularisation=0.01;alpha=40.0|frac=0.25,ml100k,als,0.25,0,0.042154495819262006,0.093319194061505,,,32.0,15.0,0.01,40.0,,,,,,,
als|factors=32;epochs=15;regularisation=0.1;alpha=1.0|frac=0.25,ml100k,als,0.25,0,0.042976671784252005,0.08695652173913,,,32.0,15.0,0.1,1.0,,,,,,,
als|factors=32;epochs=15;regularisation=0.1;alpha=10.0|frac=0.25,ml100k,als,0.25,0,0.043570345700522005,0.092258748674443,,,32.0,15.0,0.1,10.0,,,,,,,
als|factors=32;epochs=15;regularisation=0.1;alpha=40.0|frac=0.25,ml100k,als,0.25,0,0.042120376449600004,0.088016967126193,,,32.0,15.0,0.1,40.0,,,,,,,
als|factors=32;epochs=30;regularisation=0.001;alpha=1.0|frac=0.25,ml100k,als,0.25,0,0.04304510367790201,0.088016967126193,,,32.0,30.0,0.001,1.0,,,,,,,
als|factors=32;epochs=30;regularisation=0.001;alpha=10.0|frac=0.25,ml100k,als,0.25,0,0.044710923569426006,0.093319194061505,,,32.0,30.0,0.001,10.0,,,,,,,
als|factors=32;epochs=30;regularisation=0.001;alpha=40.0|frac=0.25,ml100k,als,0.25,0,0.044820952972739005,0.090137857900318,,,32.0,30.0,0.001,40.0,,,,,,,
als|factors=32;epochs=30;regularisation=0.01;alpha=1.0|frac=0.25,ml100k,als,0.25,0,0.043215416280789,0.089077412513255,,,32.0,30.0,0.01,1.0,,,,,,,
als|factors=32;epochs=30;regularisation=0.01;alpha=10.0|frac=0.25,ml100k,als,0.25,0,0.044910835470923005,0.093319194061505,,,32.0,30.0,0.01,10.0,,,,,,,
als|factors=32;epochs=30;regularisation=0.01;alpha=40.0|frac=0.25,ml100k,als,0.25,0,0.04546985926931801,0.090137857900318,,,32.0,30.0,0.01,40.0,,,,,,,
als|factors=32;epochs=30;regularisation=0.1;alpha=1.0|frac=0.25,ml100k,als,0.25,0,0.043095025784678005,0.089077412513255,,,32.0,30.0,0.1,1.0,,,,,,,
als|factors=32;epochs=30;regularisation=0.1;alpha=10.0|frac=0.25,ml100k,als,0.25,0,0.045207119926305,0.092258748674443,,,32.0,30.0,0.1,10.0,,,,,,,
als|factors=32;epochs=30;regularisation=0.1;alpha=40.0|frac=0.25,ml100k,als,0.25,0,0.044904360763703,0.09119830328738,,,32.0,30.0,0.1,40.0,,,,,,,
als|factors=64;epochs=5;regularisation=0.001;alpha=1.0|frac=0.25,ml100k,als,0.25,0,0.043467540600181,0.08695652173913,,,64.0,5.0,0.001,1.0,,,,,,,
als|factors=64;epochs=5;regularisation=0.001;alpha=10.0|frac=0.25,ml100k,als,0.25,0,0.042338370864526007,0.083775185577942,,,64.0,5.0,0.001,10.0,,,,,,,
als|factors=64;epochs=5;regularisation=0.001;alpha=40.0|frac=0.25,ml100k,als,0.25,0,0.03445071370029,0.068928950159066,,,64.0,5.0,0.001,40.0,,,,,,,
als|factors=64;epochs=5;regularisation=0.01;alpha=1.0|frac=0.25,ml100k,als,0.25,0,0.043479852970310005,0.08695652173913,,,64.0,5.0,0.01,1.0,,,,,,,
als|factors=64;epochs=5;regularisation=0.01;alpha=10.0|frac=0.25,ml100k,als,0.25,0,0.041566425524262006,0.08271474019088,,,64.0,5.0,0.01,10.0,,,,,,,
als|factors=64;epochs=5;regularisation=0.01;alpha=40.0|frac=0.25,ml100k,als,0.25,0,0.034421224124156005,0.071049840933191,,,64.0,5.0,0.01,40.0,,,,,,,
als|factors=64;epochs=5;regularisation=0.1;alpha=1.0|frac=0.25,ml100k,als,0.25,0,0.043402306072309,0.08695652173913,,,64.0,5.0,0.1,1.0,,,,,,,
als|factors=64;epochs=5;regularisation=0.1;alpha=10.0|frac=0.25,ml100k,als,0.25,0,0.042632502334652,0.084835630965005,,,64.0,5.0,0.1,10.0,,,,,,,
als|factors=64;epochs=5;regularisation=0.1;alpha=40.0|frac=0.25,ml100k,als,0.25,0,0.031469402436281005,0.063626723223753,,,64.0,5.0,0.1,40.0,,,,,,,
als|factors=64;epochs=15;regularisation=0.001;alpha=1.0|frac=0.25,ml100k,als,0.25,0,0.046708086052274,0.093319194061505,,,64.0,15.0,0.001,1.0,,,,,,,
als|factors=64;epochs=15;regularisation=0.001;alpha=10.0|frac=0.25,ml100k,als,0.25,0,0.049939492267604,0.094379639448568,,,64.0,15.0,0.001,10.0,,,,,,,
als|factors=64;epochs=15;regularisation=0.001;alpha=40.0|frac=0.25,ml100k,als,0.25,0,0.037891643932350005,0.078472958642629,,,64.0,15.0,0.001,40.0,,,,,,,
als|factors=64;epochs=15;regularisation=0.01;alpha=1.0|frac=0.25,ml100k,als,0.25,0,0.04656924219907,0.093319194061505,,,64.0,15.0,0.01,1.0,,,,,,,
als|factors=64;epochs=15;regularisation=0.01;alpha=10.0|frac=0.25,ml100k,als,0.25,0,0.049045379734820004,0.092258748674443,,,64.0,15.0,0.01,10.0,,,,,,,
als|factors=64;epochs=15;regularisation=0.01;alpha=40.0|frac=0.25,ml100k,als,0.25,0,0.038241810018559,0.08271474019088,,,64.0,15.0,0.01,40.0,,,,,,,
als|factors=64;epochs=15;regularisation=0.1;alpha=1.0|frac=0.25,ml100k,als,0.25,0,0.04660768573033101,0.093319194061505,,,64.0,15.0,0.1,1.0,,,,,,,
als|factors=64;epochs=15;regularisation=0.1;alpha=10.0|frac=0.25,ml100k,als,0.25,0,0.047360506349701,0.089077412513255,,,64.0,15.0,0.1,10.0,,,,,,,
als|factors=64;epochs=15;regularisation=0.1;alpha=40.0|frac=0.25,ml100k,als,0.25,0,0.040785128154843,0.081654294803817,,,64.0,15.0,0.1,40.0,,,,,,,
als|factors=64;epochs=30;regularisation=0.001;alpha=1.0|frac=0.25,ml100k,als,0.25,0,0.045262592187131,0.092258748674443,,,64.0,30.0,0.001,1.0,,,,,,,
als|factors=64;epochs=30;regularisation=0.001;alpha=10.0|frac=0.25,ml100k,als,0.25,0,0.046731535690800005,0.084835630965005,,,64.0,30.0,0.001,10.0,,,,,,,
als|factors=64;epochs=30;regularisation=0.001;alpha=40.0|frac=0.25,ml100k,als,0.25,0,0.042475170650358,0.077412513255567,,,64.0,30.0,0.001,40.0,,,,,,,
als|factors=64;epochs=30;regularisation=0.01;alpha=1.0|frac=0.25,ml100k,als,0.25,0,0.045275280595770004,0.092258748674443,,,64.0,30.0,0.01,1.0,,,,,,,
als|factors=64;epochs=30;regularisation=0.01;alpha=10.0|frac=0.25,ml100k,als,0.25,0,0.046819161626562,0.083775185577942,,,64.0,30.0,0.01,10.0,,,,,,,
als|factors=64;epochs=30;regularisation=0.01;alpha=40.0|frac=0.25,ml100k,als,0.25,0,0.042130390763221004,0.077412513255567,,,64.0,30.0,0.01,40.0,,,,,,,
als|factors=64;epochs=30;regularisation=0.1;alpha=1.0|frac=0.25,ml100k,als,0.25,0,0.045236522475592005,0.092258748674443,,,64.0,30.0,0.1,1.0,,,,,,,
als|factors=64;epochs=30;regularisation=0.1;alpha=10.0|frac=0.25,ml100k,als,0.25,0,0.048722815168579,0.09119830328738,,,64.0,30.0,0.1,10.0,,,,,,,
als|factors=64;epochs=30;regularisation=0.1;alpha=40.0|frac=0.25,ml100k,als,0.25,0,0.041716661798589,0.073170731707317,,,64.0,30.0,0.1,40.0,,,,,,,
als|factors=128;epochs=5;regularisation=0.001;alpha=1.0|frac=0.25,ml100k,als,0.25,0,0.042183826139723005,0.081654294803817,,,128.0,5.0,0.001,1.0,,,,,,,
als|factors=128;epochs=5;regularisation=0.001;alpha=10.0|frac=0.25,ml100k,als,0.25,0,0.04286625581714,0.084835630965005,,,128.0,5.0,0.001,10.0,,,,,,,
als|factors=128;epochs=5;regularisation=0.001;alpha=40.0|frac=0.25,ml100k,als,0.25,0,0.040361688458482,0.075291622481442,,,128.0,5.0,0.001,40.0,,,,,,,
als|factors=128;epochs=5;regularisation=0.01;alpha=1.0|frac=0.25,ml100k,als,0.25,0,0.042175642544514,0.081654294803817,,,128.0,5.0,0.01,1.0,,,,,,,
als|factors=128;epochs=5;regularisation=0.01;alpha=10.0|frac=0.25,ml100k,als,0.25,0,0.043493500890526005,0.085896076352067,,,128.0,5.0,0.01,10.0,,,,,,,
als|factors=128;epochs=5;regularisation=0.01;alpha=40.0|frac=0.25,ml100k,als,0.25,0,0.040057199535062,0.077412513255567,,,128.0,5.0,0.01,40.0,,,,,,,
als|factors=128;epochs=5;regularisation=0.1;alpha=1.0|frac=0.25,ml100k,als,0.25,0,0.042681053766817,0.081654294803817,,,128.0,5.0,0.1,1.0,,,,,,,
als|factors=128;epochs=5;regularisation=0.1;alpha=10.0|frac=0.25,ml100k,als,0.25,0,0.041199105816258005,0.084835630965005,,,128.0,5.0,0.1,10.0,,,,,,,
als|factors=128;epochs=5;regularisation=0.1;alpha=40.0|frac=0.25,ml100k,als,0.25,0,0.037725074315151,0.074231177094379,,,128.0,5.0,0.1,40.0,,,,,,,
als|factors=128;epochs=15;regularisation=0.001;alpha=1.0|frac=0.25,ml100k,als,0.25,0,0.043354562078214004,0.090137857900318,,,128.0,15.0,0.001,1.0,,,,,,,
als|factors=128;epochs=15;regularisation=0.001;alpha=10.0|frac=0.25,ml100k,als,0.25,0,0.043786802077063,0.085896076352067,,,128.0,15.0,0.001,10.0,,,,,,,
als|factors=128;epochs=15;regularisation=0.001;alpha=40.0|frac=0.25,ml100k,als,0.25,0,0.041065637078515,0.08271474019088,,,128.0,15.0,0.001,40.0,,,,,,,
als|factors=128;epochs=15;regularisation=0.01;alpha=1.0|frac=0.25,ml100k,als,0.25,0,0.043177970206681,0.090137857900318,,,128.0,15.0,0.01,1.0,,,,,,,
als|factors=128;epochs=15;regularisation=0.01;alpha=10.0|frac=0.25,ml100k,als,0.25,0,0.043539547001365,0.085896076352067,,,128.0,15.0,0.01,10.0,,,,,,,
als|factors=128;epochs=15;regularisation=0.01;alpha=40.0|frac=0.25,ml100k,als,0.25,0,0.041055236167003004,0.081654294803817,,,128.0,15.0,0.01,40.0,,,,,,,
als|factors=128;epochs=15;regularisation=0.1;alpha=1.0|frac=0.25,ml100k,als,0.25,0,0.043073790869763005,0.090137857900318,,,128.0,15.0,0.1,1.0,,,,,,,
als|factors=128;epochs=15;regularisation=0.1;alpha=10.0|frac=0.25,ml100k,als,0.25,0,0.045749943848846,0.09119830328738,,,128.0,15.0,0.1,10.0,,,,,,,
als|factors=128;epochs=15;regularisation=0.1;alpha=40.0|frac=0.25,ml100k,als,0.25,0,0.038598242826273006,0.080593849416755,,,128.0,15.0,0.1,40.0,,,,,,,
als|factors=128;epochs=30;regularisation=0.001;alpha=1.0|frac=0.25,ml100k,als,0.25,0,0.042970725662670003,0.089077412513255,,,128.0,30.0,0.001,1.0,,,,,,,
als|factors=128;epochs=30;regularisation=0.001;alpha=10.0|frac=0.25,ml100k,als,0.25,0,0.045304932642555,0.088016967126193,,,128.0,30.0,0.001,10.0,,,,,,,
als|factors=128;epochs=30;regularisation=0.001;alpha=40.0|frac=0.25,ml100k,als,0.25,0,0.040774433561334006,0.080593849416755,,,128.0,30.0,0.001,40.0,,,,,,,
als|factors=128;epochs=30;regularisation=0.01;alpha=1.0|frac=0.25,ml100k,als,0.25,0,0.043232882464806006,0.090137857900318,,,128.0,30.0,0.01,1.0,,,,,,,
als|factors=128;epochs=30;regularisation=0.01;alpha=10.0|frac=0.25,ml100k,als,0.25,0,0.044732609057784006,0.088016967126193,,,128.0,30.0,0.01,10.0,,,,,,,
als|factors=128;epochs=30;regularisation=0.01;alpha=40.0|frac=0.25,ml100k,als,0.25,0,0.039931935738642,0.080593849416755,,,128.0,30.0,0.01,40.0,,,,,,,
als|factors=128;epochs=30;regularisation=0.1;alpha=1.0|frac=0.25,ml100k,als,0.25,0,0.042387927211755,0.088016967126193,,,128.0,30.0,0.1,1.0,,,,,,,
als|factors=128;epochs=30;regularisation=0.1;alpha=10.0|frac=0.25,ml100k,als,0.25,0,0.046475100616327,0.093319194061505,,,128.0,30.0,0.1,10.0,,,,,,,
als|factors=128;epochs=30;regularisation=0.1;alpha=40.0|frac=0.25,ml100k,als,0.25,0,0.039719726066496,0.077412513255567,,,128.0,30.0,0.1,40.0,,,,,,,
als|factors=16;epochs=5;regularisation=0.001;alpha=1.0|frac=0.5,ml100k,als,0.5,0,0.048014125079126,0.092258748674443,,,16.0,5.0,0.001,1.0,,,,,,,
als|factors=16;epochs=5;regularisation=0.001;alpha=10.0|frac=0.5,ml100k,als,0.5,0,0.04889461556606001,0.098621420996818,,,16.0,5.0,0.001,10.0,,,,,,,
als|factors=16;epochs=5;regularisation=0.001;alpha=40.0|frac=0.5,ml100k,als,0.5,0,0.043578997424342,0.08695652173913,,,16.0,5.0,0.001,40.0,,,,,,,
als|factors=16;epochs=5;regularisation=0.01;alpha=1.0|frac=0.5,ml100k,als,0.5,0,0.048014125079126,0.092258748674443,,,16.0,5.0,0.01,1.0,,,,,,,
als|factors=16;epochs=5;regularisation=0.01;alpha=10.0|frac=0.5,ml100k,als,0.5,0,0.04853093418931,0.09544008483563,,,16.0,5.0,0.01,10.0,,,,,,,
als|factors=16;epochs=5;regularisation=0.01;alpha=40.0|frac=0.5,ml100k,als,0.5,0,0.04361587234422001,0.08695652173913,,,16.0,5.0,0.01,40.0,,,,,,,
als|factors=16;epochs=5;regularisation=0.1;alpha=1.0|frac=0.5,ml100k,als,0.5,0,0.047578271577354,0.09119830328738,,,16.0,5.0,0.1,1.0,,,,,,,
als|factors=16;epochs=5;regularisation=0.1;alpha=10.0|frac=0.5,ml100k,als,0.5,0,0.047080918830113005,0.092258748674443,,,16.0,5.0,0.1,10.0,,,,,,,
als|factors=16;epochs=5;regularisation=0.1;alpha=40.0|frac=0.5,ml100k,als,0.5,0,0.046157817779639,0.093319194061505,,,16.0,5.0,0.1,40.0,,,,,,,
als|factors=16;epochs=15;regularisation=0.001;alpha=1.0|frac=0.5,ml100k,als,0.5,0,0.049526102410048005,0.099681866383881,,,16.0,15.0,0.001,1.0,,,,,,,
als|factors=16;epochs=15;regularisation=0.001;alpha=10.0|frac=0.5,ml100k,als,0.5,0,0.047545248524512,0.100742311770943,,,16.0,15.0,0.001,10.0,,,,,,,
als|factors=16;epochs=15;regularisation=0.001;alpha=40.0|frac=0.5,ml100k,als,0.5,0,0.036672424284637004,0.080593849416755,,,16.0,15.0,0.001,40.0,,,,,,,
als|factors=16;epochs=15;regularisation=0.01;alpha=1.0|frac=0.5,ml100k,als,0.5,0,0.049832639871678006,0.100742311770943,,,16.0,15.0,0.01,1.0,,,,,,,
als|factors=16;epochs=15;regularisation=0.01;alpha=10.0|frac=0.5,ml100k,als,0.5,0,0.047109292432317006,0.098621420996818,,,16.0,15.0,0.01,10.0,,,,,,,
als|factors=16;epochs=15;regularisation=0.01;alpha=40.0|frac=0.5,ml100k,als,0.5,0,0.036556935547387,0.080593849416755,,,16.0,15.0,0.01,40.0,,,,,,,
als|factors=16;epochs=15;regularisation=0.1;alpha=1.0|frac=0.5,ml100k,als,0.5,0,0.049905673072239004,0.100742311770943,,,16.0,15.0,0.1,1.0,,,,,,,
als|factors=16;epochs=15;regularisation=0.1;alpha=10.0|frac=0.5,ml100k,als,0.5,0,0.048553798434078005,0.102863202545068,,,16.0,15.0,0.1,10.0,,,,,,,
als|factors=16;epochs=15;regularisation=0.1;alpha=40.0|frac=0.5,ml100k,als,0.5,0,0.037303007911238,0.08271474019088,,,16.0,15.0,0.1,40.0,,,,,,,
als|factors=16;epochs=30;regularisation=0.001;alpha=1.0|frac=0.5,ml100k,als,0.5,0,0.047148939667008005,0.097560975609756,,,16.0,30.0,0.001,1.0,,,,,,,
als|factors=16;epochs=30;regularisation=0.001;alpha=10.0|frac=0.5,ml100k,als,0.5,0,0.04555954297068401,0.100742311770943,,,16.0,30.0,0.001,10.0,,,,,,,
als|factors=16;epochs=30;regularisation=0.001;alpha=40.0|frac=0.5,ml100k,als,0.5,0,0.037197687322841004,0.08271474019088,,,16.0,30.0,0.001,40.0,,,,,,,
als|factors=16;epochs=30;regularisation=0.01;alpha=1.0|frac=0.5,ml100k,als,0.5,0,0.047075425942802,0.097560975609756,,,16.0,30.0,0.01,1.0,,,,,,,
als|factors=16;epochs=30;regularisation=0.01;alpha=10.0|frac=0.5,ml100k,als,0.5,0,0.04555954297068401,0.100742311770943,,,16.0,30.0,0.01,10.0,,,,,,,
als|factors=16;epochs=30;regularisation=0.01;alpha=40.0|frac=0.5,ml100k,als,0.5,0,0.038964659747633,0.08695652173913,,,16.0,30.0,0.01,40.0,,,,,,,
als|factors=16;epochs=30;regularisation=0.1;alpha=1.0|frac=0.5,ml100k,als,0.5,0,0.046648430422908005,0.096500530222693,,,16.0,30.0,0.1,1.0,,,,,,,
als|factors=16;epochs=30;regularisation=0.1;alpha=10.0|frac=0.5,ml100k,als,0.5,0,0.044719708717721005,0.099681866383881,,,16.0,30.0,0.1,10.0,,,,,,,
als|factors=16;epochs=30;regularisation=0.1;alpha=40.0|frac=0.5,ml100k,als,0.5,0,0.039270993941998004,0.08695652173913,,,16.0,30.0,0.1,40.0,,,,,,,
als|factors=32;epochs=5;regularisation=0.001;alpha=1.0|frac=0.5,ml100k,als,0.5,0,0.04892640129863501,0.103923647932131,,,32.0,5.0,0.001,1.0,,,,,,,
als|factors=32;epochs=5;regularisation=0.001;alpha=10.0|frac=0.5,ml100k,als,0.5,0,0.051186806789161,0.100742311770943,,,32.0,5.0,0.001,10.0,,,,,,,
als|factors=32;epochs=5;regularisation=0.001;alpha=40.0|frac=0.5,ml100k,als,0.5,0,0.043227351990622005,0.088016967126193,,,32.0,5.0,0.001,40.0,,,,,,,
als|factors=32;epochs=5;regularisation=0.01;alpha=1.0|frac=0.5,ml100k,als,0.5,0,0.04892640129863501,0.103923647932131,,,32.0,5.0,0.01,1.0,,,,,,,
als|factors=32;epochs=5;regularisation=0.01;alpha=10.0|frac=0.5,ml100k,als,0.5,0,0.051309289717288,0.102863202545068,,,32.0,5.0,0.01,10.0,,,,,,,
als|factors=32;epochs=5;regularisation=0.01;alpha=40.0|frac=0.5,ml100k,als,0.5,0,0.043924733308639004,0.089077412513255,,,32.0,5.0,0.01,40.0,,,,,,,
als|factors=32;epochs=5;regularisation=0.1;alpha=1.0|frac=0.5,ml100k,als,0.5,0,0.048656955126003,0.103923647932131,,,32.0,5.0,0.1,1.0,,,,,,,
als|factors=32;epochs=5;regularisation=0.1;alpha=10.0|frac=0.5,ml100k,als,0.5,0,0.048191138500626,0.094379639448568,,,32.0,5.0,0.1,10.0,,,,,,,
als|factors=32;epochs=5;regularisation=0.1;alpha=40.0|frac=0.5,ml100k,als,0.5,0,0.046352800197313006,0.094379639448568,,,32.0,5.0,0.1,40.0,,,,,,,
als|factors=32;epochs=15;regularisation=0.001;alpha=1.0|frac=0.5,ml100k,als,0.5,0,0.050772084309918,0.107104984093319,,,32.0,15.0,0.001,1.0,,,,,,,
als|factors=32;epochs=15;regularisation=0.001;alpha=10.0|frac=0.5,ml100k,als,0.5,0,0.054397064464209006,0.11558854718981901,,,32.0,15.0,0.001,10.0,,,,,,,
als|factors=32;epochs=15;regularisation=0.001;alpha=40.0|frac=0.5,ml100k,als,0.5,0,0.04602974875705,0.096500530222693,,,32.0,15.0,0.001,40.0,,,,,,,
als|factors=32;epochs=15;regularisation=0.01;alpha=1.0|frac=0.5,ml100k,als,0.5,0,0.050480382611749,0.106044538706256,,,32.0,15.0,0.01,1.0,,,,,,,
als|factors=32;epochs=15;regularisation=0.01;alpha=10.0|frac=0.5,ml100k,als,0.5,0,0.054428126869572005,0.114528101802757,,,32.0,15.0,0.01,10.0,,,,,,,
als|factors=32;epochs=15;regularisation=0.01;alpha=40.0|frac=0.5,ml100k,als,0.5,0,0.04839233865231601,0.102863202545068,,,32.0,15.0,0.01,40.0,,,,,,,
als|factors=32;epochs=15;regularisation=0.1;alpha=1.0|frac=0.5,ml100k,als,0.5,0,0.05066646201511701,0.107104984093319,,,32.0,15.0,0.1,1.0,,,,,,,
als|factors=32;epochs=15;regularisation=0.1;alpha=10.0|frac=0.5,ml100k,als,0.5,0,0.054643549660773005,0.11346765641569401,,,32.0,15.0,0.1,10.0,,,,,,,
als|factors=32;epochs=15;regularisation=0.1;alpha=40.0|frac=0.5,ml100k,als,0.5,0,0.050096188860172,0.107104984093319,,,32.0,15.0,0.1,40.0,,,,,,,
als|factors=32;epochs=30;regularisation=0.001;alpha=1.0|frac=0.5,ml100k,als,0.5,0,0.050867836341513005,0.107104984093319,,,32.0,30.0,0.001,1.0,,,,,,,
als|factors=32;epochs=30;regularisation=0.001;alpha=10.0|frac=0.5,ml100k,als,0.5,0,0.05625684684797701,0.11558854718981901,,,32.0,30.0,0.001,10.0,,,,,,,
als|factors=32;epochs=30;regularisation=0.001;alpha=40.0|frac=0.5,ml100k,als,0.5,0,0.044904024156168,0.097560975609756,,,32.0,30.0,0.001,40.0,,,,,,,
als|factors=32;epochs=30;regularisation=0.01;alpha=1.0|frac=0.5,ml100k,als,0.5,0,0.050895832153249006,0.107104984093319,,,32.0,30.0,0.01,1.0,,,,,,,
als|factors=32;epochs=30;regularisation=0.01;alpha=10.0|frac=0.5,ml100k,als,0.5,0,0.056669965899742006,0.11664899257688201,,,32.0,30.0,0.01,10.0,,,,,,,
als|factors=32;epochs=30;regularisation=0.01;alpha=40.0|frac=0.5,ml100k,als,0.5,0,0.045188935404401005,0.097560975609756,,,32.0,30.0,0.01,40.0,,,,,,,
als|factors=32;epochs=30;regularisation=0.1;alpha=1.0|frac=0.5,ml100k,als,0.5,0,0.050650120007186,0.106044538706256,,,32.0,30.0,0.1,1.0,,,,,,,
als|factors=32;epochs=30;regularisation=0.1;alpha=10.0|frac=0.5,ml100k,als,0.5,0,0.055888357418778005,0.112407211028632,,,32.0,30.0,0.1,10.0,,,,,,,
als|factors=32;epochs=30;regularisation=0.1;alpha=40.0|frac=0.5,ml100k,als,0.5,0,0.046732983677452,0.098621420996818,,,32.0,30.0,0.1,40.0,,,,,,,
als|factors=64;epochs=5;regularisation=0.001;alpha=1.0|frac=0.5,ml100k,als,0.5,0,0.04644756154921,0.096500530222693,,,64.0,5.0,0.001,1.0,,,,,,,
als|factors=64;epochs=5;regularisation=0.001;alpha=10.0|frac=0.5,ml100k,als,0.5,0,0.043444941250020006,0.097560975609756,,,64.0,5.0,0.001,10.0,,,,,,,
als|factors=64;epochs=5;regularisation=0.001;alpha=40.0|frac=0.5,ml100k,als,0.5,0,0.038295679102245,0.079533404029692,,,64.0,5.0,0.001,40.0,,,,,,,
als|factors=64;epochs=5;regularisation=0.01;alpha=1.0|frac=0.5,ml100k,als,0.5,0,0.046291527092608004,0.096500530222693,,,64.0,5.0,0.01,1.0,,,,,,,
als|factors=64;epochs=5;regularisation=0.01;alpha=10.0|frac=0.5,ml100k,als,0.5,0,0.043890401629686,0.099681866383881,,,64.0,5.0,0.01,10.0,,,,,,,
als|factors=64;epochs=5;regularisation=0.01;alpha=40.0|frac=0.5,ml100k,als,0.5,0,0.037804045058171004,0.081654294803817,,,64.0,5.0,0.01,40.0,,,,,,,
als|factors=64;epochs=5;regularisation=0.1;alpha=1.0|frac=0.5,ml100k,als,0.5,0,0.046600620204393005,0.097560975609756,,,64.0,5.0,0.1,1.0,,,,,,,
als|factors=64;epochs=5;regularisation=0.1;alpha=10.0|frac=0.5,ml100k,als,0.5,0,0.0432158463369,0.097560975609756,,,64.0,5.0,0.1,10.0,,,,,,,
als|factors=64;epochs=5;regularisation=0.1;alpha=40.0|frac=0.5,ml100k,als,0.5,0,0.036541901811717,0.08271474019088,,,64.0,5.0,0.1,40.0,,,,,,,
als|factors=64;epochs=15;regularisation=0.001;alpha=1.0|frac=0.5,ml100k,als,0.5,0,0.051493758561125,0.111346765641569,,,64.0,15.0,0.001,1.0,,,,,,,
als|factors=64;epochs=15;regularisation=0.001;alpha=10.0|frac=0.5,ml100k,als,0.5,0,0.047398307111361004,0.101802757158006,,,64.0,15.0,0.001,10.0,,,,,,,
als|factors=64;epochs=15;regularisation=0.001;alpha=40.0|frac=0.5,ml100k,als,0.5,0,0.041404127476606004,0.090137857900318,,,64.0,15.0,0.001,40.0,,,,,,,
als|factors=64;epochs=15;regularisation=0.01;alpha=1.0|frac=0.5,ml100k,als,0.5,0,0.051094275710653,0.110286320254506,,,64.0,15.0,0.01,1.0,,,,,,,
als|factors=64;epochs=15;regularisation=0.01;alpha=10.0|frac=0.5,ml100k,als,0.5,0,0.04824462311856,0.102863202545068,,,64.0,15.0,0.01,10.0,,,,,,,
als|factors=64;epochs=15;regularisation=0.01;alpha=40.0|frac=0.5,ml100k,als,0.5,0,0.040298710578658005,0.088016967126193,,,64.0,15.0,0.01,40.0,,,,,,,
als|factors=64;epochs=15;regularisation=0.1;alpha=1.0|frac=0.5,ml100k,als,0.5,0,0.050029361167326,0.107104984093319,,,64.0,15.0,0.1,1.0,,,,,,,
als|factors=64;epochs=15;regularisation=0.1;alpha=10.0|frac=0.5,ml100k,als,0.5,0,0.04850084152798401,0.103923647932131,,,64.0,15.0,0.1,10.0,,,,,,,
als|factors=64;epochs=15;regularisation=0.1;alpha=40.0|frac=0.5,ml100k,als,0.5,0,0.037644784824693,0.080593849416755,,,64.0,15.0,0.1,40.0,,,,,,,
als|factors=64;epochs=30;regularisation=0.001;alpha=1.0|frac=0.5,ml100k,als,0.5,0,0.050871228539255006,0.107104984093319,,,64.0,30.0,0.001,1.0,,,,,,,
als|factors=64;epochs=30;regularisation=0.001;alpha=10.0|frac=0.5,ml100k,als,0.5,0,0.050342327769322,0.111346765641569,,,64.0,30.0,0.001,10.0,,,,,,,
als|factors=64;epochs=30;regularisation=0.001;alpha=40.0|frac=0.5,ml100k,als,0.5,0,0.041391137242876005,0.08271474019088,,,64.0,30.0,0.001,40.0,,,,,,,
als|factors=64;epochs=30;regularisation=0.01;alpha=1.0|frac=0.5,ml100k,als,0.5,0,0.050834130118203,0.107104984093319,,,64.0,30.0,0.01,1.0,,,,,,,
als|factors=64;epochs=30;regularisation=0.01;alpha=10.0|frac=0.5,ml100k,als,0.5,0,0.050210686569497,0.111346765641569,,,64.0,30.0,0.01,10.0,,,,,,,
als|factors=64;epochs=30;regularisation=0.01;alpha=40.0|frac=0.5,ml100k,als,0.5,0,0.041660982221559006,0.08271474019088,,,64.0,30.0,0.01,40.0,,,,,,,
als|factors=64;epochs=30;regularisation=0.1;alpha=1.0|frac=0.5,ml100k,als,0.5,0,0.050862987005478005,0.107104984093319,,,64.0,30.0,0.1,1.0,,,,,,,
als|factors=64;epochs=30;regularisation=0.1;alpha=10.0|frac=0.5,ml100k,als,0.5,0,0.049841798601045005,0.109225874867444,,,64.0,30.0,0.1,10.0,,,,,,,
als|factors=64;epochs=30;regularisation=0.1;alpha=40.0|frac=0.5,ml100k,als,0.5,0,0.04473561491157901,0.101802757158006,,,64.0,30.0,0.1,40.0,,,,,,,
als|factors=128;epochs=5;regularisation=0.001;alpha=1.0|frac=0.5,ml100k,als,0.5,0,0.046457416726798005,0.09119830328738,,,128.0,5.0,0.001,1.0,,,,,,,
als|factors=128;epochs=5;regularisation=0.001;alpha=10.0|frac=0.5,ml100k,als,0.5,0,0.039262454631237,0.08271474019088,,,128.0,5.0,0.001,10.0,,,,,,,
als|factors=128;epochs=5;regularisation=0.001;alpha=40.0|frac=0.5,ml100k,als,0.5,0,0.034931092670024005,0.075291622481442,,,128.0,5.0,0.001,40.0,,,,,,,
als|factors=128;epochs=5;regularisation=0.01;alpha=1.0|frac=0.5,ml100k,als,0.5,0,0.046464797185037,0.09119830328738,,,128.0,5.0,0.01,1.0,,,,,,,
als|factors=128;epochs=5;regularisation=0.01;alpha=10.0|frac=0.5,ml100k,als,0.5,0,0.039030518089195006,0.08271474019088,,,128.0,5.0,0.01,10.0,,,,,,,
als|factors=128;epochs=5;regularisation=0.01;alpha=40.0|frac=0.5,ml100k,als,0.5,0,0.033390058780622005,0.068928950159066,,,128.0,5.0,0.01,40.0,,,,,,,
als|factors=128;epochs=5;regularisation=0.1;alpha=1.0|frac=0.5,ml100k,als,0.5,0,0.046200100748809,0.09119830328738,,,128.0,5.0,0.1,1.0,,,,,,,
als|factors=128;epochs=5;regularisation=0.1;alpha=10.0|frac=0.5,ml100k,als,0.5,0,0.037965520855996006,0.079533404029692,,,128.0,5.0,0.1,10.0,,,,,,,
als|factors=128;epochs=5;regularisation=0.1;alpha=40.0|frac=0.5,ml100k,als,0.5,0,0.030909820643231,0.061505832449628005,,,128.0,5.0,0.1,40.0,,,,,,,
als|factors=128;epochs=15;regularisation=0.001;alpha=1.0|frac=0.5,ml100k,als,0.5,0,0.047300042851472004,0.089077412513255,,,128.0,15.0,0.001,1.0,,,,,,,
als|factors=128;epochs=15;regularisation=0.001;alpha=10.0|frac=0.5,ml100k,als,0.5,0,0.043330249181065005,0.081654294803817,,,128.0,15.0,0.001,10.0,,,,,,,
als|factors=128;epochs=15;regularisation=0.001;alpha=40.0|frac=0.5,ml100k,als,0.5,0,0.039706666436277,0.08271474019088,,,128.0,15.0,0.001,40.0,,,,,,,
als|factors=128;epochs=15;regularisation=0.01;alpha=1.0|frac=0.5,ml100k,als,0.5,0,0.047704350510029005,0.090137857900318,,,128.0,15.0,0.01,1.0,,,,,,,
als|factors=128;epochs=15;regularisation=0.01;alpha=10.0|frac=0.5,ml100k,als,0.5,0,0.043168508010114,0.08271474019088,,,128.0,15.0,0.01,10.0,,,,,,,
als|factors=128;epochs=15;regularisation=0.01;alpha=40.0|frac=0.5,ml100k,als,0.5,0,0.040935613941722,0.084835630965005,,,128.0,15.0,0.01,40.0,,,,,,,
als|factors=128;epochs=15;regularisation=0.1;alpha=1.0|frac=0.5,ml100k,als,0.5,0,0.04831527807846701,0.09119830328738,,,128.0,15.0,0.1,1.0,,,,,,,
als|factors=128;epochs=15;regularisation=0.1;alpha=10.0|frac=0.5,ml100k,als,0.5,0,0.042600267991427,0.084835630965005,,,128.0,15.0,0.1,10.0,,,,,,,
als|factors=128;epochs=15;regularisation=0.1;alpha=40.0|frac=0.5,ml100k,als,0.5,0,0.039806787514471004,0.079533404029692,,,128.0,15.0,0.1,40.0,,,,,,,
als|factors=128;epochs=30;regularisation=0.001;alpha=1.0|frac=0.5,ml100k,als,0.5,0,0.046161744145555,0.09119830328738,,,128.0,30.0,0.001,1.0,,,,,,,
als|factors=128;epochs=30;regularisation=0.001;alpha=10.0|frac=0.5,ml100k,als,0.5,0,0.04350494982789,0.084835630965005,,,128.0,30.0,0.001,10.0,,,,,,,
als|factors=128;epochs=30;regularisation=0.001;alpha=40.0|frac=0.5,ml100k,als,0.5,0,0.043699624894265,0.090137857900318,,,128.0,30.0,0.001,40.0,,,,,,,
als|factors=128;epochs=30;regularisation=0.01;alpha=1.0|frac=0.5,ml100k,als,0.5,0,0.046686096161307006,0.092258748674443,,,128.0,30.0,0.01,1.0,,,,,,,
als|factors=128;epochs=30;regularisation=0.01;alpha=10.0|frac=0.5,ml100k,als,0.5,0,0.045404830442523005,0.092258748674443,,,128.0,30.0,0.01,10.0,,,,,,,
als|factors=128;epochs=30;regularisation=0.01;alpha=40.0|frac=0.5,ml100k,als,0.5,0,0.043958059600500005,0.088016967126193,,,128.0,30.0,0.01,40.0,,,,,,,
als|factors=128;epochs=30;regularisation=0.1;alpha=1.0|frac=0.5,ml100k,als,0.5,0,0.044805825774218,0.085896076352067,,,128.0,30.0,0.1,1.0,,,,,,,
als|factors=128;epochs=30;regularisation=0.1;alpha=10.0|frac=0.5,ml100k,als,0.5,0,0.044044152248687005,0.088016967126193,,,128.0,30.0,0.1,10.0,,,,,,,
als|factors=128;epochs=30;regularisation=0.1;alpha=40.0|frac=0.5,ml100k,als,0.5,0,0.045408679384886005,0.089077412513255,,,128.0,30.0,0.1,40.0,,,,,,,
als|factors=16;epochs=5;regularisation=0.001;alpha=1.0|frac=1.0,ml100k,als,1.0,0,0.067411307069456,0.136797454931071,,,16.0,5.0,0.001,1.0,,,,,,,
als|factors=16;epochs=5;regularisation=0.001;alpha=10.0|frac=1.0,ml100k,als,1.0,0,0.06466499536263,0.12301166489925701,,,16.0,5.0,0.001,10.0,,,,,,,
als|factors=16;epochs=5;regularisation=0.001;alpha=40.0|frac=1.0,ml100k,als,1.0,0,0.049189562187617004,0.097560975609756,,,16.0,5.0,0.001,40.0,,,,,,,
als|factors=16;epochs=5;regularisation=0.01;alpha=1.0|frac=1.0,ml100k,als,1.0,0,0.067488461912884,0.136797454931071,,,16.0,5.0,0.01,1.0,,,,,,,
als|factors=16;epochs=5;regularisation=0.01;alpha=10.0|frac=1.0,ml100k,als,1.0,0,0.06358080031351,0.12195121951219501,,,16.0,5.0,0.01,10.0,,,,,,,
als|factors=16;epochs=5;regularisation=0.01;alpha=40.0|frac=1.0,ml100k,als,1.0,0,0.048298878250656006,0.093319194061505,,,16.0,5.0,0.01,40.0,,,,,,,
als|factors=16;epochs=5;regularisation=0.1;alpha=1.0|frac=1.0,ml100k,als,1.0,0,0.067847897745223,0.137857900318133,,,16.0,5.0,0.1,1.0,,,,,,,
als|factors=16;epochs=5;regularisation=0.1;alpha=10.0|frac=1.0,ml100k,als,1.0,0,0.06463064834946901,0.12513255567338202,,,16.0,5.0,0.1,10.0,,,,,,,
als|factors=16;epochs=5;regularisation=0.1;alpha=40.0|frac=1.0,ml100k,als,1.0,0,0.050861383257161004,0.100742311770943,,,16.0,5.0,0.1,40.0,,,,,,,
als|factors=16;epochs=15;regularisation=0.001;alpha=1.0|frac=1.0,ml100k,als,1.0,0,0.07212169361206501,0.145281018027571,,,16.0,15.0,0.001,1.0,,,,,,,
als|factors=16;epochs=15;regularisation=0.001;alpha=10.0|frac=1.0,ml100k,als,1.0,0,0.061870917554042004,0.12301166489925701,,,16.0,15.0,0.001,10.0,,,,,,,
als|factors=16;epochs=15;regularisation=0.001;alpha=40.0|frac=1.0,ml100k,als,1.0,0,0.05096212520773501,0.098621420996818,,,16.0,15.0,0.001,40.0,,,,,,,
als|factors=16;epochs=15;regularisation=0.01;alpha=1.0|frac=1.0,ml100k,als,1.0,0,0.07276869034474101,0.146341463414634,,,16.0,15.0,0.01,1.0,,,,,,,
als|factors=16;epochs=15;regularisation=0.01;alpha=10.0|frac=1.0,ml100k,als,1.0,0,0.062344079691327006,0.12513255567338202,,,16.0,15.0,0.01,10.0,,,,,,,
als|factors=16;epochs=15;regularisation=0.01;alpha=40.0|frac=1.0,ml100k,als,1.0,0,0.050114847371569,0.097560975609756,,,16.0,15.0,0.01,40.0,,,,,,,
als|factors=16;epochs=15;regularisation=0.1;alpha=1.0|frac=1.0,ml100k,als,1.0,0,0.07251748094073901,0.147401908801696,,,16.0,15.0,0.1,1.0,,,,,,,
als|factors=16;epochs=15;regularisation=0.1;alpha=10.0|frac=1.0,ml100k,als,1.0,0,0.062679231273416,0.12301166489925701,,,16.0,15.0,0.1,10.0,,,,,,,
als|factors=16;epochs=15;regularisation=0.1;alpha=40.0|frac=1.0,ml100k,als,1.0,0,0.051672718500689004,0.100742311770943,,,16.0,15.0,0.1,40.0,,,,,,,
als|factors=16;epochs=30;regularisation=0.001;alpha=1.0|frac=1.0,ml100k,als,1.0,0,0.071332988268762,0.144220572640509,,,16.0,30.0,0.001,1.0,,,,,,,
als|factors=16;epochs=30;regularisation=0.001;alpha=10.0|frac=1.0,ml100k,als,1.0,0,0.067596405149521,0.12831389183457,,,16.0,30.0,0.001,10.0,,,,,,,
als|factors=16;epochs=30;regularisation=0.001;alpha=40.0|frac=1.0,ml100k,als,1.0,0,0.052678582064533006,0.104984093319194,,,16.0,30.0,0.001,40.0,,,,,,,
als|factors=16;epochs=30;regularisation=0.01;alpha=1.0|frac=1.0,ml100k,als,1.0,0,0.07131768086566401,0.144220572640509,,,16.0,30.0,0.01,1.0,,,,,,,
als|factors=16;epochs=30;regularisation=0.01;alpha=10.0|frac=1.0,ml100k,als,1.0,0,0.067382679694361,0.12831389183457,,,16.0,30.0,0.01,10.0,,,,,,,
als|factors=16;epochs=30;regularisation=0.01;alpha=40.0|frac=1.0,ml100k,als,1.0,0,0.05322453736491001,0.103923647932131,,,16.0,30.0,0.01,40.0,,,,,,,
als|factors=16;epochs=30;regularisation=0.1;alpha=1.0|frac=1.0,ml100k,als,1.0,0,0.07131768086566401,0.144220572640509,,,16.0,30.0,0.1,1.0,,,,,,,
als|factors=16;epochs=30;regularisation=0.1;alpha=10.0|frac=1.0,ml100k,als,1.0,0,0.06677155401096001,0.126193001060445,,,16.0,30.0,0.1,10.0,,,,,,,
als|factors=16;epochs=30;regularisation=0.1;alpha=40.0|frac=1.0,ml100k,als,1.0,0,0.053137970920930006,0.102863202545068,,,16.0,30.0,0.1,40.0,,,,,,,
als|factors=32;epochs=5;regularisation=0.001;alpha=1.0|frac=1.0,ml100k,als,1.0,0,0.07343139702538301,0.145281018027571,,,32.0,5.0,0.001,1.0,,,,,,,
als|factors=32;epochs=5;regularisation=0.001;alpha=10.0|frac=1.0,ml100k,als,1.0,0,0.06930215767054,0.136797454931071,,,32.0,5.0,0.001,10.0,,,,,,,
als|factors=32;epochs=5;regularisation=0.001;alpha=40.0|frac=1.0,ml100k,als,1.0,0,0.054828017375113,0.109225874867444,,,32.0,5.0,0.001,40.0,,,,,,,
als|factors=32;epochs=5;regularisation=0.01;alpha=1.0|frac=1.0,ml100k,als,1.0,0,0.073407571911072,0.145281018027571,,,32.0,5.0,0.01,1.0,,,,,,,
als|factors=32;epochs=5;regularisation=0.01;alpha=10.0|frac=1.0,ml100k,als,1.0,0,0.068444847829318,0.133616118769883,,,32.0,5.0,0.01,10.0,,,,,,,
als|factors=32;epochs=5;regularisation=0.01;alpha=40.0|frac=1.0,ml100k,als,1.0,0,0.056637950874329004,0.112407211028632,,,32.0,5.0,0.01,40.0,,,,,,,
als|factors=32;epochs=5;regularisation=0.1;alpha=1.0|frac=1.0,ml100k,als,1.0,0,0.073298626596992,0.145281018027571,,,32.0,5.0,0.1,1.0,,,,,,,
als|factors=32;epochs=5;regularisation=0.1;alpha=10.0|frac=1.0,ml100k,als,1.0,0,0.068784607927907,0.141039236479321,,,32.0,5.0,0.1,10.0,,,,,,,
als|factors=32;epochs=5;regularisation=0.1;alpha=40.0|frac=1.0,ml100k,als,1.0,0,0.055483823506072005,0.11346765641569401,,,32.0,5.0,0.1,40.0,,,,,,,
als|factors=32;epochs=15;regularisation=0.001;alpha=1.0|frac=1.0,ml100k,als,1.0,0,0.070203680822601,0.133616118769883,,,32.0,15.0,0.001,1.0,,,,,,,
als|factors=32;epochs=15;regularisation=0.001;alpha=10.0|frac=1.0,ml100k,als,1.0,0,0.071817021162694,0.146341463414634,,,32.0,15.0,0.001,10.0,,,,,,,
als|factors=32;epochs=15;regularisation=0.001;alpha=40.0|frac=1.0,ml100k,als,1.0,0,0.056370748381604004,0.11346765641569401,,,32.0,15.0,0.001,40.0,,,,,,,
als|factors=32;epochs=15;regularisation=0.01;alpha=1.0|frac=1.0,ml100k,als,1.0,0,0.06989714336097,0.13255567338282,,,32.0,15.0,0.01,1.0,,,,,,,
als|factors=32;epochs=15;regularisation=0.01;alpha=10.0|frac=1.0,ml100k,als,1.0,0,0.070257167721124,0.145281018027571,,,32.0,15.0,0.01,10.0,,,,,,,
als|factors=32;epochs=15;regularisation=0.01;alpha=40.0|frac=1.0,ml100k,als,1.0,0,0.057135896681686005,0.11664899257688201,,,32.0,15.0,0.01,40.0,,,,,,,
als|factors=32;epochs=15;regularisation=0.1;alpha=1.0|frac=1.0,ml100k,als,1.0,0,0.069450709044388,0.13255567338282,,,32.0,15.0,0.1,1.0,,,,,,,
als|factors=32;epochs=15;regularisation=0.1;alpha=10.0|frac=1.0,ml100k,als,1.0,0,0.069393613992784,0.143160127253446,,,32.0,15.0,0.1,10.0,,,,,,,
als|factors=32;epochs=15;regularisation=0.1;alpha=40.0|frac=1.0,ml100k,als,1.0,0,0.058308536607368004,0.11664899257688201,,,32.0,15.0,0.1,40.0,,,,,,,
als|factors=32;epochs=30;regularisation=0.001;alpha=1.0|frac=1.0,ml100k,als,1.0,0,0.072203553083273,0.136797454931071,,,32.0,30.0,0.001,1.0,,,,,,,
als|factors=32;epochs=30;regularisation=0.001;alpha=10.0|frac=1.0,ml100k,als,1.0,0,0.07235391252802201,0.15164369034994601,,,32.0,30.0,0.001,10.0,,,,,,,
als|factors=32;epochs=30;regularisation=0.001;alpha=40.0|frac=1.0,ml100k,als,1.0,0,0.059398334267616,0.12089077412513201,,,32.0,30.0,0.001,40.0,,,,,,,
als|factors=32;epochs=30;regularisation=0.01;alpha=1.0|frac=1.0,ml100k,als,1.0,0,0.072141772985754,0.136797454931071,,,32.0,30.0,0.01,1.0,,,,,,,
als|factors=32;epochs=30;regularisation=0.01;alpha=10.0|frac=1.0,ml100k,als,1.0,0,0.071527635488106,0.148462354188759,,,32.0,30.0,0.01,10.0,,,,,,,
als|factors=32;epochs=30;regularisation=0.01;alpha=40.0|frac=1.0,ml100k,als,1.0,0,0.06141651799112301,0.12725344644750702,,,32.0,30.0,0.01,40.0,,,,,,,
als|factors=32;epochs=30;regularisation=0.1;alpha=1.0|frac=1.0,ml100k,als,1.0,0,0.070939841983486,0.135737009544008,,,32.0,30.0,0.1,1.0,,,,,,,
als|factors=32;epochs=30;regularisation=0.1;alpha=10.0|frac=1.0,ml100k,als,1.0,0,0.071987037177829,0.146341463414634,,,32.0,30.0,0.1,10.0,,,,,,,
als|factors=32;epochs=30;regularisation=0.1;alpha=40.0|frac=1.0,ml100k,als,1.0,0,0.060989169318948,0.12937433722163302,,,32.0,30.0,0.1,40.0,,,,,,,
als|factors=64;epochs=5;regularisation=0.001;alpha=1.0|frac=1.0,ml100k,als,1.0,0,0.072318286889876,0.146341463414634,,,64.0,5.0,0.001,1.0,,,,,,,
als|factors=64;epochs=5;regularisation=0.001;alpha=10.0|frac=1.0,ml100k,als,1.0,0,0.058158332810103006,0.12407211028632001,,,64.0,5.0,0.001,10.0,,,,,,,
als|factors=64;epochs=5;regularisation=0.001;alpha=40.0|frac=1.0,ml100k,als,1.0,0,0.04986305921567501,0.107104984093319,,,64.0,5.0,0.001,40.0,,,,,,,
als|factors=64;epochs=5;regularisation=0.01;alpha=1.0|frac=1.0,ml100k,als,1.0,0,0.07204060631552,0.145281018027571,,,64.0,5.0,0.01,1.0,,,,,,,
als|factors=64;epochs=5;regularisation=0.01;alpha=10.0|frac=1.0,ml100k,als,1.0,0,0.059406230596935006,0.126193001060445,,,64.0,5.0,0.01,10.0,,,,,,,
als|factors=64;epochs=5;regularisation=0.01;alpha=40.0|frac=1.0,ml100k,als,1.0,0,0.051409520233137,0.111346765641569,,,64.0,5.0,0.01,40.0,,,,,,,
als|factors=64;epochs=5;regularisation=0.1;alpha=1.0|frac=1.0,ml100k,als,1.0,0,0.07308866164210401,0.148462354188759,,,64.0,5.0,0.1,1.0,,,,,,,
als|factors=64;epochs=5;regularisation=0.1;alpha=10.0|frac=1.0,ml100k,als,1.0,0,0.059237419706657,0.12407211028632001,,,64.0,5.0,0.1,10.0,,,,,,,
als|factors=64;epochs=5;regularisation=0.1;alpha=40.0|frac=1.0,ml100k,als,1.0,0,0.051779844252114,0.11558854718981901,,,64.0,5.0,0.1,40.0,,,,,,,
als|factors=64;epochs=15;regularisation=0.001;alpha=1.0|frac=1.0,ml100k,als,1.0,0,0.069259333346081,0.135737009544008,,,64.0,15.0,0.001,1.0,,,,,,,
als|factors=64;epochs=15;regularisation=0.001;alpha=10.0|frac=1.0,ml100k,als,1.0,0,0.065877651391355,0.12937433722163302,,,64.0,15.0,0.001,10.0,,,,,,,
als|factors=64;epochs=15;regularisation=0.001;alpha=40.0|frac=1.0,ml100k,als,1.0,0,0.056643417675692004,0.114528101802757,,,64.0,15.0,0.001,40.0,,,,,,,
als|factors=64;epochs=15;regularisation=0.01;alpha=1.0|frac=1.0,ml100k,als,1.0,0,0.06877429706768501,0.135737009544008,,,64.0,15.0,0.01,1.0,,,,,,,
als|factors=64;epochs=15;regularisation=0.01;alpha=10.0|frac=1.0,ml100k,als,1.0,0,0.064485200342105,0.12513255567338202,,,64.0,15.0,0.01,10.0,,,,,,,
als|factors=64;epochs=15;regularisation=0.01;alpha=40.0|frac=1.0,ml100k,als,1.0,0,0.058155789217343004,0.12089077412513201,,,64.0,15.0,0.01,40.0,,,,,,,
als|factors=64;epochs=15;regularisation=0.1;alpha=1.0|frac=1.0,ml100k,als,1.0,0,0.069279957211467,0.136797454931071,,,64.0,15.0,0.1,1.0,,,,,,,
als|factors=64;epochs=15;regularisation=0.1;alpha=10.0|frac=1.0,ml100k,als,1.0,0,0.065444284537682,0.130434782608695,,,64.0,15.0,0.1,10.0,,,,,,,
als|factors=64;epochs=15;regularisation=0.1;alpha=40.0|frac=1.0,ml100k,als,1.0,0,0.056819022349487006,0.12195121951219501,,,64.0,15.0,0.1,40.0,,,,,,,
als|factors=64;epochs=30;regularisation=0.001;alpha=1.0|frac=1.0,ml100k,als,1.0,0,0.06848555683063601,0.134676564156945,,,64.0,30.0,0.001,1.0,,,,,,,
als|factors=64;epochs=30;regularisation=0.001;alpha=10.0|frac=1.0,ml100k,als,1.0,0,0.066300372503254,0.135737009544008,,,64.0,30.0,0.001,10.0,,,,,,,
als|factors=64;epochs=30;regularisation=0.001;alpha=40.0|frac=1.0,ml100k,als,1.0,0,0.05892594976196001,0.12195121951219501,,,64.0,30.0,0.001,40.0,,,,,,,
als|factors=64;epochs=30;regularisation=0.01;alpha=1.0|frac=1.0,ml100k,als,1.0,0,0.068526572548346,0.134676564156945,,,64.0,30.0,0.01,1.0,,,,,,,
als|factors=64;epochs=30;regularisation=0.01;alpha=10.0|frac=1.0,ml100k,als,1.0,0,0.06798504680447001,0.138918345705196,,,64.0,30.0,0.01,10.0,,,,,,,
als|factors=64;epochs=30;regularisation=0.01;alpha=40.0|frac=1.0,ml100k,als,1.0,0,0.05877188350581,0.11876988335100701,,,64.0,30.0,0.01,40.0,,,,,,,
als|factors=64;epochs=30;regularisation=0.1;alpha=1.0|frac=1.0,ml100k,als,1.0,0,0.06827334204829001,0.133616118769883,,,64.0,30.0,0.1,1.0,,,,,,,
als|factors=64;epochs=30;regularisation=0.1;alpha=10.0|frac=1.0,ml100k,als,1.0,0,0.067413573355282,0.136797454931071,,,64.0,30.0,0.1,10.0,,,,,,,
als|factors=64;epochs=30;regularisation=0.1;alpha=40.0|frac=1.0,ml100k,als,1.0,0,0.059598047667832006,0.12831389183457,,,64.0,30.0,0.1,40.0,,,,,,,
als|factors=128;epochs=5;regularisation=0.001;alpha=1.0|frac=1.0,ml100k,als,1.0,0,0.06065685392371001,0.11876988335100701,,,128.0,5.0,0.001,1.0,,,,,,,
als|factors=128;epochs=5;regularisation=0.001;alpha=10.0|frac=1.0,ml100k,als,1.0,0,0.056135161600529004,0.109225874867444,,,128.0,5.0,0.001,10.0,,,,,,,
als|factors=128;epochs=5;regularisation=0.001;alpha=40.0|frac=1.0,ml100k,als,1.0,0,0.052603906036515005,0.094379639448568,,,128.0,5.0,0.001,40.0,,,,,,,
als|factors=128;epochs=5;regularisation=0.01;alpha=1.0|frac=1.0,ml100k,als,1.0,0,0.060492301755894005,0.11876988335100701,,,128.0,5.0,0.01,1.0,,,,,,,
als|factors=128;epochs=5;regularisation=0.01;alpha=10.0|frac=1.0,ml100k,als,1.0,0,0.056807869638608004,0.111346765641569,,,128.0,5.0,0.01,10.0,,,,,,,
als|factors=128;epochs=5;regularisation=0.01;alpha=40.0|frac=1.0,ml100k,als,1.0,0,0.050962215999941,0.094379639448568,,,128.0,5.0,0.01,40.0,,,,,,,
als|factors=128;epochs=5;regularisation=0.1;alpha=1.0|frac=1.0,ml100k,als,1.0,0,0.059744896972405,0.11770943796394401,,,128.0,5.0,0.1,1.0,,,,,,,
als|factors=128;epochs=5;regularisation=0.1;alpha=10.0|frac=1.0,ml100k,als,1.0,0,0.060623863511655,0.11664899257688201,,,128.0,5.0,0.1,10.0,,,,,,,
als|factors=128;epochs=5;regularisation=0.1;alpha=40.0|frac=1.0,ml100k,als,1.0,0,0.048680421309275,0.09544008483563,,,128.0,5.0,0.1,40.0,,,,,,,
als|factors=128;epochs=15;regularisation=0.001;alpha=1.0|frac=1.0,ml100k,als,1.0,0,0.063408932898126,0.11558854718981901,,,128.0,15.0,0.001,1.0,,,,,,,
als|factors=128;epochs=15;regularisation=0.001;alpha=10.0|frac=1.0,ml100k,als,1.0,0,0.05657816168618401,0.11346765641569401,,,128.0,15.0,0.001,10.0,,,,,,,
als|factors=128;epochs=15;regularisation=0.001;alpha=40.0|frac=1.0,ml100k,als,1.0,0,0.050024991797956005,0.092258748674443,,,128.0,15.0,0.001,40.0,,,,,,,
als|factors=128;epochs=15;regularisation=0.01;alpha=1.0|frac=1.0,ml100k,als,1.0,0,0.063582359660699,0.11664899257688201,,,128.0,15.0,0.01,1.0,,,,,,,
als|factors=128;epochs=15;regularisation=0.01;alpha=10.0|frac=1.0,ml100k,als,1.0,0,0.055931594065369,0.11346765641569401,,,128.0,15.0,0.01,10.0,,,,,,,
als|factors=128;epochs=15;regularisation=0.01;alpha=40.0|frac=1.0,ml100k,als,1.0,0,0.052498002445627,0.099681866383881,,,128.0,15.0,0.01,40.0,,,,,,,
als|factors=128;epochs=15;regularisation=0.1;alpha=1.0|frac=1.0,ml100k,als,1.0,0,0.06380768708649101,0.11664899257688201,,,128.0,15.0,0.1,1.0,,,,,,,
als|factors=128;epochs=15;regularisation=0.1;alpha=10.0|frac=1.0,ml100k,als,1.0,0,0.055418184781587006,0.111346765641569,,,128.0,15.0,0.1,10.0,,,,,,,
als|factors=128;epochs=15;regularisation=0.1;alpha=40.0|frac=1.0,ml100k,als,1.0,0,0.049497233962373,0.09544008483563,,,128.0,15.0,0.1,40.0,,,,,,,
als|factors=128;epochs=30;regularisation=0.001;alpha=1.0|frac=1.0,ml100k,als,1.0,0,0.065634191761994,0.12195121951219501,,,128.0,30.0,0.001,1.0,,,,,,,
als|factors=128;epochs=30;regularisation=0.001;alpha=10.0|frac=1.0,ml100k,als,1.0,0,0.056684881324854004,0.11664899257688201,,,128.0,30.0,0.001,10.0,,,,,,,
als|factors=128;epochs=30;regularisation=0.001;alpha=40.0|frac=1.0,ml100k,als,1.0,0,0.054677956969729005,0.108165429480381,,,128.0,30.0,0.001,40.0,,,,,,,
als|factors=128;epochs=30;regularisation=0.01;alpha=1.0|frac=1.0,ml100k,als,1.0,0,0.065287929375322,0.12195121951219501,,,128.0,30.0,0.01,1.0,,,,,,,
als|factors=128;epochs=30;regularisation=0.01;alpha=10.0|frac=1.0,ml100k,als,1.0,0,0.055354207796556004,0.11346765641569401,,,128.0,30.0,0.01,10.0,,,,,,,
als|factors=128;epochs=30;regularisation=0.01;alpha=40.0|frac=1.0,ml100k,als,1.0,0,0.05453577318037701,0.108165429480381,,,128.0,30.0,0.01,40.0,,,,,,,
als|factors=128;epochs=30;regularisation=0.1;alpha=1.0|frac=1.0,ml100k,als,1.0,0,0.06503793140362,0.12089077412513201,,,128.0,30.0,0.1,1.0,,,,,,,
als|factors=128;epochs=30;regularisation=0.1;alpha=10.0|frac=1.0,ml100k,als,1.0,0,0.058553741269756,0.111346765641569,,,128.0,30.0,0.1,10.0,,,,,,,
als|factors=128;epochs=30;regularisation=0.1;alpha=40.0|frac=1.0,ml100k,als,1.0,0,0.053306204103776005,0.109225874867444,,,128.0,30.0,0.1,40.0,,,,,,,
multvae|latent=32;hidden=200;epochs=10;dropout=0.0|frac=0.25,ml100k,multvae,0.25,0,0.01900702370889,0.04135737009544,,,,,,,32.0,200.0,10.0,0.0,,,
multvae|latent=32;hidden=200;epochs=10;dropout=0.5|frac=0.25,ml100k,multvae,0.25,0,0.015563944261775,0.030752916224814002,,,,,,,32.0,200.0,10.0,0.5,,,
multvae|latent=32;hidden=200;epochs=20;dropout=0.0|frac=0.25,ml100k,multvae,0.25,0,0.036570754901557,0.077412513255567,,,,,,,32.0,200.0,20.0,0.0,,,
multvae|latent=32;hidden=200;epochs=20;dropout=0.5|frac=0.25,ml100k,multvae,0.25,0,0.032233600290945005,0.071049840933191,,,,,,,32.0,200.0,20.0,0.5,,,
multvae|latent=32;hidden=600;epochs=10;dropout=0.0|frac=0.25,ml100k,multvae,0.25,0,0.035610092781726,0.079533404029692,,,,,,,32.0,600.0,10.0,0.0,,,
multvae|latent=32;hidden=600;epochs=10;dropout=0.5|frac=0.25,ml100k,multvae,0.25,0,0.031445186660354,0.073170731707317,,,,,,,32.0,600.0,10.0,0.5,,,
multvae|latent=32;hidden=600;epochs=20;dropout=0.0|frac=0.25,ml100k,multvae,0.25,0,0.042007523512999,0.088016967126193,,,,,,,32.0,600.0,20.0,0.0,,,
multvae|latent=32;hidden=600;epochs=20;dropout=0.5|frac=0.25,ml100k,multvae,0.25,0,0.041058256586184005,0.084835630965005,,,,,,,32.0,600.0,20.0,0.5,,,
multvae|latent=64;hidden=200;epochs=10;dropout=0.0|frac=0.25,ml100k,multvae,0.25,0,0.024302345815653003,0.055143160127253,,,,,,,64.0,200.0,10.0,0.0,,,
multvae|latent=64;hidden=200;epochs=10;dropout=0.5|frac=0.25,ml100k,multvae,0.25,0,0.019974141099272,0.043478260869565,,,,,,,64.0,200.0,10.0,0.5,,,
multvae|latent=64;hidden=200;epochs=20;dropout=0.0|frac=0.25,ml100k,multvae,0.25,0,0.033216611298001006,0.069989395546129,,,,,,,64.0,200.0,20.0,0.0,,,
multvae|latent=64;hidden=200;epochs=20;dropout=0.5|frac=0.25,ml100k,multvae,0.25,0,0.031571662670750004,0.068928950159066,,,,,,,64.0,200.0,20.0,0.5,,,
multvae|latent=64;hidden=600;epochs=10;dropout=0.0|frac=0.25,ml100k,multvae,0.25,0,0.034328478610244004,0.079533404029692,,,,,,,64.0,600.0,10.0,0.0,,,
multvae|latent=64;hidden=600;epochs=10;dropout=0.5|frac=0.25,ml100k,multvae,0.25,0,0.030294865096746,0.066808059384941,,,,,,,64.0,600.0,10.0,0.5,,,
multvae|latent=64;hidden=600;epochs=20;dropout=0.0|frac=0.25,ml100k,multvae,0.25,0,0.043142395483714006,0.08695652173913,,,,,,,64.0,600.0,20.0,0.0,,,
multvae|latent=64;hidden=600;epochs=20;dropout=0.5|frac=0.25,ml100k,multvae,0.25,0,0.036898242833707004,0.076352067868504,,,,,,,64.0,600.0,20.0,0.5,,,
multvae|latent=128;hidden=200;epochs=10;dropout=0.0|frac=0.25,ml100k,multvae,0.25,0,0.020880271427835002,0.04135737009544,,,,,,,128.0,200.0,10.0,0.0,,,
multvae|latent=128;hidden=200;epochs=10;dropout=0.5|frac=0.25,ml100k,multvae,0.25,0,0.01466457545182,0.030752916224814002,,,,,,,128.0,200.0,10.0,0.5,,,
multvae|latent=128;hidden=200;epochs=20;dropout=0.0|frac=0.25,ml100k,multvae,0.25,0,0.032761857208320005,0.071049840933191,,,,,,,128.0,200.0,20.0,0.0,,,
multvae|latent=128;hidden=200;epochs=20;dropout=0.5|frac=0.25,ml100k,multvae,0.25,0,0.033824650564710006,0.069989395546129,,,,,,,128.0,200.0,20.0,0.5,,,
multvae|latent=128;hidden=600;epochs=10;dropout=0.0|frac=0.25,ml100k,multvae,0.25,0,0.033151195712592,0.074231177094379,,,,,,,128.0,600.0,10.0,0.0,,,
multvae|latent=128;hidden=600;epochs=10;dropout=0.5|frac=0.25,ml100k,multvae,0.25,0,0.033143114850562004,0.074231177094379,,,,,,,128.0,600.0,10.0,0.5,,,
multvae|latent=128;hidden=600;epochs=20;dropout=0.0|frac=0.25,ml100k,multvae,0.25,0,0.043895485706789,0.093319194061505,,,,,,,128.0,600.0,20.0,0.0,,,
multvae|latent=128;hidden=600;epochs=20;dropout=0.5|frac=0.25,ml100k,multvae,0.25,0,0.038970942240607,0.076352067868504,,,,,,,128.0,600.0,20.0,0.5,,,
multvae|latent=32;hidden=200;epochs=10;dropout=0.0|frac=0.5,ml100k,multvae,0.5,0,0.037125838937034,0.072110286320254,,,,,,,32.0,200.0,10.0,0.0,,,
multvae|latent=32;hidden=200;epochs=10;dropout=0.5|frac=0.5,ml100k,multvae,0.5,0,0.034506301708793,0.066808059384941,,,,,,,32.0,200.0,10.0,0.5,,,
multvae|latent=32;hidden=200;epochs=20;dropout=0.0|frac=0.5,ml100k,multvae,0.5,0,0.038921507065573006,0.077412513255567,,,,,,,32.0,200.0,20.0,0.0,,,
multvae|latent=32;hidden=200;epochs=20;dropout=0.5|frac=0.5,ml100k,multvae,0.5,0,0.036774328366683005,0.077412513255567,,,,,,,32.0,200.0,20.0,0.5,,,
multvae|latent=32;hidden=600;epochs=10;dropout=0.0|frac=0.5,ml100k,multvae,0.5,0,0.037355697869488,0.073170731707317,,,,,,,32.0,600.0,10.0,0.0,,,
multvae|latent=32;hidden=600;epochs=10;dropout=0.5|frac=0.5,ml100k,multvae,0.5,0,0.037271726666584,0.073170731707317,,,,,,,32.0,600.0,10.0,0.5,,,
multvae|latent=32;hidden=600;epochs=20;dropout=0.0|frac=0.5,ml100k,multvae,0.5,0,0.043690564504334006,0.092258748674443,,,,,,,32.0,600.0,20.0,0.0,,,
multvae|latent=32;hidden=600;epochs=20;dropout=0.5|frac=0.5,ml100k,multvae,0.5,0,0.041650640140969,0.085896076352067,,,,,,,32.0,600.0,20.0,0.5,,,
multvae|latent=64;hidden=200;epochs=10;dropout=0.0|frac=0.5,ml100k,multvae,0.5,0,0.034187590555805,0.064687168610816,,,,,,,64.0,200.0,10.0,0.0,,,
multvae|latent=64;hidden=200;epochs=10;dropout=0.5|frac=0.5,ml100k,multvae,0.5,0,0.038954367099909,0.073170731707317,,,,,,,64.0,200.0,10.0,0.5,,,
multvae|latent=64;hidden=200;epochs=20;dropout=0.0|frac=0.5,ml100k,multvae,0.5,0,0.035602172110658005,0.073170731707317,,,,,,,64.0,200.0,20.0,0.0,,,
multvae|latent=64;hidden=200;epochs=20;dropout=0.5|frac=0.5,ml100k,multvae,0.5,0,0.035550001509702,0.072110286320254,,,,,,,64.0,200.0,20.0,0.5,,,
multvae|latent=64;hidden=600;epochs=10;dropout=0.0|frac=0.5,ml100k,multvae,0.5,0,0.033801041155633,0.075291622481442,,,,,,,64.0,600.0,10.0,0.0,,,
multvae|latent=64;hidden=600;epochs=10;dropout=0.5|frac=0.5,ml100k,multvae,0.5,0,0.036260769317016,0.074231177094379,,,,,,,64.0,600.0,10.0,0.5,,,
multvae|latent=64;hidden=600;epochs=20;dropout=0.0|frac=0.5,ml100k,multvae,0.5,0,0.039528296369813004,0.081654294803817,,,,,,,64.0,600.0,20.0,0.0,,,
multvae|latent=64;hidden=600;epochs=20;dropout=0.5|frac=0.5,ml100k,multvae,0.5,0,0.040935463274132,0.08271474019088,,,,,,,64.0,600.0,20.0,0.5,,,
multvae|latent=128;hidden=200;epochs=10;dropout=0.0|frac=0.5,ml100k,multvae,0.5,0,0.032747364888908004,0.067868504772004,,,,,,,128.0,200.0,10.0,0.0,,,
multvae|latent=128;hidden=200;epochs=10;dropout=0.5|frac=0.5,ml100k,multvae,0.5,0,0.031286536567535,0.061505832449628005,,,,,,,128.0,200.0,10.0,0.5,,,
multvae|latent=128;hidden=200;epochs=20;dropout=0.0|frac=0.5,ml100k,multvae,0.5,0,0.035783951770762004,0.076352067868504,,,,,,,128.0,200.0,20.0,0.0,,,
multvae|latent=128;hidden=200;epochs=20;dropout=0.5|frac=0.5,ml100k,multvae,0.5,0,0.035572902499706,0.073170731707317,,,,,,,128.0,200.0,20.0,0.5,,,
multvae|latent=128;hidden=600;epochs=10;dropout=0.0|frac=0.5,ml100k,multvae,0.5,0,0.033792270868262,0.066808059384941,,,,,,,128.0,600.0,10.0,0.0,,,
multvae|latent=128;hidden=600;epochs=10;dropout=0.5|frac=0.5,ml100k,multvae,0.5,0,0.037256470450574,0.079533404029692,,,,,,,128.0,600.0,10.0,0.5,,,
multvae|latent=128;hidden=600;epochs=20;dropout=0.0|frac=0.5,ml100k,multvae,0.5,0,0.037647602750275004,0.078472958642629,,,,,,,128.0,600.0,20.0,0.0,,,
multvae|latent=128;hidden=600;epochs=20;dropout=0.5|frac=0.5,ml100k,multvae,0.5,0,0.040980944095220004,0.085896076352067,,,,,,,128.0,600.0,20.0,0.5,,,
multvae|latent=32;hidden=200;epochs=10;dropout=0.0|frac=1.0,ml100k,multvae,1.0,0,0.04469908321105601,0.09119830328738,,,,,,,32.0,200.0,10.0,0.0,,,
multvae|latent=32;hidden=200;epochs=10;dropout=0.5|frac=1.0,ml100k,multvae,1.0,0,0.042421643153710005,0.090137857900318,,,,,,,32.0,200.0,10.0,0.5,,,
multvae|latent=32;hidden=200;epochs=20;dropout=0.0|frac=1.0,ml100k,multvae,1.0,0,0.050474128686822,0.099681866383881,,,,,,,32.0,200.0,20.0,0.0,,,
multvae|latent=32;hidden=200;epochs=20;dropout=0.5|frac=1.0,ml100k,multvae,1.0,0,0.046811342123147005,0.094379639448568,,,,,,,32.0,200.0,20.0,0.5,,,
multvae|latent=32;hidden=600;epochs=10;dropout=0.0|frac=1.0,ml100k,multvae,1.0,0,0.05326149724819101,0.099681866383881,,,,,,,32.0,600.0,10.0,0.0,,,
multvae|latent=32;hidden=600;epochs=10;dropout=0.5|frac=1.0,ml100k,multvae,1.0,0,0.049731058823367,0.097560975609756,,,,,,,32.0,600.0,10.0,0.5,,,
multvae|latent=32;hidden=600;epochs=20;dropout=0.0|frac=1.0,ml100k,multvae,1.0,0,0.05855736502717301,0.11558854718981901,,,,,,,32.0,600.0,20.0,0.0,,,
multvae|latent=32;hidden=600;epochs=20;dropout=0.5|frac=1.0,ml100k,multvae,1.0,0,0.057878823344977,0.112407211028632,,,,,,,32.0,600.0,20.0,0.5,,,
multvae|latent=64;hidden=200;epochs=10;dropout=0.0|frac=1.0,ml100k,multvae,1.0,0,0.043904424991595005,0.094379639448568,,,,,,,64.0,200.0,10.0,0.0,,,
multvae|latent=64;hidden=200;epochs=10;dropout=0.5|frac=1.0,ml100k,multvae,1.0,0,0.045504892692060005,0.09544008483563,,,,,,,64.0,200.0,10.0,0.5,,,
multvae|latent=64;hidden=200;epochs=20;dropout=0.0|frac=1.0,ml100k,multvae,1.0,0,0.051838941489736,0.104984093319194,,,,,,,64.0,200.0,20.0,0.0,,,
multvae|latent=64;hidden=200;epochs=20;dropout=0.5|frac=1.0,ml100k,multvae,1.0,0,0.048955258410605,0.098621420996818,,,,,,,64.0,200.0,20.0,0.5,,,
multvae|latent=64;hidden=600;epochs=10;dropout=0.0|frac=1.0,ml100k,multvae,1.0,0,0.046618843232247006,0.094379639448568,,,,,,,64.0,600.0,10.0,0.0,,,
multvae|latent=64;hidden=600;epochs=10;dropout=0.5|frac=1.0,ml100k,multvae,1.0,0,0.047495373368504006,0.093319194061505,,,,,,,64.0,600.0,10.0,0.5,,,
multvae|latent=64;hidden=600;epochs=20;dropout=0.0|frac=1.0,ml100k,multvae,1.0,0,0.055870668897178004,0.112407211028632,,,,,,,64.0,600.0,20.0,0.0,,,
multvae|latent=64;hidden=600;epochs=20;dropout=0.5|frac=1.0,ml100k,multvae,1.0,0,0.057843729111562006,0.11346765641569401,,,,,,,64.0,600.0,20.0,0.5,,,
multvae|latent=128;hidden=200;epochs=10;dropout=0.0|frac=1.0,ml100k,multvae,1.0,0,0.047097293009827006,0.094379639448568,,,,,,,128.0,200.0,10.0,0.0,,,
multvae|latent=128;hidden=200;epochs=10;dropout=0.5|frac=1.0,ml100k,multvae,1.0,0,0.046549432482082,0.094379639448568,,,,,,,128.0,200.0,10.0,0.5,,,
multvae|latent=128;hidden=200;epochs=20;dropout=0.0|frac=1.0,ml100k,multvae,1.0,0,0.050818748727722005,0.099681866383881,,,,,,,128.0,200.0,20.0,0.0,,,
multvae|latent=128;hidden=200;epochs=20;dropout=0.5|frac=1.0,ml100k,multvae,1.0,0,0.048458618156628004,0.096500530222693,,,,,,,128.0,200.0,20.0,0.5,,,
multvae|latent=128;hidden=600;epochs=10;dropout=0.0|frac=1.0,ml100k,multvae,1.0,0,0.049222937890983004,0.096500530222693,,,,,,,128.0,600.0,10.0,0.0,,,
multvae|latent=128;hidden=600;epochs=10;dropout=0.5|frac=1.0,ml100k,multvae,1.0,0,0.048670499060788006,0.092258748674443,,,,,,,128.0,600.0,10.0,0.5,,,
multvae|latent=128;hidden=600;epochs=20;dropout=0.0|frac=1.0,ml100k,multvae,1.0,0,0.053220215552086,0.110286320254506,,,,,,,128.0,600.0,20.0,0.0,,,
multvae|latent=128;hidden=600;epochs=20;dropout=0.5|frac=1.0,ml100k,multvae,1.0,0,0.050081529387429005,0.103923647932131,,,,,,,128.0,600.0,20.0,0.5,,,
markov|order=1;smoothing=0.0;decay=false|frac=0.25,ml100k,markov,0.25,0,0.031065110532342004,0.057264050901378004,,,,,,,,,,,1.0,0.0,0.0
markov|order=1;smoothing=0.0;decay=true|frac=0.25,ml100k,markov,0.25,0,0.027620301728169,0.053022269353128,,,,,,,,,,,1.0,0.0,1.0
markov|order=1;smoothing=0.1;decay=false|frac=0.25,ml100k,markov,0.25,0,0.034524303736354005,0.067868504772004,,,,,,,,,,,1.0,0.1,0.0
markov|order=1;smoothing=0.1;decay=true|frac=0.25,ml100k,markov,0.25,0,0.027817881480685,0.053022269353128,,,,,,,,,,,1.0,0.1,1.0
markov|order=1;smoothing=0.5;decay=false|frac=0.25,ml100k,markov,0.25,0,0.034524303736354005,0.067868504772004,,,,,,,,,,,1.0,0.5,0.0
markov|order=1;smoothing=0.5;decay=true|frac=0.25,ml100k,markov,0.25,0,0.027817881480685,0.053022269353128,,,,,,,,,,,1.0,0.5,1.0
markov|order=2;smoothing=0.0;decay=false|frac=0.25,ml100k,markov,0.25,0,0.028908792386189004,0.053022269353128,,,,,,,,,,,2.0,0.0,0.0
markov|order=2;smoothing=0.0;decay=true|frac=0.25,ml100k,markov,0.25,0,0.024890929313285,0.04559915164369,,,,,,,,,,,2.0,0.0,1.0
markov|order=2;smoothing=0.1;decay=false|frac=0.25,ml100k,markov,0.25,0,0.035061706154491,0.067868504772004,,,,,,,,,,,2.0,0.1,0.0
markov|order=2;smoothing=0.1;decay=true|frac=0.25,ml100k,markov,0.25,0,0.028027113252973003,0.053022269353128,,,,,,,,,,,2.0,0.1,1.0
markov|order=2;smoothing=0.5;decay=false|frac=0.25,ml100k,markov,0.25,0,0.035061706154491,0.067868504772004,,,,,,,,,,,2.0,0.5,0.0
markov|order=2;smoothing=0.5;decay=true|frac=0.25,ml100k,markov,0.25,0,0.028039801661612,0.053022269353128,,,,,,,,,,,2.0,0.5,1.0
markov|order=1;smoothing=0.0;decay=false|frac=0.5,ml100k,markov,0.5,0,0.047858249854061,0.083775185577942,,,,,,,,,,,1.0,0.0,0.0
markov|order=1;smoothing=0.0;decay=true|frac=0.5,ml100k,markov,0.5,0,0.038196761723873006,0.073170731707317,,,,,,,,,,,1.0,0.0,1.0
markov|order=1;smoothing=0.1;decay=false|frac=0.5,ml100k,markov,0.5,0,0.04881092145023801,0.08271474019088,,,,,,,,,,,1.0,0.1,0.0
markov|order=1;smoothing=0.1;decay=true|frac=0.5,ml100k,markov,0.5,0,0.037282034814982004,0.068928950159066,,,,,,,,,,,1.0,0.1,1.0
markov|order=1;smoothing=0.5;decay=false|frac=0.5,ml100k,markov,0.5,0,0.04881092145023801,0.08271474019088,,,,,,,,,,,1.0,0.5,0.0
markov|order=1;smoothing=0.5;decay=true|frac=0.5,ml100k,markov,0.5,0,0.037059469927639005,0.067868504772004,,,,,,,,,,,1.0,0.5,1.0
markov|order=2;smoothing=0.0;decay=false|frac=0.5,ml100k,markov,0.5,0,0.038772028761874,0.069989395546129,,,,,,,,,,,2.0,0.0,0.0
markov|order=2;smoothing=0.0;decay=true|frac=0.5,ml100k,markov,0.5,0,0.034706416491627,0.061505832449628005,,,,,,,,,,,2.0,0.0,1.0
markov|order=2;smoothing=0.1;decay=false|frac=0.5,ml100k,markov,0.5,0,0.04971903143848801,0.084835630965005,,,,,,,,,,,2.0,0.1,0.0
markov|order=2;smoothing=0.1;decay=true|frac=0.5,ml100k,markov,0.5,0,0.039057498638328005,0.072110286320254,,,,,,,,,,,2.0,0.1,1.0
markov|order=2;smoothing=0.5;decay=false|frac=0.5,ml100k,markov,0.5,0,0.04971903143848801,0.084835630965005,,,,,,,,,,,2.0,0.5,0.0
markov|order=2;smoothing=0.5;decay=true|frac=0.5,ml100k,markov,0.5,0,0.039155698552384,0.072110286320254,,,,,,,,,,,2.0,0.5,1.0
markov|order=1;smoothing=0.0;decay=false|frac=1.0,ml100k,markov,1.0,0,0.060975906206966,0.11346765641569401,,,,,,,,,,,1.0,0.0,0.0
markov|order=1;smoothing=0.0;decay=true|frac=1.0,ml100k,markov,1.0,0,0.045897032451315004,0.088016967126193,,,,,,,,,,,1.0,0.0,1.0
markov|order=1;smoothing=0.1;decay=false|frac=1.0,ml100k,markov,1.0,0,0.06454386912330201,0.11770943796394401,,,,,,,,,,,1.0,0.1,0.0
markov|order=1;smoothing=0.1;decay=true|frac=1.0,ml100k,markov,1.0,0,0.044595043974336,0.083775185577942,,,,,,,,,,,1.0,0.1,1.0
markov|order=1;smoothing=0.5;decay=false|frac=1.0,ml100k,markov,1.0,0,0.064619572124839,0.11770943796394401,,,,,,,,,,,1.0,0.5,0.0
markov|order=1;smoothing=0.5;decay=true|frac=1.0,ml100k,markov,1.0,0,0.044099796091966,0.081654294803817,,,,,,,,,,,1.0,0.5,1.0
markov|order=2;smoothing=0.0;decay=false|frac=1.0,ml100k,markov,1.0,0,0.040813961196022,0.071049840933191,,,,,,,,,,,2.0,0.0,0.0
markov|order=2;smoothing=0.0;decay=true|frac=1.0,ml100k,markov,1.0,0,0.036300707141747005,0.061505832449628005,,,,,,,,,,,2.0,0.0,1.0
markov|order=2;smoothing=0.1;decay=false|frac=1.0,ml100k,markov,1.0,0,0.06324280820597,0.11983032873807,,,,,,,,,,,2.0,0.1,0.0
markov|order=2;smoothing=0.1;decay=true|frac=1.0,ml100k,markov,1.0,0,0.044200737409757,0.083775185577942,,,,,,,,,,,2.0,0.1,1.0
markov|order=2;smoothing=0.5;decay=false|frac=1.0,ml100k,markov,1.0,0,0.063562034076239,0.12089077412513201,,,,,,,,,,,2.0,0.5,0.0
markov|order=2;smoothing=0.5;decay=true|frac=1.0,ml100k,markov,1.0,0,0.044088080642852,0.08271474019088,,,,,,,,,,,2.0,0.5,1.0
popularity||frac=0.25,luxury_beauty,popularity,0.25,0,0.014533382514774,0.031088082901554,,,,,,,,,,,,,
popularity||frac=0.5,luxury_beauty,popularity,0.5,0,0.011620229317796,0.028954587016153003,,,,,,,,,,,,,
popularity||frac=1.0,luxury_beauty,popularity,1.0,0,0.008718712698387001,0.022554099359951,,,,,,,,,,,,,
itemknn|topk=10;shrink=0.0|frac=0.25,luxury_beauty,itemknn,0.25,0,0.071875364486557,0.162755257543431,10.0,0.0,,,,,,,,,,,
itemknn|topk=10;shrink=10.0|frac=0.25,luxury_beauty,itemknn,0.25,0,0.07254595152035001,0.163669612922889,10.0,10.0,,,,,,,,,,,
itemknn|topk=10;shrink=100.0|frac=0.25,luxury_beauty,itemknn,0.25,0,0.075029266902795,0.167022249314233,10.0,100.0,,,,,,,,,,,
itemknn|topk=50;shrink=0.0|frac=0.25,luxury_beauty,itemknn,0.25,0,0.071368835641095,0.161231331911002,50.0,0.0,,,,,,,,,,,
itemknn|topk=50;shrink=10.0|frac=0.25,luxury_beauty,itemknn,0.25,0,0.072926498811722,0.16519353855531801,50.0,10.0,,,,,,,,,,,
itemknn|topk=50;shrink=100.0|frac=0.25,luxury_beauty,itemknn,0.25,0,0.075524274333903,0.16793660469369,50.0,100.0,,,,,,,,,,,
itemknn|topk=100;shrink=0.0|frac=0.25,luxury_beauty,itemknn,0.25,0,0.07096586086628401,0.160012191405059,100.0,0.0,,,,,,,,,,,
itemknn|topk=100;shrink=10.0|frac=0.25,luxury_beauty,itemknn,0.25,0,0.072902318916452,0.16488875342883202,100.0,10.0,,,,,,,,,,,
itemknn|topk=100;shrink=100.0|frac=0.25,luxury_beauty,itemknn,0.25,0,0.075702327224723,0.16854617494666202,100.0,100.0,,,,,,,,,,,
itemknn|topk=300;shrink=0.0|frac=0.25,luxury_beauty,itemknn,0.25,0,0.070961461329215,0.160012191405059,300.0,0.0,,,,,,,,,,,
itemknn|topk=300;shrink=10.0|frac=0.25,luxury_beauty,itemknn,0.25,0,0.07289687287666301,0.16488875342883202,300.0,10.0,,,,,,,,,,,
itemknn|topk=300;shrink=100.0|frac=0.25,luxury_beauty,itemknn,0.25,0,0.07569868041907,0.16854617494666202,300.0,100.0,,,,,,,,,,,
itemknn|topk=10;shrink=0.0|frac=0.5,luxury_beauty,itemknn,0.5,0,0.11299370350369001,0.21487351417250802,10.0,0.0,,,,,,,,,,,
itemknn|topk=10;shrink=10.0|frac=0.5,luxury_beauty,itemknn,0.5,0,0.11911409356694501,0.21914050594330903,10.0,10.0,,,,,,,,,,,
itemknn|topk=10;shrink=100.0|frac=0.5,luxury_beauty,itemknn,0.5,0,0.123576392117565,0.225845778725998,10.0,100.0,,,,,,,,,,,
itemknn|topk=50;shrink=0.0|frac=0.5,luxury_beauty,itemknn,0.5,0,0.112390405957942,0.213654373666565,50.0,0.0,,,,,,,,,,,
itemknn|topk=50;shrink=10.0|frac=0.5,luxury_beauty,itemknn,0.5,0,0.11915429614880702,0.21822615056385203,50.0,10.0,,,,,,,,,,,
itemknn|topk=50;shrink=100.0|frac=0.5,luxury_beauty,itemknn,0.5,0,0.12327376732127701,0.22493142334654,50.0,100.0,,,,,,,,,,,
itemknn|topk=100;shrink=0.0|frac=0.5,luxury_beauty,itemknn,0.5,0,0.112595952712009,0.21395915879305002,100.0,0.0,,,,,,,,,,,
itemknn|topk=100;shrink=10.0|frac=0.5,luxury_beauty,itemknn,0.5,0,0.11926618426153501,0.21853093569033802,100.0,10.0,,,,,,,,,,,
itemknn|topk=100;shrink=100.0|frac=0.5,luxury_beauty,itemknn,0.5,0,0.12341520994007901,0.22493142334654,100.0,100.0,,,,,,,,,,,
itemknn|topk=300;shrink=0.0|frac=0.5,luxury_beauty,itemknn,0.5,0,0.112663973873004,0.21395915879305002,300.0,0.0,,,,,,,,,,,
itemknn|topk=300;shrink=10.0|frac=0.5,luxury_beauty,itemknn,0.5,0,0.119451348168415,0.21914050594330903,300.0,10.0,,,,,,,,,,,
itemknn|topk=300;shrink=100.0|frac=0.5,luxury_beauty,itemknn,0.5,0,0.12355782939374901,0.225845778725998,300.0,100.0,,,,,,,,,,,
itemknn|topk=10;shrink=0.0|frac=1.0,luxury_beauty,itemknn,1.0,0,0.155170715740265,0.25632429137458,10.0,0.0,,,,,,,,,,,
itemknn|topk=10;shrink=10.0|frac=1.0,luxury_beauty,itemknn,1.0,0,0.161359956760348,0.263943919536726,10.0,10.0,,,,,,,,,,,
itemknn|topk=10;shrink=100.0|frac=1.0,luxury_beauty,itemknn,1.0,0,0.16920651091671202,0.279487960987503,10.0,100.0,,,,,,,,,,,
itemknn|topk=50;shrink=0.0|frac=1.0,luxury_beauty,itemknn,1.0,0,0.154610042008784,0.25571472112160903,50.0,0.0,,,,,,,,,,,
itemknn|topk=50;shrink=10.0|frac=1.0,luxury_beauty,itemknn,1.0,0,0.16383707853919202,0.271258762572386,50.0,10.0,,,,,,,,,,,
itemknn|topk=50;shrink=100.0|frac=1.0,luxury_beauty,itemknn,1.0,0,0.16817261289284402,0.278573605608046,50.0,100.0,,,,,,,,,,,
itemknn|topk=100;shrink=0.0|frac=1.0,luxury_beauty,itemknn,1.0,0,0.15574823096385101,0.25937214263943903,100.0,0.0,,,,,,,,,,,
itemknn|topk=100;shrink=10.0|frac=1.0,luxury_beauty,itemknn,1.0,0,0.16429189489855903,0.272173117951843,100.0,10.0,,,,,,,,,,,
itemknn|topk=100;shrink=100.0|frac=1.0,luxury_beauty,itemknn,1.0,0,0.168417968468437,0.277964035355074,100.0,100.0,,,,,,,,,,,
itemknn|topk=300;shrink=0.0|frac=1.0,luxury_beauty,itemknn,1.0,0,0.15744897271921202,0.26241999390429704,300.0,0.0,,,,,,,,,,,
itemknn|topk=300;shrink=10.0|frac=1.0,luxury_beauty,itemknn,1.0,0,0.16491032665271502,0.27369704358427305,300.0,10.0,,,,,,,,,,,
itemknn|topk=300;shrink=100.0|frac=1.0,luxury_beauty,itemknn,1.0,0,0.16847426041059702,0.279487960987503,300.0,100.0,,,,,,,,,,,
als|factors=16;epochs=5;regularisation=0.001;alpha=1.0|frac=0.25,luxury_beauty,als,0.25,0,0.028108637768450004,0.05303261200853301,,,16.0,5.0,0.001,1.0,,,,,,,
als|factors=16;epochs=5;regularisation=0.001;alpha=10.0|frac=0.25,luxury_beauty,als,0.25,0,0.084776053443915,0.16427918317586102,,,16.0,5.0,0.001,10.0,,,,,,,
als|factors=16;epochs=5;regularisation=0.001;alpha=40.0|frac=0.25,luxury_beauty,als,0.25,0,0.070954077826144,0.16397439804937503,,,16.0,5.0,0.001,40.0,,,,,,,
als|factors=16;epochs=5;regularisation=0.01;alpha=1.0|frac=0.25,luxury_beauty,als,0.25,0,0.028318050582351,0.053642182261505,,,16.0,5.0,0.01,1.0,,,,,,,
als|factors=16;epochs=5;regularisation=0.01;alpha=10.0|frac=0.25,luxury_beauty,als,0.25,0,0.085022771396387,0.16519353855531801,,,16.0,5.0,0.01,10.0,,,,,,,
als|factors=16;epochs=5;regularisation=0.01;alpha=40.0|frac=0.25,luxury_beauty,als,0.25,0,0.071156792250104,0.16427918317586102,,,16.0,5.0,0.01,40.0,,,,,,,
als|factors=16;epochs=5;regularisation=0.1;alpha=1.0|frac=0.25,luxury_beauty,als,0.25,0,0.028223586664044002,0.053642182261505,,,16.0,5.0,0.1,1.0,,,,,,,
als|factors=16;epochs=5;regularisation=0.1;alpha=10.0|frac=0.25,luxury_beauty,als,0.25,0,0.084235891872001,0.16519353855531801,,,16.0,5.0,0.1,10.0,,,,,,,
als|factors=16;epochs=5;regularisation=0.1;alpha=40.0|frac=0.25,luxury_beauty,als,0.25,0,0.08247671331075,0.162755257543431,,,16.0,5.0,0.1,40.0,,,,,,,
als|factors=16;epochs=15;regularisation=0.001;alpha=1.0|frac=0.25,luxury_beauty,als,0.25,0,0.029469895774197,0.055470893020420006,,,16.0,15.0,0.001,1.0,,,,,,,
als|factors=16;epochs=15;regularisation=0.001;alpha=10.0|frac=0.25,luxury_beauty,als,0.25,0,0.09379089531423601,0.176165803108808,,,16.0,15.0,0.001,10.0,,,,,,,
als|factors=16;epochs=15;regularisation=0.001;alpha=40.0|frac=0.25,luxury_beauty,als,0.25,0,0.091992668203906,0.174337092349893,,,16.0,15.0,0.001,40.0,,,,,,,
als|factors=16;epochs=15;regularisation=0.01;alpha=1.0|frac=0.25,luxury_beauty,als,0.25,0,0.029443073496627004,0.055470893020420006,,,16.0,15.0,0.01,1.0,,,,,,,
als|factors=16;epochs=15;regularisation=0.01;alpha=10.0|frac=0.25,luxury_beauty,als,0.25,0,0.093652794152459,0.175861017982322,,,16.0,15.0,0.01,10.0,,,,,,,
als|factors=16;epochs=15;regularisation=0.01;alpha=40.0|frac=0.25,luxury_beauty,als,0.25,0,0.09151576408367,0.17464187747637902,,,16.0,15.0,0.01,40.0,,,,,,,
als|factors=16;epochs=15;regularisation=0.1;alpha=1.0|frac=0.25,luxury_beauty,als,0.25,0,0.029126926353558003,0.05455653764096301,,,16.0,15.0,0.1,1.0,,,,,,,
als|factors=16;epochs=15;regularisation=0.1;alpha=10.0|frac=0.25,luxury_beauty,als,0.25,0,0.093607893465577,0.17555623285583602,,,16.0,15.0,0.1,10.0,,,,,,,
als|factors=16;epochs=15;regularisation=0.1;alpha=40.0|frac=0.25,luxury_beauty,als,0.25,0,0.09252816346980801,0.176775373361779,,,16.0,15.0,0.1,40.0,,,,,,,
als|factors=16;epochs=30;regularisation=0.001;alpha=1.0|frac=0.25,luxury_beauty,als,0.25,0,0.031240899566878002,0.056385248399878005,,,16.0,30.0,0.001,1.0,,,,,,,
als|factors=16;epochs=30;regularisation=0.001;alpha=10.0|frac=0.25,luxury_beauty,als,0.25,0,0.09643033048383101,0.18165193538555302,,,16.0,30.0,0.001,10.0,,,,,,,
als|factors=16;epochs=30;regularisation=0.001;alpha=40.0|frac=0.25,luxury_beauty,als,0.25,0,0.093509162903465,0.176165803108808,,,16.0,30.0,0.001,40.0,,,,,,,
als|factors=16;epochs=30;regularisation=0.01;alpha=1.0|frac=0.25,luxury_beauty,als,0.25,0,0.031173488213081003,0.056385248399878005,,,16.0,30.0,0.01,1.0,,,,,,,
als|factors=16;epochs=30;regularisation=0.01;alpha=10.0|frac=0.25,luxury_beauty,als,0.25,0,0.09597173059891001,0.181347150259067,,,16.0,30.0,0.01,10.0,,,,,,,
als|factors=16;epochs=30;regularisation=0.01;alpha=40.0|frac=0.25,luxury_beauty,als,0.25,0,0.093617045193121,0.17647058823529402,,,16.0,30.0,0.01,40.0,,,,,,,
als|factors=16;epochs=30;regularisation=0.1;alpha=1.0|frac=0.25,luxury_beauty,als,0.25,0,0.031212914586677003,0.056385248399878005,,,16.0,30.0,0.1,1.0,,,,,,,
als|factors=16;epochs=30;regularisation=0.1;alpha=10.0|frac=0.25,luxury_beauty,als,0.25,0,0.09612090441716101,0.181347150259067,,,16.0,30.0,0.1,10.0,,,,,,,
als|factors=16;epochs=30;regularisation=0.1;alpha=40.0|frac=0.25,luxury_beauty,als,0.25,0,0.09422336663686001,0.176775373361779,,,16.0,30.0,0.1,40.0,,,,,,,
als|factors=32;epochs=5;regularisation=0.001;alpha=1.0|frac=0.25,luxury_beauty,als,0.25,0,0.030219648265333004,0.050289545870161004,,,32.0,5.0,0.001,1.0,,,,,,,
als|factors=32;epochs=5;regularisation=0.001;alpha=10.0|frac=0.25,luxury_beauty,als,0.25,0,0.07100962300305501,0.16245047241694602,,,32.0,5.0,0.001,10.0,,,,,,,
als|factors=32;epochs=5;regularisation=0.001;alpha=40.0|frac=0.25,luxury_beauty,als,0.25,0,0.086082850050229,0.166412679061261,,,32.0,5.0,0.001,40.0,,,,,,,
als|factors=32;epochs=5;regularisation=0.01;alpha=1.0|frac=0.25,luxury_beauty,als,0.25,0,0.030157045410707004,0.050289545870161004,,,32.0,5.0,0.01,1.0,,,,,,,
als|factors=32;epochs=5;regularisation=0.01;alpha=10.0|frac=0.25,luxury_beauty,als,0.25,0,0.07121379535309601,0.162755257543431,,,32.0,5.0,0.01,10.0,,,,,,,
als|factors=32;epochs=5;regularisation=0.01;alpha=40.0|frac=0.25,luxury_beauty,als,0.25,0,0.085242473783583,0.166412679061261,,,32.0,5.0,0.01,40.0,,,,,,,
als|factors=32;epochs=5;regularisation=0.1;alpha=1.0|frac=0.25,luxury_beauty,als,0.25,0,0.030264553511518,0.050594330996647,,,32.0,5.0,0.1,1.0,,,,,,,
als|factors=32;epochs=5;regularisation=0.1;alpha=10.0|frac=0.25,luxury_beauty,als,0.25,0,0.06523517112969701,0.163060042669917,,,32.0,5.0,0.1,10.0,,,,,,,
als|factors=32;epochs=5;regularisation=0.1;alpha=40.0|frac=0.25,luxury_beauty,als,0.25,0,0.07510116197567901,0.16062176165803102,,,32.0,5.0,0.1,40.0,,,,,,,
als|factors=32;epochs=15;regularisation=0.001;alpha=1.0|frac=0.25,luxury_beauty,als,0.25,0,0.037682050797934005,0.059737884791222,,,32.0,15.0,0.001,1.0,,,,,,,
als|factors=32;epochs=15;regularisation=0.001;alpha=10.0|frac=0.25,luxury_beauty,als,0.25,0,0.08339994159895,0.17555623285583602,,,32.0,15.0,0.001,10.0,,,,,,,
als|factors=32;epochs=15;regularisation=0.001;alpha=40.0|frac=0.25,luxury_beauty,als,0.25,0,0.095802942395667,0.180432794879609,,,32.0,15.0,0.001,40.0,,,,,,,
als|factors=32;epochs=15;regularisation=0.01;alpha=1.0|frac=0.25,luxury_beauty,als,0.25,0,0.037732336353729,0.060347455044193005,,,32.0,15.0,0.01,1.0,,,,,,,
als|factors=32;epochs=15;regularisation=0.01;alpha=10.0|frac=0.25,luxury_beauty,als,0.25,0,0.07796037471412501,0.174032307223407,,,32.0,15.0,0.01,10.0,,,,,,,
als|factors=32;epochs=15;regularisation=0.01;alpha=40.0|frac=0.25,luxury_beauty,als,0.25,0,0.09541567460713901,0.17799451386772303,,,32.0,15.0,0.01,40.0,,,,,,,
als|factors=32;epochs=15;regularisation=0.1;alpha=1.0|frac=0.25,luxury_beauty,als,0.25,0,0.037737944880968,0.06004266991770801,,,32.0,15.0,0.1,1.0,,,,,,,
als|factors=32;epochs=15;regularisation=0.1;alpha=10.0|frac=0.25,luxury_beauty,als,0.25,0,0.078034372418133,0.173422736970435,,,32.0,15.0,0.1,10.0,,,,,,,
als|factors=32;epochs=15;regularisation=0.1;alpha=40.0|frac=0.25,luxury_beauty,als,0.25,0,0.107935719901492,0.17708015848826503,,,32.0,15.0,0.1,40.0,,,,,,,
als|factors=32;epochs=30;regularisation=0.001;alpha=1.0|frac=0.25,luxury_beauty,als,0.25,0,0.039671516970429005,0.062480950929594006,,,32.0,30.0,0.001,1.0,,,,,,,
als|factors=32;epochs=30;regularisation=0.001;alpha=10.0|frac=0.25,luxury_beauty,als,0.25,0,0.085970665806767,0.179518439500152,,,32.0,30.0,0.001,10.0,,,,,,,
als|factors=32;epochs=30;regularisation=0.001;alpha=40.0|frac=0.25,luxury_beauty,als,0.25,0,0.098746076234187,0.18774763791526902,,,32.0,30.0,0.001,40.0,,,,,,,
als|factors=32;epochs=30;regularisation=0.01;alpha=1.0|frac=0.25,luxury_beauty,als,0.25,0,0.039772976457524006,0.06278573605608001,,,32.0,30.0,0.01,1.0,,,,,,,
als|factors=32;epochs=30;regularisation=0.01;alpha=10.0|frac=0.25,luxury_beauty,als,0.25,0,0.08622247776781701,0.180128009753124,,,32.0,30.0,0.01,10.0,,,,,,,
als|factors=32;epochs=30;regularisation=0.01;alpha=40.0|frac=0.25,luxury_beauty,als,0.25,0,0.09759380057224101,0.18348064614446802,,,32.0,30.0,0.01,40.0,,,,,,,
als|factors=32;epochs=30;regularisation=0.1;alpha=1.0|frac=0.25,luxury_beauty,als,0.25,0,0.039985452889537004,0.063090521182566,,,32.0,30.0,0.1,1.0,,,,,,,
als|factors=32;epochs=30;regularisation=0.1;alpha=10.0|frac=0.25,luxury_beauty,als,0.25,0,0.08117712428232601,0.181042365132581,,,32.0,30.0,0.1,10.0,,,,,,,
als|factors=32;epochs=30;regularisation=0.1;alpha=40.0|frac=0.25,luxury_beauty,als,0.25,0,0.11253216426424201,0.181347150259067,,,32.0,30.0,0.1,40.0,,,,,,,
als|factors=64;epochs=5;regularisation=0.001;alpha=1.0|frac=0.25,luxury_beauty,als,0.25,0,0.025579329186585002,0.043889058213959005,,,64.0,5.0,0.001,1.0,,,,,,,
als|factors=64;epochs=5;regularisation=0.001;alpha=10.0|frac=0.25,luxury_beauty,als,0.25,0,0.03021977583039,0.048460835111246006,,,64.0,5.0,0.001,10.0,,,,,,,
als|factors=64;epochs=5;regularisation=0.001;alpha=40.0|frac=0.25,luxury_beauty,als,0.25,0,0.073846886353369,0.16427918317586102,,,64.0,5.0,0.001,40.0,,,,,,,
als|factors=64;epochs=5;regularisation=0.01;alpha=1.0|frac=0.25,luxury_beauty,als,0.25,0,0.024859721540375003,0.041450777202072006,,,64.0,5.0,0.01,1.0,,,,,,,
als|factors=64;epochs=5;regularisation=0.01;alpha=10.0|frac=0.25,luxury_beauty,als,0.25,0,0.030221537307459002,0.049070405364218,,,64.0,5.0,0.01,10.0,,,,,,,
als|factors=64;epochs=5;regularisation=0.01;alpha=40.0|frac=0.25,luxury_beauty,als,0.25,0,0.073538234770469,0.163060042669917,,,64.0,5.0,0.01,40.0,,,,,,,
als|factors=64;epochs=5;regularisation=0.1;alpha=1.0|frac=0.25,luxury_beauty,als,0.25,0,0.024847668723065004,0.041450777202072006,,,64.0,5.0,0.1,1.0,,,,,,,
als|factors=64;epochs=5;regularisation=0.1;alpha=10.0|frac=0.25,luxury_beauty,als,0.25,0,0.029636785854585002,0.049375190490704005,,,64.0,5.0,0.1,10.0,,,,,,,
als|factors=64;epochs=5;regularisation=0.1;alpha=40.0|frac=0.25,luxury_beauty,als,0.25,0,0.025927701516076002,0.046632124352331,,,64.0,5.0,0.1,40.0,,,,,,,
als|factors=64;epochs=15;regularisation=0.001;alpha=1.0|frac=0.25,luxury_beauty,als,0.25,0,0.029304425027088004,0.04815604998476,,,64.0,15.0,0.001,1.0,,,,,,,
als|factors=64;epochs=15;regularisation=0.001;alpha=10.0|frac=0.25,luxury_beauty,als,0.25,0,0.034902361612616,0.059433099664736005,,,64.0,15.0,0.001,10.0,,,,,,,
als|factors=64;epochs=15;regularisation=0.001;alpha=40.0|frac=0.25,luxury_beauty,als,0.25,0,0.077169792414032,0.17159402621152,,,64.0,15.0,0.001,40.0,,,,,,,
als|factors=64;epochs=15;regularisation=0.01;alpha=1.0|frac=0.25,luxury_beauty,als,0.25,0,0.029194377942203004,0.047851264858274005,,,64.0,15.0,0.01,1.0,,,,,,,
als|factors=64;epochs=15;regularisation=0.01;alpha=10.0|frac=0.25,luxury_beauty,als,0.25,0,0.034245487848412005,0.058213959158793,,,64.0,15.0,0.01,10.0,,,,,,,
als|factors=64;epochs=15;regularisation=0.01;alpha=40.0|frac=0.25,luxury_beauty,als,0.25,0,0.07751328719594801,0.173422736970435,,,64.0,15.0,0.01,40.0,,,,,,,
als|factors=64;epochs=15;regularisation=0.1;alpha=1.0|frac=0.25,luxury_beauty,als,0.25,0,0.029302465526874003,0.047851264858274005,,,64.0,15.0,0.1,1.0,,,,,,,
als|factors=64;epochs=15;regularisation=0.1;alpha=10.0|frac=0.25,luxury_beauty,als,0.25,0,0.034455537525434,0.05851874428527801,,,64.0,15.0,0.1,10.0,,,,,,,
als|factors=64;epochs=15;regularisation=0.1;alpha=40.0|frac=0.25,luxury_beauty,als,0.25,0,0.07649208867953401,0.17007010057909103,,,64.0,15.0,0.1,40.0,,,,,,,
als|factors=64;epochs=30;regularisation=0.001;alpha=1.0|frac=0.25,luxury_beauty,als,0.25,0,0.029559120020010002,0.049375190490704005,,,64.0,30.0,0.001,1.0,,,,,,,
als|factors=64;epochs=30;regularisation=0.001;alpha=10.0|frac=0.25,luxury_beauty,als,0.25,0,0.035590362226278004,0.059433099664736005,,,64.0,30.0,0.001,10.0,,,,,,,
als|factors=64;epochs=30;regularisation=0.001;alpha=40.0|frac=0.25,luxury_beauty,als,0.25,0,0.077097601484845,0.169765315452605,,,64.0,30.0,0.001,40.0,,,,,,,
als|factors=64;epochs=30;regularisation=0.01;alpha=1.0|frac=0.25,luxury_beauty,als,0.25,0,0.029618523088346,0.049375190490704005,,,64.0,30.0,0.01,1.0,,,,,,,
als|factors=64;epochs=30;regularisation=0.01;alpha=10.0|frac=0.25,luxury_beauty,als,0.25,0,0.036122725686711,0.060652240170679,,,64.0,30.0,0.01,10.0,,,,,,,
als|factors=64;epochs=30;regularisation=0.01;alpha=40.0|frac=0.25,luxury_beauty,als,0.25,0,0.077017176088246,0.169765315452605,,,64.0,30.0,0.01,40.0,,,,,,,
als|factors=64;epochs=30;regularisation=0.1;alpha=1.0|frac=0.25,luxury_beauty,als,0.25,0,0.029925789118793,0.050289545870161004,,,64.0,30.0,0.1,1.0,,,,,,,
als|factors=64;epochs=30;regularisation=0.1;alpha=10.0|frac=0.25,luxury_beauty,als,0.25,0,0.035610060686103,0.059737884791222,,,64.0,30.0,0.1,10.0,,,,,,,
als|factors=64;epochs=30;regularisation=0.1;alpha=40.0|frac=0.25,luxury_beauty,als,0.25,0,0.077135994017684,0.170679670832063,,,64.0,30.0,0.1,40.0,,,,,,,
als|factors=128;epochs=5;regularisation=0.001;alpha=1.0|frac=0.25,luxury_beauty,als,0.25,0,0.017205270621181,0.030783297775068004,,,128.0,5.0,0.001,1.0,,,,,,,
als|factors=128;epochs=5;regularisation=0.001;alpha=10.0|frac=0.25,luxury_beauty,als,0.25,0,0.024175203596373002,0.043889058213959005,,,128.0,5.0,0.001,10.0,,,,,,,
als|factors=128;epochs=5;regularisation=0.001;alpha=40.0|frac=0.25,luxury_beauty,als,0.25,0,0.024648438066041,0.045412983846388005,,,128.0,5.0,0.001,40.0,,,,,,,
als|factors=128;epochs=5;regularisation=0.01;alpha=1.0|frac=0.25,luxury_beauty,als,0.25,0,0.017232092898751,0.030783297775068004,,,128.0,5.0,0.01,1.0,,,,,,,
als|factors=128;epochs=5;regularisation=0.01;alpha=10.0|frac=0.25,luxury_beauty,als,0.25,0,0.023947651272585004,0.04449862846693,,,128.0,5.0,0.01,10.0,,,,,,,
als|factors=128;epochs=5;regularisation=0.01;alpha=40.0|frac=0.25,luxury_beauty,als,0.25,0,0.023068130224225002,0.041755562328558,,,128.0,5.0,0.01,40.0,,,,,,,
als|factors=128;epochs=5;regularisation=0.1;alpha=1.0|frac=0.25,luxury_beauty,als,0.25,0,0.017113277522688,0.030478512648582003,,,128.0,5.0,0.1,1.0,,,,,,,
als|factors=128;epochs=5;regularisation=0.1;alpha=10.0|frac=0.25,luxury_beauty,als,0.25,0,0.02243869309233,0.041755562328558,,,128.0,5.0,0.1,10.0,,,,,,,
als|factors=128;epochs=5;regularisation=0.1;alpha=40.0|frac=0.25,luxury_beauty,als,0.25,0,0.020811215483239002,0.03718378543127,,,128.0,5.0,0.1,40.0,,,,,,,
als|factors=128;epochs=15;regularisation=0.001;alpha=1.0|frac=0.25,luxury_beauty,als,0.25,0,0.019058509714903003,0.034135934166412,,,128.0,15.0,0.001,1.0,,,,,,,
als|factors=128;epochs=15;regularisation=0.001;alpha=10.0|frac=0.25,luxury_beauty,als,0.25,0,0.027852932295061004,0.049679975617189,,,128.0,15.0,0.001,10.0,,,,,,,
als|factors=128;epochs=15;regularisation=0.001;alpha=40.0|frac=0.25,luxury_beauty,als,0.25,0,0.028947345501634,0.052727826882048,,,128.0,15.0,0.001,40.0,,,,,,,
als|factors=128;epochs=15;regularisation=0.01;alpha=1.0|frac=0.25,luxury_beauty,als,0.25,0,0.018986862608689002,0.033831149039926005,,,128.0,15.0,0.01,1.0,,,,,,,
als|factors=128;epochs=15;regularisation=0.01;alpha=10.0|frac=0.25,luxury_beauty,als,0.25,0,0.027317736412790002,0.049070405364218,,,128.0,15.0,0.01,10.0,,,,,,,
als|factors=128;epochs=15;regularisation=0.01;alpha=40.0|frac=0.25,luxury_beauty,als,0.25,0,0.027353837023213003,0.04998476074367501,,,128.0,15.0,0.01,40.0,,,,,,,
als|factors=128;epochs=15;regularisation=0.1;alpha=1.0|frac=0.25,luxury_beauty,als,0.25,0,0.019196197054889,0.034135934166412,,,128.0,15.0,0.1,1.0,,,,,,,
als|factors=128;epochs=15;regularisation=0.1;alpha=10.0|frac=0.25,luxury_beauty,als,0.25,0,0.026887408180074002,0.048765620237732,,,128.0,15.0,0.1,10.0,,,,,,,
als|factors=128;epochs=15;regularisation=0.1;alpha=40.0|frac=0.25,luxury_beauty,als,0.25,0,0.025783242705172002,0.046022554099359,,,128.0,15.0,0.1,40.0,,,,,,,
als|factors=128;epochs=30;regularisation=0.001;alpha=1.0|frac=0.25,luxury_beauty,als,0.25,0,0.019788719156152,0.035355074672355005,,,128.0,30.0,0.001,1.0,,,,,,,
als|factors=128;epochs=30;regularisation=0.001;alpha=10.0|frac=0.25,luxury_beauty,als,0.25,0,0.028548326622426002,0.049375190490704005,,,128.0,30.0,0.001,10.0,,,,,,,
als|factors=128;epochs=30;regularisation=0.001;alpha=40.0|frac=0.25,luxury_beauty,als,0.25,0,0.031117360803737,0.054251752514477,,,128.0,30.0,0.001,40.0,,,,,,,
als|factors=128;epochs=30;regularisation=0.01;alpha=1.0|frac=0.25,luxury_beauty,als,0.25,0,0.019804265018109002,0.035355074672355005,,,128.0,30.0,0.01,1.0,,,,,,,
als|factors=128;epochs=30;regularisation=0.01;alpha=10.0|frac=0.25,luxury_beauty,als,0.25,0,0.028392336343548003,0.049070405364218,,,128.0,30.0,0.01,10.0,,,,,,,
als|factors=128;epochs=30;regularisation=0.01;alpha=40.0|frac=0.25,luxury_beauty,als,0.25,0,0.030072429333277,0.053642182261505,,,128.0,30.0,0.01,40.0,,,,,,,
als|factors=128;epochs=30;regularisation=0.1;alpha=1.0|frac=0.25,luxury_beauty,als,0.25,0,0.020106354565227,0.035659859798841,,,128.0,30.0,0.1,1.0,,,,,,,
als|factors=128;epochs=30;regularisation=0.1;alpha=10.0|frac=0.25,luxury_beauty,als,0.25,0,0.027700076981870003,0.046936909478817006,,,128.0,30.0,0.1,10.0,,,,,,,
als|factors=128;epochs=30;regularisation=0.1;alpha=40.0|frac=0.25,luxury_beauty,als,0.25,0,0.028179787530263,0.04754647973178901,,,128.0,30.0,0.1,40.0,,,,,,,
als|factors=16;epochs=5;regularisation=0.001;alpha=1.0|frac=0.5,luxury_beauty,als,0.5,0,0.10137803043519901,0.18591892715635402,,,16.0,5.0,0.001,1.0,,,,,,,
als|factors=16;epochs=5;regularisation=0.001;alpha=10.0|frac=0.5,luxury_beauty,als,0.5,0,0.11077451947344401,0.20024382810118802,,,16.0,5.0,0.001,10.0,,,,,,,
als|factors=16;epochs=5;regularisation=0.001;alpha=40.0|frac=0.5,luxury_beauty,als,0.5,0,0.09952893140900401,0.20085339835416002,,,16.0,5.0,0.001,40.0,,,,,,,
als|factors=16;epochs=5;regularisation=0.01;alpha=1.0|frac=0.5,luxury_beauty,als,0.5,0,0.101371030595198,0.18591892715635402,,,16.0,5.0,0.01,1.0,,,,,,,
als|factors=16;epochs=5;regularisation=0.01;alpha=10.0|frac=0.5,luxury_beauty,als,0.5,0,0.11142391596263901,0.20024382810118802,,,16.0,5.0,0.01,10.0,,,,,,,
als|factors=16;epochs=5;regularisation=0.01;alpha=40.0|frac=0.5,luxury_beauty,als,0.5,0,0.108135569985098,0.201462968607131,,,16.0,5.0,0.01,40.0,,,,,,,
als|factors=16;epochs=5;regularisation=0.1;alpha=1.0|frac=0.5,luxury_beauty,als,0.5,0,0.10133361785023001,0.18591892715635402,,,16.0,5.0,0.1,1.0,,,,,,,
als|factors=16;epochs=5;regularisation=0.1;alpha=10.0|frac=0.5,luxury_beauty,als,0.5,0,0.112482692387303,0.202377323986589,,,16.0,5.0,0.1,10.0,,,,,,,
als|factors=16;epochs=5;regularisation=0.1;alpha=40.0|frac=0.5,luxury_beauty,als,0.5,0,0.10976893466956401,0.202986894239561,,,16.0,5.0,0.1,40.0,,,,,,,
als|factors=16;epochs=15;regularisation=0.001;alpha=1.0|frac=0.5,luxury_beauty,als,0.5,0,0.10411627694933001,0.191709844559585,,,16.0,15.0,0.001,1.0,,,,,,,
als|factors=16;epochs=15;regularisation=0.001;alpha=10.0|frac=0.5,luxury_beauty,als,0.5,0,0.121373828536787,0.22828405973788402,,,16.0,15.0,0.001,10.0,,,,,,,
als|factors=16;epochs=15;regularisation=0.001;alpha=40.0|frac=0.5,luxury_beauty,als,0.5,0,0.12381611560465401,0.235598902773544,,,16.0,15.0,0.001,40.0,,,,,,,
als|factors=16;epochs=15;regularisation=0.01;alpha=1.0|frac=0.5,luxury_beauty,als,0.5,0,0.104104747585608,0.191709844559585,,,16.0,15.0,0.01,1.0,,,,,,,
als|factors=16;epochs=15;regularisation=0.01;alpha=10.0|frac=0.5,luxury_beauty,als,0.5,0,0.12151218923137601,0.22858884486437,,,16.0,15.0,0.01,10.0,,,,,,,
als|factors=16;epochs=15;regularisation=0.01;alpha=40.0|frac=0.5,luxury_beauty,als,0.5,0,0.12453164283922001,0.236208473026516,,,16.0,15.0,0.01,40.0,,,,,,,
als|factors=16;epochs=15;regularisation=0.1;alpha=1.0|frac=0.5,luxury_beauty,als,0.5,0,0.10407222832895101,0.191709844559585,,,16.0,15.0,0.1,1.0,,,,,,,
als|factors=16;epochs=15;regularisation=0.1;alpha=10.0|frac=0.5,luxury_beauty,als,0.5,0,0.12128463029649701,0.22828405973788402,,,16.0,15.0,0.1,10.0,,,,,,,
als|factors=16;epochs=15;regularisation=0.1;alpha=40.0|frac=0.5,luxury_beauty,als,0.5,0,0.12399103669844601,0.232855836635172,,,16.0,15.0,0.1,40.0,,,,,,,
als|factors=16;epochs=30;regularisation=0.001;alpha=1.0|frac=0.5,luxury_beauty,als,0.5,0,0.101935467864131,0.194452910697957,,,16.0,30.0,0.001,1.0,,,,,,,
als|factors=16;epochs=30;regularisation=0.001;alpha=10.0|frac=0.5,luxury_beauty,als,0.5,0,0.12249817400076601,0.231941481255714,,,16.0,30.0,0.001,10.0,,,,,,,
als|factors=16;epochs=30;regularisation=0.001;alpha=40.0|frac=0.5,luxury_beauty,als,0.5,0,0.126321330132231,0.23742761353245903,,,16.0,30.0,0.001,40.0,,,,,,,
als|factors=16;epochs=30;regularisation=0.01;alpha=1.0|frac=0.5,luxury_beauty,als,0.5,0,0.10194866647533601,0.194452910697957,,,16.0,30.0,0.01,1.0,,,,,,,
als|factors=16;epochs=30;regularisation=0.01;alpha=10.0|frac=0.5,luxury_beauty,als,0.5,0,0.12269889933722501,0.23224626638220003,,,16.0,30.0,0.01,10.0,,,,,,,
als|factors=16;epochs=30;regularisation=0.01;alpha=40.0|frac=0.5,luxury_beauty,als,0.5,0,0.12649629373551702,0.23773239865894502,,,16.0,30.0,0.01,40.0,,,,,,,
als|factors=16;epochs=30;regularisation=0.1;alpha=1.0|frac=0.5,luxury_beauty,als,0.5,0,0.10199554352725501,0.194452910697957,,,16.0,30.0,0.1,1.0,,,,,,,
als|factors=16;epochs=30;regularisation=0.1;alpha=10.0|frac=0.5,luxury_beauty,als,0.5,0,0.12255134851194802,0.231941481255714,,,16.0,30.0,0.1,10.0,,,,,,,
als|factors=16;epochs=30;regularisation=0.1;alpha=40.0|frac=0.5,luxury_beauty,als,0.5,0,0.1261194859973,0.236208473026516,,,16.0,30.0,0.1,40.0,,,,,,,
als|factors=32;epochs=5;regularisation=0.001;alpha=1.0|frac=0.5,luxury_beauty,als,0.5,0,0.09259542886587101,0.187442852788783,,,32.0,5.0,0.001,1.0,,,,,,,
als|factors=32;epochs=5;regularisation=0.001;alpha=10.0|frac=0.5,luxury_beauty,als,0.5,0,0.117080421268863,0.21487351417250802,,,32.0,5.0,0.001,10.0,,,,,,,
als|factors=32;epochs=5;regularisation=0.001;alpha=40.0|frac=0.5,luxury_beauty,als,0.5,0,0.114204341046704,0.21487351417250802,,,32.0,5.0,0.001,40.0,,,,,,,
als|factors=32;epochs=5;regularisation=0.01;alpha=1.0|frac=0.5,luxury_beauty,als,0.5,0,0.092605595146416,0.187442852788783,,,32.0,5.0,0.01,1.0,,,,,,,
als|factors=32;epochs=5;regularisation=0.01;alpha=10.0|frac=0.5,luxury_beauty,als,0.5,0,0.117060693355092,0.21487351417250802,,,32.0,5.0,0.01,10.0,,,,,,,
als|factors=32;epochs=5;regularisation=0.01;alpha=40.0|frac=0.5,luxury_beauty,als,0.5,0,0.11520463154045901,0.214568729046022,,,32.0,5.0,0.01,40.0,,,,,,,
als|factors=32;epochs=5;regularisation=0.1;alpha=1.0|frac=0.5,luxury_beauty,als,0.5,0,0.09282630871390701,0.187442852788783,,,32.0,5.0,0.1,1.0,,,,,,,
als|factors=32;epochs=5;regularisation=0.1;alpha=10.0|frac=0.5,luxury_beauty,als,0.5,0,0.115448474751458,0.21213044803413503,,,32.0,5.0,0.1,10.0,,,,,,,
als|factors=32;epochs=5;regularisation=0.1;alpha=40.0|frac=0.5,luxury_beauty,als,0.5,0,0.11424520057721001,0.21213044803413503,,,32.0,5.0,0.1,40.0,,,,,,,
als|factors=32;epochs=15;regularisation=0.001;alpha=1.0|frac=0.5,luxury_beauty,als,0.5,0,0.10638336797754801,0.19231941481255702,,,32.0,15.0,0.001,1.0,,,,,,,
als|factors=32;epochs=15;regularisation=0.001;alpha=10.0|frac=0.5,luxury_beauty,als,0.5,0,0.12323243677285602,0.22980798537031302,,,32.0,15.0,0.001,10.0,,,,,,,
als|factors=32;epochs=15;regularisation=0.001;alpha=40.0|frac=0.5,luxury_beauty,als,0.5,0,0.126267897589372,0.23437976226760102,,,32.0,15.0,0.001,40.0,,,,,,,
als|factors=32;epochs=15;regularisation=0.01;alpha=1.0|frac=0.5,luxury_beauty,als,0.5,0,0.106384371648262,0.19231941481255702,,,32.0,15.0,0.01,1.0,,,,,,,
als|factors=32;epochs=15;regularisation=0.01;alpha=10.0|frac=0.5,luxury_beauty,als,0.5,0,0.12331250790477101,0.229198415117342,,,32.0,15.0,0.01,10.0,,,,,,,
als|factors=32;epochs=15;regularisation=0.01;alpha=40.0|frac=0.5,luxury_beauty,als,0.5,0,0.12643817931343201,0.23437976226760102,,,32.0,15.0,0.01,40.0,,,,,,,
als|factors=32;epochs=15;regularisation=0.1;alpha=1.0|frac=0.5,luxury_beauty,als,0.5,0,0.10634831574572401,0.19201462968607103,,,32.0,15.0,0.1,1.0,,,,,,,
als|factors=32;epochs=15;regularisation=0.1;alpha=10.0|frac=0.5,luxury_beauty,als,0.5,0,0.122477323287281,0.22858884486437,,,32.0,15.0,0.1,10.0,,,,,,,
als|factors=32;epochs=15;regularisation=0.1;alpha=40.0|frac=0.5,luxury_beauty,als,0.5,0,0.12749857277262902,0.23224626638220003,,,32.0,15.0,0.1,40.0,,,,,,,
als|factors=32;epochs=30;regularisation=0.001;alpha=1.0|frac=0.5,luxury_beauty,als,0.5,0,0.10793943726994001,0.196281621456872,,,32.0,30.0,0.001,1.0,,,,,,,
als|factors=32;epochs=30;regularisation=0.001;alpha=10.0|frac=0.5,luxury_beauty,als,0.5,0,0.12456573272968201,0.23498933252057302,,,32.0,30.0,0.001,10.0,,,,,,,
als|factors=32;epochs=30;regularisation=0.001;alpha=40.0|frac=0.5,luxury_beauty,als,0.5,0,0.129506071858913,0.24047546479731702,,,32.0,30.0,0.001,40.0,,,,,,,
als|factors=32;epochs=30;regularisation=0.01;alpha=1.0|frac=0.5,luxury_beauty,als,0.5,0,0.10796628507573801,0.196281621456872,,,32.0,30.0,0.01,1.0,,,,,,,
als|factors=32;epochs=30;regularisation=0.01;alpha=10.0|frac=0.5,luxury_beauty,als,0.5,0,0.12449822304049701,0.23498933252057302,,,32.0,30.0,0.01,10.0,,,,,,,
als|factors=32;epochs=30;regularisation=0.01;alpha=40.0|frac=0.5,luxury_beauty,als,0.5,0,0.129648447679394,0.24047546479731702,,,32.0,30.0,0.01,40.0,,,,,,,
als|factors=32;epochs=30;regularisation=0.1;alpha=1.0|frac=0.5,luxury_beauty,als,0.5,0,0.10756750328437902,0.195062480950929,,,32.0,30.0,0.1,1.0,,,,,,,
als|factors=32;epochs=30;regularisation=0.1;alpha=10.0|frac=0.5,luxury_beauty,als,0.5,0,0.124317335216999,0.23529411764705802,,,32.0,30.0,0.1,10.0,,,,,,,
als|factors=32;epochs=30;regularisation=0.1;alpha=40.0|frac=0.5,luxury_beauty,als,0.5,0,0.129342510329082,0.239865894544346,,,32.0,30.0,0.1,40.0,,,,,,,
als|factors=64;epochs=5;regularisation=0.001;alpha=1.0|frac=0.5,luxury_beauty,als,0.5,0,0.059865482707992,0.09082596769277601,,,64.0,5.0,0.001,1.0,,,,,,,
als|factors=64;epochs=5;regularisation=0.001;alpha=10.0|frac=0.5,luxury_beauty,als,0.5,0,0.12110900202292602,0.218835720816824,,,64.0,5.0,0.001,10.0,,,,,,,
als|factors=64;epochs=5;regularisation=0.001;alpha=40.0|frac=0.5,luxury_beauty,als,0.5,0,0.120021391698703,0.219750076196281,,,64.0,5.0,0.001,40.0,,,,,,,
als|factors=64;epochs=5;regularisation=0.01;alpha=1.0|frac=0.5,luxury_beauty,als,0.5,0,0.059769194844539006,0.09052118256629,,,64.0,5.0,0.01,1.0,,,,,,,
als|factors=64;epochs=5;regularisation=0.01;alpha=10.0|frac=0.5,luxury_beauty,als,0.5,0,0.12085292011487801,0.21853093569033802,,,64.0,5.0,0.01,10.0,,,,,,,
als|factors=64;epochs=5;regularisation=0.01;alpha=40.0|frac=0.5,luxury_beauty,als,0.5,0,0.11917415727234601,0.219750076196281,,,64.0,5.0,0.01,40.0,,,,,,,
als|factors=64;epochs=5;regularisation=0.1;alpha=1.0|frac=0.5,luxury_beauty,als,0.5,0,0.059819991612981,0.09052118256629,,,64.0,5.0,0.1,1.0,,,,,,,
als|factors=64;epochs=5;regularisation=0.1;alpha=10.0|frac=0.5,luxury_beauty,als,0.5,0,0.12108432518843601,0.21914050594330903,,,64.0,5.0,0.1,10.0,,,,,,,
als|factors=64;epochs=5;regularisation=0.1;alpha=40.0|frac=0.5,luxury_beauty,als,0.5,0,0.11450983974147201,0.209996952148735,,,64.0,5.0,0.1,40.0,,,,,,,
als|factors=64;epochs=15;regularisation=0.001;alpha=1.0|frac=0.5,luxury_beauty,als,0.5,0,0.092346221398913,0.203291679366046,,,64.0,15.0,0.001,1.0,,,,,,,
als|factors=64;epochs=15;regularisation=0.001;alpha=10.0|frac=0.5,luxury_beauty,als,0.5,0,0.124029295447505,0.22615056385248403,,,64.0,15.0,0.001,10.0,,,,,,,
als|factors=64;epochs=15;regularisation=0.001;alpha=40.0|frac=0.5,luxury_beauty,als,0.5,0,0.12659049144050702,0.237122828405973,,,64.0,15.0,0.001,40.0,,,,,,,
als|factors=64;epochs=15;regularisation=0.01;alpha=1.0|frac=0.5,luxury_beauty,als,0.5,0,0.09232401791259201,0.20359646449253202,,,64.0,15.0,0.01,1.0,,,,,,,
als|factors=64;epochs=15;regularisation=0.01;alpha=10.0|frac=0.5,luxury_beauty,als,0.5,0,0.12423573615300801,0.22645534897896902,,,64.0,15.0,0.01,10.0,,,,,,,
als|factors=64;epochs=15;regularisation=0.01;alpha=40.0|frac=0.5,luxury_beauty,als,0.5,0,0.12507804531184802,0.23437976226760102,,,64.0,15.0,0.01,40.0,,,,,,,
als|factors=64;epochs=15;regularisation=0.1;alpha=1.0|frac=0.5,luxury_beauty,als,0.5,0,0.061173471898705006,0.09600731484303501,,,64.0,15.0,0.1,1.0,,,,,,,
als|factors=64;epochs=15;regularisation=0.1;alpha=10.0|frac=0.5,luxury_beauty,als,0.5,0,0.12401970990942301,0.22462663822005402,,,64.0,15.0,0.1,10.0,,,,,,,
als|factors=64;epochs=15;regularisation=0.1;alpha=40.0|frac=0.5,luxury_beauty,als,0.5,0,0.12383015195355002,0.23224626638220003,,,64.0,15.0,0.1,40.0,,,,,,,
als|factors=64;epochs=30;regularisation=0.001;alpha=1.0|frac=0.5,luxury_beauty,als,0.5,0,0.095309498920172,0.20420603474550403,,,64.0,30.0,0.001,1.0,,,,,,,
als|factors=64;epochs=30;regularisation=0.001;alpha=10.0|frac=0.5,luxury_beauty,als,0.5,0,0.12392454832898701,0.222493142334654,,,64.0,30.0,0.001,10.0,,,,,,,
als|factors=64;epochs=30;regularisation=0.001;alpha=40.0|frac=0.5,luxury_beauty,als,0.5,0,0.124282023789632,0.233770192014629,,,64.0,30.0,0.001,40.0,,,,,,,
als|factors=64;epochs=30;regularisation=0.01;alpha=1.0|frac=0.5,luxury_beauty,als,0.5,0,0.09349182222454701,0.20359646449253202,,,64.0,30.0,0.01,1.0,,,,,,,
als|factors=64;epochs=30;regularisation=0.01;alpha=10.0|frac=0.5,luxury_beauty,als,0.5,0,0.123609618063304,0.22188357208168202,,,64.0,30.0,0.01,10.0,,,,,,,
als|factors=64;epochs=30;regularisation=0.01;alpha=40.0|frac=0.5,luxury_beauty,als,0.5,0,0.12500992266791,0.23407497714111503,,,64.0,30.0,0.01,40.0,,,,,,,
als|factors=64;epochs=30;regularisation=0.1;alpha=1.0|frac=0.5,luxury_beauty,als,0.5,0,0.09358986701810501,0.20359646449253202,,,64.0,30.0,0.1,1.0,,,,,,,
als|factors=64;epochs=30;regularisation=0.1;alpha=10.0|frac=0.5,luxury_beauty,als,0.5,0,0.12331771631847901,0.221578786955196,,,64.0,30.0,0.1,10.0,,,,,,,
als|factors=64;epochs=30;regularisation=0.1;alpha=40.0|frac=0.5,luxury_beauty,als,0.5,0,0.124861533180145,0.23407497714111503,,,64.0,30.0,0.1,40.0,,,,,,,
als|factors=128;epochs=5;regularisation=0.001;alpha=1.0|frac=0.5,luxury_beauty,als,0.5,0,0.05621659233936,0.09509295946357801,,,128.0,5.0,0.001,1.0,,,,,,,
als|factors=128;epochs=5;regularisation=0.001;alpha=10.0|frac=0.5,luxury_beauty,als,0.5,0,0.113412996951904,0.209082596769277,,,128.0,5.0,0.001,10.0,,,,,,,
als|factors=128;epochs=5;regularisation=0.001;alpha=40.0|frac=0.5,luxury_beauty,als,0.5,0,0.110191082520613,0.21030173727522003,,,128.0,5.0,0.001,40.0,,,,,,,
als|factors=128;epochs=5;regularisation=0.01;alpha=1.0|frac=0.5,luxury_beauty,als,0.5,0,0.05609209548879,0.09478817433709201,,,128.0,5.0,0.01,1.0,,,,,,,
als|factors=128;epochs=5;regularisation=0.01;alpha=10.0|frac=0.5,luxury_beauty,als,0.5,0,0.11096941648651701,0.205729960377933,,,128.0,5.0,0.01,10.0,,,,,,,
als|factors=128;epochs=5;regularisation=0.01;alpha=40.0|frac=0.5,luxury_beauty,als,0.5,0,0.10940349063924401,0.21030173727522003,,,128.0,5.0,0.01,40.0,,,,,,,
als|factors=128;epochs=5;regularisation=0.1;alpha=1.0|frac=0.5,luxury_beauty,als,0.5,0,0.055948188529267,0.09478817433709201,,,128.0,5.0,0.1,1.0,,,,,,,
als|factors=128;epochs=5;regularisation=0.1;alpha=10.0|frac=0.5,luxury_beauty,als,0.5,0,0.10977436647703401,0.203901249619018,,,128.0,5.0,0.1,10.0,,,,,,,
als|factors=128;epochs=5;regularisation=0.1;alpha=40.0|frac=0.5,luxury_beauty,als,0.5,0,0.10163994347485901,0.195367266077415,,,128.0,5.0,0.1,40.0,,,,,,,
als|factors=128;epochs=15;regularisation=0.001;alpha=1.0|frac=0.5,luxury_beauty,als,0.5,0,0.057819644024384005,0.099359951234379,,,128.0,15.0,0.001,1.0,,,,,,,
als|factors=128;epochs=15;regularisation=0.001;alpha=10.0|frac=0.5,luxury_beauty,als,0.5,0,0.115476889267262,0.213654373666565,,,128.0,15.0,0.001,10.0,,,,,,,
als|factors=128;epochs=15;regularisation=0.001;alpha=40.0|frac=0.5,luxury_beauty,als,0.5,0,0.11247003667722401,0.20969216702224902,,,128.0,15.0,0.001,40.0,,,,,,,
als|factors=128;epochs=15;regularisation=0.01;alpha=1.0|frac=0.5,luxury_beauty,als,0.5,0,0.057862813232707005,0.099359951234379,,,128.0,15.0,0.01,1.0,,,,,,,
als|factors=128;epochs=15;regularisation=0.01;alpha=10.0|frac=0.5,luxury_beauty,als,0.5,0,0.11502050822201701,0.21395915879305002,,,128.0,15.0,0.01,10.0,,,,,,,
als|factors=128;epochs=15;regularisation=0.01;alpha=40.0|frac=0.5,luxury_beauty,als,0.5,0,0.112472568449928,0.20877781164279102,,,128.0,15.0,0.01,40.0,,,,,,,
als|factors=128;epochs=15;regularisation=0.1;alpha=1.0|frac=0.5,luxury_beauty,als,0.5,0,0.057420705684071004,0.09905516610789301,,,128.0,15.0,0.1,1.0,,,,,,,
als|factors=128;epochs=15;regularisation=0.1;alpha=10.0|frac=0.5,luxury_beauty,als,0.5,0,0.114817362484774,0.21334958854007902,,,128.0,15.0,0.1,10.0,,,,,,,
als|factors=128;epochs=15;regularisation=0.1;alpha=40.0|frac=0.5,luxury_beauty,als,0.5,0,0.11053966353781901,0.20633953063090502,,,128.0,15.0,0.1,40.0,,,,,,,
als|factors=128;epochs=30;regularisation=0.001;alpha=1.0|frac=0.5,luxury_beauty,als,0.5,0,0.056502164799695005,0.09783602560195001,,,128.0,30.0,0.001,1.0,,,,,,,
als|factors=128;epochs=30;regularisation=0.001;alpha=10.0|frac=0.5,luxury_beauty,als,0.5,0,0.11471648130089601,0.21213044803413503,,,128.0,30.0,0.001,10.0,,,,,,,
als|factors=128;epochs=30;regularisation=0.001;alpha=40.0|frac=0.5,luxury_beauty,als,0.5,0,0.11158086009442601,0.208473026516306,,,128.0,30.0,0.001,40.0,,,,,,,
als|factors=128;epochs=30;regularisation=0.01;alpha=1.0|frac=0.5,luxury_beauty,als,0.5,0,0.056546550171367005,0.098140810728436,,,128.0,30.0,0.01,1.0,,,,,,,
als|factors=128;epochs=30;regularisation=0.01;alpha=10.0|frac=0.5,luxury_beauty,als,0.5,0,0.11459321372808501,0.21152087778116402,,,128.0,30.0,0.01,10.0,,,,,,,
als|factors=128;epochs=30;regularisation=0.01;alpha=40.0|frac=0.5,luxury_beauty,als,0.5,0,0.11181176751414801,0.208473026516306,,,128.0,30.0,0.01,40.0,,,,,,,
als|factors=128;epochs=30;regularisation=0.1;alpha=1.0|frac=0.5,luxury_beauty,als,0.5,0,0.056922512147546005,0.098140810728436,,,128.0,30.0,0.1,1.0,,,,,,,
als|factors=128;epochs=30;regularisation=0.1;alpha=10.0|frac=0.5,luxury_beauty,als,0.5,0,0.11421225926797501,0.21060652240170602,,,128.0,30.0,0.1,10.0,,,,,,,
als|factors=128;epochs=30;regularisation=0.1;alpha=40.0|frac=0.5,luxury_beauty,als,0.5,0,0.11144913631597601,0.206644315757391,,,128.0,30.0,0.1,40.0,,,,,,,
als|factors=16;epochs=5;regularisation=0.001;alpha=1.0|frac=1.0,luxury_beauty,als,1.0,0,0.13424749206232,0.22279792746113902,,,16.0,5.0,0.001,1.0,,,,,,,
als|factors=16;epochs=5;regularisation=0.001;alpha=10.0|frac=1.0,luxury_beauty,als,1.0,0,0.14362671385268302,0.23864675403840202,,,16.0,5.0,0.001,10.0,,,,,,,
als|factors=16;epochs=5;regularisation=0.001;alpha=40.0|frac=1.0,luxury_beauty,als,1.0,0,0.14252217320718102,0.238951539164888,,,16.0,5.0,0.001,40.0,,,,,,,
als|factors=16;epochs=5;regularisation=0.01;alpha=1.0|frac=1.0,luxury_beauty,als,1.0,0,0.13427091372080002,0.223102712587625,,,16.0,5.0,0.01,1.0,,,,,,,
als|factors=16;epochs=5;regularisation=0.01;alpha=10.0|frac=1.0,luxury_beauty,als,1.0,0,0.143410834460574,0.23742761353245903,,,16.0,5.0,0.01,10.0,,,,,,,
als|factors=16;epochs=5;regularisation=0.01;alpha=40.0|frac=1.0,luxury_beauty,als,1.0,0,0.143554150412531,0.240780249923803,,,16.0,5.0,0.01,40.0,,,,,,,
als|factors=16;epochs=5;regularisation=0.1;alpha=1.0|frac=1.0,luxury_beauty,als,1.0,0,0.13420467967205502,0.223102712587625,,,16.0,5.0,0.1,1.0,,,,,,,
als|factors=16;epochs=5;regularisation=0.1;alpha=10.0|frac=1.0,luxury_beauty,als,1.0,0,0.143128135163718,0.23681804327948702,,,16.0,5.0,0.1,10.0,,,,,,,
als|factors=16;epochs=5;regularisation=0.1;alpha=40.0|frac=1.0,luxury_beauty,als,1.0,0,0.14604016553283602,0.244132886315147,,,16.0,5.0,0.1,40.0,,,,,,,
als|factors=16;epochs=15;regularisation=0.001;alpha=1.0|frac=1.0,luxury_beauty,als,1.0,0,0.136426590963577,0.22980798537031302,,,16.0,15.0,0.001,1.0,,,,,,,
als|factors=16;epochs=15;regularisation=0.001;alpha=10.0|frac=1.0,luxury_beauty,als,1.0,0,0.14645766622938802,0.24748552270649102,,,16.0,15.0,0.001,10.0,,,,,,,
als|factors=16;epochs=15;regularisation=0.001;alpha=40.0|frac=1.0,luxury_beauty,als,1.0,0,0.148079960891562,0.252362084730265,,,16.0,15.0,0.001,40.0,,,,,,,
als|factors=16;epochs=15;regularisation=0.01;alpha=1.0|frac=1.0,luxury_beauty,als,1.0,0,0.136381239482285,0.22980798537031302,,,16.0,15.0,0.01,1.0,,,,,,,
als|factors=16;epochs=15;regularisation=0.01;alpha=10.0|frac=1.0,luxury_beauty,als,1.0,0,0.146264189685429,0.24687595245352,,,16.0,15.0,0.01,10.0,,,,,,,
als|factors=16;epochs=15;regularisation=0.01;alpha=40.0|frac=1.0,luxury_beauty,als,1.0,0,0.14924979388255502,0.253581225236208,,,16.0,15.0,0.01,40.0,,,,,,,
als|factors=16;epochs=15;regularisation=0.1;alpha=1.0|frac=1.0,luxury_beauty,als,1.0,0,0.13663331517221802,0.22980798537031302,,,16.0,15.0,0.1,1.0,,,,,,,
als|factors=16;epochs=15;regularisation=0.1;alpha=10.0|frac=1.0,luxury_beauty,als,1.0,0,0.146198258431937,0.245961597074062,,,16.0,15.0,0.1,10.0,,,,,,,
als|factors=16;epochs=15;regularisation=0.1;alpha=40.0|frac=1.0,luxury_beauty,als,1.0,0,0.150183634499081,0.25297165498323604,,,16.0,15.0,0.1,40.0,,,,,,,
als|factors=16;epochs=30;regularisation=0.001;alpha=1.0|frac=1.0,luxury_beauty,als,1.0,0,0.13738816471823,0.23041755562328503,,,16.0,30.0,0.001,1.0,,,,,,,
als|factors=16;epochs=30;regularisation=0.001;alpha=10.0|frac=1.0,luxury_beauty,als,1.0,0,0.146796234041107,0.24687595245352,,,16.0,30.0,0.001,10.0,,,,,,,
als|factors=16;epochs=30;regularisation=0.001;alpha=40.0|frac=1.0,luxury_beauty,als,1.0,0,0.15145619002562402,0.256019506248095,,,16.0,30.0,0.001,40.0,,,,,,,
als|factors=16;epochs=30;regularisation=0.01;alpha=1.0|frac=1.0,luxury_beauty,als,1.0,0,0.137227725812266,0.23041755562328503,,,16.0,30.0,0.01,1.0,,,,,,,
als|factors=16;epochs=30;regularisation=0.01;alpha=10.0|frac=1.0,luxury_beauty,als,1.0,0,0.14664192545534202,0.24657116732703402,,,16.0,30.0,0.01,10.0,,,,,,,
als|factors=16;epochs=30;regularisation=0.01;alpha=40.0|frac=1.0,luxury_beauty,als,1.0,0,0.15209130094105702,0.257238646754038,,,16.0,30.0,0.01,40.0,,,,,,,
als|factors=16;epochs=30;regularisation=0.1;alpha=1.0|frac=1.0,luxury_beauty,als,1.0,0,0.13721056586479202,0.23041755562328503,,,16.0,30.0,0.1,1.0,,,,,,,
als|factors=16;epochs=30;regularisation=0.1;alpha=10.0|frac=1.0,luxury_beauty,als,1.0,0,0.146804081063481,0.24687595245352,,,16.0,30.0,0.1,10.0,,,,,,,
als|factors=16;epochs=30;regularisation=0.1;alpha=40.0|frac=1.0,luxury_beauty,als,1.0,0,0.153088218844586,0.259067357512953,,,16.0,30.0,0.1,40.0,,,,,,,
als|factors=32;epochs=5;regularisation=0.001;alpha=1.0|frac=1.0,luxury_beauty,als,1.0,0,0.14451333202044,0.23681804327948702,,,32.0,5.0,0.001,1.0,,,,,,,
als|factors=32;epochs=5;regularisation=0.001;alpha=10.0|frac=1.0,luxury_beauty,als,1.0,0,0.152632173172069,0.25662907650106603,,,32.0,5.0,0.001,10.0,,,,,,,
als|factors=32;epochs=5;regularisation=0.001;alpha=40.0|frac=1.0,luxury_beauty,als,1.0,0,0.15014019288049502,0.255105150868637,,,32.0,5.0,0.001,40.0,,,,,,,
als|factors=32;epochs=5;regularisation=0.01;alpha=1.0|frac=1.0,luxury_beauty,als,1.0,0,0.14459628241160802,0.237122828405973,,,32.0,5.0,0.01,1.0,,,,,,,
als|factors=32;epochs=5;regularisation=0.01;alpha=10.0|frac=1.0,luxury_beauty,als,1.0,0,0.152550439548906,0.25662907650106603,,,32.0,5.0,0.01,10.0,,,,,,,
als|factors=32;epochs=5;regularisation=0.01;alpha=40.0|frac=1.0,luxury_beauty,als,1.0,0,0.15135925995395302,0.25754343188052403,,,32.0,5.0,0.01,40.0,,,,,,,
als|factors=32;epochs=5;regularisation=0.1;alpha=1.0|frac=1.0,luxury_beauty,als,1.0,0,0.14442044678488702,0.23651325815300203,,,32.0,5.0,0.1,1.0,,,,,,,
als|factors=32;epochs=5;regularisation=0.1;alpha=10.0|frac=1.0,luxury_beauty,als,1.0,0,0.153023242825995,0.25754343188052403,,,32.0,5.0,0.1,10.0,,,,,,,
als|factors=32;epochs=5;regularisation=0.1;alpha=40.0|frac=1.0,luxury_beauty,als,1.0,0,0.15299048977488702,0.25632429137458,,,32.0,5.0,0.1,40.0,,,,,,,
als|factors=32;epochs=15;regularisation=0.001;alpha=1.0|frac=1.0,luxury_beauty,als,1.0,0,0.14835434460944302,0.245047241694605,,,32.0,15.0,0.001,1.0,,,,,,,
als|factors=32;epochs=15;regularisation=0.001;alpha=10.0|frac=1.0,luxury_beauty,als,1.0,0,0.156968914218509,0.26424870466321204,,,32.0,15.0,0.001,10.0,,,,,,,
als|factors=32;epochs=15;regularisation=0.001;alpha=40.0|frac=1.0,luxury_beauty,als,1.0,0,0.15719265967692903,0.264553489789698,,,32.0,15.0,0.001,40.0,,,,,,,
als|factors=32;epochs=15;regularisation=0.01;alpha=1.0|frac=1.0,luxury_beauty,als,1.0,0,0.148232517158497,0.245047241694605,,,32.0,15.0,0.01,1.0,,,,,,,
als|factors=32;epochs=15;regularisation=0.01;alpha=10.0|frac=1.0,luxury_beauty,als,1.0,0,0.15693934148051802,0.26424870466321204,,,32.0,15.0,0.01,10.0,,,,,,,
als|factors=32;epochs=15;regularisation=0.01;alpha=40.0|frac=1.0,luxury_beauty,als,1.0,0,0.159307214800835,0.26729655592807,,,32.0,15.0,0.01,40.0,,,,,,,
als|factors=32;epochs=15;regularisation=0.1;alpha=1.0|frac=1.0,luxury_beauty,als,1.0,0,0.147948434326713,0.24382810118866202,,,32.0,15.0,0.1,1.0,,,,,,,
als|factors=32;epochs=15;regularisation=0.1;alpha=10.0|frac=1.0,luxury_beauty,als,1.0,0,0.156941205518233,0.263943919536726,,,32.0,15.0,0.1,10.0,,,,,,,
als|factors=32;epochs=15;regularisation=0.1;alpha=40.0|frac=1.0,luxury_beauty,als,1.0,0,0.159193809137354,0.26516306004266904,,,32.0,15.0,0.1,40.0,,,,,,,
als|factors=32;epochs=30;regularisation=0.001;alpha=1.0|frac=1.0,luxury_beauty,als,1.0,0,0.14756196514463701,0.24443767144163303,,,32.0,30.0,0.001,1.0,,,,,,,
als|factors=32;epochs=30;regularisation=0.001;alpha=10.0|frac=1.0,luxury_beauty,als,1.0,0,0.156909168436552,0.261810423651325,,,32.0,30.0,0.001,10.0,,,,,,,
als|factors=32;epochs=30;regularisation=0.001;alpha=40.0|frac=1.0,luxury_beauty,als,1.0,0,0.15696592307391502,0.261810423651325,,,32.0,30.0,0.001,40.0,,,,,,,
als|factors=32;epochs=30;regularisation=0.01;alpha=1.0|frac=1.0,luxury_beauty,als,1.0,0,0.147564272825484,0.24443767144163303,,,32.0,30.0,0.01,1.0,,,,,,,
als|factors=32;epochs=30;regularisation=0.01;alpha=10.0|frac=1.0,luxury_beauty,als,1.0,0,0.15680454851782102,0.262115208777811,,,32.0,30.0,0.01,10.0,,,,,,,
als|factors=32;epochs=30;regularisation=0.01;alpha=40.0|frac=1.0,luxury_beauty,als,1.0,0,0.158077920789497,0.26424870466321204,,,32.0,30.0,0.01,40.0,,,,,,,
als|factors=32;epochs=30;regularisation=0.1;alpha=1.0|frac=1.0,luxury_beauty,als,1.0,0,0.147703313164499,0.24474245656811902,,,32.0,30.0,0.1,1.0,,,,,,,
als|factors=32;epochs=30;regularisation=0.1;alpha=10.0|frac=1.0,luxury_beauty,als,1.0,0,0.15709802875922602,0.263029564157269,,,32.0,30.0,0.1,10.0,,,,,,,
als|factors=32;epochs=30;regularisation=0.1;alpha=40.0|frac=1.0,luxury_beauty,als,1.0,0,0.15869608415281,0.264553489789698,,,32.0,30.0,0.1,40.0,,,,,,,
als|factors=64;epochs=5;regularisation=0.001;alpha=1.0|frac=1.0,luxury_beauty,als,1.0,0,0.1489140856768,0.24565681194757602,,,64.0,5.0,0.001,1.0,,,,,,,
als|factors=64;epochs=5;regularisation=0.001;alpha=10.0|frac=1.0,luxury_beauty,als,1.0,0,0.154702575654509,0.257238646754038,,,64.0,5.0,0.001,10.0,,,,,,,
als|factors=64;epochs=5;regularisation=0.001;alpha=40.0|frac=1.0,luxury_beauty,als,1.0,0,0.15278023108841401,0.254495580615665,,,64.0,5.0,0.001,40.0,,,,,,,
als|factors=64;epochs=5;regularisation=0.01;alpha=1.0|frac=1.0,luxury_beauty,als,1.0,0,0.14880541169874,0.24565681194757602,,,64.0,5.0,0.01,1.0,,,,,,,
als|factors=64;epochs=5;regularisation=0.01;alpha=10.0|frac=1.0,luxury_beauty,als,1.0,0,0.15500960469656302,0.257238646754038,,,64.0,5.0,0.01,10.0,,,,,,,
als|factors=64;epochs=5;regularisation=0.01;alpha=40.0|frac=1.0,luxury_beauty,als,1.0,0,0.153404975051347,0.25388601036269404,,,64.0,5.0,0.01,40.0,,,,,,,
als|factors=64;epochs=5;regularisation=0.1;alpha=1.0|frac=1.0,luxury_beauty,als,1.0,0,0.14885655945029502,0.24565681194757602,,,64.0,5.0,0.1,1.0,,,,,,,
als|factors=64;epochs=5;regularisation=0.1;alpha=10.0|frac=1.0,luxury_beauty,als,1.0,0,0.155116225783652,0.256933861627552,,,64.0,5.0,0.1,10.0,,,,,,,
als|factors=64;epochs=5;regularisation=0.1;alpha=40.0|frac=1.0,luxury_beauty,als,1.0,0,0.15362403808299602,0.25388601036269404,,,64.0,5.0,0.1,40.0,,,,,,,
als|factors=64;epochs=15;regularisation=0.001;alpha=1.0|frac=1.0,luxury_beauty,als,1.0,0,0.15068158442444402,0.25022858884486404,,,64.0,15.0,0.001,1.0,,,,,,,
als|factors=64;epochs=15;regularisation=0.001;alpha=10.0|frac=1.0,luxury_beauty,als,1.0,0,0.15607216127600002,0.26150563852484,,,64.0,15.0,0.001,10.0,,,,,,,
als|factors=64;epochs=15;regularisation=0.001;alpha=40.0|frac=1.0,luxury_beauty,als,1.0,0,0.157176192880904,0.261810423651325,,,64.0,15.0,0.001,40.0,,,,,,,
als|factors=64;epochs=15;regularisation=0.01;alpha=1.0|frac=1.0,luxury_beauty,als,1.0,0,0.15036364778997202,0.24931423346540602,,,64.0,15.0,0.01,1.0,,,,,,,
als|factors=64;epochs=15;regularisation=0.01;alpha=10.0|frac=1.0,luxury_beauty,als,1.0,0,0.15616910752840302,0.26150563852484,,,64.0,15.0,0.01,10.0,,,,,,,
als|factors=64;epochs=15;regularisation=0.01;alpha=40.0|frac=1.0,luxury_beauty,als,1.0,0,0.157384304046152,0.25998171289241,,,64.0,15.0,0.01,40.0,,,,,,,
als|factors=64;epochs=15;regularisation=0.1;alpha=1.0|frac=1.0,luxury_beauty,als,1.0,0,0.15027113099083,0.24900944833892102,,,64.0,15.0,0.1,1.0,,,,,,,
als|factors=64;epochs=15;regularisation=0.1;alpha=10.0|frac=1.0,luxury_beauty,als,1.0,0,0.156640708494468,0.261200853398354,,,64.0,15.0,0.1,10.0,,,,,,,
als|factors=64;epochs=15;regularisation=0.1;alpha=40.0|frac=1.0,luxury_beauty,als,1.0,0,0.15784788662707502,0.26028649801889603,,,64.0,15.0,0.1,40.0,,,,,,,
als|factors=64;epochs=30;regularisation=0.001;alpha=1.0|frac=1.0,luxury_beauty,als,1.0,0,0.14911795021374802,0.24718073758000603,,,64.0,30.0,0.001,1.0,,,,,,,
als|factors=64;epochs=30;regularisation=0.001;alpha=10.0|frac=1.0,luxury_beauty,als,1.0,0,0.15729236082637502,0.263943919536726,,,64.0,30.0,0.001,10.0,,,,,,,
als|factors=64;epochs=30;regularisation=0.001;alpha=40.0|frac=1.0,luxury_beauty,als,1.0,0,0.15717476128009703,0.262724779030783,,,64.0,30.0,0.001,40.0,,,,,,,
als|factors=64;epochs=30;regularisation=0.01;alpha=1.0|frac=1.0,luxury_beauty,als,1.0,0,0.14884311178905002,0.24626638220054803,,,64.0,30.0,0.01,1.0,,,,,,,
als|factors=64;epochs=30;regularisation=0.01;alpha=10.0|frac=1.0,luxury_beauty,als,1.0,0,0.157361933865362,0.262724779030783,,,64.0,30.0,0.01,10.0,,,,,,,
als|factors=64;epochs=30;regularisation=0.01;alpha=40.0|frac=1.0,luxury_beauty,als,1.0,0,0.15767441128929302,0.26424870466321204,,,64.0,30.0,0.01,40.0,,,,,,,
als|factors=64;epochs=30;regularisation=0.1;alpha=1.0|frac=1.0,luxury_beauty,als,1.0,0,0.14874367761486001,0.245961597074062,,,64.0,30.0,0.1,1.0,,,,,,,
als|factors=64;epochs=30;regularisation=0.1;alpha=10.0|frac=1.0,luxury_beauty,als,1.0,0,0.15716810826459002,0.261810423651325,,,64.0,30.0,0.1,10.0,,,,,,,
als|factors=64;epochs=30;regularisation=0.1;alpha=40.0|frac=1.0,luxury_beauty,als,1.0,0,0.158103629611989,0.26516306004266904,,,64.0,30.0,0.1,40.0,,,,,,,
als|factors=128;epochs=5;regularisation=0.001;alpha=1.0|frac=1.0,luxury_beauty,als,1.0,0,0.13061899663366602,0.23072234074977102,,,128.0,5.0,0.001,1.0,,,,,,,
als|factors=128;epochs=5;regularisation=0.001;alpha=10.0|frac=1.0,luxury_beauty,als,1.0,0,0.15061184689481602,0.25053337397135,,,128.0,5.0,0.001,10.0,,,,,,,
als|factors=128;epochs=5;regularisation=0.001;alpha=40.0|frac=1.0,luxury_beauty,als,1.0,0,0.149523226737307,0.24839987808594902,,,128.0,5.0,0.001,40.0,,,,,,,
als|factors=128;epochs=5;regularisation=0.01;alpha=1.0|frac=1.0,luxury_beauty,als,1.0,0,0.13056573436472002,0.23072234074977102,,,128.0,5.0,0.01,1.0,,,,,,,
als|factors=128;epochs=5;regularisation=0.01;alpha=10.0|frac=1.0,luxury_beauty,als,1.0,0,0.150413887952513,0.250838159097836,,,128.0,5.0,0.01,10.0,,,,,,,
als|factors=128;epochs=5;regularisation=0.01;alpha=40.0|frac=1.0,luxury_beauty,als,1.0,0,0.147947834725456,0.24626638220054803,,,128.0,5.0,0.01,40.0,,,,,,,
als|factors=128;epochs=5;regularisation=0.1;alpha=1.0|frac=1.0,luxury_beauty,als,1.0,0,0.13052787028526602,0.23072234074977102,,,128.0,5.0,0.1,1.0,,,,,,,
als|factors=128;epochs=5;regularisation=0.1;alpha=10.0|frac=1.0,luxury_beauty,als,1.0,0,0.149104261370855,0.24718073758000603,,,128.0,5.0,0.1,10.0,,,,,,,
als|factors=128;epochs=5;regularisation=0.1;alpha=40.0|frac=1.0,luxury_beauty,als,1.0,0,0.143359702938717,0.24230417555623202,,,128.0,5.0,0.1,40.0,,,,,,,
als|factors=128;epochs=15;regularisation=0.001;alpha=1.0|frac=1.0,luxury_beauty,als,1.0,0,0.130357028880266,0.23133191100274303,,,128.0,15.0,0.001,1.0,,,,,,,
als|factors=128;epochs=15;regularisation=0.001;alpha=10.0|frac=1.0,luxury_beauty,als,1.0,0,0.148120975666897,0.24900944833892102,,,128.0,15.0,0.001,10.0,,,,,,,
als|factors=128;epochs=15;regularisation=0.001;alpha=40.0|frac=1.0,luxury_beauty,als,1.0,0,0.146788183689729,0.24718073758000603,,,128.0,15.0,0.001,40.0,,,,,,,
als|factors=128;epochs=15;regularisation=0.01;alpha=1.0|frac=1.0,luxury_beauty,als,1.0,0,0.13014032023368802,0.23133191100274303,,,128.0,15.0,0.01,1.0,,,,,,,
als|factors=128;epochs=15;regularisation=0.01;alpha=10.0|frac=1.0,luxury_beauty,als,1.0,0,0.14753162650186002,0.247790307832977,,,128.0,15.0,0.01,10.0,,,,,,,
als|factors=128;epochs=15;regularisation=0.01;alpha=40.0|frac=1.0,luxury_beauty,als,1.0,0,0.14533358299155102,0.24657116732703402,,,128.0,15.0,0.01,40.0,,,,,,,
als|factors=128;epochs=15;regularisation=0.1;alpha=1.0|frac=1.0,luxury_beauty,als,1.0,0,0.130081859408718,0.23133191100274303,,,128.0,15.0,0.1,1.0,,,,,,,
als|factors=128;epochs=15;regularisation=0.1;alpha=10.0|frac=1.0,luxury_beauty,als,1.0,0,0.147159521106022,0.247790307832977,,,128.0,15.0,0.1,10.0,,,,,,,
als|factors=128;epochs=15;regularisation=0.1;alpha=40.0|frac=1.0,luxury_beauty,als,1.0,0,0.14385568443840202,0.24352331606217603,,,128.0,15.0,0.1,40.0,,,,,,,
als|factors=128;epochs=30;regularisation=0.001;alpha=1.0|frac=1.0,luxury_beauty,als,1.0,0,0.13058292217689602,0.232855836635172,,,128.0,30.0,0.001,1.0,,,,,,,
als|factors=128;epochs=30;regularisation=0.001;alpha=10.0|frac=1.0,luxury_beauty,als,1.0,0,0.148081652389865,0.24839987808594902,,,128.0,30.0,0.001,10.0,,,,,,,
als|factors=128;epochs=30;regularisation=0.001;alpha=40.0|frac=1.0,luxury_beauty,als,1.0,0,0.147053337121119,0.24839987808594902,,,128.0,30.0,0.001,40.0,,,,,,,
als|factors=128;epochs=30;regularisation=0.01;alpha=1.0|frac=1.0,luxury_beauty,als,1.0,0,0.130571347674854,0.232855836635172,,,128.0,30.0,0.01,1.0,,,,,,,
als|factors=128;epochs=30;regularisation=0.01;alpha=10.0|frac=1.0,luxury_beauty,als,1.0,0,0.14777642701273902,0.24931423346540602,,,128.0,30.0,0.01,10.0,,,,,,,
als|factors=128;epochs=30;regularisation=0.01;alpha=40.0|frac=1.0,luxury_beauty,als,1.0,0,0.14481475125887,0.24657116732703402,,,128.0,30.0,0.01,40.0,,,,,,,
als|factors=128;epochs=30;regularisation=0.1;alpha=1.0|frac=1.0,luxury_beauty,als,1.0,0,0.130468239863751,0.23224626638220003,,,128.0,30.0,0.1,1.0,,,,,,,
als|factors=128;epochs=30;regularisation=0.1;alpha=10.0|frac=1.0,luxury_beauty,als,1.0,0,0.14735544031158102,0.24839987808594902,,,128.0,30.0,0.1,10.0,,,,,,,
als|factors=128;epochs=30;regularisation=0.1;alpha=40.0|frac=1.0,luxury_beauty,als,1.0,0,0.143598680223251,0.24443767144163303,,,128.0,30.0,0.1,40.0,,,,,,,
multvae|latent=32;hidden=200;epochs=10;dropout=0.0|frac=0.25,luxury_beauty,multvae,0.25,0,0.079672451393448,0.169765315452605,,,,,,,32.0,200.0,10.0,0.0,,,
multvae|latent=32;hidden=200;epochs=10;dropout=0.5|frac=0.25,luxury_beauty,multvae,0.25,0,0.030628697751059003,0.06857665345931101,,,,,,,32.0,200.0,10.0,0.5,,,
multvae|latent=32;hidden=200;epochs=20;dropout=0.0|frac=0.25,luxury_beauty,multvae,0.25,0,0.08325282650901801,0.161231331911002,,,,,,,32.0,200.0,20.0,0.0,,,
multvae|latent=32;hidden=200;epochs=20;dropout=0.5|frac=0.25,luxury_beauty,multvae,0.25,0,0.064673618943411,0.187138067662298,,,,,,,32.0,200.0,20.0,0.5,,,
multvae|latent=32;hidden=600;epochs=10;dropout=0.0|frac=0.25,luxury_beauty,multvae,0.25,0,0.024640026807674003,0.050289545870161004,,,,,,,32.0,600.0,10.0,0.0,,,
multvae|latent=32;hidden=600;epochs=10;dropout=0.5|frac=0.25,luxury_beauty,multvae,0.25,0,0.026586490901015003,0.056385248399878005,,,,,,,32.0,600.0,10.0,0.5,,,
multvae|latent=32;hidden=600;epochs=20;dropout=0.0|frac=0.25,luxury_beauty,multvae,0.25,0,0.06935853393525,0.15879305089911602,,,,,,,32.0,600.0,20.0,0.0,,,
multvae|latent=32;hidden=600;epochs=20;dropout=0.5|frac=0.25,luxury_beauty,multvae,0.25,0,0.025276483555252003,0.052727826882048,,,,,,,32.0,600.0,20.0,0.5,,,
multvae|latent=64;hidden=200;epochs=10;dropout=0.0|frac=0.25,luxury_beauty,multvae,0.25,0,0.07532361648999901,0.182261505638524,,,,,,,64.0,200.0,10.0,0.0,,,
multvae|latent=64;hidden=200;epochs=10;dropout=0.5|frac=0.25,luxury_beauty,multvae,0.25,0,0.030421036111666,0.06674794270039601,,,,,,,64.0,200.0,10.0,0.5,,,
multvae|latent=64;hidden=200;epochs=20;dropout=0.0|frac=0.25,luxury_beauty,multvae,0.25,0,0.08151742267895201,0.17098445595854903,,,,,,,64.0,200.0,20.0,0.0,,,
multvae|latent=64;hidden=200;epochs=20;dropout=0.5|frac=0.25,luxury_beauty,multvae,0.25,0,0.035637482797254004,0.07863456263334301,,,,,,,64.0,200.0,20.0,0.5,,,
multvae|latent=64;hidden=600;epochs=10;dropout=0.0|frac=0.25,luxury_beauty,multvae,0.25,0,0.06544728157407101,0.160012191405059,,,,,,,64.0,600.0,10.0,0.0,,,
multvae|latent=64;hidden=600;epochs=10;dropout=0.5|frac=0.25,luxury_beauty,multvae,0.25,0,0.062043448413356,0.180128009753124,,,,,,,64.0,600.0,10.0,0.5,,,
multvae|latent=64;hidden=600;epochs=20;dropout=0.0|frac=0.25,luxury_beauty,multvae,0.25,0,0.07527119870859,0.159402621152087,,,,,,,64.0,600.0,20.0,0.0,,,
multvae|latent=64;hidden=600;epochs=20;dropout=0.5|frac=0.25,luxury_beauty,multvae,0.25,0,0.02356029896117,0.053946967387991006,,,,,,,64.0,600.0,20.0,0.5,,,
multvae|latent=128;hidden=200;epochs=10;dropout=0.0|frac=0.25,luxury_beauty,multvae,0.25,0,0.08018033185121201,0.170679670832063,,,,,,,128.0,200.0,10.0,0.0,,,
multvae|latent=128;hidden=200;epochs=10;dropout=0.5|frac=0.25,luxury_beauty,multvae,0.25,0,0.029244789876557,0.06370009143553701,,,,,,,128.0,200.0,10.0,0.5,,,
multvae|latent=128;hidden=200;epochs=20;dropout=0.0|frac=0.25,luxury_beauty,multvae,0.25,0,0.061330437041103004,0.160316976531545,,,,,,,128.0,200.0,20.0,0.0,,,
multvae|latent=128;hidden=200;epochs=20;dropout=0.5|frac=0.25,luxury_beauty,multvae,0.25,0,0.032627759034137005,0.07162450472416901,,,,,,,128.0,200.0,20.0,0.5,,,
multvae|latent=128;hidden=600;epochs=10;dropout=0.0|frac=0.25,luxury_beauty,multvae,0.25,0,0.06512491096585,0.172508381590978,,,,,,,128.0,600.0,10.0,0.0,,,
multvae|latent=128;hidden=600;epochs=10;dropout=0.5|frac=0.25,luxury_beauty,multvae,0.25,0,0.066863122003603,0.188966778421213,,,,,,,128.0,600.0,10.0,0.5,,,
multvae|latent=128;hidden=600;epochs=20;dropout=0.0|frac=0.25,luxury_beauty,multvae,0.25,0,0.076623859952377,0.16671746418774702,,,,,,,128.0,600.0,20.0,0.0,,,
multvae|latent=128;hidden=600;epochs=20;dropout=0.5|frac=0.25,luxury_beauty,multvae,0.25,0,0.028804277419992003,0.06461444681499501,,,,,,,128.0,600.0,20.0,0.5,,,
multvae|latent=32;hidden=200;epochs=10;dropout=0.0|frac=0.5,luxury_beauty,multvae,0.5,0,0.10053855726333301,0.18988113380067,,,,,,,32.0,200.0,10.0,0.0,,,
multvae|latent=32;hidden=200;epochs=10;dropout=0.5|frac=0.5,luxury_beauty,multvae,0.5,0,0.082920908011127,0.203291679366046,,,,,,,32.0,200.0,10.0,0.5,,,
multvae|latent=32;hidden=200;epochs=20;dropout=0.0|frac=0.5,luxury_beauty,multvae,0.5,0,0.11058929035273501,0.20268210911307502,,,,,,,32.0,200.0,20.0,0.0,,,
multvae|latent=32;hidden=200;epochs=20;dropout=0.5|frac=0.5,luxury_beauty,multvae,0.5,0,0.09278458877197401,0.205729960377933,,,,,,,32.0,200.0,20.0,0.5,,,
multvae|latent=32;hidden=600;epochs=10;dropout=0.0|frac=0.5,luxury_beauty,multvae,0.5,0,0.10272933414684601,0.200548613227674,,,,,,,32.0,600.0,10.0,0.0,,,
multvae|latent=32;hidden=600;epochs=10;dropout=0.5|frac=0.5,luxury_beauty,multvae,0.5,0,0.09279025285337801,0.20603474550441903,,,,,,,32.0,600.0,10.0,0.5,,,
multvae|latent=32;hidden=600;epochs=20;dropout=0.0|frac=0.5,luxury_beauty,multvae,0.5,0,0.101335063107199,0.19750076196281602,,,,,,,32.0,600.0,20.0,0.0,,,
multvae|latent=32;hidden=600;epochs=20;dropout=0.5|frac=0.5,luxury_beauty,multvae,0.5,0,0.09946146977405,0.200548613227674,,,,,,,32.0,600.0,20.0,0.5,,,
multvae|latent=64;hidden=200;epochs=10;dropout=0.0|frac=0.5,luxury_beauty,multvae,0.5,0,0.09469787403087901,0.19841511734227302,,,,,,,64.0,200.0,10.0,0.0,,,
multvae|latent=64;hidden=200;epochs=10;dropout=0.5|frac=0.5,luxury_beauty,multvae,0.5,0,0.072546936597251,0.19384334044498602,,,,,,,64.0,200.0,10.0,0.5,,,
multvae|latent=64;hidden=200;epochs=20;dropout=0.0|frac=0.5,luxury_beauty,multvae,0.5,0,0.11070474474718901,0.201462968607131,,,,,,,64.0,200.0,20.0,0.0,,,
multvae|latent=64;hidden=200;epochs=20;dropout=0.5|frac=0.5,luxury_beauty,multvae,0.5,0,0.09346732039366201,0.20694910088387602,,,,,,,64.0,200.0,20.0,0.5,,,
multvae|latent=64;hidden=600;epochs=10;dropout=0.0|frac=0.5,luxury_beauty,multvae,0.5,0,0.10866922459131301,0.20512039012496103,,,,,,,64.0,600.0,10.0,0.0,,,
multvae|latent=64;hidden=600;epochs=10;dropout=0.5|frac=0.5,luxury_beauty,multvae,0.5,0,0.10343265628983801,0.202377323986589,,,,,,,64.0,600.0,10.0,0.5,,,
multvae|latent=64;hidden=600;epochs=20;dropout=0.0|frac=0.5,luxury_beauty,multvae,0.5,0,0.100377066932315,0.20420603474550403,,,,,,,64.0,600.0,20.0,0.0,,,
multvae|latent=64;hidden=600;epochs=20;dropout=0.5|frac=0.5,luxury_beauty,multvae,0.5,0,0.09197464481039601,0.20969216702224902,,,,,,,64.0,600.0,20.0,0.5,,,
multvae|latent=128;hidden=200;epochs=10;dropout=0.0|frac=0.5,luxury_beauty,multvae,0.5,0,0.09229761302411,0.19231941481255702,,,,,,,128.0,200.0,10.0,0.0,,,
multvae|latent=128;hidden=200;epochs=10;dropout=0.5|frac=0.5,luxury_beauty,multvae,0.5,0,0.033547191760954005,0.078024992380371,,,,,,,128.0,200.0,10.0,0.5,,,
multvae|latent=128;hidden=200;epochs=20;dropout=0.0|frac=0.5,luxury_beauty,multvae,0.5,0,0.11359574196609401,0.212740018287107,,,,,,,128.0,200.0,20.0,0.0,,,
multvae|latent=128;hidden=200;epochs=20;dropout=0.5|frac=0.5,luxury_beauty,multvae,0.5,0,0.09889456443889201,0.19993904297470202,,,,,,,128.0,200.0,20.0,0.5,,,
multvae|latent=128;hidden=600;epochs=10;dropout=0.0|frac=0.5,luxury_beauty,multvae,0.5,0,0.114091256894137,0.20786345626333402,,,,,,,128.0,600.0,10.0,0.0,,,
multvae|latent=128;hidden=600;epochs=10;dropout=0.5|frac=0.5,luxury_beauty,multvae,0.5,0,0.10286466884655901,0.199634257848217,,,,,,,128.0,600.0,10.0,0.5,,,
multvae|latent=128;hidden=600;epochs=20;dropout=0.0|frac=0.5,luxury_beauty,multvae,0.5,0,0.10834716618091901,0.20420603474550403,,,,,,,128.0,600.0,20.0,0.0,,,
multvae|latent=128;hidden=600;epochs=20;dropout=0.5|frac=0.5,luxury_beauty,multvae,0.5,0,0.08978901673987101,0.21213044803413503,,,,,,,128.0,600.0,20.0,0.5,,,
multvae|latent=32;hidden=200;epochs=10;dropout=0.0|frac=1.0,luxury_beauty,multvae,1.0,0,0.119999724753983,0.230112770496799,,,,,,,32.0,200.0,10.0,0.0,,,
multvae|latent=32;hidden=200;epochs=10;dropout=0.5|frac=1.0,luxury_beauty,multvae,1.0,0,0.132532840460856,0.22340749771411103,,,,,,,32.0,200.0,10.0,0.5,,,
multvae|latent=32;hidden=200;epochs=20;dropout=0.0|frac=1.0,luxury_beauty,multvae,1.0,0,0.149627234989983,0.24992380371837802,,,,,,,32.0,200.0,20.0,0.0,,,
multvae|latent=32;hidden=200;epochs=20;dropout=0.5|frac=1.0,luxury_beauty,multvae,1.0,0,0.14390869932734401,0.24382810118866202,,,,,,,32.0,200.0,20.0,0.5,,,
multvae|latent=32;hidden=600;epochs=10;dropout=0.0|frac=1.0,luxury_beauty,multvae,1.0,0,0.152051597956144,0.25053337397135,,,,,,,32.0,600.0,10.0,0.0,,,
multvae|latent=32;hidden=600;epochs=10;dropout=0.5|frac=1.0,luxury_beauty,multvae,1.0,0,0.146077453372811,0.245961597074062,,,,,,,32.0,600.0,10.0,0.5,,,
multvae|latent=32;hidden=600;epochs=20;dropout=0.0|frac=1.0,luxury_beauty,multvae,1.0,0,0.14275590371034502,0.23651325815300203,,,,,,,32.0,600.0,20.0,0.0,,,
multvae|latent=32;hidden=600;epochs=20;dropout=0.5|frac=1.0,luxury_beauty,multvae,1.0,0,0.14922383839602302,0.248704663212435,,,,,,,32.0,600.0,20.0,0.5,,,
multvae|latent=64;hidden=200;epochs=10;dropout=0.0|frac=1.0,luxury_beauty,multvae,1.0,0,0.14096547707587,0.23590368790003002,,,,,,,64.0,200.0,10.0,0.0,,,
multvae|latent=64;hidden=200;epochs=10;dropout=0.5|frac=1.0,luxury_beauty,multvae,1.0,0,0.125934573387901,0.21670222493142302,,,,,,,64.0,200.0,10.0,0.5,,,
multvae|latent=64;hidden=200;epochs=20;dropout=0.0|frac=1.0,luxury_beauty,multvae,1.0,0,0.14658254871217802,0.24839987808594902,,,,,,,64.0,200.0,20.0,0.0,,,
multvae|latent=64;hidden=200;epochs=20;dropout=0.5|frac=1.0,luxury_beauty,multvae,1.0,0,0.141490276027292,0.24199939042974702,,,,,,,64.0,200.0,20.0,0.5,,,
multvae|latent=64;hidden=600;epochs=10;dropout=0.0|frac=1.0,luxury_beauty,multvae,1.0,0,0.147243278025411,0.25053337397135,,,,,,,64.0,600.0,10.0,0.0,,,
multvae|latent=64;hidden=600;epochs=10;dropout=0.5|frac=1.0,luxury_beauty,multvae,1.0,0,0.14310225272110302,0.241694605303261,,,,,,,64.0,600.0,10.0,0.5,,,
multvae|latent=64;hidden=600;epochs=20;dropout=0.0|frac=1.0,luxury_beauty,multvae,1.0,0,0.142911303041261,0.24291374580920402,,,,,,,64.0,600.0,20.0,0.0,,,
multvae|latent=64;hidden=600;epochs=20;dropout=0.5|frac=1.0,luxury_beauty,multvae,1.0,0,0.14984502809375302,0.25388601036269404,,,,,,,64.0,600.0,20.0,0.5,,,
multvae|latent=128;hidden=200;epochs=10;dropout=0.0|frac=1.0,luxury_beauty,multvae,1.0,0,0.140247704792788,0.236208473026516,,,,,,,128.0,200.0,10.0,0.0,,,
multvae|latent=128;hidden=200;epochs=10;dropout=0.5|frac=1.0,luxury_beauty,multvae,1.0,0,0.101687885143023,0.217007010057909,,,,,,,128.0,200.0,10.0,0.5,,,
multvae|latent=128;hidden=200;epochs=20;dropout=0.0|frac=1.0,luxury_beauty,multvae,1.0,0,0.14840148491111202,0.24900944833892102,,,,,,,128.0,200.0,20.0,0.0,,,
multvae|latent=128;hidden=200;epochs=20;dropout=0.5|frac=1.0,luxury_beauty,multvae,1.0,0,0.14106857994767202,0.23498933252057302,,,,,,,128.0,200.0,20.0,0.5,,,
multvae|latent=128;hidden=600;epochs=10;dropout=0.0|frac=1.0,luxury_beauty,multvae,1.0,0,0.14973142640490902,0.248704663212435,,,,,,,128.0,600.0,10.0,0.0,,,
multvae|latent=128;hidden=600;epochs=10;dropout=0.5|frac=1.0,luxury_beauty,multvae,1.0,0,0.14184967411680202,0.23864675403840202,,,,,,,128.0,600.0,10.0,0.5,,,
multvae|latent=128;hidden=600;epochs=20;dropout=0.0|frac=1.0,luxury_beauty,multvae,1.0,0,0.14491000743894702,0.24321853093569,,,,,,,128.0,600.0,20.0,0.0,,,
multvae|latent=128;hidden=600;epochs=20;dropout=0.5|frac=1.0,luxury_beauty,multvae,1.0,0,0.14933211954962902,0.254495580615665,,,,,,,128.0,600.0,20.0,0.5,,,
markov|order=1;smoothing=0.0;decay=false|frac=0.25,luxury_beauty,markov,0.25,0,0.024095585591046003,0.035659859798841,,,,,,,,,,,1.0,0.0,0.0
markov|order=1;smoothing=0.0;decay=true|frac=0.25,luxury_beauty,markov,0.25,0,0.025137910401484,0.035964644925327,,,,,,,,,,,1.0,0.0,1.0
markov|order=1;smoothing=0.1;decay=false|frac=0.25,luxury_beauty,markov,0.25,0,0.030340239714223,0.046327339225845005,,,,,,,,,,,1.0,0.1,0.0
markov|order=1;smoothing=0.1;decay=true|frac=0.25,luxury_beauty,markov,0.25,0,0.030422948016079,0.046632124352331,,,,,,,,,,,1.0,0.1,1.0
markov|order=1;smoothing=0.5;decay=false|frac=0.25,luxury_beauty,markov,0.25,0,0.029891496180795004,0.045108198719902,,,,,,,,,,,1.0,0.5,0.0
markov|order=1;smoothing=0.5;decay=true|frac=0.25,luxury_beauty,markov,0.25,0,0.029838985346063003,0.044803413593416004,,,,,,,,,,,1.0,0.5,1.0
markov|order=2;smoothing=0.0;decay=false|frac=0.25,luxury_beauty,markov,0.25,0,0.023482681177361003,0.034135934166412,,,,,,,,,,,2.0,0.0,0.0
markov|order=2;smoothing=0.0;decay=true|frac=0.25,luxury_beauty,markov,0.25,0,0.024189751025453003,0.034135934166412,,,,,,,,,,,2.0,0.0,1.0
markov|order=2;smoothing=0.1;decay=false|frac=0.25,luxury_beauty,markov,0.25,0,0.030491458984724003,0.046022554099359,,,,,,,,,,,2.0,0.1,0.0
markov|order=2;smoothing=0.1;decay=true|frac=0.25,luxury_beauty,markov,0.25,0,0.030493423063711004,0.046936909478817006,,,,,,,,,,,2.0,0.1,1.0
markov|order=2;smoothing=0.5;decay=false|frac=0.25,luxury_beauty,markov,0.25,0,0.030372612825702004,0.045717768972874,,,,,,,,,,,2.0,0.5,0.0
markov|order=2;smoothing=0.5;decay=true|frac=0.25,luxury_beauty,markov,0.25,0,0.029951491145464002,0.045412983846388005,,,,,,,,,,,2.0,0.5,1.0
markov|order=1;smoothing=0.0;decay=false|frac=0.5,luxury_beauty,markov,0.5,0,0.04082683788421,0.05851874428527801,,,,,,,,,,,1.0,0.0,0.0
markov|order=1;smoothing=0.0;decay=true|frac=0.5,luxury_beauty,markov,0.5,0,0.041175438341049,0.05851874428527801,,,,,,,,,,,1.0,0.0,1.0
markov|order=1;smoothing=0.1;decay=false|frac=0.5,luxury_beauty,markov,0.5,0,0.045454702135719005,0.066138372447424,,,,,,,,,,,1.0,0.1,0.0
markov|order=1;smoothing=0.1;decay=true|frac=0.5,luxury_beauty,markov,0.5,0,0.045132372624603005,0.067357512953367,,,,,,,,,,,1.0,0.1,1.0
markov|order=1;smoothing=0.5;decay=false|frac=0.5,luxury_beauty,markov,0.5,0,0.045143450646468006,0.065224017067967,,,,,,,,,,,1.0,0.5,0.0
markov|order=1;smoothing=0.5;decay=true|frac=0.5,luxury_beauty,markov,0.5,0,0.044521323088544,0.06552880219445201,,,,,,,,,,,1.0,0.5,1.0
markov|order=2;smoothing=0.0;decay=false|frac=0.5,luxury_beauty,markov,0.5,0,0.040023138300094005,0.055166107893934,,,,,,,,,,,2.0,0.0,0.0
markov|order=2;smoothing=0.0;decay=true|frac=0.5,luxury_beauty,markov,0.5,0,0.040451540283989,0.055166107893934,,,,,,,,,,,2.0,0.0,1.0
markov|order=2;smoothing=0.1;decay=false|frac=0.5,luxury_beauty,markov,0.5,0,0.046360778572026,0.06674794270039601,,,,,,,,,,,2.0,0.1,0.0
markov|order=2;smoothing=0.1;decay=true|frac=0.5,luxury_beauty,markov,0.5,0,0.045783862400153,0.067052727826882,,,,,,,,,,,2.0,0.1,1.0
markov|order=2;smoothing=0.5;decay=false|frac=0.5,luxury_beauty,markov,0.5,0,0.046269029106721,0.06644315757391,,,,,,,,,,,2.0,0.5,0.0
markov|order=2;smoothing=0.5;decay=true|frac=0.5,luxury_beauty,markov,0.5,0,0.04553587366693,0.06644315757391,,,,,,,,,,,2.0,0.5,1.0
markov|order=1;smoothing=0.0;decay=false|frac=1.0,luxury_beauty,markov,1.0,0,0.04911405894616001,0.07467235598902701,,,,,,,,,,,1.0,0.0,0.0
markov|order=1;smoothing=0.0;decay=true|frac=1.0,luxury_beauty,markov,1.0,0,0.051429772939824,0.0774154221274,,,,,,,,,,,1.0,0.0,1.0
markov|order=1;smoothing=0.1;decay=false|frac=1.0,luxury_beauty,markov,1.0,0,0.053168630609904004,0.07985370313928601,,,,,,,,,,,1.0,0.1,0.0
markov|order=1;smoothing=0.1;decay=true|frac=1.0,luxury_beauty,markov,1.0,0,0.055176378169013,0.08290155440414501,,,,,,,,,,,1.0,0.1,1.0
markov|order=1;smoothing=0.5;decay=false|frac=1.0,luxury_beauty,markov,1.0,0,0.053121503852847,0.07985370313928601,,,,,,,,,,,1.0,0.5,0.0
markov|order=1;smoothing=0.5;decay=true|frac=1.0,luxury_beauty,markov,1.0,0,0.054551970571351006,0.08107284364523,,,,,,,,,,,1.0,0.5,1.0
markov|order=2;smoothing=0.0;decay=false|frac=1.0,luxury_beauty,markov,1.0,0,0.045928887158322,0.06674794270039601,,,,,,,,,,,2.0,0.0,0.0
markov|order=2;smoothing=0.0;decay=true|frac=1.0,luxury_beauty,markov,1.0,0,0.04779297206269301,0.068271868332825,,,,,,,,,,,2.0,0.0,1.0
markov|order=2;smoothing=0.1;decay=false|frac=1.0,luxury_beauty,markov,1.0,0,0.055235188597087,0.08198719902468701,,,,,,,,,,,2.0,0.1,0.0
markov|order=2;smoothing=0.1;decay=true|frac=1.0,luxury_beauty,markov,1.0,0,0.05561268062863001,0.08168241389820101,,,,,,,,,,,2.0,0.1,1.0
markov|order=2;smoothing=0.5;decay=false|frac=1.0,luxury_beauty,markov,1.0,0,0.055218371409814004,0.08198719902468701,,,,,,,,,,,2.0,0.5,0.0
markov|order=2;smoothing=0.5;decay=true|frac=1.0,luxury_beauty,markov,1.0,0,0.055507217476795004,0.08168241389820101,,,,,,,,,,,2.0,0.5,1.0
popularity||frac=0.25,software,popularity,0.25,0,0.012753891146329,0.030465949820788003,,,,,,,,,,,,,
popularity||frac=0.5,software,popularity,0.5,0,0.011896324004189001,0.028673835125448,,,,,,,,,,,,,
popularity||frac=1.0,software,popularity,1.0,0,0.008832783682296001,0.023297491039426,,,,,,,,,,,,,
itemknn|topk=10;shrink=0.0|frac=0.25,software,itemknn,0.25,0,0.022458698243440003,0.041218637992831,10.0,0.0,,,,,,,,,,,
itemknn|topk=10;shrink=10.0|frac=0.25,software,itemknn,0.25,0,0.022394950780091002,0.040621266427718,10.0,10.0,,,,,,,,,,,
itemknn|topk=10;shrink=100.0|frac=0.25,software,itemknn,0.25,0,0.022394950780091002,0.040621266427718,10.0,100.0,,,,,,,,,,,
itemknn|topk=50;shrink=0.0|frac=0.25,software,itemknn,0.25,0,0.022920192559645003,0.041816009557945004,50.0,0.0,,,,,,,,,,,
itemknn|topk=50;shrink=10.0|frac=0.25,software,itemknn,0.25,0,0.023471288786801003,0.043010752688172005,50.0,10.0,,,,,,,,,,,
itemknn|topk=50;shrink=100.0|frac=0.25,software,itemknn,0.25,0,0.023471288786801003,0.043010752688172005,50.0,100.0,,,,,,,,,,,
itemknn|topk=100;shrink=0.0|frac=0.25,software,itemknn,0.25,0,0.022920192559645003,0.041816009557945004,100.0,0.0,,,,,,,,,,,
itemknn|topk=100;shrink=10.0|frac=0.25,software,itemknn,0.25,0,0.023471288786801003,0.043010752688172005,100.0,10.0,,,,,,,,,,,
itemknn|topk=100;shrink=100.0|frac=0.25,software,itemknn,0.25,0,0.023471288786801003,0.043010752688172005,100.0,100.0,,,,,,,,,,,
itemknn|topk=300;shrink=0.0|frac=0.25,software,itemknn,0.25,0,0.022920192559645003,0.041816009557945004,300.0,0.0,,,,,,,,,,,
itemknn|topk=300;shrink=10.0|frac=0.25,software,itemknn,0.25,0,0.023471288786801003,0.043010752688172005,300.0,10.0,,,,,,,,,,,
itemknn|topk=300;shrink=100.0|frac=0.25,software,itemknn,0.25,0,0.023471288786801003,0.043010752688172005,300.0,100.0,,,,,,,,,,,
itemknn|topk=10;shrink=0.0|frac=0.5,software,itemknn,0.5,0,0.041051385067655,0.082437275985663,10.0,0.0,,,,,,,,,,,
itemknn|topk=10;shrink=10.0|frac=0.5,software,itemknn,0.5,0,0.043523195708499,0.087813620071684,10.0,10.0,,,,,,,,,,,
itemknn|topk=10;shrink=100.0|frac=0.5,software,itemknn,0.5,0,0.042766990543866006,0.087216248506571,10.0,100.0,,,,,,,,,,,
itemknn|topk=50;shrink=0.0|frac=0.5,software,itemknn,0.5,0,0.041892015794318005,0.084229390681003,50.0,0.0,,,,,,,,,,,
itemknn|topk=50;shrink=10.0|frac=0.5,software,itemknn,0.5,0,0.043555058253985,0.09139784946236501,50.0,10.0,,,,,,,,,,,
itemknn|topk=50;shrink=100.0|frac=0.5,software,itemknn,0.5,0,0.042915086909047,0.09080047789725201,50.0,100.0,,,,,,,,,,,
itemknn|topk=100;shrink=0.0|frac=0.5,software,itemknn,0.5,0,0.041892015794318005,0.084229390681003,100.0,0.0,,,,,,,,,,,
itemknn|topk=100;shrink=10.0|frac=0.5,software,itemknn,0.5,0,0.043692724956164004,0.09199522102747901,100.0,10.0,,,,,,,,,,,
itemknn|topk=100;shrink=100.0|frac=0.5,software,itemknn,0.5,0,0.043048647352936,0.09139784946236501,100.0,100.0,,,,,,,,,,,
itemknn|topk=300;shrink=0.0|frac=0.5,software,itemknn,0.5,0,0.041892015794318005,0.084229390681003,300.0,0.0,,,,,,,,,,,
itemknn|topk=300;shrink=10.0|frac=0.5,software,itemknn,0.5,0,0.043692724956164004,0.09199522102747901,300.0,10.0,,,,,,,,,,,
itemknn|topk=300;shrink=100.0|frac=0.5,software,itemknn,0.5,0,0.043048647352936,0.09139784946236501,300.0,100.0,,,,,,,,,,,
itemknn|topk=10;shrink=0.0|frac=1.0,software,itemknn,1.0,0,0.13546203794741302,0.23655913978494603,10.0,0.0,,,,,,,,,,,
itemknn|topk=10;shrink=10.0|frac=1.0,software,itemknn,1.0,0,0.134237244099004,0.23835125448028602,10.0,10.0,,,,,,,,,,,
itemknn|topk=10;shrink=100.0|frac=1.0,software,itemknn,1.0,0,0.130054348170311,0.23118279569892403,10.0,100.0,,,,,,,,,,,
itemknn|topk=50;shrink=0.0|frac=1.0,software,itemknn,1.0,0,0.134869536649321,0.23715651135005902,50.0,0.0,,,,,,,,,,,
itemknn|topk=50;shrink=10.0|frac=1.0,software,itemknn,1.0,0,0.13256548713989502,0.23297491039426502,50.0,10.0,,,,,,,,,,,
itemknn|topk=50;shrink=100.0|frac=1.0,software,itemknn,1.0,0,0.128581015254244,0.22879330943847,50.0,100.0,,,,,,,,,,,
itemknn|topk=100;shrink=0.0|frac=1.0,software,itemknn,1.0,0,0.133765899533308,0.235364396654719,100.0,0.0,,,,,,,,,,,
itemknn|topk=100;shrink=10.0|frac=1.0,software,itemknn,1.0,0,0.134105079471245,0.235364396654719,100.0,10.0,,,,,,,,,,,
itemknn|topk=100;shrink=100.0|frac=1.0,software,itemknn,1.0,0,0.128325143272142,0.228195937873357,100.0,100.0,,,,,,,,,,,
itemknn|topk=300;shrink=0.0|frac=1.0,software,itemknn,1.0,0,0.133246039782653,0.234169653524492,300.0,0.0,,,,,,,,,,,
itemknn|topk=300;shrink=10.0|frac=1.0,software,itemknn,1.0,0,0.134314822104826,0.23596176821983203,300.0,10.0,,,,,,,,,,,
itemknn|topk=300;shrink=100.0|frac=1.0,software,itemknn,1.0,0,0.128457830533133,0.22879330943847,300.0,100.0,,,,,,,,,,,
als|factors=16;epochs=5;regularisation=0.001;alpha=1.0|frac=0.25,software,als,0.25,0,0.021597093851988002,0.04540023894862601,,,16.0,5.0,0.001,1.0,,,,,,,
als|factors=16;epochs=5;regularisation=0.001;alpha=10.0|frac=0.25,software,als,0.25,0,0.023121497133883003,0.043010752688172005,,,16.0,5.0,0.001,10.0,,,,,,,
als|factors=16;epochs=5;regularisation=0.001;alpha=40.0|frac=0.25,software,als,0.25,0,0.022583321586880003,0.040023894862604006,,,16.0,5.0,0.001,40.0,,,,,,,
als|factors=16;epochs=5;regularisation=0.01;alpha=1.0|frac=0.25,software,als,0.25,0,0.021713343192029003,0.04540023894862601,,,16.0,5.0,0.01,1.0,,,,,,,
als|factors=16;epochs=5;regularisation=0.01;alpha=10.0|frac=0.25,software,als,0.25,0,0.022696008446844003,0.041816009557945004,,,16.0,5.0,0.01,10.0,,,,,,,
als|factors=16;epochs=5;regularisation=0.01;alpha=40.0|frac=0.25,software,als,0.25,0,0.022116894136609003,0.038231780167264,,,16.0,5.0,0.01,40.0,,,,,,,
als|factors=16;epochs=5;regularisation=0.1;alpha=1.0|frac=0.25,software,als,0.25,0,0.021946990036501003,0.045997610513739004,,,16.0,5.0,0.1,1.0,,,,,,,
als|factors=16;epochs=5;regularisation=0.1;alpha=10.0|frac=0.25,software,als,0.25,0,0.021645059638062,0.039426523297491,,,16.0,5.0,0.1,10.0,,,,,,,
als|factors=16;epochs=5;regularisation=0.1;alpha=40.0|frac=0.25,software,als,0.25,0,0.022171386554608003,0.037634408602150005,,,16.0,5.0,0.1,40.0,,,,,,,
als|factors=16;epochs=15;regularisation=0.001;alpha=1.0|frac=0.25,software,als,0.25,0,0.026008002835544,0.052568697729988005,,,16.0,15.0,0.001,1.0,,,,,,,
als|factors=16;epochs=15;regularisation=0.001;alpha=10.0|frac=0.25,software,als,0.25,0,0.067197985562261,0.185185185185185,,,16.0,15.0,0.001,10.0,,,,,,,
als|factors=16;epochs=15;regularisation=0.001;alpha=40.0|frac=0.25,software,als,0.25,0,0.029236847538311003,0.053763440860215006,,,16.0,15.0,0.001,40.0,,,,,,,
als|factors=16;epochs=15;regularisation=0.01;alpha=1.0|frac=0.25,software,als,0.25,0,0.026008002835544,0.052568697729988005,,,16.0,15.0,0.01,1.0,,,,,,,
als|factors=16;epochs=15;regularisation=0.01;alpha=10.0|frac=0.25,software,als,0.25,0,0.06654709223506,0.18339307048984402,,,16.0,15.0,0.01,10.0,,,,,,,
als|factors=16;epochs=15;regularisation=0.01;alpha=40.0|frac=0.25,software,als,0.25,0,0.029114614330441,0.054360812425328,,,16.0,15.0,0.01,40.0,,,,,,,
als|factors=16;epochs=15;regularisation=0.1;alpha=1.0|frac=0.25,software,als,0.25,0,0.025932250378807004,0.053166069295101,,,16.0,15.0,0.1,1.0,,,,,,,
als|factors=16;epochs=15;regularisation=0.1;alpha=10.0|frac=0.25,software,als,0.25,0,0.06480503966473701,0.18279569892473102,,,16.0,15.0,0.1,10.0,,,,,,,
als|factors=16;epochs=15;regularisation=0.1;alpha=40.0|frac=0.25,software,als,0.25,0,0.029262914662344004,0.05495818399044201,,,16.0,15.0,0.1,40.0,,,,,,,
als|factors=16;epochs=30;regularisation=0.001;alpha=1.0|frac=0.25,software,als,0.25,0,0.027733090708740003,0.05495818399044201,,,16.0,30.0,0.001,1.0,,,,,,,
als|factors=16;epochs=30;regularisation=0.001;alpha=10.0|frac=0.25,software,als,0.25,0,0.030931680638876004,0.062126642771804005,,,16.0,30.0,0.001,10.0,,,,,,,
als|factors=16;epochs=30;regularisation=0.001;alpha=40.0|frac=0.25,software,als,0.25,0,0.030374217699631,0.05495818399044201,,,16.0,30.0,0.001,40.0,,,,,,,
als|factors=16;epochs=30;regularisation=0.01;alpha=1.0|frac=0.25,software,als,0.25,0,0.027661176699732,0.05495818399044201,,,16.0,30.0,0.01,1.0,,,,,,,
als|factors=16;epochs=30;regularisation=0.01;alpha=10.0|frac=0.25,software,als,0.25,0,0.030758421728784003,0.062126642771804005,,,16.0,30.0,0.01,10.0,,,,,,,
als|factors=16;epochs=30;regularisation=0.01;alpha=40.0|frac=0.25,software,als,0.25,0,0.030032463159980004,0.055555555555555004,,,16.0,30.0,0.01,40.0,,,,,,,
als|factors=16;epochs=30;regularisation=0.1;alpha=1.0|frac=0.25,software,als,0.25,0,0.027731090900088,0.05495818399044201,,,16.0,30.0,0.1,1.0,,,,,,,
als|factors=16;epochs=30;regularisation=0.1;alpha=10.0|frac=0.25,software,als,0.25,0,0.030966963733659,0.062724014336917,,,16.0,30.0,0.1,10.0,,,,,,,
als|factors=16;epochs=30;regularisation=0.1;alpha=40.0|frac=0.25,software,als,0.25,0,0.030597072776033,0.05615292712066901,,,16.0,30.0,0.1,40.0,,,,,,,
als|factors=32;epochs=5;regularisation=0.001;alpha=1.0|frac=0.25,software,als,0.25,0,0.027182667586790003,0.053763440860215006,,,32.0,5.0,0.001,1.0,,,,,,,
als|factors=32;epochs=5;regularisation=0.001;alpha=10.0|frac=0.25,software,als,0.25,0,0.027882532517827,0.051971326164874,,,32.0,5.0,0.001,10.0,,,,,,,
als|factors=32;epochs=5;regularisation=0.001;alpha=40.0|frac=0.25,software,als,0.25,0,0.025134700798351003,0.045997610513739004,,,32.0,5.0,0.001,40.0,,,,,,,
als|factors=32;epochs=5;regularisation=0.01;alpha=1.0|frac=0.25,software,als,0.25,0,0.027632418576662002,0.05495818399044201,,,32.0,5.0,0.01,1.0,,,,,,,
als|factors=32;epochs=5;regularisation=0.01;alpha=10.0|frac=0.25,software,als,0.25,0,0.027833733822722,0.051373954599761004,,,32.0,5.0,0.01,10.0,,,,,,,
als|factors=32;epochs=5;regularisation=0.01;alpha=40.0|frac=0.25,software,als,0.25,0,0.025143727360504003,0.04778972520908,,,32.0,5.0,0.01,40.0,,,,,,,
als|factors=32;epochs=5;regularisation=0.1;alpha=1.0|frac=0.25,software,als,0.25,0,0.027659611528457,0.054360812425328,,,32.0,5.0,0.1,1.0,,,,,,,
als|factors=32;epochs=5;regularisation=0.1;alpha=10.0|frac=0.25,software,als,0.25,0,0.027955611547995002,0.051971326164874,,,32.0,5.0,0.1,10.0,,,,,,,
als|factors=32;epochs=5;regularisation=0.1;alpha=40.0|frac=0.25,software,als,0.25,0,0.024979514825157003,0.048387096774193006,,,32.0,5.0,0.1,40.0,,,,,,,
als|factors=32;epochs=15;regularisation=0.001;alpha=1.0|frac=0.25,software,als,0.25,0,0.031052375398202003,0.06033452807646301,,,32.0,15.0,0.001,1.0,,,,,,,
als|factors=32;epochs=15;regularisation=0.001;alpha=10.0|frac=0.25,software,als,0.25,0,0.033758504941104,0.06451612903225801,,,32.0,15.0,0.001,10.0,,,,,,,
als|factors=32;epochs=15;regularisation=0.001;alpha=40.0|frac=0.25,software,als,0.25,0,0.031631501763642,0.059737156511350004,,,32.0,15.0,0.001,40.0,,,,,,,
als|factors=32;epochs=15;regularisation=0.01;alpha=1.0|frac=0.25,software,als,0.25,0,0.031296195493309004,0.06033452807646301,,,32.0,15.0,0.01,1.0,,,,,,,
als|factors=32;epochs=15;regularisation=0.01;alpha=10.0|frac=0.25,software,als,0.25,0,0.033453964897588,0.06391875746714401,,,32.0,15.0,0.01,10.0,,,,,,,
als|factors=32;epochs=15;regularisation=0.01;alpha=40.0|frac=0.25,software,als,0.25,0,0.030958896119253003,0.057945041816009006,,,32.0,15.0,0.01,40.0,,,,,,,
als|factors=32;epochs=15;regularisation=0.1;alpha=1.0|frac=0.25,software,als,0.25,0,0.031355373776793004,0.060931899641577005,,,32.0,15.0,0.1,1.0,,,,,,,
als|factors=32;epochs=15;regularisation=0.1;alpha=10.0|frac=0.25,software,als,0.25,0,0.033819580176552004,0.06391875746714401,,,32.0,15.0,0.1,10.0,,,,,,,
als|factors=32;epochs=15;regularisation=0.1;alpha=40.0|frac=0.25,software,als,0.25,0,0.031040881408992003,0.05495818399044201,,,32.0,15.0,0.1,40.0,,,,,,,
als|factors=32;epochs=30;regularisation=0.001;alpha=1.0|frac=0.25,software,als,0.25,0,0.031769978503278,0.063321385902031,,,32.0,30.0,0.001,1.0,,,,,,,
als|factors=32;epochs=30;regularisation=0.001;alpha=10.0|frac=0.25,software,als,0.25,0,0.030365317486671,0.057945041816009006,,,32.0,30.0,0.001,10.0,,,,,,,
als|factors=32;epochs=30;regularisation=0.001;alpha=40.0|frac=0.25,software,als,0.25,0,0.032255750009248005,0.056750298685782005,,,32.0,30.0,0.001,40.0,,,,,,,
als|factors=32;epochs=30;regularisation=0.01;alpha=1.0|frac=0.25,software,als,0.25,0,0.031968836673623005,0.06391875746714401,,,32.0,30.0,0.01,1.0,,,,,,,
als|factors=32;epochs=30;regularisation=0.01;alpha=10.0|frac=0.25,software,als,0.25,0,0.030349602176515004,0.057945041816009006,,,32.0,30.0,0.01,10.0,,,,,,,
als|factors=32;epochs=30;regularisation=0.01;alpha=40.0|frac=0.25,software,als,0.25,0,0.03206987450386,0.05495818399044201,,,32.0,30.0,0.01,40.0,,,,,,,
als|factors=32;epochs=30;regularisation=0.1;alpha=1.0|frac=0.25,software,als,0.25,0,0.031731827421497,0.063321385902031,,,32.0,30.0,0.1,1.0,,,,,,,
als|factors=32;epochs=30;regularisation=0.1;alpha=10.0|frac=0.25,software,als,0.25,0,0.030855609689133003,0.059737156511350004,,,32.0,30.0,0.1,10.0,,,,,,,
als|factors=32;epochs=30;regularisation=0.1;alpha=40.0|frac=0.25,software,als,0.25,0,0.032254605562801006,0.05495818399044201,,,32.0,30.0,0.1,40.0,,,,,,,
als|factors=64;epochs=5;regularisation=0.001;alpha=1.0|frac=0.25,software,als,0.25,0,0.029270323607356003,0.053166069295101,,,64.0,5.0,0.001,1.0,,,,,,,
als|factors=64;epochs=5;regularisation=0.001;alpha=10.0|frac=0.25,software,als,0.25,0,0.028998330085857,0.051971326164874,,,64.0,5.0,0.001,10.0,,,,,,,
als|factors=64;epochs=5;regularisation=0.001;alpha=40.0|frac=0.25,software,als,0.25,0,0.026102204481669004,0.048387096774193006,,,64.0,5.0,0.001,40.0,,,,,,,
als|factors=64;epochs=5;regularisation=0.01;alpha=1.0|frac=0.25,software,als,0.25,0,0.029231204943529,0.053166069295101,,,64.0,5.0,0.01,1.0,,,,,,,
als|factors=64;epochs=5;regularisation=0.01;alpha=10.0|frac=0.25,software,als,0.25,0,0.029085288670549003,0.051971326164874,,,64.0,5.0,0.01,10.0,,,,,,,
als|factors=64;epochs=5;regularisation=0.01;alpha=40.0|frac=0.25,software,als,0.25,0,0.025734707342185,0.04778972520908,,,64.0,5.0,0.01,40.0,,,,,,,
als|factors=64;epochs=5;regularisation=0.1;alpha=1.0|frac=0.25,software,als,0.25,0,0.029435159645486004,0.053763440860215006,,,64.0,5.0,0.1,1.0,,,,,,,
als|factors=64;epochs=5;regularisation=0.1;alpha=10.0|frac=0.25,software,als,0.25,0,0.028106751322155003,0.04958183990442001,,,64.0,5.0,0.1,10.0,,,,,,,
als|factors=64;epochs=5;regularisation=0.1;alpha=40.0|frac=0.25,software,als,0.25,0,0.024981344939585003,0.046594982078853,,,64.0,5.0,0.1,40.0,,,,,,,
als|factors=64;epochs=15;regularisation=0.001;alpha=1.0|frac=0.25,software,als,0.25,0,0.030218172365418003,0.055555555555555004,,,64.0,15.0,0.001,1.0,,,,,,,
als|factors=64;epochs=15;regularisation=0.001;alpha=10.0|frac=0.25,software,als,0.25,0,0.029475201964783003,0.057945041816009006,,,64.0,15.0,0.001,10.0,,,,,,,
als|factors=64;epochs=15;regularisation=0.001;alpha=40.0|frac=0.25,software,als,0.25,0,0.028700651129662,0.053763440860215006,,,64.0,15.0,0.001,40.0,,,,,,,
als|factors=64;epochs=15;regularisation=0.01;alpha=1.0|frac=0.25,software,als,0.25,0,0.030051126163254,0.05495818399044201,,,64.0,15.0,0.01,1.0,,,,,,,
als|factors=64;epochs=15;regularisation=0.01;alpha=10.0|frac=0.25,software,als,0.25,0,0.029735287120013002,0.057347670250896,,,64.0,15.0,0.01,10.0,,,,,,,
als|factors=64;epochs=15;regularisation=0.01;alpha=40.0|frac=0.25,software,als,0.25,0,0.028289634762971003,0.053763440860215006,,,64.0,15.0,0.01,40.0,,,,,,,
als|factors=64;epochs=15;regularisation=0.1;alpha=1.0|frac=0.25,software,als,0.25,0,0.030051126163254,0.05495818399044201,,,64.0,15.0,0.1,1.0,,,,,,,
als|factors=64;epochs=15;regularisation=0.1;alpha=10.0|frac=0.25,software,als,0.25,0,0.031141640143294003,0.057347670250896,,,64.0,15.0,0.1,10.0,,,,,,,
als|factors=64;epochs=15;regularisation=0.1;alpha=40.0|frac=0.25,software,als,0.25,0,0.028661130802692003,0.05495818399044201,,,64.0,15.0,0.1,40.0,,,,,,,
als|factors=64;epochs=30;regularisation=0.001;alpha=1.0|frac=0.25,software,als,0.25,0,0.030669931487516,0.05913978494623601,,,64.0,30.0,0.001,1.0,,,,,,,
als|factors=64;epochs=30;regularisation=0.001;alpha=10.0|frac=0.25,software,als,0.25,0,0.029700768524323,0.05615292712066901,,,64.0,30.0,0.001,10.0,,,,,,,
als|factors=64;epochs=30;regularisation=0.001;alpha=40.0|frac=0.25,software,als,0.25,0,0.029281347392534,0.057347670250896,,,64.0,30.0,0.001,40.0,,,,,,,
als|factors=64;epochs=30;regularisation=0.01;alpha=1.0|frac=0.25,software,als,0.25,0,0.030687607195526004,0.05913978494623601,,,64.0,30.0,0.01,1.0,,,,,,,
als|factors=64;epochs=30;regularisation=0.01;alpha=10.0|frac=0.25,software,als,0.25,0,0.029290954051865003,0.05495818399044201,,,64.0,30.0,0.01,10.0,,,,,,,
als|factors=64;epochs=30;regularisation=0.01;alpha=40.0|frac=0.25,software,als,0.25,0,0.029071878326885,0.055555555555555004,,,64.0,30.0,0.01,40.0,,,,,,,
als|factors=64;epochs=30;regularisation=0.1;alpha=1.0|frac=0.25,software,als,0.25,0,0.030343066833679003,0.057945041816009006,,,64.0,30.0,0.1,1.0,,,,,,,
als|factors=64;epochs=30;regularisation=0.1;alpha=10.0|frac=0.25,software,als,0.25,0,0.029072220458916,0.054360812425328,,,64.0,30.0,0.1,10.0,,,,,,,
als|factors=64;epochs=30;regularisation=0.1;alpha=40.0|frac=0.25,software,als,0.25,0,0.029673654809216004,0.05495818399044201,,,64.0,30.0,0.1,40.0,,,,,,,
als|factors=128;epochs=5;regularisation=0.001;alpha=1.0|frac=0.25,software,als,0.25,0,0.024822297584739,0.044205495818399006,,,128.0,5.0,0.001,1.0,,,,,,,
als|factors=128;epochs=5;regularisation=0.001;alpha=10.0|frac=0.25,software,als,0.25,0,0.024560592958381002,0.047192353643966005,,,128.0,5.0,0.001,10.0,,,,,,,
als|factors=128;epochs=5;regularisation=0.001;alpha=40.0|frac=0.25,software,als,0.25,0,0.02223961377904,0.043608124253285,,,128.0,5.0,0.001,40.0,,,,,,,
als|factors=128;epochs=5;regularisation=0.01;alpha=1.0|frac=0.25,software,als,0.25,0,0.024907712802648002,0.044205495818399006,,,128.0,5.0,0.01,1.0,,,,,,,
als|factors=128;epochs=5;regularisation=0.01;alpha=10.0|frac=0.25,software,als,0.25,0,0.024561342439811003,0.047192353643966005,,,128.0,5.0,0.01,10.0,,,,,,,
als|factors=128;epochs=5;regularisation=0.01;alpha=40.0|frac=0.25,software,als,0.25,0,0.022237225849755002,0.042413381123058,,,128.0,5.0,0.01,40.0,,,,,,,
als|factors=128;epochs=5;regularisation=0.1;alpha=1.0|frac=0.25,software,als,0.25,0,0.024735033694931,0.043608124253285,,,128.0,5.0,0.1,1.0,,,,,,,
als|factors=128;epochs=5;regularisation=0.1;alpha=10.0|frac=0.25,software,als,0.25,0,0.023838729924574,0.043608124253285,,,128.0,5.0,0.1,10.0,,,,,,,
als|factors=128;epochs=5;regularisation=0.1;alpha=40.0|frac=0.25,software,als,0.25,0,0.02298602928859,0.043010752688172005,,,128.0,5.0,0.1,40.0,,,,,,,
als|factors=128;epochs=15;regularisation=0.001;alpha=1.0|frac=0.25,software,als,0.25,0,0.026236310681854003,0.04778972520908,,,128.0,15.0,0.001,1.0,,,,,,,
als|factors=128;epochs=15;regularisation=0.001;alpha=10.0|frac=0.25,software,als,0.25,0,0.026176929399358003,0.04778972520908,,,128.0,15.0,0.001,10.0,,,,,,,
als|factors=128;epochs=15;regularisation=0.001;alpha=40.0|frac=0.25,software,als,0.25,0,0.024493798148297,0.044802867383512,,,128.0,15.0,0.001,40.0,,,,,,,
als|factors=128;epochs=15;regularisation=0.01;alpha=1.0|frac=0.25,software,als,0.25,0,0.025890952466421,0.046594982078853,,,128.0,15.0,0.01,1.0,,,,,,,
als|factors=128;epochs=15;regularisation=0.01;alpha=10.0|frac=0.25,software,als,0.25,0,0.025844276599513,0.04778972520908,,,128.0,15.0,0.01,10.0,,,,,,,
als|factors=128;epochs=15;regularisation=0.01;alpha=40.0|frac=0.25,software,als,0.25,0,0.023978524125783003,0.04540023894862601,,,128.0,15.0,0.01,40.0,,,,,,,
als|factors=128;epochs=15;regularisation=0.1;alpha=1.0|frac=0.25,software,als,0.25,0,0.026212720588645003,0.04778972520908,,,128.0,15.0,0.1,1.0,,,,,,,
als|factors=128;epochs=15;regularisation=0.1;alpha=10.0|frac=0.25,software,als,0.25,0,0.025824063233758,0.047192353643966005,,,128.0,15.0,0.1,10.0,,,,,,,
als|factors=128;epochs=15;regularisation=0.1;alpha=40.0|frac=0.25,software,als,0.25,0,0.024422829632870003,0.050179211469534,,,128.0,15.0,0.1,40.0,,,,,,,
als|factors=128;epochs=30;regularisation=0.001;alpha=1.0|frac=0.25,software,als,0.25,0,0.027236317187537003,0.048387096774193006,,,128.0,30.0,0.001,1.0,,,,,,,
als|factors=128;epochs=30;regularisation=0.001;alpha=10.0|frac=0.25,software,als,0.25,0,0.026922954583516002,0.052568697729988005,,,128.0,30.0,0.001,10.0,,,,,,,
als|factors=128;epochs=30;regularisation=0.001;alpha=40.0|frac=0.25,software,als,0.25,0,0.027097909367407,0.050179211469534,,,128.0,30.0,0.001,40.0,,,,,,,
als|factors=128;epochs=30;regularisation=0.01;alpha=1.0|frac=0.25,software,als,0.25,0,0.027453934604172003,0.048984468339307,,,128.0,30.0,0.01,1.0,,,,,,,
als|factors=128;epochs=30;regularisation=0.01;alpha=10.0|frac=0.25,software,als,0.25,0,0.026350538110333003,0.050776583034647,,,128.0,30.0,0.01,10.0,,,,,,,
als|factors=128;epochs=30;regularisation=0.01;alpha=40.0|frac=0.25,software,als,0.25,0,0.026930373749139,0.051373954599761004,,,128.0,30.0,0.01,40.0,,,,,,,
als|factors=128;epochs=30;regularisation=0.1;alpha=1.0|frac=0.25,software,als,0.25,0,0.027282022038368003,0.048984468339307,,,128.0,30.0,0.1,1.0,,,,,,,
als|factors=128;epochs=30;regularisation=0.1;alpha=10.0|frac=0.25,software,als,0.25,0,0.026217222613978002,0.048984468339307,,,128.0,30.0,0.1,10.0,,,,,,,
als|factors=128;epochs=30;regularisation=0.1;alpha=40.0|frac=0.25,software,als,0.25,0,0.026963702455605,0.052568697729988005,,,128.0,30.0,0.1,40.0,,,,,,,
als|factors=16;epochs=5;regularisation=0.001;alpha=1.0|frac=0.5,software,als,0.5,0,0.028822117161382003,0.063321385902031,,,16.0,5.0,0.001,1.0,,,,,,,
als|factors=16;epochs=5;regularisation=0.001;alpha=10.0|frac=0.5,software,als,0.5,0,0.09566319382740401,0.19295101553166003,,,16.0,5.0,0.001,10.0,,,,,,,
als|factors=16;epochs=5;regularisation=0.001;alpha=40.0|frac=0.5,software,als,0.5,0,0.06727630881692401,0.18219832735961702,,,16.0,5.0,0.001,40.0,,,,,,,
als|factors=16;epochs=5;regularisation=0.01;alpha=1.0|frac=0.5,software,als,0.5,0,0.028943129591756003,0.06391875746714401,,,16.0,5.0,0.01,1.0,,,,,,,
als|factors=16;epochs=5;regularisation=0.01;alpha=10.0|frac=0.5,software,als,0.5,0,0.09615195684011901,0.19414575866188702,,,16.0,5.0,0.01,10.0,,,,,,,
als|factors=16;epochs=5;regularisation=0.01;alpha=40.0|frac=0.5,software,als,0.5,0,0.068737362866119,0.18160095579450403,,,16.0,5.0,0.01,40.0,,,,,,,
als|factors=16;epochs=5;regularisation=0.1;alpha=1.0|frac=0.5,software,als,0.5,0,0.028974039756641003,0.06391875746714401,,,16.0,5.0,0.1,1.0,,,,,,,
als|factors=16;epochs=5;regularisation=0.1;alpha=10.0|frac=0.5,software,als,0.5,0,0.09659992239435801,0.19474313022700102,,,16.0,5.0,0.1,10.0,,,,,,,
als|factors=16;epochs=5;regularisation=0.1;alpha=40.0|frac=0.5,software,als,0.5,0,0.079387298548811,0.185185185185185,,,16.0,5.0,0.1,40.0,,,,,,,
als|factors=16;epochs=15;regularisation=0.001;alpha=1.0|frac=0.5,software,als,0.5,0,0.029644592274172002,0.06391875746714401,,,16.0,15.0,0.001,1.0,,,,,,,
als|factors=16;epochs=15;regularisation=0.001;alpha=10.0|frac=0.5,software,als,0.5,0,0.116674045663003,0.20011947431302202,,,16.0,15.0,0.001,10.0,,,,,,,
als|factors=16;epochs=15;regularisation=0.001;alpha=40.0|frac=0.5,software,als,0.5,0,0.11831044168500701,0.207885304659498,,,16.0,15.0,0.001,40.0,,,,,,,
als|factors=16;epochs=15;regularisation=0.01;alpha=1.0|frac=0.5,software,als,0.5,0,0.029823063331149,0.06451612903225801,,,16.0,15.0,0.01,1.0,,,,,,,
als|factors=16;epochs=15;regularisation=0.01;alpha=10.0|frac=0.5,software,als,0.5,0,0.100860847733168,0.19952210274790902,,,16.0,15.0,0.01,10.0,,,,,,,
als|factors=16;epochs=15;regularisation=0.01;alpha=40.0|frac=0.5,software,als,0.5,0,0.11845840292036201,0.206690561529271,,,16.0,15.0,0.01,40.0,,,,,,,
als|factors=16;epochs=15;regularisation=0.1;alpha=1.0|frac=0.5,software,als,0.5,0,0.030205064361683003,0.065710872162485,,,16.0,15.0,0.1,1.0,,,,,,,
als|factors=16;epochs=15;regularisation=0.1;alpha=10.0|frac=0.5,software,als,0.5,0,0.10217356833192201,0.201911589008363,,,16.0,15.0,0.1,10.0,,,,,,,
als|factors=16;epochs=15;regularisation=0.1;alpha=40.0|frac=0.5,software,als,0.5,0,0.10297015628000201,0.207287933094384,,,16.0,15.0,0.1,40.0,,,,,,,
als|factors=16;epochs=30;regularisation=0.001;alpha=1.0|frac=0.5,software,als,0.5,0,0.030636790728311002,0.06451612903225801,,,16.0,30.0,0.001,1.0,,,,,,,
als|factors=16;epochs=30;regularisation=0.001;alpha=10.0|frac=0.5,software,als,0.5,0,0.11581466229633001,0.19892473118279502,,,16.0,30.0,0.001,10.0,,,,,,,
als|factors=16;epochs=30;regularisation=0.001;alpha=40.0|frac=0.5,software,als,0.5,0,0.117707715221288,0.20609318996415701,,,16.0,30.0,0.001,40.0,,,,,,,
als|factors=16;epochs=30;regularisation=0.01;alpha=1.0|frac=0.5,software,als,0.5,0,0.030662969790939004,0.06451612903225801,,,16.0,30.0,0.01,1.0,,,,,,,
als|factors=16;epochs=30;regularisation=0.01;alpha=10.0|frac=0.5,software,als,0.5,0,0.11684828681114201,0.200716845878136,,,16.0,30.0,0.01,10.0,,,,,,,
als|factors=16;epochs=30;regularisation=0.01;alpha=40.0|frac=0.5,software,als,0.5,0,0.11787414848036101,0.207287933094384,,,16.0,30.0,0.01,40.0,,,,,,,
als|factors=16;epochs=30;regularisation=0.1;alpha=1.0|frac=0.5,software,als,0.5,0,0.030251495995463003,0.063321385902031,,,16.0,30.0,0.1,1.0,,,,,,,
als|factors=16;epochs=30;regularisation=0.1;alpha=10.0|frac=0.5,software,als,0.5,0,0.10145130512933001,0.201314217443249,,,16.0,30.0,0.1,10.0,,,,,,,
als|factors=16;epochs=30;regularisation=0.1;alpha=40.0|frac=0.5,software,als,0.5,0,0.11813947262535801,0.206690561529271,,,16.0,30.0,0.1,40.0,,,,,,,
als|factors=32;epochs=5;regularisation=0.001;alpha=1.0|frac=0.5,software,als,0.5,0,0.037923253673806,0.07526881720430101,,,32.0,5.0,0.001,1.0,,,,,,,
als|factors=32;epochs=5;regularisation=0.001;alpha=10.0|frac=0.5,software,als,0.5,0,0.036208815476699005,0.075866188769414,,,32.0,5.0,0.001,10.0,,,,,,,
als|factors=32;epochs=5;regularisation=0.001;alpha=40.0|frac=0.5,software,als,0.5,0,0.033874075830674005,0.071087216248506,,,32.0,5.0,0.001,40.0,,,,,,,
als|factors=32;epochs=5;regularisation=0.01;alpha=1.0|frac=0.5,software,als,0.5,0,0.037735069611315,0.07467144563918701,,,32.0,5.0,0.01,1.0,,,,,,,
als|factors=32;epochs=5;regularisation=0.01;alpha=10.0|frac=0.5,software,als,0.5,0,0.036090665247474,0.07526881720430101,,,32.0,5.0,0.01,10.0,,,,,,,
als|factors=32;epochs=5;regularisation=0.01;alpha=40.0|frac=0.5,software,als,0.5,0,0.034492313182541,0.07168458781362,,,32.0,5.0,0.01,40.0,,,,,,,
als|factors=32;epochs=5;regularisation=0.1;alpha=1.0|frac=0.5,software,als,0.5,0,0.03774270232552,0.07467144563918701,,,32.0,5.0,0.1,1.0,,,,,,,
als|factors=32;epochs=5;regularisation=0.1;alpha=10.0|frac=0.5,software,als,0.5,0,0.07655373961544401,0.196535244922341,,,32.0,5.0,0.1,10.0,,,,,,,
als|factors=32;epochs=5;regularisation=0.1;alpha=40.0|frac=0.5,software,als,0.5,0,0.033029669203671,0.068100358422939,,,32.0,5.0,0.1,40.0,,,,,,,
als|factors=32;epochs=15;regularisation=0.001;alpha=1.0|frac=0.5,software,als,0.5,0,0.039032499823495,0.077060931899641,,,32.0,15.0,0.001,1.0,,,,,,,
als|factors=32;epochs=15;regularisation=0.001;alpha=10.0|frac=0.5,software,als,0.5,0,0.104381728651702,0.20908004778972503,,,32.0,15.0,0.001,10.0,,,,,,,
als|factors=32;epochs=15;regularisation=0.001;alpha=40.0|frac=0.5,software,als,0.5,0,0.105314041785645,0.212664277180406,,,32.0,15.0,0.001,40.0,,,,,,,
als|factors=32;epochs=15;regularisation=0.01;alpha=1.0|frac=0.5,software,als,0.5,0,0.038685666272473,0.075866188769414,,,32.0,15.0,0.01,1.0,,,,,,,
als|factors=32;epochs=15;regularisation=0.01;alpha=10.0|frac=0.5,software,als,0.5,0,0.104294616909279,0.20908004778972503,,,32.0,15.0,0.01,10.0,,,,,,,
als|factors=32;epochs=15;regularisation=0.01;alpha=40.0|frac=0.5,software,als,0.5,0,0.106697604612731,0.21445639187574603,,,32.0,15.0,0.01,40.0,,,,,,,
als|factors=32;epochs=15;regularisation=0.1;alpha=1.0|frac=0.5,software,als,0.5,0,0.03873154354304,0.075866188769414,,,32.0,15.0,0.1,1.0,,,,,,,
als|factors=32;epochs=15;regularisation=0.1;alpha=10.0|frac=0.5,software,als,0.5,0,0.10458120125435601,0.21027479091995202,,,32.0,15.0,0.1,10.0,,,,,,,
als|factors=32;epochs=15;regularisation=0.1;alpha=40.0|frac=0.5,software,als,0.5,0,0.105566185558637,0.21146953405017901,,,32.0,15.0,0.1,40.0,,,,,,,
als|factors=32;epochs=30;regularisation=0.001;alpha=1.0|frac=0.5,software,als,0.5,0,0.040389437140746005,0.08004778972520901,,,32.0,30.0,0.001,1.0,,,,,,,
als|factors=32;epochs=30;regularisation=0.001;alpha=10.0|frac=0.5,software,als,0.5,0,0.10652499702193101,0.213261648745519,,,32.0,30.0,0.001,10.0,,,,,,,
als|factors=32;epochs=30;regularisation=0.001;alpha=40.0|frac=0.5,software,als,0.5,0,0.10685489920381801,0.21505376344086002,,,32.0,30.0,0.001,40.0,,,,,,,
als|factors=32;epochs=30;regularisation=0.01;alpha=1.0|frac=0.5,software,als,0.5,0,0.040471440450680005,0.08004778972520901,,,32.0,30.0,0.01,1.0,,,,,,,
als|factors=32;epochs=30;regularisation=0.01;alpha=10.0|frac=0.5,software,als,0.5,0,0.10665914563967101,0.212664277180406,,,32.0,30.0,0.01,10.0,,,,,,,
als|factors=32;epochs=30;regularisation=0.01;alpha=40.0|frac=0.5,software,als,0.5,0,0.107097937512642,0.21445639187574603,,,32.0,30.0,0.01,40.0,,,,,,,
als|factors=32;epochs=30;regularisation=0.1;alpha=1.0|frac=0.5,software,als,0.5,0,0.040144841481536006,0.078853046594982,,,32.0,30.0,0.1,1.0,,,,,,,
als|factors=32;epochs=30;regularisation=0.1;alpha=10.0|frac=0.5,software,als,0.5,0,0.10644262218704001,0.212066905615292,,,32.0,30.0,0.1,10.0,,,,,,,
als|factors=32;epochs=30;regularisation=0.1;alpha=40.0|frac=0.5,software,als,0.5,0,0.10798818805987101,0.21624850657108702,,,32.0,30.0,0.1,40.0,,,,,,,
als|factors=64;epochs=5;regularisation=0.001;alpha=1.0|frac=0.5,software,als,0.5,0,0.042403919671185,0.081839904420549,,,64.0,5.0,0.001,1.0,,,,,,,
als|factors=64;epochs=5;regularisation=0.001;alpha=10.0|frac=0.5,software,als,0.5,0,0.04338052322778101,0.090203106332138,,,64.0,5.0,0.001,10.0,,,,,,,
als|factors=64;epochs=5;regularisation=0.001;alpha=40.0|frac=0.5,software,als,0.5,0,0.040082569410008005,0.084826762246117,,,64.0,5.0,0.001,40.0,,,,,,,
als|factors=64;epochs=5;regularisation=0.01;alpha=1.0|frac=0.5,software,als,0.5,0,0.042459029679927006,0.082437275985663,,,64.0,5.0,0.01,1.0,,,,,,,
als|factors=64;epochs=5;regularisation=0.01;alpha=10.0|frac=0.5,software,als,0.5,0,0.043103502657299,0.089605734767025,,,64.0,5.0,0.01,10.0,,,,,,,
als|factors=64;epochs=5;regularisation=0.01;alpha=40.0|frac=0.5,software,als,0.5,0,0.040067666868469,0.08542413381123001,,,64.0,5.0,0.01,40.0,,,,,,,
als|factors=64;epochs=5;regularisation=0.1;alpha=1.0|frac=0.5,software,als,0.5,0,0.042394214473253006,0.082437275985663,,,64.0,5.0,0.1,1.0,,,,,,,
als|factors=64;epochs=5;regularisation=0.1;alpha=10.0|frac=0.5,software,als,0.5,0,0.043023485320449,0.089605734767025,,,64.0,5.0,0.1,10.0,,,,,,,
als|factors=64;epochs=5;regularisation=0.1;alpha=40.0|frac=0.5,software,als,0.5,0,0.039566474436326,0.081242532855436,,,64.0,5.0,0.1,40.0,,,,,,,
als|factors=64;epochs=15;regularisation=0.001;alpha=1.0|frac=0.5,software,als,0.5,0,0.043716898331938,0.084826762246117,,,64.0,15.0,0.001,1.0,,,,,,,
als|factors=64;epochs=15;regularisation=0.001;alpha=10.0|frac=0.5,software,als,0.5,0,0.047755711846113005,0.094982078853046,,,64.0,15.0,0.001,10.0,,,,,,,
als|factors=64;epochs=15;regularisation=0.001;alpha=40.0|frac=0.5,software,als,0.5,0,0.106168312339773,0.21445639187574603,,,64.0,15.0,0.001,40.0,,,,,,,
als|factors=64;epochs=15;regularisation=0.01;alpha=1.0|frac=0.5,software,als,0.5,0,0.043805407346219,0.08542413381123001,,,64.0,15.0,0.01,1.0,,,,,,,
als|factors=64;epochs=15;regularisation=0.01;alpha=10.0|frac=0.5,software,als,0.5,0,0.047799305285896,0.094982078853046,,,64.0,15.0,0.01,10.0,,,,,,,
als|factors=64;epochs=15;regularisation=0.01;alpha=40.0|frac=0.5,software,als,0.5,0,0.045351282367794,0.09139784946236501,,,64.0,15.0,0.01,40.0,,,,,,,
als|factors=64;epochs=15;regularisation=0.1;alpha=1.0|frac=0.5,software,als,0.5,0,0.044071584267795005,0.08602150537634401,,,64.0,15.0,0.1,1.0,,,,,,,
als|factors=64;epochs=15;regularisation=0.1;alpha=10.0|frac=0.5,software,als,0.5,0,0.047958973668148004,0.094982078853046,,,64.0,15.0,0.1,10.0,,,,,,,
als|factors=64;epochs=15;regularisation=0.1;alpha=40.0|frac=0.5,software,als,0.5,0,0.04542018817177201,0.09080047789725201,,,64.0,15.0,0.1,40.0,,,,,,,
als|factors=64;epochs=30;regularisation=0.001;alpha=1.0|frac=0.5,software,als,0.5,0,0.043804176665107004,0.082437275985663,,,64.0,30.0,0.001,1.0,,,,,,,
als|factors=64;epochs=30;regularisation=0.001;alpha=10.0|frac=0.5,software,als,0.5,0,0.047428635428601006,0.092592592592592,,,64.0,30.0,0.001,10.0,,,,,,,
als|factors=64;epochs=30;regularisation=0.001;alpha=40.0|frac=0.5,software,als,0.5,0,0.10657336631552201,0.21445639187574603,,,64.0,30.0,0.001,40.0,,,,,,,
als|factors=64;epochs=30;regularisation=0.01;alpha=1.0|frac=0.5,software,als,0.5,0,0.043804176665107004,0.082437275985663,,,64.0,30.0,0.01,1.0,,,,,,,
als|factors=64;epochs=30;regularisation=0.01;alpha=10.0|frac=0.5,software,als,0.5,0,0.04723574295513001,0.09199522102747901,,,64.0,30.0,0.01,10.0,,,,,,,
als|factors=64;epochs=30;regularisation=0.01;alpha=40.0|frac=0.5,software,als,0.5,0,0.046776167003079,0.092592592592592,,,64.0,30.0,0.01,40.0,,,,,,,
als|factors=64;epochs=30;regularisation=0.1;alpha=1.0|frac=0.5,software,als,0.5,0,0.043920448193742,0.082437275985663,,,64.0,30.0,0.1,1.0,,,,,,,
als|factors=64;epochs=30;regularisation=0.1;alpha=10.0|frac=0.5,software,als,0.5,0,0.047459634840805,0.092592592592592,,,64.0,30.0,0.1,10.0,,,,,,,
als|factors=64;epochs=30;regularisation=0.1;alpha=40.0|frac=0.5,software,als,0.5,0,0.046291494330141,0.09080047789725201,,,64.0,30.0,0.1,40.0,,,,,,,
als|factors=128;epochs=5;regularisation=0.001;alpha=1.0|frac=0.5,software,als,0.5,0,0.037243685267252004,0.07467144563918701,,,128.0,5.0,0.001,1.0,,,,,,,
als|factors=128;epochs=5;regularisation=0.001;alpha=10.0|frac=0.5,software,als,0.5,0,0.038311816328845005,0.07467144563918701,,,128.0,5.0,0.001,10.0,,,,,,,
als|factors=128;epochs=5;regularisation=0.001;alpha=40.0|frac=0.5,software,als,0.5,0,0.036592119378417005,0.07347670250896,,,128.0,5.0,0.001,40.0,,,,,,,
als|factors=128;epochs=5;regularisation=0.01;alpha=1.0|frac=0.5,software,als,0.5,0,0.037268388994291,0.07467144563918701,,,128.0,5.0,0.01,1.0,,,,,,,
als|factors=128;epochs=5;regularisation=0.01;alpha=10.0|frac=0.5,software,als,0.5,0,0.038628240865259005,0.076463560334528,,,128.0,5.0,0.01,10.0,,,,,,,
als|factors=128;epochs=5;regularisation=0.01;alpha=40.0|frac=0.5,software,als,0.5,0,0.0365781797614,0.07347670250896,,,128.0,5.0,0.01,40.0,,,,,,,
als|factors=128;epochs=5;regularisation=0.1;alpha=1.0|frac=0.5,software,als,0.5,0,0.037044707463997004,0.074074074074074,,,128.0,5.0,0.1,1.0,,,,,,,
als|factors=128;epochs=5;regularisation=0.1;alpha=10.0|frac=0.5,software,als,0.5,0,0.037826420947046004,0.075866188769414,,,128.0,5.0,0.1,10.0,,,,,,,
als|factors=128;epochs=5;regularisation=0.1;alpha=40.0|frac=0.5,software,als,0.5,0,0.035600381614714,0.068697729988052,,,128.0,5.0,0.1,40.0,,,,,,,
als|factors=128;epochs=15;regularisation=0.001;alpha=1.0|frac=0.5,software,als,0.5,0,0.038876167092080006,0.08004778972520901,,,128.0,15.0,0.001,1.0,,,,,,,
als|factors=128;epochs=15;regularisation=0.001;alpha=10.0|frac=0.5,software,als,0.5,0,0.039403483750569006,0.078853046594982,,,128.0,15.0,0.001,10.0,,,,,,,
als|factors=128;epochs=15;regularisation=0.001;alpha=40.0|frac=0.5,software,als,0.5,0,0.039209882459455,0.07825567502986801,,,128.0,15.0,0.001,40.0,,,,,,,
als|factors=128;epochs=15;regularisation=0.01;alpha=1.0|frac=0.5,software,als,0.5,0,0.038874027501725,0.08004778972520901,,,128.0,15.0,0.01,1.0,,,,,,,
als|factors=128;epochs=15;regularisation=0.01;alpha=10.0|frac=0.5,software,als,0.5,0,0.039215169431249,0.078853046594982,,,128.0,15.0,0.01,10.0,,,,,,,
als|factors=128;epochs=15;regularisation=0.01;alpha=40.0|frac=0.5,software,als,0.5,0,0.038521377393923,0.075866188769414,,,128.0,15.0,0.01,40.0,,,,,,,
als|factors=128;epochs=15;regularisation=0.1;alpha=1.0|frac=0.5,software,als,0.5,0,0.038916336363095,0.08004778972520901,,,128.0,15.0,0.1,1.0,,,,,,,
als|factors=128;epochs=15;regularisation=0.1;alpha=10.0|frac=0.5,software,als,0.5,0,0.038236032980599,0.07825567502986801,,,128.0,15.0,0.1,10.0,,,,,,,
als|factors=128;epochs=15;regularisation=0.1;alpha=40.0|frac=0.5,software,als,0.5,0,0.038126904768734,0.074074074074074,,,128.0,15.0,0.1,40.0,,,,,,,
als|factors=128;epochs=30;regularisation=0.001;alpha=1.0|frac=0.5,software,als,0.5,0,0.037923222381468,0.07825567502986801,,,128.0,30.0,0.001,1.0,,,,,,,
als|factors=128;epochs=30;regularisation=0.001;alpha=10.0|frac=0.5,software,als,0.5,0,0.038313453992168005,0.077060931899641,,,128.0,30.0,0.001,10.0,,,,,,,
als|factors=128;epochs=30;regularisation=0.001;alpha=40.0|frac=0.5,software,als,0.5,0,0.039245753244613005,0.077060931899641,,,128.0,30.0,0.001,40.0,,,,,,,
als|factors=128;epochs=30;regularisation=0.01;alpha=1.0|frac=0.5,software,als,0.5,0,0.037882229811979,0.07825567502986801,,,128.0,30.0,0.01,1.0,,,,,,,
als|factors=128;epochs=30;regularisation=0.01;alpha=10.0|frac=0.5,software,als,0.5,0,0.038814770273085004,0.077060931899641,,,128.0,30.0,0.01,10.0,,,,,,,
als|factors=128;epochs=30;regularisation=0.01;alpha=40.0|frac=0.5,software,als,0.5,0,0.038264730348139,0.076463560334528,,,128.0,30.0,0.01,40.0,,,,,,,
als|factors=128;epochs=30;regularisation=0.1;alpha=1.0|frac=0.5,software,als,0.5,0,0.037971015344497004,0.07765830346475501,,,128.0,30.0,0.1,1.0,,,,,,,
als|factors=128;epochs=30;regularisation=0.1;alpha=10.0|frac=0.5,software,als,0.5,0,0.039131982255273,0.07825567502986801,,,128.0,30.0,0.1,10.0,,,,,,,
als|factors=128;epochs=30;regularisation=0.1;alpha=40.0|frac=0.5,software,als,0.5,0,0.0371802954686,0.07467144563918701,,,128.0,30.0,0.1,40.0,,,,,,,
als|factors=16;epochs=5;regularisation=0.001;alpha=1.0|frac=1.0,software,als,1.0,0,0.11154183872490601,0.19474313022700102,,,16.0,5.0,0.001,1.0,,,,,,,
als|factors=16;epochs=5;regularisation=0.001;alpha=10.0|frac=1.0,software,als,1.0,0,0.11302835960617601,0.19474313022700102,,,16.0,5.0,0.001,10.0,,,,,,,
als|factors=16;epochs=5;regularisation=0.001;alpha=40.0|frac=1.0,software,als,1.0,0,0.098280306794676,0.19832735961768203,,,16.0,5.0,0.001,40.0,,,,,,,
als|factors=16;epochs=5;regularisation=0.01;alpha=1.0|frac=1.0,software,als,1.0,0,0.11152660593453101,0.19474313022700102,,,16.0,5.0,0.01,1.0,,,,,,,
als|factors=16;epochs=5;regularisation=0.01;alpha=10.0|frac=1.0,software,als,1.0,0,0.112951195514637,0.19414575866188702,,,16.0,5.0,0.01,10.0,,,,,,,
als|factors=16;epochs=5;regularisation=0.01;alpha=40.0|frac=1.0,software,als,1.0,0,0.09962294663427801,0.19952210274790902,,,16.0,5.0,0.01,40.0,,,,,,,
als|factors=16;epochs=5;regularisation=0.1;alpha=1.0|frac=1.0,software,als,1.0,0,0.11158070508006901,0.19474313022700102,,,16.0,5.0,0.1,1.0,,,,,,,
als|factors=16;epochs=5;regularisation=0.1;alpha=10.0|frac=1.0,software,als,1.0,0,0.11440331101041001,0.19892473118279502,,,16.0,5.0,0.1,10.0,,,,,,,
als|factors=16;epochs=5;regularisation=0.1;alpha=40.0|frac=1.0,software,als,1.0,0,0.10006586039401001,0.20011947431302202,,,16.0,5.0,0.1,40.0,,,,,,,
als|factors=16;epochs=15;regularisation=0.001;alpha=1.0|frac=1.0,software,als,1.0,0,0.115077241388452,0.20011947431302202,,,16.0,15.0,0.001,1.0,,,,,,,
als|factors=16;epochs=15;regularisation=0.001;alpha=10.0|frac=1.0,software,als,1.0,0,0.11500426136705301,0.202508960573476,,,16.0,15.0,0.001,10.0,,,,,,,
als|factors=16;epochs=15;regularisation=0.001;alpha=40.0|frac=1.0,software,als,1.0,0,0.11542901208035002,0.19892473118279502,,,16.0,15.0,0.001,40.0,,,,,,,
als|factors=16;epochs=15;regularisation=0.01;alpha=1.0|frac=1.0,software,als,1.0,0,0.11506861840092401,0.20011947431302202,,,16.0,15.0,0.01,1.0,,,,,,,
als|factors=16;epochs=15;regularisation=0.01;alpha=10.0|frac=1.0,software,als,1.0,0,0.115434017040868,0.20370370370370303,,,16.0,15.0,0.01,10.0,,,,,,,
als|factors=16;epochs=15;regularisation=0.01;alpha=40.0|frac=1.0,software,als,1.0,0,0.11737549113020701,0.202508960573476,,,16.0,15.0,0.01,40.0,,,,,,,
als|factors=16;epochs=15;regularisation=0.1;alpha=1.0|frac=1.0,software,als,1.0,0,0.115115660616994,0.20011947431302202,,,16.0,15.0,0.1,1.0,,,,,,,
als|factors=16;epochs=15;regularisation=0.1;alpha=10.0|frac=1.0,software,als,1.0,0,0.11522648200511901,0.202508960573476,,,16.0,15.0,0.1,10.0,,,,,,,
als|factors=16;epochs=15;regularisation=0.1;alpha=40.0|frac=1.0,software,als,1.0,0,0.11859496652180501,0.20370370370370303,,,16.0,15.0,0.1,40.0,,,,,,,
als|factors=16;epochs=30;regularisation=0.001;alpha=1.0|frac=1.0,software,als,1.0,0,0.115933812484557,0.200716845878136,,,16.0,30.0,0.001,1.0,,,,,,,
als|factors=16;epochs=30;regularisation=0.001;alpha=10.0|frac=1.0,software,als,1.0,0,0.11554648985457601,0.20430107526881702,,,16.0,30.0,0.001,10.0,,,,,,,
als|factors=16;epochs=30;regularisation=0.001;alpha=40.0|frac=1.0,software,als,1.0,0,0.11531264840177301,0.201911589008363,,,16.0,30.0,0.001,40.0,,,,,,,
als|factors=16;epochs=30;regularisation=0.01;alpha=1.0|frac=1.0,software,als,1.0,0,0.11554271242642102,0.20011947431302202,,,16.0,30.0,0.01,1.0,,,,,,,
als|factors=16;epochs=30;regularisation=0.01;alpha=10.0|frac=1.0,software,als,1.0,0,0.115791612865535,0.20489844683393002,,,16.0,30.0,0.01,10.0,,,,,,,
als|factors=16;epochs=30;regularisation=0.01;alpha=40.0|frac=1.0,software,als,1.0,0,0.11566642690376101,0.201314217443249,,,16.0,30.0,0.01,40.0,,,,,,,
als|factors=16;epochs=30;regularisation=0.1;alpha=1.0|frac=1.0,software,als,1.0,0,0.11556053418621401,0.20011947431302202,,,16.0,30.0,0.1,1.0,,,,,,,
als|factors=16;epochs=30;regularisation=0.1;alpha=10.0|frac=1.0,software,als,1.0,0,0.11621010599103201,0.20489844683393002,,,16.0,30.0,0.1,10.0,,,,,,,
als|factors=16;epochs=30;regularisation=0.1;alpha=40.0|frac=1.0,software,als,1.0,0,0.115344976452336,0.20370370370370303,,,16.0,30.0,0.1,40.0,,,,,,,
als|factors=32;epochs=5;regularisation=0.001;alpha=1.0|frac=1.0,software,als,1.0,0,0.11740153155888301,0.20489844683393002,,,32.0,5.0,0.001,1.0,,,,,,,
als|factors=32;epochs=5;regularisation=0.001;alpha=10.0|frac=1.0,software,als,1.0,0,0.12010914383309801,0.21087216248506502,,,32.0,5.0,0.001,10.0,,,,,,,
als|factors=32;epochs=5;regularisation=0.001;alpha=40.0|frac=1.0,software,als,1.0,0,0.11991688837584301,0.20430107526881702,,,32.0,5.0,0.001,40.0,,,,,,,
als|factors=32;epochs=5;regularisation=0.01;alpha=1.0|frac=1.0,software,als,1.0,0,0.11764130072501101,0.20489844683393002,,,32.0,5.0,0.01,1.0,,,,,,,
als|factors=32;epochs=5;regularisation=0.01;alpha=10.0|frac=1.0,software,als,1.0,0,0.12087530262065802,0.212066905615292,,,32.0,5.0,0.01,10.0,,,,,,,
als|factors=32;epochs=5;regularisation=0.01;alpha=40.0|frac=1.0,software,als,1.0,0,0.120792478261458,0.207885304659498,,,32.0,5.0,0.01,40.0,,,,,,,
als|factors=32;epochs=5;regularisation=0.1;alpha=1.0|frac=1.0,software,als,1.0,0,0.117647416150344,0.20489844683393002,,,32.0,5.0,0.1,1.0,,,,,,,
als|factors=32;epochs=5;regularisation=0.1;alpha=10.0|frac=1.0,software,als,1.0,0,0.121491780144636,0.213261648745519,,,32.0,5.0,0.1,10.0,,,,,,,
als|factors=32;epochs=5;regularisation=0.1;alpha=40.0|frac=1.0,software,als,1.0,0,0.121666118348664,0.20848267622461103,,,32.0,5.0,0.1,40.0,,,,,,,
als|factors=32;epochs=15;regularisation=0.001;alpha=1.0|frac=1.0,software,als,1.0,0,0.12003076433711,0.21087216248506502,,,32.0,15.0,0.001,1.0,,,,,,,
als|factors=32;epochs=15;regularisation=0.001;alpha=10.0|frac=1.0,software,als,1.0,0,0.12360294939046501,0.21684587813620002,,,32.0,15.0,0.001,10.0,,,,,,,
als|factors=32;epochs=15;regularisation=0.001;alpha=40.0|frac=1.0,software,als,1.0,0,0.123037378300725,0.21505376344086002,,,32.0,15.0,0.001,40.0,,,,,,,
als|factors=32;epochs=15;regularisation=0.01;alpha=1.0|frac=1.0,software,als,1.0,0,0.12033632806927501,0.21146953405017901,,,32.0,15.0,0.01,1.0,,,,,,,
als|factors=32;epochs=15;regularisation=0.01;alpha=10.0|frac=1.0,software,als,1.0,0,0.12354496271349501,0.21624850657108702,,,32.0,15.0,0.01,10.0,,,,,,,
als|factors=32;epochs=15;regularisation=0.01;alpha=40.0|frac=1.0,software,als,1.0,0,0.12352827739381901,0.21445639187574603,,,32.0,15.0,0.01,40.0,,,,,,,
als|factors=32;epochs=15;regularisation=0.1;alpha=1.0|frac=1.0,software,als,1.0,0,0.120305506374418,0.21146953405017901,,,32.0,15.0,0.1,1.0,,,,,,,
als|factors=32;epochs=15;regularisation=0.1;alpha=10.0|frac=1.0,software,als,1.0,0,0.12363571878430901,0.21684587813620002,,,32.0,15.0,0.1,10.0,,,,,,,
als|factors=32;epochs=15;regularisation=0.1;alpha=40.0|frac=1.0,software,als,1.0,0,0.12308110952516901,0.212664277180406,,,32.0,15.0,0.1,40.0,,,,,,,
als|factors=32;epochs=30;regularisation=0.001;alpha=1.0|frac=1.0,software,als,1.0,0,0.12043410717050601,0.21385902031063303,,,32.0,30.0,0.001,1.0,,,,,,,
als|factors=32;epochs=30;regularisation=0.001;alpha=10.0|frac=1.0,software,als,1.0,0,0.12366135308231702,0.218040621266427,,,32.0,30.0,0.001,10.0,,,,,,,
als|factors=32;epochs=30;regularisation=0.001;alpha=40.0|frac=1.0,software,als,1.0,0,0.122638693870546,0.21146953405017901,,,32.0,30.0,0.001,40.0,,,,,,,
als|factors=32;epochs=30;regularisation=0.01;alpha=1.0|frac=1.0,software,als,1.0,0,0.12043410717050601,0.21385902031063303,,,32.0,30.0,0.01,1.0,,,,,,,
als|factors=32;epochs=30;regularisation=0.01;alpha=10.0|frac=1.0,software,als,1.0,0,0.12351973035775,0.21684587813620002,,,32.0,30.0,0.01,10.0,,,,,,,
als|factors=32;epochs=30;regularisation=0.01;alpha=40.0|frac=1.0,software,als,1.0,0,0.122828566090836,0.212664277180406,,,32.0,30.0,0.01,40.0,,,,,,,
als|factors=32;epochs=30;regularisation=0.1;alpha=1.0|frac=1.0,software,als,1.0,0,0.120254911524899,0.213261648745519,,,32.0,30.0,0.1,1.0,,,,,,,
als|factors=32;epochs=30;regularisation=0.1;alpha=10.0|frac=1.0,software,als,1.0,0,0.12420079411696801,0.218637992831541,,,32.0,30.0,0.1,10.0,,,,,,,
als|factors=32;epochs=30;regularisation=0.1;alpha=40.0|frac=1.0,software,als,1.0,0,0.122201939391608,0.212066905615292,,,32.0,30.0,0.1,40.0,,,,,,,
als|factors=64;epochs=5;regularisation=0.001;alpha=1.0|frac=1.0,software,als,1.0,0,0.11932552973853501,0.207287933094384,,,64.0,5.0,0.001,1.0,,,,,,,
als|factors=64;epochs=5;regularisation=0.001;alpha=10.0|frac=1.0,software,als,1.0,0,0.123516255337069,0.212664277180406,,,64.0,5.0,0.001,10.0,,,,,,,
als|factors=64;epochs=5;regularisation=0.001;alpha=40.0|frac=1.0,software,als,1.0,0,0.123538856172568,0.212664277180406,,,64.0,5.0,0.001,40.0,,,,,,,
als|factors=64;epochs=5;regularisation=0.01;alpha=1.0|frac=1.0,software,als,1.0,0,0.11949950921961901,0.207885304659498,,,64.0,5.0,0.01,1.0,,,,,,,
als|factors=64;epochs=5;regularisation=0.01;alpha=10.0|frac=1.0,software,als,1.0,0,0.12472098838423301,0.21505376344086002,,,64.0,5.0,0.01,10.0,,,,,,,
als|factors=64;epochs=5;regularisation=0.01;alpha=40.0|frac=1.0,software,als,1.0,0,0.12391858806559301,0.212066905615292,,,64.0,5.0,0.01,40.0,,,,,,,
als|factors=64;epochs=5;regularisation=0.1;alpha=1.0|frac=1.0,software,als,1.0,0,0.11946319242307601,0.207885304659498,,,64.0,5.0,0.1,1.0,,,,,,,
als|factors=64;epochs=5;regularisation=0.1;alpha=10.0|frac=1.0,software,als,1.0,0,0.124463812938573,0.21565113500597302,,,64.0,5.0,0.1,10.0,,,,,,,
als|factors=64;epochs=5;regularisation=0.1;alpha=40.0|frac=1.0,software,als,1.0,0,0.125503533367181,0.213261648745519,,,64.0,5.0,0.1,40.0,,,,,,,
als|factors=64;epochs=15;regularisation=0.001;alpha=1.0|frac=1.0,software,als,1.0,0,0.12115205889055401,0.212066905615292,,,64.0,15.0,0.001,1.0,,,,,,,
als|factors=64;epochs=15;regularisation=0.001;alpha=10.0|frac=1.0,software,als,1.0,0,0.127785184002793,0.224014336917562,,,64.0,15.0,0.001,10.0,,,,,,,
als|factors=64;epochs=15;regularisation=0.001;alpha=40.0|frac=1.0,software,als,1.0,0,0.126230821006682,0.22162485065710802,,,64.0,15.0,0.001,40.0,,,,,,,
als|factors=64;epochs=15;regularisation=0.01;alpha=1.0|frac=1.0,software,als,1.0,0,0.12073169642285801,0.21146953405017901,,,64.0,15.0,0.01,1.0,,,,,,,
als|factors=64;epochs=15;regularisation=0.01;alpha=10.0|frac=1.0,software,als,1.0,0,0.12786797202559702,0.224014336917562,,,64.0,15.0,0.01,10.0,,,,,,,
als|factors=64;epochs=15;regularisation=0.01;alpha=40.0|frac=1.0,software,als,1.0,0,0.126158625442371,0.22222222222222202,,,64.0,15.0,0.01,40.0,,,,,,,
als|factors=64;epochs=15;regularisation=0.1;alpha=1.0|frac=1.0,software,als,1.0,0,0.120660849740558,0.21146953405017901,,,64.0,15.0,0.1,1.0,,,,,,,
als|factors=64;epochs=15;regularisation=0.1;alpha=10.0|frac=1.0,software,als,1.0,0,0.128235090402839,0.22520908004778903,,,64.0,15.0,0.1,10.0,,,,,,,
als|factors=64;epochs=15;regularisation=0.1;alpha=40.0|frac=1.0,software,als,1.0,0,0.125433918378371,0.21983273596176803,,,64.0,15.0,0.1,40.0,,,,,,,
als|factors=64;epochs=30;regularisation=0.001;alpha=1.0|frac=1.0,software,als,1.0,0,0.12068620417683601,0.212066905615292,,,64.0,30.0,0.001,1.0,,,,,,,
als|factors=64;epochs=30;regularisation=0.001;alpha=10.0|frac=1.0,software,als,1.0,0,0.127549010048839,0.223416965352449,,,64.0,30.0,0.001,10.0,,,,,,,
als|factors=64;epochs=30;regularisation=0.001;alpha=40.0|frac=1.0,software,als,1.0,0,0.12810448202962302,0.22461170848267603,,,64.0,30.0,0.001,40.0,,,,,,,
als|factors=64;epochs=30;regularisation=0.01;alpha=1.0|frac=1.0,software,als,1.0,0,0.12068620417683601,0.212066905615292,,,64.0,30.0,0.01,1.0,,,,,,,
als|factors=64;epochs=30;regularisation=0.01;alpha=10.0|frac=1.0,software,als,1.0,0,0.12742837494869602,0.222819593787335,,,64.0,30.0,0.01,10.0,,,,,,,
als|factors=64;epochs=30;regularisation=0.01;alpha=40.0|frac=1.0,software,als,1.0,0,0.12843356693701802,0.22640382317801602,,,64.0,30.0,0.01,40.0,,,,,,,
als|factors=64;epochs=30;regularisation=0.1;alpha=1.0|frac=1.0,software,als,1.0,0,0.12070411920158601,0.212066905615292,,,64.0,30.0,0.1,1.0,,,,,,,
als|factors=64;epochs=30;regularisation=0.1;alpha=10.0|frac=1.0,software,als,1.0,0,0.127563370206901,0.224014336917562,,,64.0,30.0,0.1,10.0,,,,,,,
als|factors=64;epochs=30;regularisation=0.1;alpha=40.0|frac=1.0,software,als,1.0,0,0.128436898555772,0.22580645161290303,,,64.0,30.0,0.1,40.0,,,,,,,
als|factors=128;epochs=5;regularisation=0.001;alpha=1.0|frac=1.0,software,als,1.0,0,0.09790049718492501,0.21565113500597302,,,128.0,5.0,0.001,1.0,,,,,,,
als|factors=128;epochs=5;regularisation=0.001;alpha=10.0|frac=1.0,software,als,1.0,0,0.126715439339952,0.21624850657108702,,,128.0,5.0,0.001,10.0,,,,,,,
als|factors=128;epochs=5;regularisation=0.001;alpha=40.0|frac=1.0,software,als,1.0,0,0.12391961568619402,0.21087216248506502,,,128.0,5.0,0.001,40.0,,,,,,,
als|factors=128;epochs=5;regularisation=0.01;alpha=1.0|frac=1.0,software,als,1.0,0,0.09809930404359601,0.21565113500597302,,,128.0,5.0,0.01,1.0,,,,,,,
als|factors=128;epochs=5;regularisation=0.01;alpha=10.0|frac=1.0,software,als,1.0,0,0.12720375623639202,0.218040621266427,,,128.0,5.0,0.01,10.0,,,,,,,
als|factors=128;epochs=5;regularisation=0.01;alpha=40.0|frac=1.0,software,als,1.0,0,0.124743676483948,0.212066905615292,,,128.0,5.0,0.01,40.0,,,,,,,
als|factors=128;epochs=5;regularisation=0.1;alpha=1.0|frac=1.0,software,als,1.0,0,0.103488943165616,0.21624850657108702,,,128.0,5.0,0.1,1.0,,,,,,,
als|factors=128;epochs=5;regularisation=0.1;alpha=10.0|frac=1.0,software,als,1.0,0,0.126708622334261,0.217443249701314,,,128.0,5.0,0.1,10.0,,,,,,,
als|factors=128;epochs=5;regularisation=0.1;alpha=40.0|frac=1.0,software,als,1.0,0,0.12437608046791801,0.212664277180406,,,128.0,5.0,0.1,40.0,,,,,,,
als|factors=128;epochs=15;regularisation=0.001;alpha=1.0|frac=1.0,software,als,1.0,0,0.095967883483643,0.21684587813620002,,,128.0,15.0,0.001,1.0,,,,,,,
als|factors=128;epochs=15;regularisation=0.001;alpha=10.0|frac=1.0,software,als,1.0,0,0.127127631225147,0.22043010752688103,,,128.0,15.0,0.001,10.0,,,,,,,
als|factors=128;epochs=15;regularisation=0.001;alpha=40.0|frac=1.0,software,als,1.0,0,0.126276587014538,0.21445639187574603,,,128.0,15.0,0.001,40.0,,,,,,,
als|factors=128;epochs=15;regularisation=0.01;alpha=1.0|frac=1.0,software,als,1.0,0,0.096594061016448,0.218040621266427,,,128.0,15.0,0.01,1.0,,,,,,,
als|factors=128;epochs=15;regularisation=0.01;alpha=10.0|frac=1.0,software,als,1.0,0,0.12636870889575402,0.218040621266427,,,128.0,15.0,0.01,10.0,,,,,,,
als|factors=128;epochs=15;regularisation=0.01;alpha=40.0|frac=1.0,software,als,1.0,0,0.12699207307777102,0.21684587813620002,,,128.0,15.0,0.01,40.0,,,,,,,
als|factors=128;epochs=15;regularisation=0.1;alpha=1.0|frac=1.0,software,als,1.0,0,0.09691732716553701,0.218637992831541,,,128.0,15.0,0.1,1.0,,,,,,,
als|factors=128;epochs=15;regularisation=0.1;alpha=10.0|frac=1.0,software,als,1.0,0,0.125992278883084,0.218040621266427,,,128.0,15.0,0.1,10.0,,,,,,,
als|factors=128;epochs=15;regularisation=0.1;alpha=40.0|frac=1.0,software,als,1.0,0,0.12662317157591502,0.21505376344086002,,,128.0,15.0,0.1,40.0,,,,,,,
als|factors=128;epochs=30;regularisation=0.001;alpha=1.0|frac=1.0,software,als,1.0,0,0.100093903848986,0.21565113500597302,,,128.0,30.0,0.001,1.0,,,,,,,
als|factors=128;epochs=30;regularisation=0.001;alpha=10.0|frac=1.0,software,als,1.0,0,0.126893656303865,0.21983273596176803,,,128.0,30.0,0.001,10.0,,,,,,,
als|factors=128;epochs=30;regularisation=0.001;alpha=40.0|frac=1.0,software,als,1.0,0,0.12694344840111402,0.21505376344086002,,,128.0,30.0,0.001,40.0,,,,,,,
als|factors=128;epochs=30;regularisation=0.01;alpha=1.0|frac=1.0,software,als,1.0,0,0.09971603824772501,0.21445639187574603,,,128.0,30.0,0.01,1.0,,,,,,,
als|factors=128;epochs=30;regularisation=0.01;alpha=10.0|frac=1.0,software,als,1.0,0,0.12681523223667202,0.21983273596176803,,,128.0,30.0,0.01,10.0,,,,,,,
als|factors=128;epochs=30;regularisation=0.01;alpha=40.0|frac=1.0,software,als,1.0,0,0.126912719971214,0.21385902031063303,,,128.0,30.0,0.01,40.0,,,,,,,
als|factors=128;epochs=30;regularisation=0.1;alpha=1.0|frac=1.0,software,als,1.0,0,0.09975663224714101,0.21445639187574603,,,128.0,30.0,0.1,1.0,,,,,,,
als|factors=128;epochs=30;regularisation=0.1;alpha=10.0|frac=1.0,software,als,1.0,0,0.12749089761214902,0.22222222222222202,,,128.0,30.0,0.1,10.0,,,,,,,
als|factors=128;epochs=30;regularisation=0.1;alpha=40.0|frac=1.0,software,als,1.0,0,0.126630816048231,0.21445639187574603,,,128.0,30.0,0.1,40.0,,,,,,,
multvae|latent=32;hidden=200;epochs=10;dropout=0.0|frac=0.25,software,multvae,0.25,0,0.014241208361376,0.034647550776583005,,,,,,,32.0,200.0,10.0,0.0,,,
multvae|latent=32;hidden=200;epochs=10;dropout=0.5|frac=0.25,software,multvae,0.25,0,0.013220772832185002,0.030465949820788003,,,,,,,32.0,200.0,10.0,0.5,,,
multvae|latent=32;hidden=200;epochs=20;dropout=0.0|frac=0.25,software,multvae,0.25,0,0.014742724824968,0.031660692951015,,,,,,,32.0,200.0,20.0,0.0,,,
multvae|latent=32;hidden=200;epochs=20;dropout=0.5|frac=0.25,software,multvae,0.25,0,0.013814871451349001,0.031660692951015,,,,,,,32.0,200.0,20.0,0.5,,,
multvae|latent=32;hidden=600;epochs=10;dropout=0.0|frac=0.25,software,multvae,0.25,0,0.021011307722896,0.04540023894862601,,,,,,,32.0,600.0,10.0,0.0,,,
multvae|latent=32;hidden=600;epochs=10;dropout=0.5|frac=0.25,software,multvae,0.25,0,0.016882471430846,0.037037037037037,,,,,,,32.0,600.0,10.0,0.5,,,
multvae|latent=32;hidden=600;epochs=20;dropout=0.0|frac=0.25,software,multvae,0.25,0,0.022003666274767002,0.043608124253285,,,,,,,32.0,600.0,20.0,0.0,,,
multvae|latent=32;hidden=600;epochs=20;dropout=0.5|frac=0.25,software,multvae,0.25,0,0.020699367747254,0.048387096774193006,,,,,,,32.0,600.0,20.0,0.5,,,
multvae|latent=64;hidden=200;epochs=10;dropout=0.0|frac=0.25,software,multvae,0.25,0,0.013181909403610002,0.031063321385902003,,,,,,,64.0,200.0,10.0,0.0,,,
multvae|latent=64;hidden=200;epochs=10;dropout=0.5|frac=0.25,software,multvae,0.25,0,0.013692768012069001,0.032855436081242,,,,,,,64.0,200.0,10.0,0.5,,,
multvae|latent=64;hidden=200;epochs=20;dropout=0.0|frac=0.25,software,multvae,0.25,0,0.013449341885791001,0.028076463560334,,,,,,,64.0,200.0,20.0,0.0,,,
multvae|latent=64;hidden=200;epochs=20;dropout=0.5|frac=0.25,software,multvae,0.25,0,0.014356413598121,0.033452807646356005,,,,,,,64.0,200.0,20.0,0.5,,,
multvae|latent=64;hidden=600;epochs=10;dropout=0.0|frac=0.25,software,multvae,0.25,0,0.012642637204151002,0.029271206690561002,,,,,,,64.0,600.0,10.0,0.0,,,
multvae|latent=64;hidden=600;epochs=10;dropout=0.5|frac=0.25,software,multvae,0.25,0,0.014355207643108001,0.032855436081242,,,,,,,64.0,600.0,10.0,0.5,,,
multvae|latent=64;hidden=600;epochs=20;dropout=0.0|frac=0.25,software,multvae,0.25,0,0.020416029274534002,0.040621266427718,,,,,,,64.0,600.0,20.0,0.0,,,
multvae|latent=64;hidden=600;epochs=20;dropout=0.5|frac=0.25,software,multvae,0.25,0,0.018776229019446002,0.042413381123058,,,,,,,64.0,600.0,20.0,0.5,,,
multvae|latent=128;hidden=200;epochs=10;dropout=0.0|frac=0.25,software,multvae,0.25,0,0.016017299184017002,0.03584229390681,,,,,,,128.0,200.0,10.0,0.0,,,
multvae|latent=128;hidden=200;epochs=10;dropout=0.5|frac=0.25,software,multvae,0.25,0,0.015630037082643,0.039426523297491,,,,,,,128.0,200.0,10.0,0.5,,,
multvae|latent=128;hidden=200;epochs=20;dropout=0.0|frac=0.25,software,multvae,0.25,0,0.015617163267684002,0.032855436081242,,,,,,,128.0,200.0,20.0,0.0,,,
multvae|latent=128;hidden=200;epochs=20;dropout=0.5|frac=0.25,software,multvae,0.25,0,0.014479081709981,0.03584229390681,,,,,,,128.0,200.0,20.0,0.5,,,
multvae|latent=128;hidden=600;epochs=10;dropout=0.0|frac=0.25,software,multvae,0.25,0,0.015859986193145,0.032258064516129004,,,,,,,128.0,600.0,10.0,0.0,,,
multvae|latent=128;hidden=600;epochs=10;dropout=0.5|frac=0.25,software,multvae,0.25,0,0.014214366747965002,0.034647550776583005,,,,,,,128.0,600.0,10.0,0.5,,,
multvae|latent=128;hidden=600;epochs=20;dropout=0.0|frac=0.25,software,multvae,0.25,0,0.01905298439144,0.037634408602150005,,,,,,,128.0,600.0,20.0,0.0,,,
multvae|latent=128;hidden=600;epochs=20;dropout=0.5|frac=0.25,software,multvae,0.25,0,0.022640343869775002,0.053166069295101,,,,,,,128.0,600.0,20.0,0.5,,,
multvae|latent=32;hidden=200;epochs=10;dropout=0.0|frac=0.5,software,multvae,0.5,0,0.019576693115677002,0.041218637992831,,,,,,,32.0,200.0,10.0,0.0,,,
multvae|latent=32;hidden=200;epochs=10;dropout=0.5|frac=0.5,software,multvae,0.5,0,0.012787001178982,0.031063321385902003,,,,,,,32.0,200.0,10.0,0.5,,,
multvae|latent=32;hidden=200;epochs=20;dropout=0.0|frac=0.5,software,multvae,0.5,0,0.077984755708774,0.18697729988052503,,,,,,,32.0,200.0,20.0,0.0,,,
multvae|latent=32;hidden=200;epochs=20;dropout=0.5|frac=0.5,software,multvae,0.5,0,0.025741840467359,0.053763440860215006,,,,,,,32.0,200.0,20.0,0.5,,,
multvae|latent=32;hidden=600;epochs=10;dropout=0.0|frac=0.5,software,multvae,0.5,0,0.032917574568598,0.06690561529271201,,,,,,,32.0,600.0,10.0,0.0,,,
multvae|latent=32;hidden=600;epochs=10;dropout=0.5|frac=0.5,software,multvae,0.5,0,0.028294831794096004,0.060931899641577005,,,,,,,32.0,600.0,10.0,0.5,,,
multvae|latent=32;hidden=600;epochs=20;dropout=0.0|frac=0.5,software,multvae,0.5,0,0.097663348745833,0.196535244922341,,,,,,,32.0,600.0,20.0,0.0,,,
multvae|latent=32;hidden=600;epochs=20;dropout=0.5|frac=0.5,software,multvae,0.5,0,0.035660484897485,0.07765830346475501,,,,,,,32.0,600.0,20.0,0.5,,,
multvae|latent=64;hidden=200;epochs=10;dropout=0.0|frac=0.5,software,multvae,0.5,0,0.014225141401202,0.029271206690561002,,,,,,,64.0,200.0,10.0,0.0,,,
multvae|latent=64;hidden=200;epochs=10;dropout=0.5|frac=0.5,software,multvae,0.5,0,0.012676430543415001,0.029271206690561002,,,,,,,64.0,200.0,10.0,0.5,,,
multvae|latent=64;hidden=200;epochs=20;dropout=0.0|frac=0.5,software,multvae,0.5,0,0.025467422341698003,0.053763440860215006,,,,,,,64.0,200.0,20.0,0.0,,,
multvae|latent=64;hidden=200;epochs=20;dropout=0.5|frac=0.5,software,multvae,0.5,0,0.023231255658540003,0.050179211469534,,,,,,,64.0,200.0,20.0,0.5,,,
multvae|latent=64;hidden=600;epochs=10;dropout=0.0|frac=0.5,software,multvae,0.5,0,0.027905057631385004,0.057347670250896,,,,,,,64.0,600.0,10.0,0.0,,,
multvae|latent=64;hidden=600;epochs=10;dropout=0.5|frac=0.5,software,multvae,0.5,0,0.023343151686094,0.051971326164874,,,,,,,64.0,600.0,10.0,0.5,,,
multvae|latent=64;hidden=600;epochs=20;dropout=0.0|frac=0.5,software,multvae,0.5,0,0.08488745747334,0.200716845878136,,,,,,,64.0,600.0,20.0,0.0,,,
multvae|latent=64;hidden=600;epochs=20;dropout=0.5|frac=0.5,software,multvae,0.5,0,0.074946485263403,0.191756272401433,,,,,,,64.0,600.0,20.0,0.5,,,
multvae|latent=128;hidden=200;epochs=10;dropout=0.0|frac=0.5,software,multvae,0.5,0,0.020634377904149,0.041816009557945004,,,,,,,128.0,200.0,10.0,0.0,,,
multvae|latent=128;hidden=200;epochs=10;dropout=0.5|frac=0.5,software,multvae,0.5,0,0.012305860363923001,0.029271206690561002,,,,,,,128.0,200.0,10.0,0.5,,,
multvae|latent=128;hidden=200;epochs=20;dropout=0.0|frac=0.5,software,multvae,0.5,0,0.06647497907817701,0.16905615292712,,,,,,,128.0,200.0,20.0,0.0,,,
multvae|latent=128;hidden=200;epochs=20;dropout=0.5|frac=0.5,software,multvae,0.5,0,0.023270180221479003,0.050776583034647,,,,,,,128.0,200.0,20.0,0.5,,,
multvae|latent=128;hidden=600;epochs=10;dropout=0.0|frac=0.5,software,multvae,0.5,0,0.030525868463963,0.06451612903225801,,,,,,,128.0,600.0,10.0,0.0,,,
multvae|latent=128;hidden=600;epochs=10;dropout=0.5|frac=0.5,software,multvae,0.5,0,0.022482582154779003,0.048387096774193006,,,,,,,128.0,600.0,10.0,0.5,,,
multvae|latent=128;hidden=600;epochs=20;dropout=0.0|frac=0.5,software,multvae,0.5,0,0.10308996848021801,0.20430107526881702,,,,,,,128.0,600.0,20.0,0.0,,,
multvae|latent=128;hidden=600;epochs=20;dropout=0.5|frac=0.5,software,multvae,0.5,0,0.037571717677949,0.081839904420549,,,,,,,128.0,600.0,20.0,0.5,,,
multvae|latent=32;hidden=200;epochs=10;dropout=0.0|frac=1.0,software,multvae,1.0,0,0.062194027829358005,0.17204301075268802,,,,,,,32.0,200.0,10.0,0.0,,,
multvae|latent=32;hidden=200;epochs=10;dropout=0.5|frac=1.0,software,multvae,1.0,0,0.020208550921215002,0.046594982078853,,,,,,,32.0,200.0,10.0,0.5,,,
multvae|latent=32;hidden=200;epochs=20;dropout=0.0|frac=1.0,software,multvae,1.0,0,0.11485454912649601,0.196535244922341,,,,,,,32.0,200.0,20.0,0.0,,,
multvae|latent=32;hidden=200;epochs=20;dropout=0.5|frac=1.0,software,multvae,1.0,0,0.11093626577457501,0.18936678614097902,,,,,,,32.0,200.0,20.0,0.5,,,
multvae|latent=32;hidden=600;epochs=10;dropout=0.0|frac=1.0,software,multvae,1.0,0,0.12002739691159502,0.20549581839904402,,,,,,,32.0,600.0,10.0,0.0,,,
multvae|latent=32;hidden=600;epochs=10;dropout=0.5|frac=1.0,software,multvae,1.0,0,0.11471505354082401,0.200716845878136,,,,,,,32.0,600.0,10.0,0.5,,,
multvae|latent=32;hidden=600;epochs=20;dropout=0.0|frac=1.0,software,multvae,1.0,0,0.121530413821854,0.213261648745519,,,,,,,32.0,600.0,20.0,0.0,,,
multvae|latent=32;hidden=600;epochs=20;dropout=0.5|frac=1.0,software,multvae,1.0,0,0.119234471456182,0.20908004778972503,,,,,,,32.0,600.0,20.0,0.5,,,
multvae|latent=64;hidden=200;epochs=10;dropout=0.0|frac=1.0,software,multvae,1.0,0,0.08292268437714001,0.167861409796893,,,,,,,64.0,200.0,10.0,0.0,,,
multvae|latent=64;hidden=200;epochs=10;dropout=0.5|frac=1.0,software,multvae,1.0,0,0.019056532628416,0.04540023894862601,,,,,,,64.0,200.0,10.0,0.5,,,
multvae|latent=64;hidden=200;epochs=20;dropout=0.0|frac=1.0,software,multvae,1.0,0,0.11754802757302502,0.19952210274790902,,,,,,,64.0,200.0,20.0,0.0,,,
multvae|latent=64;hidden=200;epochs=20;dropout=0.5|frac=1.0,software,multvae,1.0,0,0.10954297667619702,0.186379928315412,,,,,,,64.0,200.0,20.0,0.5,,,
multvae|latent=64;hidden=600;epochs=10;dropout=0.0|frac=1.0,software,multvae,1.0,0,0.112624829858009,0.19474313022700102,,,,,,,64.0,600.0,10.0,0.0,,,
multvae|latent=64;hidden=600;epochs=10;dropout=0.5|frac=1.0,software,multvae,1.0,0,0.111089223058508,0.189964157706093,,,,,,,64.0,600.0,10.0,0.5,,,
multvae|latent=64;hidden=600;epochs=20;dropout=0.0|frac=1.0,software,multvae,1.0,0,0.12188134976556701,0.21027479091995202,,,,,,,64.0,600.0,20.0,0.0,,,
multvae|latent=64;hidden=600;epochs=20;dropout=0.5|frac=1.0,software,multvae,1.0,0,0.114828151274663,0.20011947431302202,,,,,,,64.0,600.0,20.0,0.5,,,
multvae|latent=128;hidden=200;epochs=10;dropout=0.0|frac=1.0,software,multvae,1.0,0,0.076674511497284,0.17264038231780102,,,,,,,128.0,200.0,10.0,0.0,,,
multvae|latent=128;hidden=200;epochs=10;dropout=0.5|frac=1.0,software,multvae,1.0,0,0.015355723543968,0.03584229390681,,,,,,,128.0,200.0,10.0,0.5,,,
multvae|latent=128;hidden=200;epochs=20;dropout=0.0|frac=1.0,software,multvae,1.0,0,0.11785629238096201,0.20967741935483802,,,,,,,128.0,200.0,20.0,0.0,,,
multvae|latent=128;hidden=200;epochs=20;dropout=0.5|frac=1.0,software,multvae,1.0,0,0.10727525985764101,0.186379928315412,,,,,,,128.0,200.0,20.0,0.5,,,
multvae|latent=128;hidden=600;epochs=10;dropout=0.0|frac=1.0,software,multvae,1.0,0,0.115072180634102,0.195340501792114,,,,,,,128.0,600.0,10.0,0.0,,,
multvae|latent=128;hidden=600;epochs=10;dropout=0.5|frac=1.0,software,multvae,1.0,0,0.10666474748471201,0.18339307048984402,,,,,,,128.0,600.0,10.0,0.5,,,
multvae|latent=128;hidden=600;epochs=20;dropout=0.0|frac=1.0,software,multvae,1.0,0,0.12588090291332302,0.22043010752688103,,,,,,,128.0,600.0,20.0,0.0,,,
multvae|latent=128;hidden=600;epochs=20;dropout=0.5|frac=1.0,software,multvae,1.0,0,0.116510908269359,0.20430107526881702,,,,,,,128.0,600.0,20.0,0.5,,,
markov|order=1;smoothing=0.0;decay=false|frac=0.25,software,markov,0.25,0,0.01985354694224,0.034647550776583005,,,,,,,,,,,1.0,0.0,0.0
markov|order=1;smoothing=0.0;decay=true|frac=0.25,software,markov,0.25,0,0.020329787511401,0.034647550776583005,,,,,,,,,,,1.0,0.0,1.0
markov|order=1;smoothing=0.1;decay=false|frac=0.25,software,markov,0.25,0,0.025901299833889002,0.047192353643966005,,,,,,,,,,,1.0,0.1,0.0
markov|order=1;smoothing=0.1;decay=true|frac=0.25,software,markov,0.25,0,0.026382559464661,0.047192353643966005,,,,,,,,,,,1.0,0.1,1.0
markov|order=1;smoothing=0.5;decay=false|frac=0.25,software,markov,0.25,0,0.025901299833889002,0.047192353643966005,,,,,,,,,,,1.0,0.5,0.0
markov|order=1;smoothing=0.5;decay=true|frac=0.25,software,markov,0.25,0,0.026382559464661,0.047192353643966005,,,,,,,,,,,1.0,0.5,1.0
markov|order=2;smoothing=0.0;decay=false|frac=0.25,software,markov,0.25,0,0.019256175377126,0.034050179211469,,,,,,,,,,,2.0,0.0,0.0
markov|order=2;smoothing=0.0;decay=true|frac=0.25,software,markov,0.25,0,0.019732415946288002,0.034050179211469,,,,,,,,,,,2.0,0.0,1.0
markov|order=2;smoothing=0.1;decay=false|frac=0.25,software,markov,0.25,0,0.025680827763143003,0.047192353643966005,,,,,,,,,,,2.0,0.1,0.0
markov|order=2;smoothing=0.1;decay=true|frac=0.25,software,markov,0.25,0,0.026162087393915002,0.047192353643966005,,,,,,,,,,,2.0,0.1,1.0
markov|order=2;smoothing=0.5;decay=false|frac=0.25,software,markov,0.25,0,0.025680827763143003,0.047192353643966005,,,,,,,,,,,2.0,0.5,0.0
markov|order=2;smoothing=0.5;decay=true|frac=0.25,software,markov,0.25,0,0.026162087393915002,0.047192353643966005,,,,,,,,,,,2.0,0.5,1.0
markov|order=1;smoothing=0.0;decay=false|frac=0.5,software,markov,0.5,0,0.029870619627731004,0.051971326164874,,,,,,,,,,,1.0,0.0,0.0
markov|order=1;smoothing=0.0;decay=true|frac=0.5,software,markov,0.5,0,0.031810186344176004,0.053166069295101,,,,,,,,,,,1.0,0.0,1.0
markov|order=1;smoothing=0.1;decay=false|frac=0.5,software,markov,0.5,0,0.037604620655503004,0.066308243727598,,,,,,,,,,,1.0,0.1,0.0
markov|order=1;smoothing=0.1;decay=true|frac=0.5,software,markov,0.5,0,0.037689158672876005,0.066308243727598,,,,,,,,,,,1.0,0.1,1.0
markov|order=1;smoothing=0.5;decay=false|frac=0.5,software,markov,0.5,0,0.037553837610498006,0.066308243727598,,,,,,,,,,,1.0,0.5,0.0
markov|order=1;smoothing=0.5;decay=true|frac=0.5,software,markov,0.5,0,0.037479865921041,0.065710872162485,,,,,,,,,,,1.0,0.5,1.0
markov|order=2;smoothing=0.0;decay=false|frac=0.5,software,markov,0.5,0,0.027385466203714,0.046594982078853,,,,,,,,,,,2.0,0.0,0.0
markov|order=2;smoothing=0.0;decay=true|frac=0.5,software,markov,0.5,0,0.029207826447512002,0.04778972520908,,,,,,,,,,,2.0,0.0,1.0
markov|order=2;smoothing=0.1;decay=false|frac=0.5,software,markov,0.5,0,0.037508100121633005,0.066308243727598,,,,,,,,,,,2.0,0.1,0.0
markov|order=2;smoothing=0.1;decay=true|frac=0.5,software,markov,0.5,0,0.037446833511565004,0.066308243727598,,,,,,,,,,,2.0,0.1,1.0
markov|order=2;smoothing=0.5;decay=false|frac=0.5,software,markov,0.5,0,0.037494435931803,0.066308243727598,,,,,,,,,,,2.0,0.5,0.0
markov|order=2;smoothing=0.5;decay=true|frac=0.5,software,markov,0.5,0,0.037446833511565004,0.066308243727598,,,,,,,,,,,2.0,0.5,1.0
markov|order=1;smoothing=0.0;decay=false|frac=1.0,software,markov,1.0,0,0.038359690889765,0.070489844683393,,,,,,,,,,,1.0,0.0,0.0
markov|order=1;smoothing=0.0;decay=true|frac=1.0,software,markov,1.0,0,0.041008973280289004,0.07228195937873301,,,,,,,,,,,1.0,0.0,1.0
markov|order=1;smoothing=0.1;decay=false|frac=1.0,software,markov,1.0,0,0.042418767272783,0.081839904420549,,,,,,,,,,,1.0,0.1,0.0
markov|order=1;smoothing=0.1;decay=true|frac=1.0,software,markov,1.0,0,0.044001378443783004,0.077060931899641,,,,,,,,,,,1.0,0.1,1.0
markov|order=1;smoothing=0.5;decay=false|frac=1.0,software,markov,1.0,0,0.042418767272783,0.081839904420549,,,,,,,,,,,1.0,0.5,0.0
markov|order=1;smoothing=0.5;decay=true|frac=1.0,software,markov,1.0,0,0.044298759835335,0.07825567502986801,,,,,,,,,,,1.0,0.5,1.0
markov|order=2;smoothing=0.0;decay=false|frac=1.0,software,markov,1.0,0,0.035303839340776,0.062724014336917,,,,,,,,,,,2.0,0.0,0.0
markov|order=2;smoothing=0.0;decay=true|frac=1.0,software,markov,1.0,0,0.037764564252081,0.062126642771804005,,,,,,,,,,,2.0,0.0,1.0
markov|order=2;smoothing=0.1;decay=false|frac=1.0,software,markov,1.0,0,0.042831044602044004,0.081242532855436,,,,,,,,,,,2.0,0.1,0.0
markov|order=2;smoothing=0.1;decay=true|frac=1.0,software,markov,1.0,0,0.044882800001940004,0.077060931899641,,,,,,,,,,,2.0,0.1,1.0
markov|order=2;smoothing=0.5;decay=false|frac=1.0,software,markov,1.0,0,0.042831044602044004,0.081242532855436,,,,,,,,,,,2.0,0.5,0.0
markov|order=2;smoothing=0.5;decay=true|frac=1.0,software,markov,1.0,0,0.044684960725315005,0.077060931899641,,,,,,,,,,,2.0,0.5,1.0
popularity||frac=0.25,gift_cards,popularity,0.25,0,0.069629985537957,0.15812917594654702,,,,,,,,,,,,,
popularity||frac=0.5,gift_cards,popularity,0.5,0,0.061838655138196,0.129175946547884,,,,,,,,,,,,,
popularity||frac=1.0,gift_cards,popularity,1.0,0,0.06378891947830001,0.129175946547884,,,,,,,,,,,,,
itemknn|topk=10;shrink=0.0|frac=0.25,gift_cards,itemknn,0.25,0,0.068394169020542,0.138084632516703,10.0,0.0,,,,,,,,,,,
itemknn|topk=10;shrink=10.0|frac=0.25,gift_cards,itemknn,0.25,0,0.072517304177831,0.138084632516703,10.0,10.0,,,,,,,,,,,
itemknn|topk=10;shrink=100.0|frac=0.25,gift_cards,itemknn,0.25,0,0.072517304177831,0.138084632516703,10.0,100.0,,,,,,,,,,,
itemknn|topk=50;shrink=0.0|frac=0.25,gift_cards,itemknn,0.25,0,0.06828442758570401,0.138084632516703,50.0,0.0,,,,,,,,,,,
itemknn|topk=50;shrink=10.0|frac=0.25,gift_cards,itemknn,0.25,0,0.072076163611324,0.138084632516703,50.0,10.0,,,,,,,,,,,
itemknn|topk=50;shrink=100.0|frac=0.25,gift_cards,itemknn,0.25,0,0.072076163611324,0.138084632516703,50.0,100.0,,,,,,,,,,,
itemknn|topk=100;shrink=0.0|frac=0.25,gift_cards,itemknn,0.25,0,0.06828442758570401,0.138084632516703,100.0,0.0,,,,,,,,,,,
itemknn|topk=100;shrink=10.0|frac=0.25,gift_cards,itemknn,0.25,0,0.072076163611324,0.138084632516703,100.0,10.0,,,,,,,,,,,
itemknn|topk=100;shrink=100.0|frac=0.25,gift_cards,itemknn,0.25,0,0.072076163611324,0.138084632516703,100.0,100.0,,,,,,,,,,,
itemknn|topk=300;shrink=0.0|frac=0.25,gift_cards,itemknn,0.25,0,0.06828442758570401,0.138084632516703,300.0,0.0,,,,,,,,,,,
itemknn|topk=300;shrink=10.0|frac=0.25,gift_cards,itemknn,0.25,0,0.072076163611324,0.138084632516703,300.0,10.0,,,,,,,,,,,
itemknn|topk=300;shrink=100.0|frac=0.25,gift_cards,itemknn,0.25,0,0.072076163611324,0.138084632516703,300.0,100.0,,,,,,,,,,,
itemknn|topk=10;shrink=0.0|frac=0.5,gift_cards,itemknn,0.5,0,0.089124392376971,0.182628062360801,10.0,0.0,,,,,,,,,,,
itemknn|topk=10;shrink=10.0|frac=0.5,gift_cards,itemknn,0.5,0,0.10913257423289101,0.21826280623608002,10.0,10.0,,,,,,,,,,,
itemknn|topk=10;shrink=100.0|frac=0.5,gift_cards,itemknn,0.5,0,0.10912480515524,0.22271714922049,10.0,100.0,,,,,,,,,,,
itemknn|topk=50;shrink=0.0|frac=0.5,gift_cards,itemknn,0.5,0,0.09774214215842901,0.20489977728285003,50.0,0.0,,,,,,,,,,,
itemknn|topk=50;shrink=10.0|frac=0.5,gift_cards,itemknn,0.5,0,0.11236974847687901,0.23162583518930902,50.0,10.0,,,,,,,,,,,
itemknn|topk=50;shrink=100.0|frac=0.5,gift_cards,itemknn,0.5,0,0.115623800092191,0.242761692650334,50.0,100.0,,,,,,,,,,,
itemknn|topk=100;shrink=0.0|frac=0.5,gift_cards,itemknn,0.5,0,0.098412587583071,0.20712694877505503,100.0,0.0,,,,,,,,,,,
itemknn|topk=100;shrink=10.0|frac=0.5,gift_cards,itemknn,0.5,0,0.11368949131375501,0.236080178173719,100.0,10.0,,,,,,,,,,,
itemknn|topk=100;shrink=100.0|frac=0.5,gift_cards,itemknn,0.5,0,0.11693804245740701,0.247216035634743,100.0,100.0,,,,,,,,,,,
itemknn|topk=300;shrink=0.0|frac=0.5,gift_cards,itemknn,0.5,0,0.098412587583071,0.20712694877505503,300.0,0.0,,,,,,,,,,,
itemknn|topk=300;shrink=10.0|frac=0.5,gift_cards,itemknn,0.5,0,0.11368949131375501,0.236080178173719,300.0,10.0,,,,,,,,,,,
itemknn|topk=300;shrink=100.0|frac=0.5,gift_cards,itemknn,0.5,0,0.11693804245740701,0.247216035634743,300.0,100.0,,,,,,,,,,,
itemknn|topk=10;shrink=0.0|frac=1.0,gift_cards,itemknn,1.0,0,0.131921033568297,0.282850779510022,10.0,0.0,,,,,,,,,,,
itemknn|topk=10;shrink=10.0|frac=1.0,gift_cards,itemknn,1.0,0,0.141828687147944,0.300668151447661,10.0,10.0,,,,,,,,,,,
itemknn|topk=10;shrink=100.0|frac=1.0,gift_cards,itemknn,1.0,0,0.132527573577914,0.269487750556792,10.0,100.0,,,,,,,,,,,
itemknn|topk=50;shrink=0.0|frac=1.0,gift_cards,itemknn,1.0,0,0.144234388452138,0.30289532293986604,50.0,0.0,,,,,,,,,,,
itemknn|topk=50;shrink=10.0|frac=1.0,gift_cards,itemknn,1.0,0,0.146907283840557,0.305122494432071,50.0,10.0,,,,,,,,,,,
itemknn|topk=50;shrink=100.0|frac=1.0,gift_cards,itemknn,1.0,0,0.13801411311806902,0.282850779510022,50.0,100.0,,,,,,,,,,,
itemknn|topk=100;shrink=0.0|frac=1.0,gift_cards,itemknn,1.0,0,0.14616101173147,0.30734966592427604,100.0,0.0,,,,,,,,,,,
itemknn|topk=100;shrink=10.0|frac=1.0,gift_cards,itemknn,1.0,0,0.15015579114662,0.31625835189309504,100.0,10.0,,,,,,,,,,,
itemknn|topk=100;shrink=100.0|frac=1.0,gift_cards,itemknn,1.0,0,0.13923185178075,0.287305122494432,100.0,100.0,,,,,,,,,,,
itemknn|topk=300;shrink=0.0|frac=1.0,gift_cards,itemknn,1.0,0,0.14616101173147,0.30734966592427604,300.0,0.0,,,,,,,,,,,
itemknn|topk=300;shrink=10.0|frac=1.0,gift_cards,itemknn,1.0,0,0.15015579114662,0.31625835189309504,300.0,10.0,,,,,,,,,,,
itemknn|topk=300;shrink=100.0|frac=1.0,gift_cards,itemknn,1.0,0,0.13923185178075,0.287305122494432,300.0,100.0,,,,,,,,,,,
als|factors=16;epochs=5;regularisation=0.001;alpha=1.0|frac=0.25,gift_cards,als,0.25,0,0.088000696657378,0.173719376391982,,,16.0,5.0,0.001,1.0,,,,,,,
als|factors=16;epochs=5;regularisation=0.001;alpha=10.0|frac=0.25,gift_cards,als,0.25,0,0.071421086304679,0.126948775055679,,,16.0,5.0,0.001,10.0,,,,,,,
als|factors=16;epochs=5;regularisation=0.001;alpha=40.0|frac=0.25,gift_cards,als,0.25,0,0.07096498540845901,0.126948775055679,,,16.0,5.0,0.001,40.0,,,,,,,
als|factors=16;epochs=5;regularisation=0.01;alpha=1.0|frac=0.25,gift_cards,als,0.25,0,0.08656420805428901,0.169265033407572,,,16.0,5.0,0.01,1.0,,,,,,,
als|factors=16;epochs=5;regularisation=0.01;alpha=10.0|frac=0.25,gift_cards,als,0.25,0,0.071518498008682,0.129175946547884,,,16.0,5.0,0.01,10.0,,,,,,,
als|factors=16;epochs=5;regularisation=0.01;alpha=40.0|frac=0.25,gift_cards,als,0.25,0,0.063808717779589,0.122494432071269,,,16.0,5.0,0.01,40.0,,,,,,,
als|factors=16;epochs=5;regularisation=0.1;alpha=1.0|frac=0.25,gift_cards,als,0.25,0,0.08734595812223801,0.171492204899777,,,16.0,5.0,0.1,1.0,,,,,,,
als|factors=16;epochs=5;regularisation=0.1;alpha=10.0|frac=0.25,gift_cards,als,0.25,0,0.072355075218879,0.131403118040089,,,16.0,5.0,0.1,10.0,,,,,,,
als|factors=16;epochs=5;regularisation=0.1;alpha=40.0|frac=0.25,gift_cards,als,0.25,0,0.06456735166473701,0.126948775055679,,,16.0,5.0,0.1,40.0,,,,,,,
als|factors=16;epochs=15;regularisation=0.001;alpha=1.0|frac=0.25,gift_cards,als,0.25,0,0.088185506433755,0.175946547884187,,,16.0,15.0,0.001,1.0,,,,,,,
als|factors=16;epochs=15;regularisation=0.001;alpha=10.0|frac=0.25,gift_cards,als,0.25,0,0.08196984625657501,0.14922048997772802,,,16.0,15.0,0.001,10.0,,,,,,,
als|factors=16;epochs=15;regularisation=0.001;alpha=40.0|frac=0.25,gift_cards,als,0.25,0,0.079147206118013,0.14922048997772802,,,16.0,15.0,0.001,40.0,,,,,,,
als|factors=16;epochs=15;regularisation=0.01;alpha=1.0|frac=0.25,gift_cards,als,0.25,0,0.08749695820871001,0.173719376391982,,,16.0,15.0,0.01,1.0,,,,,,,
als|factors=16;epochs=15;regularisation=0.01;alpha=10.0|frac=0.25,gift_cards,als,0.25,0,0.07950715148420401,0.14699331848552302,,,16.0,15.0,0.01,10.0,,,,,,,
als|factors=16;epochs=15;regularisation=0.01;alpha=40.0|frac=0.25,gift_cards,als,0.25,0,0.080504687682326,0.14699331848552302,,,16.0,15.0,0.01,40.0,,,,,,,
als|factors=16;epochs=15;regularisation=0.1;alpha=1.0|frac=0.25,gift_cards,als,0.25,0,0.088043152140735,0.175946547884187,,,16.0,15.0,0.1,1.0,,,,,,,
als|factors=16;epochs=15;regularisation=0.1;alpha=10.0|frac=0.25,gift_cards,als,0.25,0,0.079679213713262,0.14699331848552302,,,16.0,15.0,0.1,10.0,,,,,,,
als|factors=16;epochs=15;regularisation=0.1;alpha=40.0|frac=0.25,gift_cards,als,0.25,0,0.077173873743062,0.133630289532294,,,16.0,15.0,0.1,40.0,,,,,,,
als|factors=16;epochs=30;regularisation=0.001;alpha=1.0|frac=0.25,gift_cards,als,0.25,0,0.08926164848682501,0.16481069042316202,,,16.0,30.0,0.001,1.0,,,,,,,
als|factors=16;epochs=30;regularisation=0.001;alpha=10.0|frac=0.25,gift_cards,als,0.25,0,0.07487757483518101,0.133630289532294,,,16.0,30.0,0.001,10.0,,,,,,,
als|factors=16;epochs=30;regularisation=0.001;alpha=40.0|frac=0.25,gift_cards,als,0.25,0,0.072431187286529,0.131403118040089,,,16.0,30.0,0.001,40.0,,,,,,,
als|factors=16;epochs=30;regularisation=0.01;alpha=1.0|frac=0.25,gift_cards,als,0.25,0,0.088618866252717,0.16258351893095702,,,16.0,30.0,0.01,1.0,,,,,,,
als|factors=16;epochs=30;regularisation=0.01;alpha=10.0|frac=0.25,gift_cards,als,0.25,0,0.074921224887056,0.131403118040089,,,16.0,30.0,0.01,10.0,,,,,,,
als|factors=16;epochs=30;regularisation=0.01;alpha=40.0|frac=0.25,gift_cards,als,0.25,0,0.076006380404147,0.140311804008908,,,16.0,30.0,0.01,40.0,,,,,,,
als|factors=16;epochs=30;regularisation=0.1;alpha=1.0|frac=0.25,gift_cards,als,0.25,0,0.089322676123209,0.16481069042316202,,,16.0,30.0,0.1,1.0,,,,,,,
als|factors=16;epochs=30;regularisation=0.1;alpha=10.0|frac=0.25,gift_cards,als,0.25,0,0.076006156894348,0.135857461024498,,,16.0,30.0,0.1,10.0,,,,,,,
als|factors=16;epochs=30;regularisation=0.1;alpha=40.0|frac=0.25,gift_cards,als,0.25,0,0.075099669716939,0.140311804008908,,,16.0,30.0,0.1,40.0,,,,,,,
als|factors=32;epochs=5;regularisation=0.001;alpha=1.0|frac=0.25,gift_cards,als,0.25,0,0.06475328920751,0.14922048997772802,,,32.0,5.0,0.001,1.0,,,,,,,
als|factors=32;epochs=5;regularisation=0.001;alpha=10.0|frac=0.25,gift_cards,als,0.25,0,0.055333324256536004,0.11358574610244901,,,32.0,5.0,0.001,10.0,,,,,,,
als|factors=32;epochs=5;regularisation=0.001;alpha=40.0|frac=0.25,gift_cards,als,0.25,0,0.051981775313855005,0.10690423162583501,,,32.0,5.0,0.001,40.0,,,,,,,
als|factors=32;epochs=5;regularisation=0.01;alpha=1.0|frac=0.25,gift_cards,als,0.25,0,0.062989883258628,0.14253897550111302,,,32.0,5.0,0.01,1.0,,,,,,,
als|factors=32;epochs=5;regularisation=0.01;alpha=10.0|frac=0.25,gift_cards,als,0.25,0,0.052785701187684005,0.10690423162583501,,,32.0,5.0,0.01,10.0,,,,,,,
als|factors=32;epochs=5;regularisation=0.01;alpha=40.0|frac=0.25,gift_cards,als,0.25,0,0.047257099011114,0.10022271714922001,,,32.0,5.0,0.01,40.0,,,,,,,
als|factors=32;epochs=5;regularisation=0.1;alpha=1.0|frac=0.25,gift_cards,als,0.25,0,0.063212531503735,0.14253897550111302,,,32.0,5.0,0.1,1.0,,,,,,,
als|factors=32;epochs=5;regularisation=0.1;alpha=10.0|frac=0.25,gift_cards,als,0.25,0,0.057999748043901005,0.120267260579064,,,32.0,5.0,0.1,10.0,,,,,,,
als|factors=32;epochs=5;regularisation=0.1;alpha=40.0|frac=0.25,gift_cards,als,0.25,0,0.049834480906652004,0.10467706013363001,,,32.0,5.0,0.1,40.0,,,,,,,
als|factors=32;epochs=15;regularisation=0.001;alpha=1.0|frac=0.25,gift_cards,als,0.25,0,0.057469368148474004,0.133630289532294,,,32.0,15.0,0.001,1.0,,,,,,,
als|factors=32;epochs=15;regularisation=0.001;alpha=10.0|frac=0.25,gift_cards,als,0.25,0,0.059152250690765004,0.11358574610244901,,,32.0,15.0,0.001,10.0,,,,,,,
als|factors=32;epochs=15;regularisation=0.001;alpha=40.0|frac=0.25,gift_cards,als,0.25,0,0.05864587153417201,0.11135857461024501,,,32.0,15.0,0.001,40.0,,,,,,,
als|factors=32;epochs=15;regularisation=0.01;alpha=1.0|frac=0.25,gift_cards,als,0.25,0,0.05754131322123401,0.133630289532294,,,32.0,15.0,0.01,1.0,,,,,,,
als|factors=32;epochs=15;regularisation=0.01;alpha=10.0|frac=0.25,gift_cards,als,0.25,0,0.059848157246859005,0.118040089086859,,,32.0,15.0,0.01,10.0,,,,,,,
als|factors=32;epochs=15;regularisation=0.01;alpha=40.0|frac=0.25,gift_cards,als,0.25,0,0.053098925222977,0.10467706013363001,,,32.0,15.0,0.01,40.0,,,,,,,
als|factors=32;epochs=15;regularisation=0.1;alpha=1.0|frac=0.25,gift_cards,als,0.25,0,0.057452381559565,0.133630289532294,,,32.0,15.0,0.1,1.0,,,,,,,
als|factors=32;epochs=15;regularisation=0.1;alpha=10.0|frac=0.25,gift_cards,als,0.25,0,0.062312732283888006,0.126948775055679,,,32.0,15.0,0.1,10.0,,,,,,,
als|factors=32;epochs=15;regularisation=0.1;alpha=40.0|frac=0.25,gift_cards,als,0.25,0,0.054804907438527006,0.11135857461024501,,,32.0,15.0,0.1,40.0,,,,,,,
als|factors=32;epochs=30;regularisation=0.001;alpha=1.0|frac=0.25,gift_cards,als,0.25,0,0.051675998606535004,0.11358574610244901,,,32.0,30.0,0.001,1.0,,,,,,,
als|factors=32;epochs=30;regularisation=0.001;alpha=10.0|frac=0.25,gift_cards,als,0.25,0,0.064192236005886,0.129175946547884,,,32.0,30.0,0.001,10.0,,,,,,,
als|factors=32;epochs=30;regularisation=0.001;alpha=40.0|frac=0.25,gift_cards,als,0.25,0,0.05982433867290501,0.118040089086859,,,32.0,30.0,0.001,40.0,,,,,,,
als|factors=32;epochs=30;regularisation=0.01;alpha=1.0|frac=0.25,gift_cards,als,0.25,0,0.051675998606535004,0.11358574610244901,,,32.0,30.0,0.01,1.0,,,,,,,
als|factors=32;epochs=30;regularisation=0.01;alpha=10.0|frac=0.25,gift_cards,als,0.25,0,0.063399420785331,0.126948775055679,,,32.0,30.0,0.01,10.0,,,,,,,
als|factors=32;epochs=30;regularisation=0.01;alpha=40.0|frac=0.25,gift_cards,als,0.25,0,0.060413672243330004,0.120267260579064,,,32.0,30.0,0.01,40.0,,,,,,,
als|factors=32;epochs=30;regularisation=0.1;alpha=1.0|frac=0.25,gift_cards,als,0.25,0,0.051806343531097004,0.11358574610244901,,,32.0,30.0,0.1,1.0,,,,,,,
als|factors=32;epochs=30;regularisation=0.1;alpha=10.0|frac=0.25,gift_cards,als,0.25,0,0.06427781677225501,0.126948775055679,,,32.0,30.0,0.1,10.0,,,,,,,
als|factors=32;epochs=30;regularisation=0.1;alpha=40.0|frac=0.25,gift_cards,als,0.25,0,0.0641775671995,0.131403118040089,,,32.0,30.0,0.1,40.0,,,,,,,
als|factors=64;epochs=5;regularisation=0.001;alpha=1.0|frac=0.25,gift_cards,als,0.25,0,0.032375038438072004,0.069042316258351,,,64.0,5.0,0.001,1.0,,,,,,,
als|factors=64;epochs=5;regularisation=0.001;alpha=10.0|frac=0.25,gift_cards,als,0.25,0,0.036939224401153006,0.08240534521158101,,,64.0,5.0,0.001,10.0,,,,,,,
als|factors=64;epochs=5;regularisation=0.001;alpha=40.0|frac=0.25,gift_cards,als,0.25,0,0.039230163461740006,0.08240534521158101,,,64.0,5.0,0.001,40.0,,,,,,,
als|factors=64;epochs=5;regularisation=0.01;alpha=1.0|frac=0.25,gift_cards,als,0.25,0,0.031559340443097,0.066815144766147,,,64.0,5.0,0.01,1.0,,,,,,,
als|factors=64;epochs=5;regularisation=0.01;alpha=10.0|frac=0.25,gift_cards,als,0.25,0,0.039885926182455005,0.0913140311804,,,64.0,5.0,0.01,10.0,,,,,,,
als|factors=64;epochs=5;regularisation=0.01;alpha=40.0|frac=0.25,gift_cards,als,0.25,0,0.033109071197731,0.07572383073496601,,,64.0,5.0,0.01,40.0,,,,,,,
als|factors=64;epochs=5;regularisation=0.1;alpha=1.0|frac=0.25,gift_cards,als,0.25,0,0.032945899757609004,0.071269487750556,,,64.0,5.0,0.1,1.0,,,,,,,
als|factors=64;epochs=5;regularisation=0.1;alpha=10.0|frac=0.25,gift_cards,als,0.25,0,0.038216219437634,0.086859688195991,,,64.0,5.0,0.1,10.0,,,,,,,
als|factors=64;epochs=5;regularisation=0.1;alpha=40.0|frac=0.25,gift_cards,als,0.25,0,0.03408132478365,0.08017817371937601,,,64.0,5.0,0.1,40.0,,,,,,,
als|factors=64;epochs=15;regularisation=0.001;alpha=1.0|frac=0.25,gift_cards,als,0.25,0,0.036536443659876,0.07795100222717101,,,64.0,15.0,0.001,1.0,,,,,,,
als|factors=64;epochs=15;regularisation=0.001;alpha=10.0|frac=0.25,gift_cards,als,0.25,0,0.040056534432692005,0.084632516703786,,,64.0,15.0,0.001,10.0,,,,,,,
als|factors=64;epochs=15;regularisation=0.001;alpha=40.0|frac=0.25,gift_cards,als,0.25,0,0.037824015363972,0.08017817371937601,,,64.0,15.0,0.001,40.0,,,,,,,
als|factors=64;epochs=15;regularisation=0.01;alpha=1.0|frac=0.25,gift_cards,als,0.25,0,0.037364427015829,0.08017817371937601,,,64.0,15.0,0.01,1.0,,,,,,,
als|factors=64;epochs=15;regularisation=0.01;alpha=10.0|frac=0.25,gift_cards,als,0.25,0,0.037554256579974,0.07572383073496601,,,64.0,15.0,0.01,10.0,,,,,,,
als|factors=64;epochs=15;regularisation=0.01;alpha=40.0|frac=0.25,gift_cards,als,0.25,0,0.036558686027598,0.07795100222717101,,,64.0,15.0,0.01,40.0,,,,,,,
als|factors=64;epochs=15;regularisation=0.1;alpha=1.0|frac=0.25,gift_cards,als,0.25,0,0.038974391944976004,0.08240534521158101,,,64.0,15.0,0.1,1.0,,,,,,,
als|factors=64;epochs=15;regularisation=0.1;alpha=10.0|frac=0.25,gift_cards,als,0.25,0,0.038847507346583,0.08240534521158101,,,64.0,15.0,0.1,10.0,,,,,,,
als|factors=64;epochs=15;regularisation=0.1;alpha=40.0|frac=0.25,gift_cards,als,0.25,0,0.037452039369093006,0.08017817371937601,,,64.0,15.0,0.1,40.0,,,,,,,
als|factors=64;epochs=30;regularisation=0.001;alpha=1.0|frac=0.25,gift_cards,als,0.25,0,0.036205874983186004,0.07349665924276101,,,64.0,30.0,0.001,1.0,,,,,,,
als|factors=64;epochs=30;regularisation=0.001;alpha=10.0|frac=0.25,gift_cards,als,0.25,0,0.041689970956377005,0.086859688195991,,,64.0,30.0,0.001,10.0,,,,,,,
als|factors=64;epochs=30;regularisation=0.001;alpha=40.0|frac=0.25,gift_cards,als,0.25,0,0.040073299987472,0.084632516703786,,,64.0,30.0,0.001,40.0,,,,,,,
als|factors=64;epochs=30;regularisation=0.01;alpha=1.0|frac=0.25,gift_cards,als,0.25,0,0.036349558845260005,0.07349665924276101,,,64.0,30.0,0.01,1.0,,,,,,,
als|factors=64;epochs=30;regularisation=0.01;alpha=10.0|frac=0.25,gift_cards,als,0.25,0,0.042249286809910004,0.093541202672605,,,64.0,30.0,0.01,10.0,,,,,,,
als|factors=64;epochs=30;regularisation=0.01;alpha=40.0|frac=0.25,gift_cards,als,0.25,0,0.040104170835866,0.084632516703786,,,64.0,30.0,0.01,40.0,,,,,,,
als|factors=64;epochs=30;regularisation=0.1;alpha=1.0|frac=0.25,gift_cards,als,0.25,0,0.039331572249601,0.07795100222717101,,,64.0,30.0,0.1,1.0,,,,,,,
als|factors=64;epochs=30;regularisation=0.1;alpha=10.0|frac=0.25,gift_cards,als,0.25,0,0.043511968061608,0.09576837416481,,,64.0,30.0,0.1,10.0,,,,,,,
als|factors=64;epochs=30;regularisation=0.1;alpha=40.0|frac=0.25,gift_cards,als,0.25,0,0.041581448530315,0.0913140311804,,,64.0,30.0,0.1,40.0,,,,,,,
als|factors=128;epochs=5;regularisation=0.001;alpha=1.0|frac=0.25,gift_cards,als,0.25,0,0.038620780224788,0.08240534521158101,,,128.0,5.0,0.001,1.0,,,,,,,
als|factors=128;epochs=5;regularisation=0.001;alpha=10.0|frac=0.25,gift_cards,als,0.25,0,0.058710590231674006,0.10022271714922001,,,128.0,5.0,0.001,10.0,,,,,,,
als|factors=128;epochs=5;regularisation=0.001;alpha=40.0|frac=0.25,gift_cards,als,0.25,0,0.062760243991792,0.10913140311804001,,,128.0,5.0,0.001,40.0,,,,,,,
als|factors=128;epochs=5;regularisation=0.01;alpha=1.0|frac=0.25,gift_cards,als,0.25,0,0.040146215468445004,0.084632516703786,,,128.0,5.0,0.01,1.0,,,,,,,
als|factors=128;epochs=5;regularisation=0.01;alpha=10.0|frac=0.25,gift_cards,als,0.25,0,0.054692275983263004,0.084632516703786,,,128.0,5.0,0.01,10.0,,,,,,,
als|factors=128;epochs=5;regularisation=0.01;alpha=40.0|frac=0.25,gift_cards,als,0.25,0,0.063598445279685,0.10913140311804001,,,128.0,5.0,0.01,40.0,,,,,,,
als|factors=128;epochs=5;regularisation=0.1;alpha=1.0|frac=0.25,gift_cards,als,0.25,0,0.038745599426897,0.084632516703786,,,128.0,5.0,0.1,1.0,,,,,,,
als|factors=128;epochs=5;regularisation=0.1;alpha=10.0|frac=0.25,gift_cards,als,0.25,0,0.05472645841966801,0.09576837416481,,,128.0,5.0,0.1,10.0,,,,,,,
als|factors=128;epochs=5;regularisation=0.1;alpha=40.0|frac=0.25,gift_cards,als,0.25,0,0.05761225051936301,0.10690423162583501,,,128.0,5.0,0.1,40.0,,,,,,,
als|factors=128;epochs=15;regularisation=0.001;alpha=1.0|frac=0.25,gift_cards,als,0.25,0,0.032002701548488,0.07795100222717101,,,128.0,15.0,0.001,1.0,,,,,,,
als|factors=128;epochs=15;regularisation=0.001;alpha=10.0|frac=0.25,gift_cards,als,0.25,0,0.056331380819152004,0.10913140311804001,,,128.0,15.0,0.001,10.0,,,,,,,
als|factors=128;epochs=15;regularisation=0.001;alpha=40.0|frac=0.25,gift_cards,als,0.25,0,0.061277867713869005,0.10690423162583501,,,128.0,15.0,0.001,40.0,,,,,,,
als|factors=128;epochs=15;regularisation=0.01;alpha=1.0|frac=0.25,gift_cards,als,0.25,0,0.029795707732080002,0.069042316258351,,,128.0,15.0,0.01,1.0,,,,,,,
als|factors=128;epochs=15;regularisation=0.01;alpha=10.0|frac=0.25,gift_cards,als,0.25,0,0.041708568642266006,0.084632516703786,,,128.0,15.0,0.01,10.0,,,,,,,
als|factors=128;epochs=15;regularisation=0.01;alpha=40.0|frac=0.25,gift_cards,als,0.25,0,0.054114029688643005,0.10022271714922001,,,128.0,15.0,0.01,40.0,,,,,,,
als|factors=128;epochs=15;regularisation=0.1;alpha=1.0|frac=0.25,gift_cards,als,0.25,0,0.0523452250224,0.10913140311804001,,,128.0,15.0,0.1,1.0,,,,,,,
als|factors=128;epochs=15;regularisation=0.1;alpha=10.0|frac=0.25,gift_cards,als,0.25,0,0.039556709902378,0.08240534521158101,,,128.0,15.0,0.1,10.0,,,,,,,
als|factors=128;epochs=15;regularisation=0.1;alpha=40.0|frac=0.25,gift_cards,als,0.25,0,0.047788723626775005,0.089086859688195,,,128.0,15.0,0.1,40.0,,,,,,,
als|factors=128;epochs=30;regularisation=0.001;alpha=1.0|frac=0.25,gift_cards,als,0.25,0,0.028339855126734002,0.069042316258351,,,128.0,30.0,0.001,1.0,,,,,,,
als|factors=128;epochs=30;regularisation=0.001;alpha=10.0|frac=0.25,gift_cards,als,0.25,0,0.04393525019968501,0.089086859688195,,,128.0,30.0,0.001,10.0,,,,,,,
als|factors=128;epochs=30;regularisation=0.001;alpha=40.0|frac=0.25,gift_cards,als,0.25,0,0.057188246835081,0.10690423162583501,,,128.0,30.0,0.001,40.0,,,,,,,
als|factors=128;epochs=30;regularisation=0.01;alpha=1.0|frac=0.25,gift_cards,als,0.25,0,0.032147712944628,0.07795100222717101,,,128.0,30.0,0.01,1.0,,,,,,,
als|factors=128;epochs=30;regularisation=0.01;alpha=10.0|frac=0.25,gift_cards,als,0.25,0,0.027228361482379,0.064587973273942,,,128.0,30.0,0.01,10.0,,,,,,,
als|factors=128;epochs=30;regularisation=0.01;alpha=40.0|frac=0.25,gift_cards,als,0.25,0,0.039574744335582,0.08017817371937601,,,128.0,30.0,0.01,40.0,,,,,,,
als|factors=128;epochs=30;regularisation=0.1;alpha=1.0|frac=0.25,gift_cards,als,0.25,0,0.055462685685879004,0.11581291759465401,,,128.0,30.0,0.1,1.0,,,,,,,
als|factors=128;epochs=30;regularisation=0.1;alpha=10.0|frac=0.25,gift_cards,als,0.25,0,0.042752093435545,0.09576837416481,,,128.0,30.0,0.1,10.0,,,,,,,
als|factors=128;epochs=30;regularisation=0.1;alpha=40.0|frac=0.25,gift_cards,als,0.25,0,0.05079944947942001,0.10022271714922001,,,128.0,30.0,0.1,40.0,,,,,,,
als|factors=16;epochs=5;regularisation=0.001;alpha=1.0|frac=0.5,gift_cards,als,0.5,0,0.094044739548664,0.173719376391982,,,16.0,5.0,0.001,1.0,,,,,,,
als|factors=16;epochs=5;regularisation=0.001;alpha=10.0|frac=0.5,gift_cards,als,0.5,0,0.091647412906858,0.180400890868596,,,16.0,5.0,0.001,10.0,,,,,,,
als|factors=16;epochs=5;regularisation=0.001;alpha=40.0|frac=0.5,gift_cards,als,0.5,0,0.088391457509031,0.173719376391982,,,16.0,5.0,0.001,40.0,,,,,,,
als|factors=16;epochs=5;regularisation=0.01;alpha=1.0|frac=0.5,gift_cards,als,0.5,0,0.093347851923402,0.171492204899777,,,16.0,5.0,0.01,1.0,,,,,,,
als|factors=16;epochs=5;regularisation=0.01;alpha=10.0|frac=0.5,gift_cards,als,0.5,0,0.09308770573598801,0.182628062360801,,,16.0,5.0,0.01,10.0,,,,,,,
als|factors=16;epochs=5;regularisation=0.01;alpha=40.0|frac=0.5,gift_cards,als,0.5,0,0.08875971152485801,0.173719376391982,,,16.0,5.0,0.01,40.0,,,,,,,
als|factors=16;epochs=5;regularisation=0.1;alpha=1.0|frac=0.5,gift_cards,als,0.5,0,0.09480316920310501,0.178173719376391,,,16.0,5.0,0.1,1.0,,,,,,,
als|factors=16;epochs=5;regularisation=0.1;alpha=10.0|frac=0.5,gift_cards,als,0.5,0,0.09197372602754,0.187082405345211,,,16.0,5.0,0.1,10.0,,,,,,,
als|factors=16;epochs=5;regularisation=0.1;alpha=40.0|frac=0.5,gift_cards,als,0.5,0,0.089926016079113,0.175946547884187,,,16.0,5.0,0.1,40.0,,,,,,,
als|factors=16;epochs=15;regularisation=0.001;alpha=1.0|frac=0.5,gift_cards,als,0.5,0,0.09090807009713,0.189309576837416,,,16.0,15.0,0.001,1.0,,,,,,,
als|factors=16;epochs=15;regularisation=0.001;alpha=10.0|frac=0.5,gift_cards,als,0.5,0,0.100618540821527,0.20712694877505503,,,16.0,15.0,0.001,10.0,,,,,,,
als|factors=16;epochs=15;regularisation=0.001;alpha=40.0|frac=0.5,gift_cards,als,0.5,0,0.100013609640868,0.20044543429844003,,,16.0,15.0,0.001,40.0,,,,,,,
als|factors=16;epochs=15;regularisation=0.01;alpha=1.0|frac=0.5,gift_cards,als,0.5,0,0.09283855497012401,0.191536748329621,,,16.0,15.0,0.01,1.0,,,,,,,
als|factors=16;epochs=15;regularisation=0.01;alpha=10.0|frac=0.5,gift_cards,als,0.5,0,0.096384184999786,0.19821826280623603,,,16.0,15.0,0.01,10.0,,,,,,,
als|factors=16;epochs=15;regularisation=0.01;alpha=40.0|frac=0.5,gift_cards,als,0.5,0,0.100436292935386,0.19821826280623603,,,16.0,15.0,0.01,40.0,,,,,,,
als|factors=16;epochs=15;regularisation=0.1;alpha=1.0|frac=0.5,gift_cards,als,0.5,0,0.092666487241276,0.191536748329621,,,16.0,15.0,0.1,1.0,,,,,,,
als|factors=16;epochs=15;regularisation=0.1;alpha=10.0|frac=0.5,gift_cards,als,0.5,0,0.09347549516452101,0.191536748329621,,,16.0,15.0,0.1,10.0,,,,,,,
als|factors=16;epochs=15;regularisation=0.1;alpha=40.0|frac=0.5,gift_cards,als,0.5,0,0.09920067563260701,0.193763919821826,,,16.0,15.0,0.1,40.0,,,,,,,
als|factors=16;epochs=30;regularisation=0.001;alpha=1.0|frac=0.5,gift_cards,als,0.5,0,0.088943598659492,0.187082405345211,,,16.0,30.0,0.001,1.0,,,,,,,
als|factors=16;epochs=30;regularisation=0.001;alpha=10.0|frac=0.5,gift_cards,als,0.5,0,0.09941209930635601,0.195991091314031,,,16.0,30.0,0.001,10.0,,,,,,,
als|factors=16;epochs=30;regularisation=0.001;alpha=40.0|frac=0.5,gift_cards,als,0.5,0,0.10388349059412301,0.20044543429844003,,,16.0,30.0,0.001,40.0,,,,,,,
als|factors=16;epochs=30;regularisation=0.01;alpha=1.0|frac=0.5,gift_cards,als,0.5,0,0.087760710425515,0.184855233853006,,,16.0,30.0,0.01,1.0,,,,,,,
als|factors=16;epochs=30;regularisation=0.01;alpha=10.0|frac=0.5,gift_cards,als,0.5,0,0.09807068333172,0.191536748329621,,,16.0,30.0,0.01,10.0,,,,,,,
als|factors=16;epochs=30;regularisation=0.01;alpha=40.0|frac=0.5,gift_cards,als,0.5,0,0.10098350997162701,0.195991091314031,,,16.0,30.0,0.01,40.0,,,,,,,
als|factors=16;epochs=30;regularisation=0.1;alpha=1.0|frac=0.5,gift_cards,als,0.5,0,0.08888542907073001,0.189309576837416,,,16.0,30.0,0.1,1.0,,,,,,,
als|factors=16;epochs=30;regularisation=0.1;alpha=10.0|frac=0.5,gift_cards,als,0.5,0,0.09892242448164401,0.19821826280623603,,,16.0,30.0,0.1,10.0,,,,,,,
als|factors=16;epochs=30;regularisation=0.1;alpha=40.0|frac=0.5,gift_cards,als,0.5,0,0.105769581929192,0.20935412026726002,,,16.0,30.0,0.1,40.0,,,,,,,
als|factors=32;epochs=5;regularisation=0.001;alpha=1.0|frac=0.5,gift_cards,als,0.5,0,0.082711964917625,0.171492204899777,,,32.0,5.0,0.001,1.0,,,,,,,
als|factors=32;epochs=5;regularisation=0.001;alpha=10.0|frac=0.5,gift_cards,als,0.5,0,0.080551323798669,0.171492204899777,,,32.0,5.0,0.001,10.0,,,,,,,
als|factors=32;epochs=5;regularisation=0.001;alpha=40.0|frac=0.5,gift_cards,als,0.5,0,0.079974895693011,0.16481069042316202,,,32.0,5.0,0.001,40.0,,,,,,,
als|factors=32;epochs=5;regularisation=0.01;alpha=1.0|frac=0.5,gift_cards,als,0.5,0,0.08265358004472301,0.171492204899777,,,32.0,5.0,0.01,1.0,,,,,,,
als|factors=32;epochs=5;regularisation=0.01;alpha=10.0|frac=0.5,gift_cards,als,0.5,0,0.074248787000545,0.15812917594654702,,,32.0,5.0,0.01,10.0,,,,,,,
als|factors=32;epochs=5;regularisation=0.01;alpha=40.0|frac=0.5,gift_cards,als,0.5,0,0.067936684234392,0.15144766146993302,,,32.0,5.0,0.01,40.0,,,,,,,
als|factors=32;epochs=5;regularisation=0.1;alpha=1.0|frac=0.5,gift_cards,als,0.5,0,0.083287210176454,0.173719376391982,,,32.0,5.0,0.1,1.0,,,,,,,
als|factors=32;epochs=5;regularisation=0.1;alpha=10.0|frac=0.5,gift_cards,als,0.5,0,0.07960759324922001,0.16035634743875202,,,32.0,5.0,0.1,10.0,,,,,,,
als|factors=32;epochs=5;regularisation=0.1;alpha=40.0|frac=0.5,gift_cards,als,0.5,0,0.069635729704228,0.15144766146993302,,,32.0,5.0,0.1,40.0,,,,,,,
als|factors=32;epochs=15;regularisation=0.001;alpha=1.0|frac=0.5,gift_cards,als,0.5,0,0.08352666216403201,0.16703786191536701,,,32.0,15.0,0.001,1.0,,,,,,,
als|factors=32;epochs=15;regularisation=0.001;alpha=10.0|frac=0.5,gift_cards,als,0.5,0,0.086572335350397,0.178173719376391,,,32.0,15.0,0.001,10.0,,,,,,,
als|factors=32;epochs=15;regularisation=0.001;alpha=40.0|frac=0.5,gift_cards,als,0.5,0,0.08444807665454801,0.180400890868596,,,32.0,15.0,0.001,40.0,,,,,,,
als|factors=32;epochs=15;regularisation=0.01;alpha=1.0|frac=0.5,gift_cards,als,0.5,0,0.085036146057788,0.173719376391982,,,32.0,15.0,0.01,1.0,,,,,,,
als|factors=32;epochs=15;regularisation=0.01;alpha=10.0|frac=0.5,gift_cards,als,0.5,0,0.084283366935875,0.175946547884187,,,32.0,15.0,0.01,10.0,,,,,,,
als|factors=32;epochs=15;regularisation=0.01;alpha=40.0|frac=0.5,gift_cards,als,0.5,0,0.07970071972148601,0.169265033407572,,,32.0,15.0,0.01,40.0,,,,,,,
als|factors=32;epochs=15;regularisation=0.1;alpha=1.0|frac=0.5,gift_cards,als,0.5,0,0.086252923330701,0.171492204899777,,,32.0,15.0,0.1,1.0,,,,,,,
als|factors=32;epochs=15;regularisation=0.1;alpha=10.0|frac=0.5,gift_cards,als,0.5,0,0.086585644896951,0.178173719376391,,,32.0,15.0,0.1,10.0,,,,,,,
als|factors=32;epochs=15;regularisation=0.1;alpha=40.0|frac=0.5,gift_cards,als,0.5,0,0.08041800815903301,0.16703786191536701,,,32.0,15.0,0.1,40.0,,,,,,,
als|factors=32;epochs=30;regularisation=0.001;alpha=1.0|frac=0.5,gift_cards,als,0.5,0,0.089662689926434,0.178173719376391,,,32.0,30.0,0.001,1.0,,,,,,,
als|factors=32;epochs=30;regularisation=0.001;alpha=10.0|frac=0.5,gift_cards,als,0.5,0,0.08700919625655901,0.184855233853006,,,32.0,30.0,0.001,10.0,,,,,,,
als|factors=32;epochs=30;regularisation=0.001;alpha=40.0|frac=0.5,gift_cards,als,0.5,0,0.087451947376534,0.184855233853006,,,32.0,30.0,0.001,40.0,,,,,,,
als|factors=32;epochs=30;regularisation=0.01;alpha=1.0|frac=0.5,gift_cards,als,0.5,0,0.089211902443668,0.175946547884187,,,32.0,30.0,0.01,1.0,,,,,,,
als|factors=32;epochs=30;regularisation=0.01;alpha=10.0|frac=0.5,gift_cards,als,0.5,0,0.086051604352365,0.180400890868596,,,32.0,30.0,0.01,10.0,,,,,,,
als|factors=32;epochs=30;regularisation=0.01;alpha=40.0|frac=0.5,gift_cards,als,0.5,0,0.085972007167601,0.182628062360801,,,32.0,30.0,0.01,40.0,,,,,,,
als|factors=32;epochs=30;regularisation=0.1;alpha=1.0|frac=0.5,gift_cards,als,0.5,0,0.089718491563207,0.178173719376391,,,32.0,30.0,0.1,1.0,,,,,,,
als|factors=32;epochs=30;regularisation=0.1;alpha=10.0|frac=0.5,gift_cards,als,0.5,0,0.085714185477145,0.178173719376391,,,32.0,30.0,0.1,10.0,,,,,,,
als|factors=32;epochs=30;regularisation=0.1;alpha=40.0|frac=0.5,gift_cards,als,0.5,0,0.08567251174972201,0.180400890868596,,,32.0,30.0,0.1,40.0,,,,,,,
als|factors=64;epochs=5;regularisation=0.001;alpha=1.0|frac=0.5,gift_cards,als,0.5,0,0.05779117275817901,0.11581291759465401,,,64.0,5.0,0.001,1.0,,,,,,,
als|factors=64;epochs=5;regularisation=0.001;alpha=10.0|frac=0.5,gift_cards,als,0.5,0,0.05869790212153601,0.120267260579064,,,64.0,5.0,0.001,10.0,,,,,,,
als|factors=64;epochs=5;regularisation=0.001;alpha=40.0|frac=0.5,gift_cards,als,0.5,0,0.05827453665511,0.124721603563474,,,64.0,5.0,0.001,40.0,,,,,,,
als|factors=64;epochs=5;regularisation=0.01;alpha=1.0|frac=0.5,gift_cards,als,0.5,0,0.057622721930145004,0.11581291759465401,,,64.0,5.0,0.01,1.0,,,,,,,
als|factors=64;epochs=5;regularisation=0.01;alpha=10.0|frac=0.5,gift_cards,als,0.5,0,0.060656309606612,0.129175946547884,,,64.0,5.0,0.01,10.0,,,,,,,
als|factors=64;epochs=5;regularisation=0.01;alpha=40.0|frac=0.5,gift_cards,als,0.5,0,0.05466665403840001,0.118040089086859,,,64.0,5.0,0.01,40.0,,,,,,,
als|factors=64;epochs=5;regularisation=0.1;alpha=1.0|frac=0.5,gift_cards,als,0.5,0,0.055585212074187006,0.10913140311804001,,,64.0,5.0,0.1,1.0,,,,,,,
als|factors=64;epochs=5;regularisation=0.1;alpha=10.0|frac=0.5,gift_cards,als,0.5,0,0.060903304503542005,0.126948775055679,,,64.0,5.0,0.1,10.0,,,,,,,
als|factors=64;epochs=5;regularisation=0.1;alpha=40.0|frac=0.5,gift_cards,als,0.5,0,0.059129129979554,0.122494432071269,,,64.0,5.0,0.1,40.0,,,,,,,
als|factors=64;epochs=15;regularisation=0.001;alpha=1.0|frac=0.5,gift_cards,als,0.5,0,0.054209401408001005,0.10467706013363001,,,64.0,15.0,0.001,1.0,,,,,,,
als|factors=64;epochs=15;regularisation=0.001;alpha=10.0|frac=0.5,gift_cards,als,0.5,0,0.068120771603592,0.14476614699331802,,,64.0,15.0,0.001,10.0,,,,,,,
als|factors=64;epochs=15;regularisation=0.001;alpha=40.0|frac=0.5,gift_cards,als,0.5,0,0.065639740070529,0.135857461024498,,,64.0,15.0,0.001,40.0,,,,,,,
als|factors=64;epochs=15;regularisation=0.01;alpha=1.0|frac=0.5,gift_cards,als,0.5,0,0.055372783405531006,0.10467706013363001,,,64.0,15.0,0.01,1.0,,,,,,,
als|factors=64;epochs=15;regularisation=0.01;alpha=10.0|frac=0.5,gift_cards,als,0.5,0,0.06529156431289801,0.133630289532294,,,64.0,15.0,0.01,10.0,,,,,,,
als|factors=64;epochs=15;regularisation=0.01;alpha=40.0|frac=0.5,gift_cards,als,0.5,0,0.062528985090435,0.129175946547884,,,64.0,15.0,0.01,40.0,,,,,,,
als|factors=64;epochs=15;regularisation=0.1;alpha=1.0|frac=0.5,gift_cards,als,0.5,0,0.058438487021120006,0.118040089086859,,,64.0,15.0,0.1,1.0,,,,,,,
als|factors=64;epochs=15;regularisation=0.1;alpha=10.0|frac=0.5,gift_cards,als,0.5,0,0.06365919872527001,0.126948775055679,,,64.0,15.0,0.1,10.0,,,,,,,
als|factors=64;epochs=15;regularisation=0.1;alpha=40.0|frac=0.5,gift_cards,als,0.5,0,0.063879688748885,0.135857461024498,,,64.0,15.0,0.1,40.0,,,,,,,
als|factors=64;epochs=30;regularisation=0.001;alpha=1.0|frac=0.5,gift_cards,als,0.5,0,0.059430561103130004,0.124721603563474,,,64.0,30.0,0.001,1.0,,,,,,,
als|factors=64;epochs=30;regularisation=0.001;alpha=10.0|frac=0.5,gift_cards,als,0.5,0,0.069314299903935,0.140311804008908,,,64.0,30.0,0.001,10.0,,,,,,,
als|factors=64;epochs=30;regularisation=0.001;alpha=40.0|frac=0.5,gift_cards,als,0.5,0,0.07008062540867001,0.14699331848552302,,,64.0,30.0,0.001,40.0,,,,,,,
als|factors=64;epochs=30;regularisation=0.01;alpha=1.0|frac=0.5,gift_cards,als,0.5,0,0.059597466599555005,0.124721603563474,,,64.0,30.0,0.01,1.0,,,,,,,
als|factors=64;epochs=30;regularisation=0.01;alpha=10.0|frac=0.5,gift_cards,als,0.5,0,0.06852956839117101,0.138084632516703,,,64.0,30.0,0.01,10.0,,,,,,,
als|factors=64;epochs=30;regularisation=0.01;alpha=40.0|frac=0.5,gift_cards,als,0.5,0,0.06816691127360501,0.14253897550111302,,,64.0,30.0,0.01,40.0,,,,,,,
als|factors=64;epochs=30;regularisation=0.1;alpha=1.0|frac=0.5,gift_cards,als,0.5,0,0.059032247186579005,0.122494432071269,,,64.0,30.0,0.1,1.0,,,,,,,
als|factors=64;epochs=30;regularisation=0.1;alpha=10.0|frac=0.5,gift_cards,als,0.5,0,0.06929510665593301,0.138084632516703,,,64.0,30.0,0.1,10.0,,,,,,,
als|factors=64;epochs=30;regularisation=0.1;alpha=40.0|frac=0.5,gift_cards,als,0.5,0,0.06898029102539001,0.14253897550111302,,,64.0,30.0,0.1,40.0,,,,,,,
als|factors=128;epochs=5;regularisation=0.001;alpha=1.0|frac=0.5,gift_cards,als,0.5,0,0.025154246934900003,0.057906458797327004,,,128.0,5.0,0.001,1.0,,,,,,,
als|factors=128;epochs=5;regularisation=0.001;alpha=10.0|frac=0.5,gift_cards,als,0.5,0,0.042025594378953,0.089086859688195,,,128.0,5.0,0.001,10.0,,,,,,,
als|factors=128;epochs=5;regularisation=0.001;alpha=40.0|frac=0.5,gift_cards,als,0.5,0,0.047257779647503,0.10244988864142501,,,128.0,5.0,0.001,40.0,,,,,,,
als|factors=128;epochs=5;regularisation=0.01;alpha=1.0|frac=0.5,gift_cards,als,0.5,0,0.025048254356667,0.060133630289532,,,128.0,5.0,0.01,1.0,,,,,,,
als|factors=128;epochs=5;regularisation=0.01;alpha=10.0|frac=0.5,gift_cards,als,0.5,0,0.052550671166242006,0.10244988864142501,,,128.0,5.0,0.01,10.0,,,,,,,
als|factors=128;epochs=5;regularisation=0.01;alpha=40.0|frac=0.5,gift_cards,als,0.5,0,0.06796806680214801,0.126948775055679,,,128.0,5.0,0.01,40.0,,,,,,,
als|factors=128;epochs=5;regularisation=0.1;alpha=1.0|frac=0.5,gift_cards,als,0.5,0,0.031859095532723,0.07349665924276101,,,128.0,5.0,0.1,1.0,,,,,,,
als|factors=128;epochs=5;regularisation=0.1;alpha=10.0|frac=0.5,gift_cards,als,0.5,0,0.050537692334819,0.10244988864142501,,,128.0,5.0,0.1,10.0,,,,,,,
als|factors=128;epochs=5;regularisation=0.1;alpha=40.0|frac=0.5,gift_cards,als,0.5,0,0.07437400551600601,0.14476614699331802,,,128.0,5.0,0.1,40.0,,,,,,,
als|factors=128;epochs=15;regularisation=0.001;alpha=1.0|frac=0.5,gift_cards,als,0.5,0,0.027581075951407002,0.057906458797327004,,,128.0,15.0,0.001,1.0,,,,,,,
als|factors=128;epochs=15;regularisation=0.001;alpha=10.0|frac=0.5,gift_cards,als,0.5,0,0.036348901835719004,0.07795100222717101,,,128.0,15.0,0.001,10.0,,,,,,,
als|factors=128;epochs=15;regularisation=0.001;alpha=40.0|frac=0.5,gift_cards,als,0.5,0,0.049358381564749004,0.097995545657015,,,128.0,15.0,0.001,40.0,,,,,,,
als|factors=128;epochs=15;regularisation=0.01;alpha=1.0|frac=0.5,gift_cards,als,0.5,0,0.027530131956363002,0.057906458797327004,,,128.0,15.0,0.01,1.0,,,,,,,
als|factors=128;epochs=15;regularisation=0.01;alpha=10.0|frac=0.5,gift_cards,als,0.5,0,0.028382179909748003,0.066815144766147,,,128.0,15.0,0.01,10.0,,,,,,,
als|factors=128;epochs=15;regularisation=0.01;alpha=40.0|frac=0.5,gift_cards,als,0.5,0,0.052894501854648,0.11135857461024501,,,128.0,15.0,0.01,40.0,,,,,,,
als|factors=128;epochs=15;regularisation=0.1;alpha=1.0|frac=0.5,gift_cards,als,0.5,0,0.041527908122783,0.0913140311804,,,128.0,15.0,0.1,1.0,,,,,,,
als|factors=128;epochs=15;regularisation=0.1;alpha=10.0|frac=0.5,gift_cards,als,0.5,0,0.029637129400594,0.066815144766147,,,128.0,15.0,0.1,10.0,,,,,,,
als|factors=128;epochs=15;regularisation=0.1;alpha=40.0|frac=0.5,gift_cards,als,0.5,0,0.045739321999944,0.10467706013363001,,,128.0,15.0,0.1,40.0,,,,,,,
als|factors=128;epochs=30;regularisation=0.001;alpha=1.0|frac=0.5,gift_cards,als,0.5,0,0.029039197729585003,0.062360801781737,,,128.0,30.0,0.001,1.0,,,,,,,
als|factors=128;epochs=30;regularisation=0.001;alpha=10.0|frac=0.5,gift_cards,als,0.5,0,0.030804047005578,0.064587973273942,,,128.0,30.0,0.001,10.0,,,,,,,
als|factors=128;epochs=30;regularisation=0.001;alpha=40.0|frac=0.5,gift_cards,als,0.5,0,0.042838279947496005,0.084632516703786,,,128.0,30.0,0.001,40.0,,,,,,,
als|factors=128;epochs=30;regularisation=0.01;alpha=1.0|frac=0.5,gift_cards,als,0.5,0,0.028957791545322003,0.062360801781737,,,128.0,30.0,0.01,1.0,,,,,,,
als|factors=128;epochs=30;regularisation=0.01;alpha=10.0|frac=0.5,gift_cards,als,0.5,0,0.028525756446131003,0.057906458797327004,,,128.0,30.0,0.01,10.0,,,,,,,
als|factors=128;epochs=30;regularisation=0.01;alpha=40.0|frac=0.5,gift_cards,als,0.5,0,0.029668642279629003,0.062360801781737,,,128.0,30.0,0.01,40.0,,,,,,,
als|factors=128;epochs=30;regularisation=0.1;alpha=1.0|frac=0.5,gift_cards,als,0.5,0,0.045064536152725,0.097995545657015,,,128.0,30.0,0.1,1.0,,,,,,,
als|factors=128;epochs=30;regularisation=0.1;alpha=10.0|frac=0.5,gift_cards,als,0.5,0,0.032717235748269,0.07349665924276101,,,128.0,30.0,0.1,10.0,,,,,,,
als|factors=128;epochs=30;regularisation=0.1;alpha=40.0|frac=0.5,gift_cards,als,0.5,0,0.027688140692152002,0.060133630289532,,,128.0,30.0,0.1,40.0,,,,,,,
als|factors=16;epochs=5;regularisation=0.001;alpha=1.0|frac=1.0,gift_cards,als,1.0,0,0.11413378808846501,0.22271714922049,,,16.0,5.0,0.001,1.0,,,,,,,
als|factors=16;epochs=5;regularisation=0.001;alpha=10.0|frac=1.0,gift_cards,als,1.0,0,0.11430601835159601,0.236080178173719,,,16.0,5.0,0.001,10.0,,,,,,,
als|factors=16;epochs=5;regularisation=0.001;alpha=40.0|frac=1.0,gift_cards,als,1.0,0,0.10829788700733702,0.22494432071269402,,,16.0,5.0,0.001,40.0,,,,,,,
als|factors=16;epochs=5;regularisation=0.01;alpha=1.0|frac=1.0,gift_cards,als,1.0,0,0.11497355177347501,0.22494432071269402,,,16.0,5.0,0.01,1.0,,,,,,,
als|factors=16;epochs=5;regularisation=0.01;alpha=10.0|frac=1.0,gift_cards,als,1.0,0,0.11069625736401101,0.22717149220489902,,,16.0,5.0,0.01,10.0,,,,,,,
als|factors=16;epochs=5;regularisation=0.01;alpha=40.0|frac=1.0,gift_cards,als,1.0,0,0.101813241316989,0.20712694877505503,,,16.0,5.0,0.01,40.0,,,,,,,
als|factors=16;epochs=5;regularisation=0.1;alpha=1.0|frac=1.0,gift_cards,als,1.0,0,0.11351166092702401,0.22048997772828502,,,16.0,5.0,0.1,1.0,,,,,,,
als|factors=16;epochs=5;regularisation=0.1;alpha=10.0|frac=1.0,gift_cards,als,1.0,0,0.10842416803411101,0.22494432071269402,,,16.0,5.0,0.1,10.0,,,,,,,
als|factors=16;epochs=5;regularisation=0.1;alpha=40.0|frac=1.0,gift_cards,als,1.0,0,0.100931486882237,0.20044543429844003,,,16.0,5.0,0.1,40.0,,,,,,,
als|factors=16;epochs=15;regularisation=0.001;alpha=1.0|frac=1.0,gift_cards,als,1.0,0,0.110680430996276,0.22494432071269402,,,16.0,15.0,0.001,1.0,,,,,,,
als|factors=16;epochs=15;regularisation=0.001;alpha=10.0|frac=1.0,gift_cards,als,1.0,0,0.10345553803905601,0.22048997772828502,,,16.0,15.0,0.001,10.0,,,,,,,
als|factors=16;epochs=15;regularisation=0.001;alpha=40.0|frac=1.0,gift_cards,als,1.0,0,0.11374251481401801,0.23162583518930902,,,16.0,15.0,0.001,40.0,,,,,,,
als|factors=16;epochs=15;regularisation=0.01;alpha=1.0|frac=1.0,gift_cards,als,1.0,0,0.107777050488971,0.21826280623608002,,,16.0,15.0,0.01,1.0,,,,,,,
als|factors=16;epochs=15;regularisation=0.01;alpha=10.0|frac=1.0,gift_cards,als,1.0,0,0.10953548015897001,0.23162583518930902,,,16.0,15.0,0.01,10.0,,,,,,,
als|factors=16;epochs=15;regularisation=0.01;alpha=40.0|frac=1.0,gift_cards,als,1.0,0,0.11588991567602101,0.236080178173719,,,16.0,15.0,0.01,40.0,,,,,,,
als|factors=16;epochs=15;regularisation=0.1;alpha=1.0|frac=1.0,gift_cards,als,1.0,0,0.10909837683440901,0.22271714922049,,,16.0,15.0,0.1,1.0,,,,,,,
als|factors=16;epochs=15;regularisation=0.1;alpha=10.0|frac=1.0,gift_cards,als,1.0,0,0.110157286376313,0.236080178173719,,,16.0,15.0,0.1,10.0,,,,,,,
als|factors=16;epochs=15;regularisation=0.1;alpha=40.0|frac=1.0,gift_cards,als,1.0,0,0.11026397999802201,0.22717149220489902,,,16.0,15.0,0.1,40.0,,,,,,,
als|factors=16;epochs=30;regularisation=0.001;alpha=1.0|frac=1.0,gift_cards,als,1.0,0,0.110047315029122,0.23162583518930902,,,16.0,30.0,0.001,1.0,,,,,,,
als|factors=16;epochs=30;regularisation=0.001;alpha=10.0|frac=1.0,gift_cards,als,1.0,0,0.10784248774829101,0.23162583518930902,,,16.0,30.0,0.001,10.0,,,,,,,
als|factors=16;epochs=30;regularisation=0.001;alpha=40.0|frac=1.0,gift_cards,als,1.0,0,0.117319659087215,0.242761692650334,,,16.0,30.0,0.001,40.0,,,,,,,
als|factors=16;epochs=30;regularisation=0.01;alpha=1.0|frac=1.0,gift_cards,als,1.0,0,0.113429564097812,0.238307349665924,,,16.0,30.0,0.01,1.0,,,,,,,
als|factors=16;epochs=30;regularisation=0.01;alpha=10.0|frac=1.0,gift_cards,als,1.0,0,0.112993009674236,0.240534521158129,,,16.0,30.0,0.01,10.0,,,,,,,
als|factors=16;epochs=30;regularisation=0.01;alpha=40.0|frac=1.0,gift_cards,als,1.0,0,0.11983670418955401,0.242761692650334,,,16.0,30.0,0.01,40.0,,,,,,,
als|factors=16;epochs=30;regularisation=0.1;alpha=1.0|frac=1.0,gift_cards,als,1.0,0,0.11505096340041801,0.242761692650334,,,16.0,30.0,0.1,1.0,,,,,,,
als|factors=16;epochs=30;regularisation=0.1;alpha=10.0|frac=1.0,gift_cards,als,1.0,0,0.11464702081120601,0.244988864142538,,,16.0,30.0,0.1,10.0,,,,,,,
als|factors=16;epochs=30;regularisation=0.1;alpha=40.0|frac=1.0,gift_cards,als,1.0,0,0.12208669663662701,0.25167037861915303,,,16.0,30.0,0.1,40.0,,,,,,,
als|factors=32;epochs=5;regularisation=0.001;alpha=1.0|frac=1.0,gift_cards,als,1.0,0,0.10954539560257401,0.21380846325167002,,,32.0,5.0,0.001,1.0,,,,,,,
als|factors=32;epochs=5;regularisation=0.001;alpha=10.0|frac=1.0,gift_cards,als,1.0,0,0.10350825405066301,0.20489977728285003,,,32.0,5.0,0.001,10.0,,,,,,,
als|factors=32;epochs=5;regularisation=0.001;alpha=40.0|frac=1.0,gift_cards,als,1.0,0,0.092763462398793,0.184855233853006,,,32.0,5.0,0.001,40.0,,,,,,,
als|factors=32;epochs=5;regularisation=0.01;alpha=1.0|frac=1.0,gift_cards,als,1.0,0,0.10837229651904601,0.21603563474387502,,,32.0,5.0,0.01,1.0,,,,,,,
als|factors=32;epochs=5;regularisation=0.01;alpha=10.0|frac=1.0,gift_cards,als,1.0,0,0.09731184551850101,0.193763919821826,,,32.0,5.0,0.01,10.0,,,,,,,
als|factors=32;epochs=5;regularisation=0.01;alpha=40.0|frac=1.0,gift_cards,als,1.0,0,0.08486378360641801,0.169265033407572,,,32.0,5.0,0.01,40.0,,,,,,,
als|factors=32;epochs=5;regularisation=0.1;alpha=1.0|frac=1.0,gift_cards,als,1.0,0,0.10559095471271801,0.21603563474387502,,,32.0,5.0,0.1,1.0,,,,,,,
als|factors=32;epochs=5;regularisation=0.1;alpha=10.0|frac=1.0,gift_cards,als,1.0,0,0.097309585913204,0.195991091314031,,,32.0,5.0,0.1,10.0,,,,,,,
als|factors=32;epochs=5;regularisation=0.1;alpha=40.0|frac=1.0,gift_cards,als,1.0,0,0.077172243339995,0.15590200445434302,,,32.0,5.0,0.1,40.0,,,,,,,
als|factors=32;epochs=15;regularisation=0.001;alpha=1.0|frac=1.0,gift_cards,als,1.0,0,0.10836873113238901,0.21603563474387502,,,32.0,15.0,0.001,1.0,,,,,,,
als|factors=32;epochs=15;regularisation=0.001;alpha=10.0|frac=1.0,gift_cards,als,1.0,0,0.09761766627305801,0.20489977728285003,,,32.0,15.0,0.001,10.0,,,,,,,
als|factors=32;epochs=15;regularisation=0.001;alpha=40.0|frac=1.0,gift_cards,als,1.0,0,0.09749336264840701,0.20044543429844003,,,32.0,15.0,0.001,40.0,,,,,,,
als|factors=32;epochs=15;regularisation=0.01;alpha=1.0|frac=1.0,gift_cards,als,1.0,0,0.10831679658906801,0.21603563474387502,,,32.0,15.0,0.01,1.0,,,,,,,
als|factors=32;epochs=15;regularisation=0.01;alpha=10.0|frac=1.0,gift_cards,als,1.0,0,0.098936772712368,0.20267260579064503,,,32.0,15.0,0.01,10.0,,,,,,,
als|factors=32;epochs=15;regularisation=0.01;alpha=40.0|frac=1.0,gift_cards,als,1.0,0,0.09473407651733001,0.189309576837416,,,32.0,15.0,0.01,40.0,,,,,,,
als|factors=32;epochs=15;regularisation=0.1;alpha=1.0|frac=1.0,gift_cards,als,1.0,0,0.11034796282044201,0.22048997772828502,,,32.0,15.0,0.1,1.0,,,,,,,
als|factors=32;epochs=15;regularisation=0.1;alpha=10.0|frac=1.0,gift_cards,als,1.0,0,0.10300742339228801,0.20935412026726002,,,32.0,15.0,0.1,10.0,,,,,,,
als|factors=32;epochs=15;regularisation=0.1;alpha=40.0|frac=1.0,gift_cards,als,1.0,0,0.095146328924071,0.189309576837416,,,32.0,15.0,0.1,40.0,,,,,,,
als|factors=32;epochs=30;regularisation=0.001;alpha=1.0|frac=1.0,gift_cards,als,1.0,0,0.10882817335637501,0.21158129175946502,,,32.0,30.0,0.001,1.0,,,,,,,
als|factors=32;epochs=30;regularisation=0.001;alpha=10.0|frac=1.0,gift_cards,als,1.0,0,0.10006594515755,0.20712694877505503,,,32.0,30.0,0.001,10.0,,,,,,,
als|factors=32;epochs=30;regularisation=0.001;alpha=40.0|frac=1.0,gift_cards,als,1.0,0,0.09663719672373901,0.189309576837416,,,32.0,30.0,0.001,40.0,,,,,,,
als|factors=32;epochs=30;regularisation=0.01;alpha=1.0|frac=1.0,gift_cards,als,1.0,0,0.10876427303291301,0.21158129175946502,,,32.0,30.0,0.01,1.0,,,,,,,
als|factors=32;epochs=30;regularisation=0.01;alpha=10.0|frac=1.0,gift_cards,als,1.0,0,0.10317311968273601,0.21380846325167002,,,32.0,30.0,0.01,10.0,,,,,,,
als|factors=32;epochs=30;regularisation=0.01;alpha=40.0|frac=1.0,gift_cards,als,1.0,0,0.096545027464161,0.191536748329621,,,32.0,30.0,0.01,40.0,,,,,,,
als|factors=32;epochs=30;regularisation=0.1;alpha=1.0|frac=1.0,gift_cards,als,1.0,0,0.11008302532151201,0.21603563474387502,,,32.0,30.0,0.1,1.0,,,,,,,
als|factors=32;epochs=30;regularisation=0.1;alpha=10.0|frac=1.0,gift_cards,als,1.0,0,0.09930701449714101,0.19821826280623603,,,32.0,30.0,0.1,10.0,,,,,,,
als|factors=32;epochs=30;regularisation=0.1;alpha=40.0|frac=1.0,gift_cards,als,1.0,0,0.096685655853583,0.193763919821826,,,32.0,30.0,0.1,40.0,,,,,,,
als|factors=64;epochs=5;regularisation=0.001;alpha=1.0|frac=1.0,gift_cards,als,1.0,0,0.066582890994082,0.135857461024498,,,64.0,5.0,0.001,1.0,,,,,,,
als|factors=64;epochs=5;regularisation=0.001;alpha=10.0|frac=1.0,gift_cards,als,1.0,0,0.07395387009496,0.15590200445434302,,,64.0,5.0,0.001,10.0,,,,,,,
als|factors=64;epochs=5;regularisation=0.001;alpha=40.0|frac=1.0,gift_cards,als,1.0,0,0.075701133156946,0.15812917594654702,,,64.0,5.0,0.001,40.0,,,,,,,
als|factors=64;epochs=5;regularisation=0.01;alpha=1.0|frac=1.0,gift_cards,als,1.0,0,0.066320446631943,0.138084632516703,,,64.0,5.0,0.01,1.0,,,,,,,
als|factors=64;epochs=5;regularisation=0.01;alpha=10.0|frac=1.0,gift_cards,als,1.0,0,0.07358239674856201,0.15367483296213802,,,64.0,5.0,0.01,10.0,,,,,,,
als|factors=64;epochs=5;regularisation=0.01;alpha=40.0|frac=1.0,gift_cards,als,1.0,0,0.064026566390919,0.14253897550111302,,,64.0,5.0,0.01,40.0,,,,,,,
als|factors=64;epochs=5;regularisation=0.1;alpha=1.0|frac=1.0,gift_cards,als,1.0,0,0.06646629216256,0.138084632516703,,,64.0,5.0,0.1,1.0,,,,,,,
als|factors=64;epochs=5;regularisation=0.1;alpha=10.0|frac=1.0,gift_cards,als,1.0,0,0.07005186929486601,0.14476614699331802,,,64.0,5.0,0.1,10.0,,,,,,,
als|factors=64;epochs=5;regularisation=0.1;alpha=40.0|frac=1.0,gift_cards,als,1.0,0,0.068566617465773,0.15144766146993302,,,64.0,5.0,0.1,40.0,,,,,,,
als|factors=64;epochs=15;regularisation=0.001;alpha=1.0|frac=1.0,gift_cards,als,1.0,0,0.06910978676497201,0.14922048997772802,,,64.0,15.0,0.001,1.0,,,,,,,
als|factors=64;epochs=15;regularisation=0.001;alpha=10.0|frac=1.0,gift_cards,als,1.0,0,0.073366521228988,0.15144766146993302,,,64.0,15.0,0.001,10.0,,,,,,,
als|factors=64;epochs=15;regularisation=0.001;alpha=40.0|frac=1.0,gift_cards,als,1.0,0,0.07738016795837001,0.16481069042316202,,,64.0,15.0,0.001,40.0,,,,,,,
als|factors=64;epochs=15;regularisation=0.01;alpha=1.0|frac=1.0,gift_cards,als,1.0,0,0.069235144989974,0.14922048997772802,,,64.0,15.0,0.01,1.0,,,,,,,
als|factors=64;epochs=15;regularisation=0.01;alpha=10.0|frac=1.0,gift_cards,als,1.0,0,0.069563084876833,0.140311804008908,,,64.0,15.0,0.01,10.0,,,,,,,
als|factors=64;epochs=15;regularisation=0.01;alpha=40.0|frac=1.0,gift_cards,als,1.0,0,0.07124255028203601,0.14922048997772802,,,64.0,15.0,0.01,40.0,,,,,,,
als|factors=64;epochs=15;regularisation=0.1;alpha=1.0|frac=1.0,gift_cards,als,1.0,0,0.069880527491849,0.14922048997772802,,,64.0,15.0,0.1,1.0,,,,,,,
als|factors=64;epochs=15;regularisation=0.1;alpha=10.0|frac=1.0,gift_cards,als,1.0,0,0.07115747856951801,0.14922048997772802,,,64.0,15.0,0.1,10.0,,,,,,,
als|factors=64;epochs=15;regularisation=0.1;alpha=40.0|frac=1.0,gift_cards,als,1.0,0,0.069675088724758,0.14476614699331802,,,64.0,15.0,0.1,40.0,,,,,,,
als|factors=64;epochs=30;regularisation=0.001;alpha=1.0|frac=1.0,gift_cards,als,1.0,0,0.073835089665296,0.15590200445434302,,,64.0,30.0,0.001,1.0,,,,,,,
als|factors=64;epochs=30;regularisation=0.001;alpha=10.0|frac=1.0,gift_cards,als,1.0,0,0.071813360548081,0.14699331848552302,,,64.0,30.0,0.001,10.0,,,,,,,
als|factors=64;epochs=30;regularisation=0.001;alpha=40.0|frac=1.0,gift_cards,als,1.0,0,0.07346748335849801,0.15144766146993302,,,64.0,30.0,0.001,40.0,,,,,,,
als|factors=64;epochs=30;regularisation=0.01;alpha=1.0|frac=1.0,gift_cards,als,1.0,0,0.07432449141227,0.15812917594654702,,,64.0,30.0,0.01,1.0,,,,,,,
als|factors=64;epochs=30;regularisation=0.01;alpha=10.0|frac=1.0,gift_cards,als,1.0,0,0.069684957684902,0.14253897550111302,,,64.0,30.0,0.01,10.0,,,,,,,
als|factors=64;epochs=30;regularisation=0.01;alpha=40.0|frac=1.0,gift_cards,als,1.0,0,0.07212694390706101,0.14922048997772802,,,64.0,30.0,0.01,40.0,,,,,,,
als|factors=64;epochs=30;regularisation=0.1;alpha=1.0|frac=1.0,gift_cards,als,1.0,0,0.07464462648181901,0.15812917594654702,,,64.0,30.0,0.1,1.0,,,,,,,
als|factors=64;epochs=30;regularisation=0.1;alpha=10.0|frac=1.0,gift_cards,als,1.0,0,0.070109656185183,0.14253897550111302,,,64.0,30.0,0.1,10.0,,,,,,,
als|factors=64;epochs=30;regularisation=0.1;alpha=40.0|frac=1.0,gift_cards,als,1.0,0,0.070180831244324,0.14253897550111302,,,64.0,30.0,0.1,40.0,,,,,,,
als|factors=128;epochs=5;regularisation=0.001;alpha=1.0|frac=1.0,gift_cards,als,1.0,0,0.026239150183990003,0.053452115812917006,,,128.0,5.0,0.001,1.0,,,,,,,
als|factors=128;epochs=5;regularisation=0.001;alpha=10.0|frac=1.0,gift_cards,als,1.0,0,0.031437500811661,0.064587973273942,,,128.0,5.0,0.001,10.0,,,,,,,
als|factors=128;epochs=5;regularisation=0.001;alpha=40.0|frac=1.0,gift_cards,als,1.0,0,0.039669699808547,0.086859688195991,,,128.0,5.0,0.001,40.0,,,,,,,
als|factors=128;epochs=5;regularisation=0.01;alpha=1.0|frac=1.0,gift_cards,als,1.0,0,0.027476834988229,0.053452115812917006,,,128.0,5.0,0.01,1.0,,,,,,,
als|factors=128;epochs=5;regularisation=0.01;alpha=10.0|frac=1.0,gift_cards,als,1.0,0,0.032048217596987005,0.066815144766147,,,128.0,5.0,0.01,10.0,,,,,,,
als|factors=128;epochs=5;regularisation=0.01;alpha=40.0|frac=1.0,gift_cards,als,1.0,0,0.051831066038775006,0.097995545657015,,,128.0,5.0,0.01,40.0,,,,,,,
als|factors=128;epochs=5;regularisation=0.1;alpha=1.0|frac=1.0,gift_cards,als,1.0,0,0.031845599632321,0.064587973273942,,,128.0,5.0,0.1,1.0,,,,,,,
als|factors=128;epochs=5;regularisation=0.1;alpha=10.0|frac=1.0,gift_cards,als,1.0,0,0.037107595862407,0.08017817371937601,,,128.0,5.0,0.1,10.0,,,,,,,
als|factors=128;epochs=5;regularisation=0.1;alpha=40.0|frac=1.0,gift_cards,als,1.0,0,0.06628401559263701,0.138084632516703,,,128.0,5.0,0.1,40.0,,,,,,,
als|factors=128;epochs=15;regularisation=0.001;alpha=1.0|frac=1.0,gift_cards,als,1.0,0,0.032886921745826005,0.069042316258351,,,128.0,15.0,0.001,1.0,,,,,,,
als|factors=128;epochs=15;regularisation=0.001;alpha=10.0|frac=1.0,gift_cards,als,1.0,0,0.034945594593089005,0.07795100222717101,,,128.0,15.0,0.001,10.0,,,,,,,
als|factors=128;epochs=15;regularisation=0.001;alpha=40.0|frac=1.0,gift_cards,als,1.0,0,0.038489312335492,0.084632516703786,,,128.0,15.0,0.001,40.0,,,,,,,
als|factors=128;epochs=15;regularisation=0.01;alpha=1.0|frac=1.0,gift_cards,als,1.0,0,0.032881421274165004,0.069042316258351,,,128.0,15.0,0.01,1.0,,,,,,,
als|factors=128;epochs=15;regularisation=0.01;alpha=10.0|frac=1.0,gift_cards,als,1.0,0,0.03384600354059,0.069042316258351,,,128.0,15.0,0.01,10.0,,,,,,,
als|factors=128;epochs=15;regularisation=0.01;alpha=40.0|frac=1.0,gift_cards,als,1.0,0,0.036327914937613004,0.07572383073496601,,,128.0,15.0,0.01,40.0,,,,,,,
als|factors=128;epochs=15;regularisation=0.1;alpha=1.0|frac=1.0,gift_cards,als,1.0,0,0.035593311943813,0.07795100222717101,,,128.0,15.0,0.1,1.0,,,,,,,
als|factors=128;epochs=15;regularisation=0.1;alpha=10.0|frac=1.0,gift_cards,als,1.0,0,0.034495204698316004,0.069042316258351,,,128.0,15.0,0.1,10.0,,,,,,,
als|factors=128;epochs=15;regularisation=0.1;alpha=40.0|frac=1.0,gift_cards,als,1.0,0,0.03814984015699,0.07572383073496601,,,128.0,15.0,0.1,40.0,,,,,,,
als|factors=128;epochs=30;regularisation=0.001;alpha=1.0|frac=1.0,gift_cards,als,1.0,0,0.032109367210582,0.062360801781737,,,128.0,30.0,0.001,1.0,,,,,,,
als|factors=128;epochs=30;regularisation=0.001;alpha=10.0|frac=1.0,gift_cards,als,1.0,0,0.038401663286942,0.071269487750556,,,128.0,30.0,0.001,10.0,,,,,,,
als|factors=128;epochs=30;regularisation=0.001;alpha=40.0|frac=1.0,gift_cards,als,1.0,0,0.040968576036902,0.084632516703786,,,128.0,30.0,0.001,40.0,,,,,,,
als|factors=128;epochs=30;regularisation=0.01;alpha=1.0|frac=1.0,gift_cards,als,1.0,0,0.032109367210582,0.062360801781737,,,128.0,30.0,0.01,1.0,,,,,,,
als|factors=128;epochs=30;regularisation=0.01;alpha=10.0|frac=1.0,gift_cards,als,1.0,0,0.038681475593635,0.07572383073496601,,,128.0,30.0,0.01,10.0,,,,,,,
als|factors=128;epochs=30;regularisation=0.01;alpha=40.0|frac=1.0,gift_cards,als,1.0,0,0.036590324569851,0.071269487750556,,,128.0,30.0,0.01,40.0,,,,,,,
als|factors=128;epochs=30;regularisation=0.1;alpha=1.0|frac=1.0,gift_cards,als,1.0,0,0.035104606415071,0.07795100222717101,,,128.0,30.0,0.1,1.0,,,,,,,
als|factors=128;epochs=30;regularisation=0.1;alpha=10.0|frac=1.0,gift_cards,als,1.0,0,0.037560644341965,0.07349665924276101,,,128.0,30.0,0.1,10.0,,,,,,,
als|factors=128;epochs=30;regularisation=0.1;alpha=40.0|frac=1.0,gift_cards,als,1.0,0,0.036787305400059006,0.071269487750556,,,128.0,30.0,0.1,40.0,,,,,,,
multvae|latent=32;hidden=200;epochs=10;dropout=0.0|frac=0.25,gift_cards,multvae,0.25,0,0.079842471945608,0.193763919821826,,,,,,,32.0,200.0,10.0,0.0,,,
multvae|latent=32;hidden=200;epochs=10;dropout=0.5|frac=0.25,gift_cards,multvae,0.25,0,0.08225368159579201,0.189309576837416,,,,,,,32.0,200.0,10.0,0.5,,,
multvae|latent=32;hidden=200;epochs=20;dropout=0.0|frac=0.25,gift_cards,multvae,0.25,0,0.080182166874352,0.191536748329621,,,,,,,32.0,200.0,20.0,0.0,,,
multvae|latent=32;hidden=200;epochs=20;dropout=0.5|frac=0.25,gift_cards,multvae,0.25,0,0.08120483761477501,0.184855233853006,,,,,,,32.0,200.0,20.0,0.5,,,
multvae|latent=32;hidden=600;epochs=10;dropout=0.0|frac=0.25,gift_cards,multvae,0.25,0,0.07975383768271001,0.182628062360801,,,,,,,32.0,600.0,10.0,0.0,,,
multvae|latent=32;hidden=600;epochs=10;dropout=0.5|frac=0.25,gift_cards,multvae,0.25,0,0.069288975401778,0.16481069042316202,,,,,,,32.0,600.0,10.0,0.5,,,
multvae|latent=32;hidden=600;epochs=20;dropout=0.0|frac=0.25,gift_cards,multvae,0.25,0,0.07858247811131601,0.182628062360801,,,,,,,32.0,600.0,20.0,0.0,,,
multvae|latent=32;hidden=600;epochs=20;dropout=0.5|frac=0.25,gift_cards,multvae,0.25,0,0.08257928976386601,0.187082405345211,,,,,,,32.0,600.0,20.0,0.5,,,
multvae|latent=64;hidden=200;epochs=10;dropout=0.0|frac=0.25,gift_cards,multvae,0.25,0,0.08639571176190501,0.169265033407572,,,,,,,64.0,200.0,10.0,0.0,,,
multvae|latent=64;hidden=200;epochs=10;dropout=0.5|frac=0.25,gift_cards,multvae,0.25,0,0.08933948762785601,0.193763919821826,,,,,,,64.0,200.0,10.0,0.5,,,
multvae|latent=64;hidden=200;epochs=20;dropout=0.0|frac=0.25,gift_cards,multvae,0.25,0,0.084519466661907,0.187082405345211,,,,,,,64.0,200.0,20.0,0.0,,,
multvae|latent=64;hidden=200;epochs=20;dropout=0.5|frac=0.25,gift_cards,multvae,0.25,0,0.081874234879123,0.20712694877505503,,,,,,,64.0,200.0,20.0,0.5,,,
multvae|latent=64;hidden=600;epochs=10;dropout=0.0|frac=0.25,gift_cards,multvae,0.25,0,0.072113681467478,0.15812917594654702,,,,,,,64.0,600.0,10.0,0.0,,,
multvae|latent=64;hidden=600;epochs=10;dropout=0.5|frac=0.25,gift_cards,multvae,0.25,0,0.07525236622500901,0.178173719376391,,,,,,,64.0,600.0,10.0,0.5,,,
multvae|latent=64;hidden=600;epochs=20;dropout=0.0|frac=0.25,gift_cards,multvae,0.25,0,0.071494095864309,0.140311804008908,,,,,,,64.0,600.0,20.0,0.0,,,
multvae|latent=64;hidden=600;epochs=20;dropout=0.5|frac=0.25,gift_cards,multvae,0.25,0,0.08091644073660201,0.195991091314031,,,,,,,64.0,600.0,20.0,0.5,,,
multvae|latent=128;hidden=200;epochs=10;dropout=0.0|frac=0.25,gift_cards,multvae,0.25,0,0.093505849377541,0.195991091314031,,,,,,,128.0,200.0,10.0,0.0,,,
multvae|latent=128;hidden=200;epochs=10;dropout=0.5|frac=0.25,gift_cards,multvae,0.25,0,0.085980892406307,0.19821826280623603,,,,,,,128.0,200.0,10.0,0.5,,,
multvae|latent=128;hidden=200;epochs=20;dropout=0.0|frac=0.25,gift_cards,multvae,0.25,0,0.082734930387638,0.178173719376391,,,,,,,128.0,200.0,20.0,0.0,,,
multvae|latent=128;hidden=200;epochs=20;dropout=0.5|frac=0.25,gift_cards,multvae,0.25,0,0.070242935833072,0.15144766146993302,,,,,,,128.0,200.0,20.0,0.5,,,
multvae|latent=128;hidden=600;epochs=10;dropout=0.0|frac=0.25,gift_cards,multvae,0.25,0,0.076137851618452,0.169265033407572,,,,,,,128.0,600.0,10.0,0.0,,,
multvae|latent=128;hidden=600;epochs=10;dropout=0.5|frac=0.25,gift_cards,multvae,0.25,0,0.070038845593253,0.15144766146993302,,,,,,,128.0,600.0,10.0,0.5,,,
multvae|latent=128;hidden=600;epochs=20;dropout=0.0|frac=0.25,gift_cards,multvae,0.25,0,0.091191506146302,0.20267260579064503,,,,,,,128.0,600.0,20.0,0.0,,,
multvae|latent=128;hidden=600;epochs=20;dropout=0.5|frac=0.25,gift_cards,multvae,0.25,0,0.083452260560415,0.175946547884187,,,,,,,128.0,600.0,20.0,0.5,,,
multvae|latent=32;hidden=200;epochs=10;dropout=0.0|frac=0.5,gift_cards,multvae,0.5,0,0.09067634145690401,0.20489977728285003,,,,,,,32.0,200.0,10.0,0.0,,,
multvae|latent=32;hidden=200;epochs=10;dropout=0.5|frac=0.5,gift_cards,multvae,0.5,0,0.074936850383781,0.15812917594654702,,,,,,,32.0,200.0,10.0,0.5,,,
multvae|latent=32;hidden=200;epochs=20;dropout=0.0|frac=0.5,gift_cards,multvae,0.5,0,0.09366578728749901,0.20712694877505503,,,,,,,32.0,200.0,20.0,0.0,,,
multvae|latent=32;hidden=200;epochs=20;dropout=0.5|frac=0.5,gift_cards,multvae,0.5,0,0.083186891960233,0.178173719376391,,,,,,,32.0,200.0,20.0,0.5,,,
multvae|latent=32;hidden=600;epochs=10;dropout=0.0|frac=0.5,gift_cards,multvae,0.5,0,0.094259135279361,0.20267260579064503,,,,,,,32.0,600.0,10.0,0.0,,,
multvae|latent=32;hidden=600;epochs=10;dropout=0.5|frac=0.5,gift_cards,multvae,0.5,0,0.08577312922169,0.187082405345211,,,,,,,32.0,600.0,10.0,0.5,,,
multvae|latent=32;hidden=600;epochs=20;dropout=0.0|frac=0.5,gift_cards,multvae,0.5,0,0.125156378677675,0.269487750556792,,,,,,,32.0,600.0,20.0,0.0,,,
multvae|latent=32;hidden=600;epochs=20;dropout=0.5|frac=0.5,gift_cards,multvae,0.5,0,0.125022448862835,0.26057906458797303,,,,,,,32.0,600.0,20.0,0.5,,,
multvae|latent=64;hidden=200;epochs=10;dropout=0.0|frac=0.5,gift_cards,multvae,0.5,0,0.084365990662999,0.169265033407572,,,,,,,64.0,200.0,10.0,0.0,,,
multvae|latent=64;hidden=200;epochs=10;dropout=0.5|frac=0.5,gift_cards,multvae,0.5,0,0.081564323359541,0.189309576837416,,,,,,,64.0,200.0,10.0,0.5,,,
multvae|latent=64;hidden=200;epochs=20;dropout=0.0|frac=0.5,gift_cards,multvae,0.5,0,0.10113949362448901,0.20935412026726002,,,,,,,64.0,200.0,20.0,0.0,,,
multvae|latent=64;hidden=200;epochs=20;dropout=0.5|frac=0.5,gift_cards,multvae,0.5,0,0.08581571917342401,0.193763919821826,,,,,,,64.0,200.0,20.0,0.5,,,
multvae|latent=64;hidden=600;epochs=10;dropout=0.0|frac=0.5,gift_cards,multvae,0.5,0,0.09228845682256501,0.20489977728285003,,,,,,,64.0,600.0,10.0,0.0,,,
multvae|latent=64;hidden=600;epochs=10;dropout=0.5|frac=0.5,gift_cards,multvae,0.5,0,0.08792287083867101,0.189309576837416,,,,,,,64.0,600.0,10.0,0.5,,,
multvae|latent=64;hidden=600;epochs=20;dropout=0.0|frac=0.5,gift_cards,multvae,0.5,0,0.11038498637711601,0.238307349665924,,,,,,,64.0,600.0,20.0,0.0,,,
multvae|latent=64;hidden=600;epochs=20;dropout=0.5|frac=0.5,gift_cards,multvae,0.5,0,0.12322258613337801,0.269487750556792,,,,,,,64.0,600.0,20.0,0.5,,,
multvae|latent=128;hidden=200;epochs=10;dropout=0.0|frac=0.5,gift_cards,multvae,0.5,0,0.08440300500770101,0.175946547884187,,,,,,,128.0,200.0,10.0,0.0,,,
multvae|latent=128;hidden=200;epochs=10;dropout=0.5|frac=0.5,gift_cards,multvae,0.5,0,0.062306992851618004,0.122494432071269,,,,,,,128.0,200.0,10.0,0.5,,,
multvae|latent=128;hidden=200;epochs=20;dropout=0.0|frac=0.5,gift_cards,multvae,0.5,0,0.102416827699496,0.21158129175946502,,,,,,,128.0,200.0,20.0,0.0,,,
multvae|latent=128;hidden=200;epochs=20;dropout=0.5|frac=0.5,gift_cards,multvae,0.5,0,0.083659109248353,0.16481069042316202,,,,,,,128.0,200.0,20.0,0.5,,,
multvae|latent=128;hidden=600;epochs=10;dropout=0.0|frac=0.5,gift_cards,multvae,0.5,0,0.102331354642304,0.21380846325167002,,,,,,,128.0,600.0,10.0,0.0,,,
multvae|latent=128;hidden=600;epochs=10;dropout=0.5|frac=0.5,gift_cards,multvae,0.5,0,0.08128620323072301,0.16481069042316202,,,,,,,128.0,600.0,10.0,0.5,,,
multvae|latent=128;hidden=600;epochs=20;dropout=0.0|frac=0.5,gift_cards,multvae,0.5,0,0.12633062892000002,0.271714922048997,,,,,,,128.0,600.0,20.0,0.0,,,
multvae|latent=128;hidden=600;epochs=20;dropout=0.5|frac=0.5,gift_cards,multvae,0.5,0,0.11940665645249501,0.262806236080178,,,,,,,128.0,600.0,20.0,0.5,,,
multvae|latent=32;hidden=200;epochs=10;dropout=0.0|frac=1.0,gift_cards,multvae,1.0,0,0.072183293672525,0.138084632516703,,,,,,,32.0,200.0,10.0,0.0,,,
multvae|latent=32;hidden=200;epochs=10;dropout=0.5|frac=1.0,gift_cards,multvae,1.0,0,0.06906997765110401,0.138084632516703,,,,,,,32.0,200.0,10.0,0.5,,,
multvae|latent=32;hidden=200;epochs=20;dropout=0.0|frac=1.0,gift_cards,multvae,1.0,0,0.13483248703119302,0.291759465478841,,,,,,,32.0,200.0,20.0,0.0,,,
multvae|latent=32;hidden=200;epochs=20;dropout=0.5|frac=1.0,gift_cards,multvae,1.0,0,0.104279845517679,0.21826280623608002,,,,,,,32.0,200.0,20.0,0.5,,,
multvae|latent=32;hidden=600;epochs=10;dropout=0.0|frac=1.0,gift_cards,multvae,1.0,0,0.138636847278541,0.271714922048997,,,,,,,32.0,600.0,10.0,0.0,,,
multvae|latent=32;hidden=600;epochs=10;dropout=0.5|frac=1.0,gift_cards,multvae,1.0,0,0.103963677680364,0.21603563474387502,,,,,,,32.0,600.0,10.0,0.5,,,
multvae|latent=32;hidden=600;epochs=20;dropout=0.0|frac=1.0,gift_cards,multvae,1.0,0,0.13174126162108102,0.276169265033407,,,,,,,32.0,600.0,20.0,0.0,,,
multvae|latent=32;hidden=600;epochs=20;dropout=0.5|frac=1.0,gift_cards,multvae,1.0,0,0.14111013287114102,0.29844097995545604,,,,,,,32.0,600.0,20.0,0.5,,,
multvae|latent=64;hidden=200;epochs=10;dropout=0.0|frac=1.0,gift_cards,multvae,1.0,0,0.069072279483348,0.135857461024498,,,,,,,64.0,200.0,10.0,0.0,,,
multvae|latent=64;hidden=200;epochs=10;dropout=0.5|frac=1.0,gift_cards,multvae,1.0,0,0.059791217666453005,0.118040089086859,,,,,,,64.0,200.0,10.0,0.5,,,
multvae|latent=64;hidden=200;epochs=20;dropout=0.0|frac=1.0,gift_cards,multvae,1.0,0,0.13885168905258202,0.300668151447661,,,,,,,64.0,200.0,20.0,0.0,,,
multvae|latent=64;hidden=200;epochs=20;dropout=0.5|frac=1.0,gift_cards,multvae,1.0,0,0.119532771426333,0.247216035634743,,,,,,,64.0,200.0,20.0,0.5,,,
multvae|latent=64;hidden=600;epochs=10;dropout=0.0|frac=1.0,gift_cards,multvae,1.0,0,0.12018137403381302,0.26057906458797303,,,,,,,64.0,600.0,10.0,0.0,,,
multvae|latent=64;hidden=600;epochs=10;dropout=0.5|frac=1.0,gift_cards,multvae,1.0,0,0.107011089457026,0.22048997772828502,,,,,,,64.0,600.0,10.0,0.5,,,
multvae|latent=64;hidden=600;epochs=20;dropout=0.0|frac=1.0,gift_cards,multvae,1.0,0,0.138367506971452,0.278396436525612,,,,,,,64.0,600.0,20.0,0.0,,,
multvae|latent=64;hidden=600;epochs=20;dropout=0.5|frac=1.0,gift_cards,multvae,1.0,0,0.13941923703026102,0.28953229398663705,,,,,,,64.0,600.0,20.0,0.5,,,
multvae|latent=128;hidden=200;epochs=10;dropout=0.0|frac=1.0,gift_cards,multvae,1.0,0,0.07487231167961801,0.138084632516703,,,,,,,128.0,200.0,10.0,0.0,,,
multvae|latent=128;hidden=200;epochs=10;dropout=0.5|frac=1.0,gift_cards,multvae,1.0,0,0.071686580478834,0.135857461024498,,,,,,,128.0,200.0,10.0,0.5,,,
multvae|latent=128;hidden=200;epochs=20;dropout=0.0|frac=1.0,gift_cards,multvae,1.0,0,0.143598086255211,0.296213808463251,,,,,,,128.0,200.0,20.0,0.0,,,
multvae|latent=128;hidden=200;epochs=20;dropout=0.5|frac=1.0,gift_cards,multvae,1.0,0,0.12017105533958101,0.26503340757238303,,,,,,,128.0,200.0,20.0,0.5,,,
multvae|latent=128;hidden=600;epochs=10;dropout=0.0|frac=1.0,gift_cards,multvae,1.0,0,0.13245636357346902,0.287305122494432,,,,,,,128.0,600.0,10.0,0.0,,,
multvae|latent=128;hidden=600;epochs=10;dropout=0.5|frac=1.0,gift_cards,multvae,1.0,0,0.11839710727883601,0.240534521158129,,,,,,,128.0,600.0,10.0,0.5,,,
multvae|latent=128;hidden=600;epochs=20;dropout=0.0|frac=1.0,gift_cards,multvae,1.0,0,0.149215572616093,0.31403118040089,,,,,,,128.0,600.0,20.0,0.0,,,
multvae|latent=128;hidden=600;epochs=20;dropout=0.5|frac=1.0,gift_cards,multvae,1.0,0,0.14470521964097602,0.300668151447661,,,,,,,128.0,600.0,20.0,0.5,,,
markov|order=1;smoothing=0.0;decay=false|frac=0.25,gift_cards,markov,0.25,0,0.06328140465903001,0.122494432071269,,,,,,,,,,,1.0,0.0,0.0
markov|order=1;smoothing=0.0;decay=true|frac=0.25,gift_cards,markov,0.25,0,0.06213262076587701,0.122494432071269,,,,,,,,,,,1.0,0.0,1.0
markov|order=1;smoothing=0.1;decay=false|frac=0.25,gift_cards,markov,0.25,0,0.07734164675181901,0.15590200445434302,,,,,,,,,,,1.0,0.1,0.0
markov|order=1;smoothing=0.1;decay=true|frac=0.25,gift_cards,markov,0.25,0,0.075543286095285,0.15590200445434302,,,,,,,,,,,1.0,0.1,1.0
markov|order=1;smoothing=0.5;decay=false|frac=0.25,gift_cards,markov,0.25,0,0.07734164675181901,0.15590200445434302,,,,,,,,,,,1.0,0.5,0.0
markov|order=1;smoothing=0.5;decay=true|frac=0.25,gift_cards,markov,0.25,0,0.075543286095285,0.15590200445434302,,,,,,,,,,,1.0,0.5,1.0
markov|order=2;smoothing=0.0;decay=false|frac=0.25,gift_cards,markov,0.25,0,0.06328140465903001,0.122494432071269,,,,,,,,,,,2.0,0.0,0.0
markov|order=2;smoothing=0.0;decay=true|frac=0.25,gift_cards,markov,0.25,0,0.06213262076587701,0.122494432071269,,,,,,,,,,,2.0,0.0,1.0
markov|order=2;smoothing=0.1;decay=false|frac=0.25,gift_cards,markov,0.25,0,0.07734164675181901,0.15590200445434302,,,,,,,,,,,2.0,0.1,0.0
markov|order=2;smoothing=0.1;decay=true|frac=0.25,gift_cards,markov,0.25,0,0.075543286095285,0.15590200445434302,,,,,,,,,,,2.0,0.1,1.0
markov|order=2;smoothing=0.5;decay=false|frac=0.25,gift_cards,markov,0.25,0,0.07734164675181901,0.15590200445434302,,,,,,,,,,,2.0,0.5,0.0
markov|order=2;smoothing=0.5;decay=true|frac=0.25,gift_cards,markov,0.25,0,0.075543286095285,0.15590200445434302,,,,,,,,,,,2.0,0.5,1.0
markov|order=1;smoothing=0.0;decay=false|frac=0.5,gift_cards,markov,0.5,0,0.08730693750179201,0.16035634743875202,,,,,,,,,,,1.0,0.0,0.0
markov|order=1;smoothing=0.0;decay=true|frac=0.5,gift_cards,markov,0.5,0,0.09480685001431201,0.180400890868596,,,,,,,,,,,1.0,0.0,1.0
markov|order=1;smoothing=0.1;decay=false|frac=0.5,gift_cards,markov,0.5,0,0.10331985149285601,0.191536748329621,,,,,,,,,,,1.0,0.1,0.0
markov|order=1;smoothing=0.1;decay=true|frac=0.5,gift_cards,markov,0.5,0,0.10370079541211501,0.193763919821826,,,,,,,,,,,1.0,0.1,1.0
markov|order=1;smoothing=0.5;decay=false|frac=0.5,gift_cards,markov,0.5,0,0.10331985149285601,0.191536748329621,,,,,,,,,,,1.0,0.5,0.0
markov|order=1;smoothing=0.5;decay=true|frac=0.5,gift_cards,markov,0.5,0,0.10352080117081601,0.195991091314031,,,,,,,,,,,1.0,0.5,1.0
markov|order=2;smoothing=0.0;decay=false|frac=0.5,gift_cards,markov,0.5,0,0.086346496729266,0.15812917594654702,,,,,,,,,,,2.0,0.0,0.0
markov|order=2;smoothing=0.0;decay=true|frac=0.5,gift_cards,markov,0.5,0,0.09004004085379601,0.173719376391982,,,,,,,,,,,2.0,0.0,1.0
markov|order=2;smoothing=0.1;decay=false|frac=0.5,gift_cards,markov,0.5,0,0.10265093986797601,0.191536748329621,,,,,,,,,,,2.0,0.1,0.0
markov|order=2;smoothing=0.1;decay=true|frac=0.5,gift_cards,markov,0.5,0,0.100831360779097,0.193763919821826,,,,,,,,,,,2.0,0.1,1.0
markov|order=2;smoothing=0.5;decay=false|frac=0.5,gift_cards,markov,0.5,0,0.10265093986797601,0.191536748329621,,,,,,,,,,,2.0,0.5,0.0
markov|order=2;smoothing=0.5;decay=true|frac=0.5,gift_cards,markov,0.5,0,0.10139843960473101,0.191536748329621,,,,,,,,,,,2.0,0.5,1.0
markov|order=1;smoothing=0.0;decay=false|frac=1.0,gift_cards,markov,1.0,0,0.10086243978508001,0.191536748329621,,,,,,,,,,,1.0,0.0,0.0
markov|order=1;smoothing=0.0;decay=true|frac=1.0,gift_cards,markov,1.0,0,0.108337084575871,0.195991091314031,,,,,,,,,,,1.0,0.0,1.0
markov|order=1;smoothing=0.1;decay=false|frac=1.0,gift_cards,markov,1.0,0,0.12387607656384302,0.23162583518930902,,,,,,,,,,,1.0,0.1,0.0
markov|order=1;smoothing=0.1;decay=true|frac=1.0,gift_cards,markov,1.0,0,0.11898205869568601,0.22271714922049,,,,,,,,,,,1.0,0.1,1.0
markov|order=1;smoothing=0.5;decay=false|frac=1.0,gift_cards,markov,1.0,0,0.12518267176775402,0.236080178173719,,,,,,,,,,,1.0,0.5,0.0
markov|order=1;smoothing=0.5;decay=true|frac=1.0,gift_cards,markov,1.0,0,0.12201941823209601,0.23162583518930902,,,,,,,,,,,1.0,0.5,1.0
markov|order=2;smoothing=0.0;decay=false|frac=1.0,gift_cards,markov,1.0,0,0.08601528647609401,0.14922048997772802,,,,,,,,,,,2.0,0.0,0.0
markov|order=2;smoothing=0.0;decay=true|frac=1.0,gift_cards,markov,1.0,0,0.093394334133772,0.16035634743875202,,,,,,,,,,,2.0,0.0,1.0
markov|order=2;smoothing=0.1;decay=false|frac=1.0,gift_cards,markov,1.0,0,0.121416976287017,0.22939866369710402,,,,,,,,,,,2.0,0.1,0.0
markov|order=2;smoothing=0.1;decay=true|frac=1.0,gift_cards,markov,1.0,0,0.116440605823729,0.22048997772828502,,,,,,,,,,,2.0,0.1,1.0
markov|order=2;smoothing=0.5;decay=false|frac=1.0,gift_cards,markov,1.0,0,0.12206077322759101,0.23162583518930902,,,,,,,,,,,2.0,0.5,0.0
markov|order=2;smoothing=0.5;decay=true|frac=1.0,gift_cards,markov,1.0,0,0.11911229934130001,0.22939866369710402,,,,,,,,,,,2.0,0.5,1.0
als|factors=16;epochs=5;regularisation=0.001;alpha=1.0|frac=0.25,ml100k,als,0.25,1,0.037059700637061,0.079533404029692,,,16.0,5.0,0.001,1.0,,,,,,,
als|factors=16;epochs=5;regularisation=0.001;alpha=10.0|frac=0.25,ml100k,als,0.25,1,0.037082371061298004,0.079533404029692,,,16.0,5.0,0.001,10.0,,,,,,,
als|factors=16;epochs=5;regularisation=0.001;alpha=40.0|frac=0.25,ml100k,als,0.25,1,0.03387147640296,0.077412513255567,,,16.0,5.0,0.001,40.0,,,,,,,
als|factors=16;epochs=5;regularisation=0.01;alpha=1.0|frac=0.25,ml100k,als,0.25,1,0.037013227942640003,0.079533404029692,,,16.0,5.0,0.01,1.0,,,,,,,
als|factors=16;epochs=5;regularisation=0.01;alpha=10.0|frac=0.25,ml100k,als,0.25,1,0.037442825019894,0.080593849416755,,,16.0,5.0,0.01,10.0,,,,,,,
als|factors=16;epochs=5;regularisation=0.01;alpha=40.0|frac=0.25,ml100k,als,0.25,1,0.034190485904108,0.077412513255567,,,16.0,5.0,0.01,40.0,,,,,,,
als|factors=16;epochs=5;regularisation=0.1;alpha=1.0|frac=0.25,ml100k,als,0.25,1,0.036768372358733,0.079533404029692,,,16.0,5.0,0.1,1.0,,,,,,,
als|factors=16;epochs=5;regularisation=0.1;alpha=10.0|frac=0.25,ml100k,als,0.25,1,0.037411304486305,0.081654294803817,,,16.0,5.0,0.1,10.0,,,,,,,
als|factors=16;epochs=5;regularisation=0.1;alpha=40.0|frac=0.25,ml100k,als,0.25,1,0.034365224255593005,0.077412513255567,,,16.0,5.0,0.1,40.0,,,,,,,
als|factors=16;epochs=15;regularisation=0.001;alpha=1.0|frac=0.25,ml100k,als,0.25,1,0.041008341957608004,0.085896076352067,,,16.0,15.0,0.001,1.0,,,,,,,
als|factors=16;epochs=15;regularisation=0.001;alpha=10.0|frac=0.25,ml100k,als,0.25,1,0.043175657920162,0.089077412513255,,,16.0,15.0,0.001,10.0,,,,,,,
als|factors=16;epochs=15;regularisation=0.001;alpha=40.0|frac=0.25,ml100k,als,0.25,1,0.039419580687942005,0.090137857900318,,,16.0,15.0,0.001,40.0,,,,,,,
als|factors=16;epochs=15;regularisation=0.01;alpha=1.0|frac=0.25,ml100k,als,0.25,1,0.040701804495977004,0.084835630965005,,,16.0,15.0,0.01,1.0,,,,,,,
als|factors=16;epochs=15;regularisation=0.01;alpha=10.0|frac=0.25,ml100k,als,0.25,1,0.043605640744155,0.090137857900318,,,16.0,15.0,0.01,10.0,,,,,,,
als|factors=16;epochs=15;regularisation=0.01;alpha=40.0|frac=0.25,ml100k,als,0.25,1,0.039132369681854004,0.090137857900318,,,16.0,15.0,0.01,40.0,,,,,,,
als|factors=16;epochs=15;regularisation=0.1;alpha=1.0|frac=0.25,ml100k,als,0.25,1,0.04066930648948,0.084835630965005,,,16.0,15.0,0.1,1.0,,,,,,,
als|factors=16;epochs=15;regularisation=0.1;alpha=10.0|frac=0.25,ml100k,als,0.25,1,0.043203540651180004,0.092258748674443,,,16.0,15.0,0.1,10.0,,,,,,,
als|factors=16;epochs=15;regularisation=0.1;alpha=40.0|frac=0.25,ml100k,als,0.25,1,0.039271893924282,0.090137857900318,,,16.0,15.0,0.1,40.0,,,,,,,
als|factors=16;epochs=30;regularisation=0.001;alpha=1.0|frac=0.25,ml100k,als,0.25,1,0.040734040924517004,0.08271474019088,,,16.0,30.0,0.001,1.0,,,,,,,
als|factors=16;epochs=30;regularisation=0.001;alpha=10.0|frac=0.25,ml100k,als,0.25,1,0.045227341508267,0.09544008483563,,,16.0,30.0,0.001,10.0,,,,,,,
als|factors=16;epochs=30;regularisation=0.001;alpha=40.0|frac=0.25,ml100k,als,0.25,1,0.043195863184780005,0.092258748674443,,,16.0,30.0,0.001,40.0,,,,,,,
als|factors=16;epochs=30;regularisation=0.01;alpha=1.0|frac=0.25,ml100k,als,0.25,1,0.040203818230986,0.08271474019088,,,16.0,30.0,0.01,1.0,,,,,,,
als|factors=16;epochs=30;regularisation=0.01;alpha=10.0|frac=0.25,ml100k,als,0.25,1,0.044834601913791,0.094379639448568,,,16.0,30.0,0.01,10.0,,,,,,,
als|factors=16;epochs=30;regularisation=0.01;alpha=40.0|frac=0.25,ml100k,als,0.25,1,0.040901777250248,0.090137857900318,,,16.0,30.0,0.01,40.0,,,,,,,
als|factors=16;epochs=30;regularisation=0.1;alpha=1.0|frac=0.25,ml100k,als,0.25,1,0.040104566292574,0.08271474019088,,,16.0,30.0,0.1,1.0,,,,,,,
als|factors=16;epochs=30;regularisation=0.1;alpha=10.0|frac=0.25,ml100k,als,0.25,1,0.044245626708067004,0.094379639448568,,,16.0,30.0,0.1,10.0,,,,,,,
als|factors=16;epochs=30;regularisation=0.1;alpha=40.0|frac=0.25,ml100k,als,0.25,1,0.043508890610302005,0.094379639448568,,,16.0,30.0,0.1,40.0,,,,,,,
als|factors=32;epochs=5;regularisation=0.001;alpha=1.0|frac=0.25,ml100k,als,0.25,1,0.044062913358181,0.088016967126193,,,32.0,5.0,0.001,1.0,,,,,,,
als|factors=32;epochs=5;regularisation=0.001;alpha=10.0|frac=0.25,ml100k,als,0.25,1,0.042343736838089,0.093319194061505,,,32.0,5.0,0.001,10.0,,,,,,,
als|factors=32;epochs=5;regularisation=0.001;alpha=40.0|frac=0.25,ml100k,als,0.25,1,0.035062538078018006,0.072110286320254,,,32.0,5.0,0.001,40.0,,,,,,,
als|factors=32;epochs=5;regularisation=0.01;alpha=1.0|frac=0.25,ml100k,als,0.25,1,0.044554767367437006,0.089077412513255,,,32.0,5.0,0.01,1.0,,,,,,,
als|factors=32;epochs=5;regularisation=0.01;alpha=10.0|frac=0.25,ml100k,als,0.25,1,0.042509162323696004,0.093319194061505,,,32.0,5.0,0.01,10.0,,,,,,,
als|factors=32;epochs=5;regularisation=0.01;alpha=40.0|frac=0.25,ml100k,als,0.25,1,0.035497195868016,0.073170731707317,,,32.0,5.0,0.01,40.0,,,,,,,
als|factors=32;epochs=5;regularisation=0.1;alpha=1.0|frac=0.25,ml100k,als,0.25,1,0.044667373327825007,0.089077412513255,,,32.0,5.0,0.1,1.0,,,,,,,
als|factors=32;epochs=5;regularisation=0.1;alpha=10.0|frac=0.25,ml100k,als,0.25,1,0.042094953085756004,0.09119830328738,,,32.0,5.0,0.1,10.0,,,,,,,
als|factors=32;epochs=5;regularisation=0.1;alpha=40.0|frac=0.25,ml100k,als,0.25,1,0.035674369397196,0.075291622481442,,,32.0,5.0,0.1,40.0,,,,,,,
als|factors=32;epochs=15;regularisation=0.001;alpha=1.0|frac=0.25,ml100k,als,0.25,1,0.044565397009013005,0.090137857900318,,,32.0,15.0,0.001,1.0,,,,,,,
als|factors=32;epochs=15;regularisation=0.001;alpha=10.0|frac=0.25,ml100k,als,0.25,1,0.04322670230831,0.094379639448568,,,32.0,15.0,0.001,10.0,,,,,,,
als|factors=32;epochs=15;regularisation=0.001;alpha=40.0|frac=0.25,ml100k,als,0.25,1,0.034567726817038,0.075291622481442,,,32.0,15.0,0.001,40.0,,,,,,,
als|factors=32;epochs=15;regularisation=0.01;alpha=1.0|frac=0.25,ml100k,als,0.25,1,0.044565397009013005,0.090137857900318,,,32.0,15.0,0.01,1.0,,,,,,,
als|factors=32;epochs=15;regularisation=0.01;alpha=10.0|frac=0.25,ml100k,als,0.25,1,0.043116306532173,0.094379639448568,,,32.0,15.0,0.01,10.0,,,,,,,
als|factors=32;epochs=15;regularisation=0.01;alpha=40.0|frac=0.25,ml100k,als,0.25,1,0.037277708026262006,0.081654294803817,,,32.0,15.0,0.01,40.0,,,,,,,
als|factors=32;epochs=15;regularisation=0.1;alpha=1.0|frac=0.25,ml100k,als,0.25,1,0.044573697373713,0.090137857900318,,,32.0,15.0,0.1,1.0,,,,,,,
als|factors=32;epochs=15;regularisation=0.1;alpha=10.0|frac=0.25,ml100k,als,0.25,1,0.043073481793489,0.092258748674443,,,32.0,15.0,0.1,10.0,,,,,,,
als|factors=32;epochs=15;regularisation=0.1;alpha=40.0|frac=0.25,ml100k,als,0.25,1,0.038029113811762,0.08271474019088,,,32.0,15.0,0.1,40.0,,,,,,,
als|factors=32;epochs=30;regularisation=0.001;alpha=1.0|frac=0.25,ml100k,als,0.25,1,0.044877299162369,0.089077412513255,,,32.0,30.0,0.001,1.0,,,,,,,
als|factors=32;epochs=30;regularisation=0.001;alpha=10.0|frac=0.25,ml100k,als,0.25,1,0.038126002699241004,0.08695652173913,,,32.0,30.0,0.001,10.0,,,,,,,
als|factors=32;epochs=30;regularisation=0.001;alpha=40.0|frac=0.25,ml100k,als,0.25,1,0.038328610041359006,0.083775185577942,,,32.0,30.0,0.001,40.0,,,,,,,
als|factors=32;epochs=30;regularisation=0.01;alpha=1.0|frac=0.25,ml100k,als,0.25,1,0.044893628690229004,0.089077412513255,,,32.0,30.0,0.01,1.0,,,,,,,
als|factors=32;epochs=30;regularisation=0.01;alpha=10.0|frac=0.25,ml100k,als,0.25,1,0.039099704352343,0.089077412513255,,,32.0,30.0,0.01,10.0,,,,,,,
als|factors=32;epochs=30;regularisation=0.01;alpha=40.0|frac=0.25,ml100k,als,0.25,1,0.038206200982826004,0.08271474019088,,,32.0,30.0,0.01,40.0,,,,,,,
als|factors=32;epochs=30;regularisation=0.1;alpha=1.0|frac=0.25,ml100k,als,0.25,1,0.044787012534337006,0.088016967126193,,,32.0,30.0,0.1,1.0,,,,,,,
als|factors=32;epochs=30;regularisation=0.1;alpha=10.0|frac=0.25,ml100k,als,0.25,1,0.039984154788888004,0.088016967126193,,,32.0,30.0,0.1,10.0,,,,,,,
als|factors=32;epochs=30;regularisation=0.1;alpha=40.0|frac=0.25,ml100k,als,0.25,1,0.037266542364293005,0.081654294803817,,,32.0,30.0,0.1,40.0,,,,,,,
als|factors=64;epochs=5;regularisation=0.001;alpha=1.0|frac=0.25,ml100k,als,0.25,1,0.041467879243498006,0.085896076352067,,,64.0,5.0,0.001,1.0,,,,,,,
als|factors=64;epochs=5;regularisation=0.001;alpha=10.0|frac=0.25,ml100k,als,0.25,1,0.037914675491682,0.081654294803817,,,64.0,5.0,0.001,10.0,,,,,,,
als|factors=64;epochs=5;regularisation=0.001;alpha=40.0|frac=0.25,ml100k,als,0.25,1,0.037329190703497,0.08271474019088,,,64.0,5.0,0.001,40.0,,,,,,,
als|factors=64;epochs=5;regularisation=0.01;alpha=1.0|frac=0.25,ml100k,als,0.25,1,0.041510132075256,0.085896076352067,,,64.0,5.0,0.01,1.0,,,,,,,
als|factors=64;epochs=5;regularisation=0.01;alpha=10.0|frac=0.25,ml100k,als,0.25,1,0.038428136321553,0.083775185577942,,,64.0,5.0,0.01,10.0,,,,,,,
als|factors=64;epochs=5;regularisation=0.01;alpha=40.0|frac=0.25,ml100k,als,0.25,1,0.03744320822455,0.08271474019088,,,64.0,5.0,0.01,40.0,,,,,,,
als|factors=64;epochs=5;regularisation=0.1;alpha=1.0|frac=0.25,ml100k,als,0.25,1,0.041116771814833,0.08695652173913,,,64.0,5.0,0.1,1.0,,,,,,,
als|factors=64;epochs=5;regularisation=0.1;alpha=10.0|frac=0.25,ml100k,als,0.25,1,0.039716892817479005,0.090137857900318,,,64.0,5.0,0.1,10.0,,,,,,,
als|factors=64;epochs=5;regularisation=0.1;alpha=40.0|frac=0.25,ml100k,als,0.25,1,0.033843687069964004,0.078472958642629,,,64.0,5.0,0.1,40.0,,,,,,,
als|factors=64;epochs=15;regularisation=0.001;alpha=1.0|frac=0.25,ml100k,als,0.25,1,0.040983390318436,0.085896076352067,,,64.0,15.0,0.001,1.0,,,,,,,
als|factors=64;epochs=15;regularisation=0.001;alpha=10.0|frac=0.25,ml100k,als,0.25,1,0.045425323535756006,0.090137857900318,,,64.0,15.0,0.001,10.0,,,,,,,
als|factors=64;epochs=15;regularisation=0.001;alpha=40.0|frac=0.25,ml100k,als,0.25,1,0.040835415555498,0.079533404029692,,,64.0,15.0,0.001,40.0,,,,,,,
als|factors=64;epochs=15;regularisation=0.01;alpha=1.0|frac=0.25,ml100k,als,0.25,1,0.040983390318436,0.085896076352067,,,64.0,15.0,0.01,1.0,,,,,,,
als|factors=64;epochs=15;regularisation=0.01;alpha=10.0|frac=0.25,ml100k,als,0.25,1,0.04512727574636401,0.088016967126193,,,64.0,15.0,0.01,10.0,,,,,,,
als|factors=64;epochs=15;regularisation=0.01;alpha=40.0|frac=0.25,ml100k,als,0.25,1,0.040569992923727004,0.078472958642629,,,64.0,15.0,0.01,40.0,,,,,,,
als|factors=64;epochs=15;regularisation=0.1;alpha=1.0|frac=0.25,ml100k,als,0.25,1,0.041624362833639,0.088016967126193,,,64.0,15.0,0.1,1.0,,,,,,,
als|factors=64;epochs=15;regularisation=0.1;alpha=10.0|frac=0.25,ml100k,als,0.25,1,0.042786298826376,0.085896076352067,,,64.0,15.0,0.1,10.0,,,,,,,
als|factors=64;epochs=15;regularisation=0.1;alpha=40.0|frac=0.25,ml100k,als,0.25,1,0.038573143912747,0.075291622481442,,,64.0,15.0,0.1,40.0,,,,,,,
als|factors=64;epochs=30;regularisation=0.001;alpha=1.0|frac=0.25,ml100k,als,0.25,1,0.042324842514621,0.090137857900318,,,64.0,30.0,0.001,1.0,,,,,,,
als|factors=64;epochs=30;regularisation=0.001;alpha=10.0|frac=0.25,ml100k,als,0.25,1,0.045782425620329005,0.08695652173913,,,64.0,30.0,0.001,10.0,,,,,,,
als|factors=64;epochs=30;regularisation=0.001;alpha=40.0|frac=0.25,ml100k,als,0.25,1,0.043746914906066005,0.088016967126193,,,64.0,30.0,0.001,40.0,,,,,,,
als|factors=64;epochs=30;regularisation=0.01;alpha=1.0|frac=0.25,ml100k,als,0.25,1,0.042324842514621,0.090137857900318,,,64.0,30.0,0.01,1.0,,,,,,,
als|factors=64;epochs=30;regularisation=0.01;alpha=10.0|frac=0.25,ml100k,als,0.25,1,0.04652700324239201,0.089077412513255,,,64.0,30.0,0.01,10.0,,,,,,,
als|factors=64;epochs=30;regularisation=0.01;alpha=40.0|frac=0.25,ml100k,als,0.25,1,0.043676076254268004,0.088016967126193,,,64.0,30.0,0.01,40.0,,,,,,,
als|factors=64;epochs=30;regularisation=0.1;alpha=1.0|frac=0.25,ml100k,als,0.25,1,0.043105611046310006,0.092258748674443,,,64.0,30.0,0.1,1.0,,,,,,,
als|factors=64;epochs=30;regularisation=0.1;alpha=10.0|frac=0.25,ml100k,als,0.25,1,0.047089656380269004,0.09119830328738,,,64.0,30.0,0.1,10.0,,,,,,,
als|factors=64;epochs=30;regularisation=0.1;alpha=40.0|frac=0.25,ml100k,als,0.25,1,0.04349471914514701,0.089077412513255,,,64.0,30.0,0.1,40.0,,,,,,,
als|factors=128;epochs=5;regularisation=0.001;alpha=1.0|frac=0.25,ml100k,als,0.25,1,0.040923758172558,0.083775185577942,,,128.0,5.0,0.001,1.0,,,,,,,
als|factors=128;epochs=5;regularisation=0.001;alpha=10.0|frac=0.25,ml100k,als,0.25,1,0.042775774680978006,0.08695652173913,,,128.0,5.0,0.001,10.0,,,,,,,
als|factors=128;epochs=5;regularisation=0.001;alpha=40.0|frac=0.25,ml100k,als,0.25,1,0.039881352751253006,0.073170731707317,,,128.0,5.0,0.001,40.0,,,,,,,
als|factors=128;epochs=5;regularisation=0.01;alpha=1.0|frac=0.25,ml100k,als,0.25,1,0.039969798774505,0.081654294803817,,,128.0,5.0,0.01,1.0,,,,,,,
als|factors=128;epochs=5;regularisation=0.01;alpha=10.0|frac=0.25,ml100k,als,0.25,1,0.043187423493937005,0.088016967126193,,,128.0,5.0,0.01,10.0,,,,,,,
als|factors=128;epochs=5;regularisation=0.01;alpha=40.0|frac=0.25,ml100k,als,0.25,1,0.037353809178414,0.073170731707317,,,128.0,5.0,0.01,40.0,,,,,,,
als|factors=128;epochs=5;regularisation=0.1;alpha=1.0|frac=0.25,ml100k,als,0.25,1,0.040599037663020004,0.084835630965005,,,128.0,5.0,0.1,1.0,,,,,,,
als|factors=128;epochs=5;regularisation=0.1;alpha=10.0|frac=0.25,ml100k,als,0.25,1,0.043086967479973,0.08695652173913,,,128.0,5.0,0.1,10.0,,,,,,,
als|factors=128;epochs=5;regularisation=0.1;alpha=40.0|frac=0.25,ml100k,als,0.25,1,0.037942352209570006,0.077412513255567,,,128.0,5.0,0.1,40.0,,,,,,,
als|factors=128;epochs=15;regularisation=0.001;alpha=1.0|frac=0.25,ml100k,als,0.25,1,0.044312633933844006,0.093319194061505,,,128.0,15.0,0.001,1.0,,,,,,,
als|factors=128;epochs=15;regularisation=0.001;alpha=10.0|frac=0.25,ml100k,als,0.25,1,0.041939815615292,0.084835630965005,,,128.0,15.0,0.001,10.0,,,,,,,
als|factors=128;epochs=15;regularisation=0.001;alpha=40.0|frac=0.25,ml100k,als,0.25,1,0.040856908597415004,0.083775185577942,,,128.0,15.0,0.001,40.0,,,,,,,
als|factors=128;epochs=15;regularisation=0.01;alpha=1.0|frac=0.25,ml100k,als,0.25,1,0.04428751638558601,0.093319194061505,,,128.0,15.0,0.01,1.0,,,,,,,
als|factors=128;epochs=15;regularisation=0.01;alpha=10.0|frac=0.25,ml100k,als,0.25,1,0.041902067596964,0.085896076352067,,,128.0,15.0,0.01,10.0,,,,,,,
als|factors=128;epochs=15;regularisation=0.01;alpha=40.0|frac=0.25,ml100k,als,0.25,1,0.039645952476454006,0.08271474019088,,,128.0,15.0,0.01,40.0,,,,,,,
als|factors=128;epochs=15;regularisation=0.1;alpha=1.0|frac=0.25,ml100k,als,0.25,1,0.043916502738443004,0.093319194061505,,,128.0,15.0,0.1,1.0,,,,,,,
als|factors=128;epochs=15;regularisation=0.1;alpha=10.0|frac=0.25,ml100k,als,0.25,1,0.041754008658994,0.084835630965005,,,128.0,15.0,0.1,10.0,,,,,,,
als|factors=128;epochs=15;regularisation=0.1;alpha=40.0|frac=0.25,ml100k,als,0.25,1,0.038779296997655005,0.077412513255567,,,128.0,15.0,0.1,40.0,,,,,,,
als|factors=128;epochs=30;regularisation=0.001;alpha=1.0|frac=0.25,ml100k,als,0.25,1,0.044095090748238,0.090137857900318,,,128.0,30.0,0.001,1.0,,,,,,,
als|factors=128;epochs=30;regularisation=0.001;alpha=10.0|frac=0.25,ml100k,als,0.25,1,0.041546428780766004,0.079533404029692,,,128.0,30.0,0.001,10.0,,,,,,,
als|factors=128;epochs=30;regularisation=0.001;alpha=40.0|frac=0.25,ml100k,als,0.25,1,0.041969698435231004,0.08271474019088,,,128.0,30.0,0.001,40.0,,,,,,,
als|factors=128;epochs=30;regularisation=0.01;alpha=1.0|frac=0.25,ml100k,als,0.25,1,0.044356110297400005,0.09119830328738,,,128.0,30.0,0.01,1.0,,,,,,,
als|factors=128;epochs=30;regularisation=0.01;alpha=10.0|frac=0.25,ml100k,als,0.25,1,0.04086842007712101,0.080593849416755,,,128.0,30.0,0.01,10.0,,,,,,,
als|factors=128;epochs=30;regularisation=0.01;alpha=40.0|frac=0.25,ml100k,als,0.25,1,0.039687460960062,0.075291622481442,,,128.0,30.0,0.01,40.0,,,,,,,
als|factors=128;epochs=30;regularisation=0.1;alpha=1.0|frac=0.25,ml100k,als,0.25,1,0.043993911817275,0.09119830328738,,,128.0,30.0,0.1,1.0,,,,,,,
als|factors=128;epochs=30;regularisation=0.1;alpha=10.0|frac=0.25,ml100k,als,0.25,1,0.039065233369893,0.078472958642629,,,128.0,30.0,0.1,10.0,,,,,,,
als|factors=128;epochs=30;regularisation=0.1;alpha=40.0|frac=0.25,ml100k,als,0.25,1,0.040377074926022,0.079533404029692,,,128.0,30.0,0.1,40.0,,,,,,,
als|factors=16;epochs=5;regularisation=0.001;alpha=1.0|frac=0.5,ml100k,als,0.5,1,0.043011522392588,0.085896076352067,,,16.0,5.0,0.001,1.0,,,,,,,
als|factors=16;epochs=5;regularisation=0.001;alpha=10.0|frac=0.5,ml100k,als,0.5,1,0.040487109474528,0.090137857900318,,,16.0,5.0,0.001,10.0,,,,,,,
als|factors=16;epochs=5;regularisation=0.001;alpha=40.0|frac=0.5,ml100k,als,0.5,1,0.039098842418543,0.088016967126193,,,16.0,5.0,0.001,40.0,,,,,,,
als|factors=16;epochs=5;regularisation=0.01;alpha=1.0|frac=0.5,ml100k,als,0.5,1,0.043011522392588,0.085896076352067,,,16.0,5.0,0.01,1.0,,,,,,,
als|factors=16;epochs=5;regularisation=0.01;alpha=10.0|frac=0.5,ml100k,als,0.5,1,0.040658444202176,0.09119830328738,,,16.0,5.0,0.01,10.0,,,,,,,
als|factors=16;epochs=5;regularisation=0.01;alpha=40.0|frac=0.5,ml100k,als,0.5,1,0.038064387382652005,0.08695652173913,,,16.0,5.0,0.01,40.0,,,,,,,
als|factors=16;epochs=5;regularisation=0.1;alpha=1.0|frac=0.5,ml100k,als,0.5,1,0.042976073894297,0.085896076352067,,,16.0,5.0,0.1,1.0,,,,,,,
als|factors=16;epochs=5;regularisation=0.1;alpha=10.0|frac=0.5,ml100k,als,0.5,1,0.040161362326845,0.089077412513255,,,16.0,5.0,0.1,10.0,,,,,,,
als|factors=16;epochs=5;regularisation=0.1;alpha=40.0|frac=0.5,ml100k,als,0.5,1,0.038179952312629,0.088016967126193,,,16.0,5.0,0.1,40.0,,,,,,,
als|factors=16;epochs=15;regularisation=0.001;alpha=1.0|frac=0.5,ml100k,als,0.5,1,0.046166132265689004,0.097560975609756,,,16.0,15.0,0.001,1.0,,,,,,,
als|factors=16;epochs=15;regularisation=0.001;alpha=10.0|frac=0.5,ml100k,als,0.5,1,0.044077779174019005,0.09544008483563,,,16.0,15.0,0.001,10.0,,,,,,,
als|factors=16;epochs=15;regularisation=0.001;alpha=40.0|frac=0.5,ml100k,als,0.5,1,0.037121937885416005,0.083775185577942,,,16.0,15.0,0.001,40.0,,,,,,,
als|factors=16;epochs=15;regularisation=0.01;alpha=1.0|frac=0.5,ml100k,als,0.5,1,0.046150824862590006,0.097560975609756,,,16.0,15.0,0.01,1.0,,,,,,,
als|factors=16;epochs=15;regularisation=0.01;alpha=10.0|frac=0.5,ml100k,als,0.5,1,0.044362679157390006,0.096500530222693,,,16.0,15.0,0.01,10.0,,,,,,,
als|factors=16;epochs=15;regularisation=0.01;alpha=40.0|frac=0.5,ml100k,als,0.5,1,0.036620291993610006,0.080593849416755,,,16.0,15.0,0.01,40.0,,,,,,,
als|factors=16;epochs=15;regularisation=0.1;alpha=1.0|frac=0.5,ml100k,als,0.5,1,0.045899158679876005,0.096500530222693,,,16.0,15.0,0.1,1.0,,,,,,,
als|factors=16;epochs=15;regularisation=0.1;alpha=10.0|frac=0.5,ml100k,als,0.5,1,0.044372284063985,0.096500530222693,,,16.0,15.0,0.1,10.0,,,,,,,
als|factors=16;epochs=15;regularisation=0.1;alpha=40.0|frac=0.5,ml100k,als,0.5,1,0.037030763440766,0.08271474019088,,,16.0,15.0,0.1,40.0,,,,,,,
als|factors=16;epochs=30;regularisation=0.001;alpha=1.0|frac=0.5,ml100k,als,0.5,1,0.050076151094976006,0.103923647932131,,,16.0,30.0,0.001,1.0,,,,,,,
als|factors=16;epochs=30;regularisation=0.001;alpha=10.0|frac=0.5,ml100k,als,0.5,1,0.045394858775365005,0.098621420996818,,,16.0,30.0,0.001,10.0,,,,,,,
als|factors=16;epochs=30;regularisation=0.001;alpha=40.0|frac=0.5,ml100k,als,0.5,1,0.037484776322098005,0.081654294803817,,,16.0,30.0,0.001,40.0,,,,,,,
als|factors=16;epochs=30;regularisation=0.01;alpha=1.0|frac=0.5,ml100k,als,0.5,1,0.050051894622256,0.103923647932131,,,16.0,30.0,0.01,1.0,,,,,,,
als|factors=16;epochs=30;regularisation=0.01;alpha=10.0|frac=0.5,ml100k,als,0.5,1,0.046026791133203,0.100742311770943,,,16.0,30.0,0.01,10.0,,,,,,,
als|factors=16;epochs=30;regularisation=0.01;alpha=40.0|frac=0.5,ml100k,als,0.5,1,0.036488823361305,0.079533404029692,,,16.0,30.0,0.01,40.0,,,,,,,
als|factors=16;epochs=30;regularisation=0.1;alpha=1.0|frac=0.5,ml100k,als,0.5,1,0.049033949313059,0.101802757158006,,,16.0,30.0,0.1,1.0,,,,,,,
als|factors=16;epochs=30;regularisation=0.1;alpha=10.0|frac=0.5,ml100k,als,0.5,1,0.046111538805487004,0.100742311770943,,,16.0,30.0,0.1,10.0,,,,,,,
als|factors=16;epochs=30;regularisation=0.1;alpha=40.0|frac=0.5,ml100k,als,0.5,1,0.036217639689193004,0.079533404029692,,,16.0,30.0,0.1,40.0,,,,,,,
als|factors=32;epochs=5;regularisation=0.001;alpha=1.0|frac=0.5,ml100k,als,0.5,1,0.04791641297355,0.099681866383881,,,32.0,5.0,0.001,1.0,,,,,,,
als|factors=32;epochs=5;regularisation=0.001;alpha=10.0|frac=0.5,ml100k,als,0.5,1,0.046303028892433006,0.098621420996818,,,32.0,5.0,0.001,10.0,,,,,,,
als|factors=32;epochs=5;regularisation=0.001;alpha=40.0|frac=0.5,ml100k,als,0.5,1,0.042992503950891006,0.089077412513255,,,32.0,5.0,0.001,40.0,,,,,,,
als|factors=32;epochs=5;regularisation=0.01;alpha=1.0|frac=0.5,ml100k,als,0.5,1,0.047929101382188005,0.099681866383881,,,32.0,5.0,0.01,1.0,,,,,,,
als|factors=32;epochs=5;regularisation=0.01;alpha=10.0|frac=0.5,ml100k,als,0.5,1,0.046636016617496,0.099681866383881,,,32.0,5.0,0.01,10.0,,,,,,,
als|factors=32;epochs=5;regularisation=0.01;alpha=40.0|frac=0.5,ml100k,als,0.5,1,0.044576887128409,0.090137857900318,,,32.0,5.0,0.01,40.0,,,,,,,
als|factors=32;epochs=5;regularisation=0.1;alpha=1.0|frac=0.5,ml100k,als,0.5,1,0.047571920528711,0.098621420996818,,,32.0,5.0,0.1,1.0,,,,,,,
als|factors=32;epochs=5;regularisation=0.1;alpha=10.0|frac=0.5,ml100k,als,0.5,1,0.046499561730794,0.101802757158006,,,32.0,5.0,0.1,10.0,,,,,,,
als|factors=32;epochs=5;regularisation=0.1;alpha=40.0|frac=0.5,ml100k,als,0.5,1,0.046715704004556005,0.09119830328738,,,32.0,5.0,0.1,40.0,,,,,,,
als|factors=32;epochs=15;regularisation=0.001;alpha=1.0|frac=0.5,ml100k,als,0.5,1,0.049026637198648006,0.106044538706256,,,32.0,15.0,0.001,1.0,,,,,,,
als|factors=32;epochs=15;regularisation=0.001;alpha=10.0|frac=0.5,ml100k,als,0.5,1,0.049131938793313006,0.099681866383881,,,32.0,15.0,0.001,10.0,,,,,,,
als|factors=32;epochs=15;regularisation=0.001;alpha=40.0|frac=0.5,ml100k,als,0.5,1,0.046976518373772,0.097560975609756,,,32.0,15.0,0.001,40.0,,,,,,,
als|factors=32;epochs=15;regularisation=0.01;alpha=1.0|frac=0.5,ml100k,als,0.5,1,0.049026637198648006,0.106044538706256,,,32.0,15.0,0.01,1.0,,,,,,,
als|factors=32;epochs=15;regularisation=0.01;alpha=10.0|frac=0.5,ml100k,als,0.5,1,0.049274794651946,0.100742311770943,,,32.0,15.0,0.01,10.0,,,,,,,
als|factors=32;epochs=15;regularisation=0.01;alpha=40.0|frac=0.5,ml100k,als,0.5,1,0.047768580527547004,0.099681866383881,,,32.0,15.0,0.01,40.0,,,,,,,
als|factors=32;epochs=15;regularisation=0.1;alpha=1.0|frac=0.5,ml100k,als,0.5,1,0.049367614783035,0.106044538706256,,,32.0,15.0,0.1,1.0,,,,,,,
als|factors=32;epochs=15;regularisation=0.1;alpha=10.0|frac=0.5,ml100k,als,0.5,1,0.050181560717879006,0.103923647932131,,,32.0,15.0,0.1,10.0,,,,,,,
als|factors=32;epochs=15;regularisation=0.1;alpha=40.0|frac=0.5,ml100k,als,0.5,1,0.049348983698110006,0.097560975609756,,,32.0,15.0,0.1,40.0,,,,,,,
als|factors=32;epochs=30;regularisation=0.001;alpha=1.0|frac=0.5,ml100k,als,0.5,1,0.049321813561077,0.106044538706256,,,32.0,30.0,0.001,1.0,,,,,,,
als|factors=32;epochs=30;regularisation=0.001;alpha=10.0|frac=0.5,ml100k,als,0.5,1,0.045160169093762005,0.094379639448568,,,32.0,30.0,0.001,10.0,,,,,,,
als|factors=32;epochs=30;regularisation=0.001;alpha=40.0|frac=0.5,ml100k,als,0.5,1,0.043526292773902006,0.09119830328738,,,32.0,30.0,0.001,40.0,,,,,,,
als|factors=32;epochs=30;regularisation=0.01;alpha=1.0|frac=0.5,ml100k,als,0.5,1,0.04937192737472,0.106044538706256,,,32.0,30.0,0.01,1.0,,,,,,,
als|factors=32;epochs=30;regularisation=0.01;alpha=10.0|frac=0.5,ml100k,als,0.5,1,0.044228939479552004,0.09119830328738,,,32.0,30.0,0.01,10.0,,,,,,,
als|factors=32;epochs=30;regularisation=0.01;alpha=40.0|frac=0.5,ml100k,als,0.5,1,0.046617284363135,0.096500530222693,,,32.0,30.0,0.01,40.0,,,,,,,
als|factors=32;epochs=30;regularisation=0.1;alpha=1.0|frac=0.5,ml100k,als,0.5,1,0.049172290758305,0.107104984093319,,,32.0,30.0,0.1,1.0,,,,,,,
als|factors=32;epochs=30;regularisation=0.1;alpha=10.0|frac=0.5,ml100k,als,0.5,1,0.043740810243927,0.093319194061505,,,32.0,30.0,0.1,10.0,,,,,,,
als|factors=32;epochs=30;regularisation=0.1;alpha=40.0|frac=0.5,ml100k,als,0.5,1,0.046870605874348006,0.09544008483563,,,32.0,30.0,0.1,40.0,,,,,,,
als|factors=64;epochs=5;regularisation=0.001;alpha=1.0|frac=0.5,ml100k,als,0.5,1,0.044725026973558006,0.090137857900318,,,64.0,5.0,0.001,1.0,,,,,,,
als|factors=64;epochs=5;regularisation=0.001;alpha=10.0|frac=0.5,ml100k,als,0.5,1,0.042754895257992004,0.088016967126193,,,64.0,5.0,0.001,10.0,,,,,,,
als|factors=64;epochs=5;regularisation=0.001;alpha=40.0|frac=0.5,ml100k,als,0.5,1,0.042089617306882,0.08695652173913,,,64.0,5.0,0.001,40.0,,,,,,,
als|factors=64;epochs=5;regularisation=0.01;alpha=1.0|frac=0.5,ml100k,als,0.5,1,0.044607750637133,0.090137857900318,,,64.0,5.0,0.01,1.0,,,,,,,
als|factors=64;epochs=5;regularisation=0.01;alpha=10.0|frac=0.5,ml100k,als,0.5,1,0.043214448770446,0.09119830328738,,,64.0,5.0,0.01,10.0,,,,,,,
als|factors=64;epochs=5;regularisation=0.01;alpha=40.0|frac=0.5,ml100k,als,0.5,1,0.040788721001182006,0.084835630965005,,,64.0,5.0,0.01,40.0,,,,,,,
als|factors=64;epochs=5;regularisation=0.1;alpha=1.0|frac=0.5,ml100k,als,0.5,1,0.043420693026792,0.08695652173913,,,64.0,5.0,0.1,1.0,,,,,,,
als|factors=64;epochs=5;regularisation=0.1;alpha=10.0|frac=0.5,ml100k,als,0.5,1,0.043098326189197005,0.09119830328738,,,64.0,5.0,0.1,10.0,,,,,,,
als|factors=64;epochs=5;regularisation=0.1;alpha=40.0|frac=0.5,ml100k,als,0.5,1,0.037770832383778,0.079533404029692,,,64.0,5.0,0.1,40.0,,,,,,,
als|factors=64;epochs=15;regularisation=0.001;alpha=1.0|frac=0.5,ml100k,als,0.5,1,0.051307659706866,0.111346765641569,,,64.0,15.0,0.001,1.0,,,,,,,
als|factors=64;epochs=15;regularisation=0.001;alpha=10.0|frac=0.5,ml100k,als,0.5,1,0.048764103474773,0.099681866383881,,,64.0,15.0,0.001,10.0,,,,,,,
als|factors=64;epochs=15;regularisation=0.001;alpha=40.0|frac=0.5,ml100k,als,0.5,1,0.039266172381478004,0.08271474019088,,,64.0,15.0,0.001,40.0,,,,,,,
als|factors=64;epochs=15;regularisation=0.01;alpha=1.0|frac=0.5,ml100k,als,0.5,1,0.051270714825508004,0.111346765641569,,,64.0,15.0,0.01,1.0,,,,,,,
als|factors=64;epochs=15;regularisation=0.01;alpha=10.0|frac=0.5,ml100k,als,0.5,1,0.04903410786140001,0.100742311770943,,,64.0,15.0,0.01,10.0,,,,,,,
als|factors=64;epochs=15;regularisation=0.01;alpha=40.0|frac=0.5,ml100k,als,0.5,1,0.041342414983341,0.088016967126193,,,64.0,15.0,0.01,40.0,,,,,,,
als|factors=64;epochs=15;regularisation=0.1;alpha=1.0|frac=0.5,ml100k,als,0.5,1,0.050874805751447004,0.110286320254506,,,64.0,15.0,0.1,1.0,,,,,,,
als|factors=64;epochs=15;regularisation=0.1;alpha=10.0|frac=0.5,ml100k,als,0.5,1,0.049511535691968006,0.099681866383881,,,64.0,15.0,0.1,10.0,,,,,,,
als|factors=64;epochs=15;regularisation=0.1;alpha=40.0|frac=0.5,ml100k,als,0.5,1,0.041028079403736005,0.085896076352067,,,64.0,15.0,0.1,40.0,,,,,,,
als|factors=64;epochs=30;regularisation=0.001;alpha=1.0|frac=0.5,ml100k,als,0.5,1,0.049362862356047005,0.106044538706256,,,64.0,30.0,0.001,1.0,,,,,,,
als|factors=64;epochs=30;regularisation=0.001;alpha=10.0|frac=0.5,ml100k,als,0.5,1,0.052374817514533004,0.102863202545068,,,64.0,30.0,0.001,10.0,,,,,,,
als|factors=64;epochs=30;regularisation=0.001;alpha=40.0|frac=0.5,ml100k,als,0.5,1,0.043891163034753,0.094379639448568,,,64.0,30.0,0.001,40.0,,,,,,,
als|factors=64;epochs=30;regularisation=0.01;alpha=1.0|frac=0.5,ml100k,als,0.5,1,0.049454521465603,0.106044538706256,,,64.0,30.0,0.01,1.0,,,,,,,
als|factors=64;epochs=30;regularisation=0.01;alpha=10.0|frac=0.5,ml100k,als,0.5,1,0.052482739701493,0.101802757158006,,,64.0,30.0,0.01,10.0,,,,,,,
als|factors=64;epochs=30;regularisation=0.01;alpha=40.0|frac=0.5,ml100k,als,0.5,1,0.044595992845103,0.096500530222693,,,64.0,30.0,0.01,40.0,,,,,,,
als|factors=64;epochs=30;regularisation=0.1;alpha=1.0|frac=0.5,ml100k,als,0.5,1,0.04958415209466201,0.106044538706256,,,64.0,30.0,0.1,1.0,,,,,,,
als|factors=64;epochs=30;regularisation=0.1;alpha=10.0|frac=0.5,ml100k,als,0.5,1,0.051570523892065005,0.102863202545068,,,64.0,30.0,0.1,10.0,,,,,,,
als|factors=64;epochs=30;regularisation=0.1;alpha=40.0|frac=0.5,ml100k,als,0.5,1,0.045925907888286,0.098621420996818,,,64.0,30.0,0.1,40.0,,,,,,,
als|factors=128;epochs=5;regularisation=0.001;alpha=1.0|frac=0.5,ml100k,als,0.5,1,0.045420073036444006,0.089077412513255,,,128.0,5.0,0.001,1.0,,,,,,,
als|factors=128;epochs=5;regularisation=0.001;alpha=10.0|frac=0.5,ml100k,als,0.5,1,0.044628922748207005,0.092258748674443,,,128.0,5.0,0.001,10.0,,,,,,,
als|factors=128;epochs=5;regularisation=0.001;alpha=40.0|frac=0.5,ml100k,als,0.5,1,0.045891356974292,0.084835630965005,,,128.0,5.0,0.001,40.0,,,,,,,
als|factors=128;epochs=5;regularisation=0.01;alpha=1.0|frac=0.5,ml100k,als,0.5,1,0.044876307990789004,0.088016967126193,,,128.0,5.0,0.01,1.0,,,,,,,
als|factors=128;epochs=5;regularisation=0.01;alpha=10.0|frac=0.5,ml100k,als,0.5,1,0.04426812616172,0.090137857900318,,,128.0,5.0,0.01,10.0,,,,,,,
als|factors=128;epochs=5;regularisation=0.01;alpha=40.0|frac=0.5,ml100k,als,0.5,1,0.045321991834881004,0.081654294803817,,,128.0,5.0,0.01,40.0,,,,,,,
als|factors=128;epochs=5;regularisation=0.1;alpha=1.0|frac=0.5,ml100k,als,0.5,1,0.045148258029667,0.090137857900318,,,128.0,5.0,0.1,1.0,,,,,,,
als|factors=128;epochs=5;regularisation=0.1;alpha=10.0|frac=0.5,ml100k,als,0.5,1,0.042048313076772,0.088016967126193,,,128.0,5.0,0.1,10.0,,,,,,,
als|factors=128;epochs=5;regularisation=0.1;alpha=40.0|frac=0.5,ml100k,als,0.5,1,0.040957215212945,0.077412513255567,,,128.0,5.0,0.1,40.0,,,,,,,
als|factors=128;epochs=15;regularisation=0.001;alpha=1.0|frac=0.5,ml100k,als,0.5,1,0.049628834991649,0.097560975609756,,,128.0,15.0,0.001,1.0,,,,,,,
als|factors=128;epochs=15;regularisation=0.001;alpha=10.0|frac=0.5,ml100k,als,0.5,1,0.046463778596267005,0.096500530222693,,,128.0,15.0,0.001,10.0,,,,,,,
als|factors=128;epochs=15;regularisation=0.001;alpha=40.0|frac=0.5,ml100k,als,0.5,1,0.044436859764091,0.093319194061505,,,128.0,15.0,0.001,40.0,,,,,,,
als|factors=128;epochs=15;regularisation=0.01;alpha=1.0|frac=0.5,ml100k,als,0.5,1,0.049637882281066005,0.097560975609756,,,128.0,15.0,0.01,1.0,,,,,,,
als|factors=128;epochs=15;regularisation=0.01;alpha=10.0|frac=0.5,ml100k,als,0.5,1,0.046282345900587,0.096500530222693,,,128.0,15.0,0.01,10.0,,,,,,,
als|factors=128;epochs=15;regularisation=0.01;alpha=40.0|frac=0.5,ml100k,als,0.5,1,0.044840738530128,0.09119830328738,,,128.0,15.0,0.01,40.0,,,,,,,
als|factors=128;epochs=15;regularisation=0.1;alpha=1.0|frac=0.5,ml100k,als,0.5,1,0.049124523803799,0.09544008483563,,,128.0,15.0,0.1,1.0,,,,,,,
als|factors=128;epochs=15;regularisation=0.1;alpha=10.0|frac=0.5,ml100k,als,0.5,1,0.045664139963731004,0.093319194061505,,,128.0,15.0,0.1,10.0,,,,,,,
als|factors=128;epochs=15;regularisation=0.1;alpha=40.0|frac=0.5,ml100k,als,0.5,1,0.044364330662811,0.089077412513255,,,128.0,15.0,0.1,40.0,,,,,,,
als|factors=128;epochs=30;regularisation=0.001;alpha=1.0|frac=0.5,ml100k,als,0.5,1,0.049155168585786,0.096500530222693,,,128.0,30.0,0.001,1.0,,,,,,,
als|factors=128;epochs=30;regularisation=0.001;alpha=10.0|frac=0.5,ml100k,als,0.5,1,0.047408553801715006,0.096500530222693,,,128.0,30.0,0.001,10.0,,,,,,,
als|factors=128;epochs=30;regularisation=0.001;alpha=40.0|frac=0.5,ml100k,als,0.5,1,0.043059633736457006,0.088016967126193,,,128.0,30.0,0.001,40.0,,,,,,,
als|factors=128;epochs=30;regularisation=0.01;alpha=1.0|frac=0.5,ml100k,als,0.5,1,0.048545361361905,0.094379639448568,,,128.0,30.0,0.01,1.0,,,,,,,
als|factors=128;epochs=30;regularisation=0.01;alpha=10.0|frac=0.5,ml100k,als,0.5,1,0.045423801993829005,0.092258748674443,,,128.0,30.0,0.01,10.0,,,,,,,
als|factors=128;epochs=30;regularisation=0.01;alpha=40.0|frac=0.5,ml100k,als,0.5,1,0.043820893861812,0.088016967126193,,,128.0,30.0,0.01,40.0,,,,,,,
als|factors=128;epochs=30;regularisation=0.1;alpha=1.0|frac=0.5,ml100k,als,0.5,1,0.048218019239238005,0.094379639448568,,,128.0,30.0,0.1,1.0,,,,,,,
als|factors=128;epochs=30;regularisation=0.1;alpha=10.0|frac=0.5,ml100k,als,0.5,1,0.044715835137119006,0.08695652173913,,,128.0,30.0,0.1,10.0,,,,,,,
als|factors=128;epochs=30;regularisation=0.1;alpha=40.0|frac=0.5,ml100k,als,0.5,1,0.043214630052236004,0.08695652173913,,,128.0,30.0,0.1,40.0,,,,,,,
als|factors=16;epochs=5;regularisation=0.001;alpha=1.0|frac=1.0,ml100k,als,1.0,1,0.073268440612863,0.146341463414634,,,16.0,5.0,0.001,1.0,,,,,,,
als|factors=16;epochs=5;regularisation=0.001;alpha=10.0|frac=1.0,ml100k,als,1.0,1,0.068030607616836,0.136797454931071,,,16.0,5.0,0.001,10.0,,,,,,,
als|factors=16;epochs=5;regularisation=0.001;alpha=40.0|frac=1.0,ml100k,als,1.0,1,0.0568970295815,0.110286320254506,,,16.0,5.0,0.001,40.0,,,,,,,
als|factors=16;epochs=5;regularisation=0.01;alpha=1.0|frac=1.0,ml100k,als,1.0,1,0.07329912538054001,0.146341463414634,,,16.0,5.0,0.01,1.0,,,,,,,
als|factors=16;epochs=5;regularisation=0.01;alpha=10.0|frac=1.0,ml100k,als,1.0,1,0.06828190810858101,0.135737009544008,,,16.0,5.0,0.01,10.0,,,,,,,
als|factors=16;epochs=5;regularisation=0.01;alpha=40.0|frac=1.0,ml100k,als,1.0,1,0.056291830281704,0.108165429480381,,,16.0,5.0,0.01,40.0,,,,,,,
als|factors=16;epochs=5;regularisation=0.1;alpha=1.0|frac=1.0,ml100k,als,1.0,1,0.072249839390106,0.145281018027571,,,16.0,5.0,0.1,1.0,,,,,,,
als|factors=16;epochs=5;regularisation=0.1;alpha=10.0|frac=1.0,ml100k,als,1.0,1,0.067154257382534,0.13255567338282,,,16.0,5.0,0.1,10.0,,,,,,,
als|factors=16;epochs=5;regularisation=0.1;alpha=40.0|frac=1.0,ml100k,als,1.0,1,0.05462907227982101,0.106044538706256,,,16.0,5.0,0.1,40.0,,,,,,,
als|factors=16;epochs=15;regularisation=0.001;alpha=1.0|frac=1.0,ml100k,als,1.0,1,0.07431856191475801,0.147401908801696,,,16.0,15.0,0.001,1.0,,,,,,,
als|factors=16;epochs=15;regularisation=0.001;alpha=10.0|frac=1.0,ml100k,als,1.0,1,0.06361545903813101,0.126193001060445,,,16.0,15.0,0.001,10.0,,,,,,,
als|factors=16;epochs=15;regularisation=0.001;alpha=40.0|frac=1.0,ml100k,als,1.0,1,0.058199846142467,0.110286320254506,,,16.0,15.0,0.001,40.0,,,,,,,
als|factors=16;epochs=15;regularisation=0.01;alpha=1.0|frac=1.0,ml100k,als,1.0,1,0.07391956220660101,0.146341463414634,,,16.0,15.0,0.01,1.0,,,,,,,
als|factors=16;epochs=15;regularisation=0.01;alpha=10.0|frac=1.0,ml100k,als,1.0,1,0.063781877869952,0.12725344644750702,,,16.0,15.0,0.01,10.0,,,,,,,
als|factors=16;epochs=15;regularisation=0.01;alpha=40.0|frac=1.0,ml100k,als,1.0,1,0.05830005286283001,0.111346765641569,,,16.0,15.0,0.01,40.0,,,,,,,
als|factors=16;epochs=15;regularisation=0.1;alpha=1.0|frac=1.0,ml100k,als,1.0,1,0.073604154520838,0.146341463414634,,,16.0,15.0,0.1,1.0,,,,,,,
als|factors=16;epochs=15;regularisation=0.1;alpha=10.0|frac=1.0,ml100k,als,1.0,1,0.063245402791609,0.12407211028632001,,,16.0,15.0,0.1,10.0,,,,,,,
als|factors=16;epochs=15;regularisation=0.1;alpha=40.0|frac=1.0,ml100k,als,1.0,1,0.056188610836937006,0.110286320254506,,,16.0,15.0,0.1,40.0,,,,,,,
als|factors=16;epochs=30;regularisation=0.001;alpha=1.0|frac=1.0,ml100k,als,1.0,1,0.072245625872076,0.146341463414634,,,16.0,30.0,0.001,1.0,,,,,,,
als|factors=16;epochs=30;regularisation=0.001;alpha=10.0|frac=1.0,ml100k,als,1.0,1,0.064869206376478,0.12513255567338202,,,16.0,30.0,0.001,10.0,,,,,,,
als|factors=16;epochs=30;regularisation=0.001;alpha=40.0|frac=1.0,ml100k,als,1.0,1,0.052286739614721,0.097560975609756,,,16.0,30.0,0.001,40.0,,,,,,,
als|factors=16;epochs=30;regularisation=0.01;alpha=1.0|frac=1.0,ml100k,als,1.0,1,0.072245625872076,0.146341463414634,,,16.0,30.0,0.01,1.0,,,,,,,
als|factors=16;epochs=30;regularisation=0.01;alpha=10.0|frac=1.0,ml100k,als,1.0,1,0.064994972385141,0.12513255567338202,,,16.0,30.0,0.01,10.0,,,,,,,
als|factors=16;epochs=30;regularisation=0.01;alpha=40.0|frac=1.0,ml100k,als,1.0,1,0.05284899318849601,0.098621420996818,,,16.0,30.0,0.01,40.0,,,,,,,
als|factors=16;epochs=30;regularisation=0.1;alpha=1.0|frac=1.0,ml100k,als,1.0,1,0.072335303561537,0.146341463414634,,,16.0,30.0,0.1,1.0,,,,,,,
als|factors=16;epochs=30;regularisation=0.1;alpha=10.0|frac=1.0,ml100k,als,1.0,1,0.06380169609748601,0.12407211028632001,,,16.0,30.0,0.1,10.0,,,,,,,
als|factors=16;epochs=30;regularisation=0.1;alpha=40.0|frac=1.0,ml100k,als,1.0,1,0.056032434486075006,0.104984093319194,,,16.0,30.0,0.1,40.0,,,,,,,
als|factors=32;epochs=5;regularisation=0.001;alpha=1.0|frac=1.0,ml100k,als,1.0,1,0.07028755517709301,0.141039236479321,,,32.0,5.0,0.001,1.0,,,,,,,
als|factors=32;epochs=5;regularisation=0.001;alpha=10.0|frac=1.0,ml100k,als,1.0,1,0.06479211839773201,0.12937433722163302,,,32.0,5.0,0.001,10.0,,,,,,,
als|factors=32;epochs=5;regularisation=0.001;alpha=40.0|frac=1.0,ml100k,als,1.0,1,0.059497461521467,0.11558854718981901,,,32.0,5.0,0.001,40.0,,,,,,,
als|factors=32;epochs=5;regularisation=0.01;alpha=1.0|frac=1.0,ml100k,als,1.0,1,0.07030474578049101,0.141039236479321,,,32.0,5.0,0.01,1.0,,,,,,,
als|factors=32;epochs=5;regularisation=0.01;alpha=10.0|frac=1.0,ml100k,als,1.0,1,0.06463892381809301,0.12937433722163302,,,32.0,5.0,0.01,10.0,,,,,,,
als|factors=32;epochs=5;regularisation=0.01;alpha=40.0|frac=1.0,ml100k,als,1.0,1,0.057278541070507005,0.11346765641569401,,,32.0,5.0,0.01,40.0,,,,,,,
als|factors=32;epochs=5;regularisation=0.1;alpha=1.0|frac=1.0,ml100k,als,1.0,1,0.070131896759,0.139978791092258,,,32.0,5.0,0.1,1.0,,,,,,,
als|factors=32;epochs=5;regularisation=0.1;alpha=10.0|frac=1.0,ml100k,als,1.0,1,0.064226461644156,0.12831389183457,,,32.0,5.0,0.1,10.0,,,,,,,
als|factors=32;epochs=5;regularisation=0.1;alpha=40.0|frac=1.0,ml100k,als,1.0,1,0.058105216950567,0.114528101802757,,,32.0,5.0,0.1,40.0,,,,,,,
als|factors=32;epochs=15;regularisation=0.001;alpha=1.0|frac=1.0,ml100k,als,1.0,1,0.072956787416834,0.147401908801696,,,32.0,15.0,0.001,1.0,,,,,,,
als|factors=32;epochs=15;regularisation=0.001;alpha=10.0|frac=1.0,ml100k,als,1.0,1,0.065726687900875,0.136797454931071,,,32.0,15.0,0.001,10.0,,,,,,,
als|factors=32;epochs=15;regularisation=0.001;alpha=40.0|frac=1.0,ml100k,als,1.0,1,0.05815635933821801,0.114528101802757,,,32.0,15.0,0.001,40.0,,,,,,,
als|factors=32;epochs=15;regularisation=0.01;alpha=1.0|frac=1.0,ml100k,als,1.0,1,0.072933863659288,0.147401908801696,,,32.0,15.0,0.01,1.0,,,,,,,
als|factors=32;epochs=15;regularisation=0.01;alpha=10.0|frac=1.0,ml100k,als,1.0,1,0.06496892248710001,0.136797454931071,,,32.0,15.0,0.01,10.0,,,,,,,
als|factors=32;epochs=15;regularisation=0.01;alpha=40.0|frac=1.0,ml100k,als,1.0,1,0.056743360869354005,0.11346765641569401,,,32.0,15.0,0.01,40.0,,,,,,,
als|factors=32;epochs=15;regularisation=0.1;alpha=1.0|frac=1.0,ml100k,als,1.0,1,0.074612169178324,0.149522799575821,,,32.0,15.0,0.1,1.0,,,,,,,
als|factors=32;epochs=15;regularisation=0.1;alpha=10.0|frac=1.0,ml100k,als,1.0,1,0.065814816506039,0.135737009544008,,,32.0,15.0,0.1,10.0,,,,,,,
als|factors=32;epochs=15;regularisation=0.1;alpha=40.0|frac=1.0,ml100k,als,1.0,1,0.058163848752041,0.11983032873807,,,32.0,15.0,0.1,40.0,,,,,,,
als|factors=32;epochs=30;regularisation=0.001;alpha=1.0|frac=1.0,ml100k,als,1.0,1,0.072502971974354,0.142099681866383,,,32.0,30.0,0.001,1.0,,,,,,,
als|factors=32;epochs=30;regularisation=0.001;alpha=10.0|frac=1.0,ml100k,als,1.0,1,0.063730526353453,0.134676564156945,,,32.0,30.0,0.001,10.0,,,,,,,
als|factors=32;epochs=30;regularisation=0.001;alpha=40.0|frac=1.0,ml100k,als,1.0,1,0.059160976803793,0.11770943796394401,,,32.0,30.0,0.001,40.0,,,,,,,
als|factors=32;epochs=30;regularisation=0.01;alpha=1.0|frac=1.0,ml100k,als,1.0,1,0.072181127109625,0.141039236479321,,,32.0,30.0,0.01,1.0,,,,,,,
als|factors=32;epochs=30;regularisation=0.01;alpha=10.0|frac=1.0,ml100k,als,1.0,1,0.063901628695917,0.135737009544008,,,32.0,30.0,0.01,10.0,,,,,,,
als|factors=32;epochs=30;regularisation=0.01;alpha=40.0|frac=1.0,ml100k,als,1.0,1,0.059577779789640004,0.11876988335100701,,,32.0,30.0,0.01,40.0,,,,,,,
als|factors=32;epochs=30;regularisation=0.1;alpha=1.0|frac=1.0,ml100k,als,1.0,1,0.071815116574687,0.139978791092258,,,32.0,30.0,0.1,1.0,,,,,,,
als|factors=32;epochs=30;regularisation=0.1;alpha=10.0|frac=1.0,ml100k,als,1.0,1,0.06602608312360901,0.138918345705196,,,32.0,30.0,0.1,10.0,,,,,,,
als|factors=32;epochs=30;regularisation=0.1;alpha=40.0|frac=1.0,ml100k,als,1.0,1,0.056472174931749004,0.12195121951219501,,,32.0,30.0,0.1,40.0,,,,,,,
als|factors=64;epochs=5;regularisation=0.001;alpha=1.0|frac=1.0,ml100k,als,1.0,1,0.06324391058345401,0.12831389183457,,,64.0,5.0,0.001,1.0,,,,,,,
als|factors=64;epochs=5;regularisation=0.001;alpha=10.0|frac=1.0,ml100k,als,1.0,1,0.063130523513164,0.12513255567338202,,,64.0,5.0,0.001,10.0,,,,,,,
als|factors=64;epochs=5;regularisation=0.001;alpha=40.0|frac=1.0,ml100k,als,1.0,1,0.058321740549447006,0.12195121951219501,,,64.0,5.0,0.001,40.0,,,,,,,
als|factors=64;epochs=5;regularisation=0.01;alpha=1.0|frac=1.0,ml100k,als,1.0,1,0.062884640313721,0.12725344644750702,,,64.0,5.0,0.01,1.0,,,,,,,
als|factors=64;epochs=5;regularisation=0.01;alpha=10.0|frac=1.0,ml100k,als,1.0,1,0.063232235534697,0.126193001060445,,,64.0,5.0,0.01,10.0,,,,,,,
als|factors=64;epochs=5;regularisation=0.01;alpha=40.0|frac=1.0,ml100k,als,1.0,1,0.058253706603587,0.11770943796394401,,,64.0,5.0,0.01,40.0,,,,,,,
als|factors=64;epochs=5;regularisation=0.1;alpha=1.0|frac=1.0,ml100k,als,1.0,1,0.062732797461465,0.12513255567338202,,,64.0,5.0,0.1,1.0,,,,,,,
als|factors=64;epochs=5;regularisation=0.1;alpha=10.0|frac=1.0,ml100k,als,1.0,1,0.059370520033206,0.11876988335100701,,,64.0,5.0,0.1,10.0,,,,,,,
als|factors=64;epochs=5;regularisation=0.1;alpha=40.0|frac=1.0,ml100k,als,1.0,1,0.05808966759681101,0.11664899257688201,,,64.0,5.0,0.1,40.0,,,,,,,
als|factors=64;epochs=15;regularisation=0.001;alpha=1.0|frac=1.0,ml100k,als,1.0,1,0.064881517650086,0.13149522799575802,,,64.0,15.0,0.001,1.0,,,,,,,
als|factors=64;epochs=15;regularisation=0.001;alpha=10.0|frac=1.0,ml100k,als,1.0,1,0.06357113094555901,0.12089077412513201,,,64.0,15.0,0.001,10.0,,,,,,,
als|factors=64;epochs=15;regularisation=0.001;alpha=40.0|frac=1.0,ml100k,als,1.0,1,0.055933956929712,0.11558854718981901,,,64.0,15.0,0.001,40.0,,,,,,,
als|factors=64;epochs=15;regularisation=0.01;alpha=1.0|frac=1.0,ml100k,als,1.0,1,0.06492117261364701,0.13149522799575802,,,64.0,15.0,0.01,1.0,,,,,,,
als|factors=64;epochs=15;regularisation=0.01;alpha=10.0|frac=1.0,ml100k,als,1.0,1,0.061287044387141006,0.11664899257688201,,,64.0,15.0,0.01,10.0,,,,,,,
als|factors=64;epochs=15;regularisation=0.01;alpha=40.0|frac=1.0,ml100k,als,1.0,1,0.053969961687728,0.11558854718981901,,,64.0,15.0,0.01,40.0,,,,,,,
als|factors=64;epochs=15;regularisation=0.1;alpha=1.0|frac=1.0,ml100k,als,1.0,1,0.06603986601962901,0.134676564156945,,,64.0,15.0,0.1,1.0,,,,,,,
als|factors=64;epochs=15;regularisation=0.1;alpha=10.0|frac=1.0,ml100k,als,1.0,1,0.061790603722665004,0.11664899257688201,,,64.0,15.0,0.1,10.0,,,,,,,
als|factors=64;epochs=15;regularisation=0.1;alpha=40.0|frac=1.0,ml100k,als,1.0,1,0.055631713924295,0.11983032873807,,,64.0,15.0,0.1,40.0,,,,,,,
als|factors=64;epochs=30;regularisation=0.001;alpha=1.0|frac=1.0,ml100k,als,1.0,1,0.06681944060530501,0.137857900318133,,,64.0,30.0,0.001,1.0,,,,,,,
als|factors=64;epochs=30;regularisation=0.001;alpha=10.0|frac=1.0,ml100k,als,1.0,1,0.067953229119453,0.130434782608695,,,64.0,30.0,0.001,10.0,,,,,,,
als|factors=64;epochs=30;regularisation=0.001;alpha=40.0|frac=1.0,ml100k,als,1.0,1,0.054334078354321004,0.112407211028632,,,64.0,30.0,0.001,40.0,,,,,,,
als|factors=64;epochs=30;regularisation=0.01;alpha=1.0|frac=1.0,ml100k,als,1.0,1,0.066665796159665,0.137857900318133,,,64.0,30.0,0.01,1.0,,,,,,,
als|factors=64;epochs=30;regularisation=0.01;alpha=10.0|frac=1.0,ml100k,als,1.0,1,0.067913652252458,0.13149522799575802,,,64.0,30.0,0.01,10.0,,,,,,,
als|factors=64;epochs=30;regularisation=0.01;alpha=40.0|frac=1.0,ml100k,als,1.0,1,0.056091067012848,0.11664899257688201,,,64.0,30.0,0.01,40.0,,,,,,,
als|factors=64;epochs=30;regularisation=0.1;alpha=1.0|frac=1.0,ml100k,als,1.0,1,0.06700471333571101,0.138918345705196,,,64.0,30.0,0.1,1.0,,,,,,,
als|factors=64;epochs=30;regularisation=0.1;alpha=10.0|frac=1.0,ml100k,als,1.0,1,0.06622415187868101,0.130434782608695,,,64.0,30.0,0.1,10.0,,,,,,,
als|factors=64;epochs=30;regularisation=0.1;alpha=40.0|frac=1.0,ml100k,als,1.0,1,0.053482731323083,0.114528101802757,,,64.0,30.0,0.1,40.0,,,,,,,
als|factors=128;epochs=5;regularisation=0.001;alpha=1.0|frac=1.0,ml100k,als,1.0,1,0.061617109270359,0.12301166489925701,,,128.0,5.0,0.001,1.0,,,,,,,
als|factors=128;epochs=5;regularisation=0.001;alpha=10.0|frac=1.0,ml100k,als,1.0,1,0.06483247524557201,0.11983032873807,,,128.0,5.0,0.001,10.0,,,,,,,
als|factors=128;epochs=5;regularisation=0.001;alpha=40.0|frac=1.0,ml100k,als,1.0,1,0.062693265279743,0.12195121951219501,,,128.0,5.0,0.001,40.0,,,,,,,
als|factors=128;epochs=5;regularisation=0.01;alpha=1.0|frac=1.0,ml100k,als,1.0,1,0.062082461232276,0.12513255567338202,,,128.0,5.0,0.01,1.0,,,,,,,
als|factors=128;epochs=5;regularisation=0.01;alpha=10.0|frac=1.0,ml100k,als,1.0,1,0.06746620350723301,0.126193001060445,,,128.0,5.0,0.01,10.0,,,,,,,
als|factors=128;epochs=5;regularisation=0.01;alpha=40.0|frac=1.0,ml100k,als,1.0,1,0.060267000499331,0.11664899257688201,,,128.0,5.0,0.01,40.0,,,,,,,
als|factors=128;epochs=5;regularisation=0.1;alpha=1.0|frac=1.0,ml100k,als,1.0,1,0.06117811118907401,0.12301166489925701,,,128.0,5.0,0.1,1.0,,,,,,,
als|factors=128;epochs=5;regularisation=0.1;alpha=10.0|frac=1.0,ml100k,als,1.0,1,0.06707384092865801,0.12195121951219501,,,128.0,5.0,0.1,10.0,,,,,,,
als|factors=128;epochs=5;regularisation=0.1;alpha=40.0|frac=1.0,ml100k,als,1.0,1,0.061653222311885005,0.11664899257688201,,,128.0,5.0,0.1,40.0,,,,,,,
als|factors=128;epochs=15;regularisation=0.001;alpha=1.0|frac=1.0,ml100k,als,1.0,1,0.06282928936141001,0.11770943796394401,,,128.0,15.0,0.001,1.0,,,,,,,
als|factors=128;epochs=15;regularisation=0.001;alpha=10.0|frac=1.0,ml100k,als,1.0,1,0.064633589839465,0.12937433722163302,,,128.0,15.0,0.001,10.0,,,,,,,
als|factors=128;epochs=15;regularisation=0.001;alpha=40.0|frac=1.0,ml100k,als,1.0,1,0.057687265046493005,0.112407211028632,,,128.0,15.0,0.001,40.0,,,,,,,
als|factors=128;epochs=15;regularisation=0.01;alpha=1.0|frac=1.0,ml100k,als,1.0,1,0.06284738132157501,0.11770943796394401,,,128.0,15.0,0.01,1.0,,,,,,,
als|factors=128;epochs=15;regularisation=0.01;alpha=10.0|frac=1.0,ml100k,als,1.0,1,0.065909276727487,0.12831389183457,,,128.0,15.0,0.01,10.0,,,,,,,
als|factors=128;epochs=15;regularisation=0.01;alpha=40.0|frac=1.0,ml100k,als,1.0,1,0.057647626553056004,0.11346765641569401,,,128.0,15.0,0.01,40.0,,,,,,,
als|factors=128;epochs=15;regularisation=0.1;alpha=1.0|frac=1.0,ml100k,als,1.0,1,0.063690189219801,0.11983032873807,,,128.0,15.0,0.1,1.0,,,,,,,
als|factors=128;epochs=15;regularisation=0.1;alpha=10.0|frac=1.0,ml100k,als,1.0,1,0.065718463315351,0.126193001060445,,,128.0,15.0,0.1,10.0,,,,,,,
als|factors=128;epochs=15;regularisation=0.1;alpha=40.0|frac=1.0,ml100k,als,1.0,1,0.056317387432119004,0.108165429480381,,,128.0,15.0,0.1,40.0,,,,,,,
als|factors=128;epochs=30;regularisation=0.001;alpha=1.0|frac=1.0,ml100k,als,1.0,1,0.065751932774399,0.126193001060445,,,128.0,30.0,0.001,1.0,,,,,,,
als|factors=128;epochs=30;regularisation=0.001;alpha=10.0|frac=1.0,ml100k,als,1.0,1,0.063128857837125,0.126193001060445,,,128.0,30.0,0.001,10.0,,,,,,,
als|factors=128;epochs=30;regularisation=0.001;alpha=40.0|frac=1.0,ml100k,als,1.0,1,0.055629318245251004,0.108165429480381,,,128.0,30.0,0.001,40.0,,,,,,,
als|factors=128;epochs=30;regularisation=0.01;alpha=1.0|frac=1.0,ml100k,als,1.0,1,0.065786578135719,0.126193001060445,,,128.0,30.0,0.01,1.0,,,,,,,
als|factors=128;epochs=30;regularisation=0.01;alpha=10.0|frac=1.0,ml100k,als,1.0,1,0.064067031818441,0.130434782608695,,,128.0,30.0,0.01,10.0,,,,,,,
als|factors=128;epochs=30;regularisation=0.01;alpha=40.0|frac=1.0,ml100k,als,1.0,1,0.054385543813407,0.108165429480381,,,128.0,30.0,0.01,40.0,,,,,,,
als|factors=128;epochs=30;regularisation=0.1;alpha=1.0|frac=1.0,ml100k,als,1.0,1,0.06507588371721501,0.12407211028632001,,,128.0,30.0,0.1,1.0,,,,,,,
als|factors=128;epochs=30;regularisation=0.1;alpha=10.0|frac=1.0,ml100k,als,1.0,1,0.06568367008285901,0.12725344644750702,,,128.0,30.0,0.1,10.0,,,,,,,
als|factors=128;epochs=30;regularisation=0.1;alpha=40.0|frac=1.0,ml100k,als,1.0,1,0.061160039023235004,0.11558854718981901,,,128.0,30.0,0.1,40.0,,,,,,,
multvae|latent=32;hidden=200;epochs=10;dropout=0.0|frac=0.25,ml100k,multvae,0.25,1,0.021003577353377,0.043478260869565,,,,,,,32.0,200.0,10.0,0.0,,,
multvae|latent=32;hidden=200;epochs=10;dropout=0.5|frac=0.25,ml100k,multvae,0.25,1,0.020258223690019003,0.044538706256627,,,,,,,32.0,200.0,10.0,0.5,,,
multvae|latent=32;hidden=200;epochs=20;dropout=0.0|frac=0.25,ml100k,multvae,0.25,1,0.033480862846443,0.076352067868504,,,,,,,32.0,200.0,20.0,0.0,,,
multvae|latent=32;hidden=200;epochs=20;dropout=0.5|frac=0.25,ml100k,multvae,0.25,1,0.034014909405858,0.075291622481442,,,,,,,32.0,200.0,20.0,0.5,,,
multvae|latent=32;hidden=600;epochs=10;dropout=0.0|frac=0.25,ml100k,multvae,0.25,1,0.035570884334375004,0.077412513255567,,,,,,,32.0,600.0,10.0,0.0,,,
multvae|latent=32;hidden=600;epochs=10;dropout=0.5|frac=0.25,ml100k,multvae,0.25,1,0.032048807872343,0.06574761399787901,,,,,,,32.0,600.0,10.0,0.5,,,
multvae|latent=32;hidden=600;epochs=20;dropout=0.0|frac=0.25,ml100k,multvae,0.25,1,0.050077056606125006,0.102863202545068,,,,,,,32.0,600.0,20.0,0.0,,,
multvae|latent=32;hidden=600;epochs=20;dropout=0.5|frac=0.25,ml100k,multvae,0.25,1,0.038872576899201004,0.085896076352067,,,,,,,32.0,600.0,20.0,0.5,,,
multvae|latent=64;hidden=200;epochs=10;dropout=0.0|frac=0.25,ml100k,multvae,0.25,1,0.017248458152688002,0.046659597030752,,,,,,,64.0,200.0,10.0,0.0,,,
multvae|latent=64;hidden=200;epochs=10;dropout=0.5|frac=0.25,ml100k,multvae,0.25,1,0.017212230777238,0.04135737009544,,,,,,,64.0,200.0,10.0,0.5,,,
multvae|latent=64;hidden=200;epochs=20;dropout=0.0|frac=0.25,ml100k,multvae,0.25,1,0.035516467896014,0.075291622481442,,,,,,,64.0,200.0,20.0,0.0,,,
multvae|latent=64;hidden=200;epochs=20;dropout=0.5|frac=0.25,ml100k,multvae,0.25,1,0.034740295562377004,0.074231177094379,,,,,,,64.0,200.0,20.0,0.5,,,
multvae|latent=64;hidden=600;epochs=10;dropout=0.0|frac=0.25,ml100k,multvae,0.25,1,0.031368487144963,0.069989395546129,,,,,,,64.0,600.0,10.0,0.0,,,
multvae|latent=64;hidden=600;epochs=10;dropout=0.5|frac=0.25,ml100k,multvae,0.25,1,0.035181826140348,0.074231177094379,,,,,,,64.0,600.0,10.0,0.5,,,
multvae|latent=64;hidden=600;epochs=20;dropout=0.0|frac=0.25,ml100k,multvae,0.25,1,0.041019582298164006,0.094379639448568,,,,,,,64.0,600.0,20.0,0.0,,,
multvae|latent=64;hidden=600;epochs=20;dropout=0.5|frac=0.25,ml100k,multvae,0.25,1,0.044462157931593006,0.088016967126193,,,,,,,64.0,600.0,20.0,0.5,,,
multvae|latent=128;hidden=200;epochs=10;dropout=0.0|frac=0.25,ml100k,multvae,0.25,1,0.020231125579927,0.043478260869565,,,,,,,128.0,200.0,10.0,0.0,,,
multvae|latent=128;hidden=200;epochs=10;dropout=0.5|frac=0.25,ml100k,multvae,0.25,1,0.017221392679989,0.038176033934252,,,,,,,128.0,200.0,10.0,0.5,,,
multvae|latent=128;hidden=200;epochs=20;dropout=0.0|frac=0.25,ml100k,multvae,0.25,1,0.033960100578893,0.075291622481442,,,,,,,128.0,200.0,20.0,0.0,,,
multvae|latent=128;hidden=200;epochs=20;dropout=0.5|frac=0.25,ml100k,multvae,0.25,1,0.033637195841808,0.076352067868504,,,,,,,128.0,200.0,20.0,0.5,,,
multvae|latent=128;hidden=600;epochs=10;dropout=0.0|frac=0.25,ml100k,multvae,0.25,1,0.031169297154095003,0.071049840933191,,,,,,,128.0,600.0,10.0,0.0,,,
multvae|latent=128;hidden=600;epochs=10;dropout=0.5|frac=0.25,ml100k,multvae,0.25,1,0.031516476802917005,0.064687168610816,,,,,,,128.0,600.0,10.0,0.5,,,
multvae|latent=128;hidden=600;epochs=20;dropout=0.0|frac=0.25,ml100k,multvae,0.25,1,0.043111617606441006,0.08695652173913,,,,,,,128.0,600.0,20.0,0.0,,,
multvae|latent=128;hidden=600;epochs=20;dropout=0.5|frac=0.25,ml100k,multvae,0.25,1,0.042784203030763,0.089077412513255,,,,,,,128.0,600.0,20.0,0.5,,,
multvae|latent=32;hidden=200;epochs=10;dropout=0.0|frac=0.5,ml100k,multvae,0.5,1,0.035286171636690004,0.072110286320254,,,,,,,32.0,200.0,10.0,0.0,,,
multvae|latent=32;hidden=200;epochs=10;dropout=0.5|frac=0.5,ml100k,multvae,0.5,1,0.033711343190161,0.071049840933191,,,,,,,32.0,200.0,10.0,0.5,,,
multvae|latent=32;hidden=200;epochs=20;dropout=0.0|frac=0.5,ml100k,multvae,0.5,1,0.033626807888495,0.073170731707317,,,,,,,32.0,200.0,20.0,0.0,,,
multvae|latent=32;hidden=200;epochs=20;dropout=0.5|frac=0.5,ml100k,multvae,0.5,1,0.035792947310365,0.075291622481442,,,,,,,32.0,200.0,20.0,0.5,,,
multvae|latent=32;hidden=600;epochs=10;dropout=0.0|frac=0.5,ml100k,multvae,0.5,1,0.037190204660497,0.077412513255567,,,,,,,32.0,600.0,10.0,0.0,,,
multvae|latent=32;hidden=600;epochs=10;dropout=0.5|frac=0.5,ml100k,multvae,0.5,1,0.033909331905667,0.075291622481442,,,,,,,32.0,600.0,10.0,0.5,,,
multvae|latent=32;hidden=600;epochs=20;dropout=0.0|frac=0.5,ml100k,multvae,0.5,1,0.042776017337117,0.089077412513255,,,,,,,32.0,600.0,20.0,0.0,,,
multvae|latent=32;hidden=600;epochs=20;dropout=0.5|frac=0.5,ml100k,multvae,0.5,1,0.041973986498966005,0.089077412513255,,,,,,,32.0,600.0,20.0,0.5,,,
multvae|latent=64;hidden=200;epochs=10;dropout=0.0|frac=0.5,ml100k,multvae,0.5,1,0.033548011338656,0.068928950159066,,,,,,,64.0,200.0,10.0,0.0,,,
multvae|latent=64;hidden=200;epochs=10;dropout=0.5|frac=0.5,ml100k,multvae,0.5,1,0.026587652320016003,0.050901378579003,,,,,,,64.0,200.0,10.0,0.5,,,
multvae|latent=64;hidden=200;epochs=20;dropout=0.0|frac=0.5,ml100k,multvae,0.5,1,0.036516998216736006,0.073170731707317,,,,,,,64.0,200.0,20.0,0.0,,,
multvae|latent=64;hidden=200;epochs=20;dropout=0.5|frac=0.5,ml100k,multvae,0.5,1,0.036587871030092006,0.077412513255567,,,,,,,64.0,200.0,20.0,0.5,,,
multvae|latent=64;hidden=600;epochs=10;dropout=0.0|frac=0.5,ml100k,multvae,0.5,1,0.035509154268805,0.076352067868504,,,,,,,64.0,600.0,10.0,0.0,,,
multvae|latent=64;hidden=600;epochs=10;dropout=0.5|frac=0.5,ml100k,multvae,0.5,1,0.034114656166113005,0.073170731707317,,,,,,,64.0,600.0,10.0,0.5,,,
multvae|latent=64;hidden=600;epochs=20;dropout=0.0|frac=0.5,ml100k,multvae,0.5,1,0.038756242763494,0.084835630965005,,,,,,,64.0,600.0,20.0,0.0,,,
multvae|latent=64;hidden=600;epochs=20;dropout=0.5|frac=0.5,ml100k,multvae,0.5,1,0.041717339197022,0.08271474019088,,,,,,,64.0,600.0,20.0,0.5,,,
multvae|latent=128;hidden=200;epochs=10;dropout=0.0|frac=0.5,ml100k,multvae,0.5,1,0.028718236025773003,0.059384941675503004,,,,,,,128.0,200.0,10.0,0.0,,,
multvae|latent=128;hidden=200;epochs=10;dropout=0.5|frac=0.5,ml100k,multvae,0.5,1,0.031715642180798004,0.072110286320254,,,,,,,128.0,200.0,10.0,0.5,,,
multvae|latent=128;hidden=200;epochs=20;dropout=0.0|frac=0.5,ml100k,multvae,0.5,1,0.034902285738502,0.073170731707317,,,,,,,128.0,200.0,20.0,0.0,,,
multvae|latent=128;hidden=200;epochs=20;dropout=0.5|frac=0.5,ml100k,multvae,0.5,1,0.036649147078374,0.075291622481442,,,,,,,128.0,200.0,20.0,0.5,,,
multvae|latent=128;hidden=600;epochs=10;dropout=0.0|frac=0.5,ml100k,multvae,0.5,1,0.033786352777203,0.072110286320254,,,,,,,128.0,600.0,10.0,0.0,,,
multvae|latent=128;hidden=600;epochs=10;dropout=0.5|frac=0.5,ml100k,multvae,0.5,1,0.032777985109293,0.063626723223753,,,,,,,128.0,600.0,10.0,0.5,,,
multvae|latent=128;hidden=600;epochs=20;dropout=0.0|frac=0.5,ml100k,multvae,0.5,1,0.039509364383787,0.084835630965005,,,,,,,128.0,600.0,20.0,0.0,,,
multvae|latent=128;hidden=600;epochs=20;dropout=0.5|frac=0.5,ml100k,multvae,0.5,1,0.039090511362106006,0.080593849416755,,,,,,,128.0,600.0,20.0,0.5,,,
multvae|latent=32;hidden=200;epochs=10;dropout=0.0|frac=1.0,ml100k,multvae,1.0,1,0.040078821588333,0.085896076352067,,,,,,,32.0,200.0,10.0,0.0,,,
multvae|latent=32;hidden=200;epochs=10;dropout=0.5|frac=1.0,ml100k,multvae,1.0,1,0.046530832373965006,0.094379639448568,,,,,,,32.0,200.0,10.0,0.5,,,
multvae|latent=32;hidden=200;epochs=20;dropout=0.0|frac=1.0,ml100k,multvae,1.0,1,0.048798189967561,0.098621420996818,,,,,,,32.0,200.0,20.0,0.0,,,
multvae|latent=32;hidden=200;epochs=20;dropout=0.5|frac=1.0,ml100k,multvae,1.0,1,0.046010473771401,0.090137857900318,,,,,,,32.0,200.0,20.0,0.5,,,
multvae|latent=32;hidden=600;epochs=10;dropout=0.0|frac=1.0,ml100k,multvae,1.0,1,0.050355707182354006,0.099681866383881,,,,,,,32.0,600.0,10.0,0.0,,,
multvae|latent=32;hidden=600;epochs=10;dropout=0.5|frac=1.0,ml100k,multvae,1.0,1,0.049853197152303005,0.099681866383881,,,,,,,32.0,600.0,10.0,0.5,,,
multvae|latent=32;hidden=600;epochs=20;dropout=0.0|frac=1.0,ml100k,multvae,1.0,1,0.05868209024359,0.11876988335100701,,,,,,,32.0,600.0,20.0,0.0,,,
multvae|latent=32;hidden=600;epochs=20;dropout=0.5|frac=1.0,ml100k,multvae,1.0,1,0.057668762634841005,0.111346765641569,,,,,,,32.0,600.0,20.0,0.5,,,
multvae|latent=64;hidden=200;epochs=10;dropout=0.0|frac=1.0,ml100k,multvae,1.0,1,0.043623838745697,0.090137857900318,,,,,,,64.0,200.0,10.0,0.0,,,
multvae|latent=64;hidden=200;epochs=10;dropout=0.5|frac=1.0,ml100k,multvae,1.0,1,0.044711619377896,0.093319194061505,,,,,,,64.0,200.0,10.0,0.5,,,
multvae|latent=64;hidden=200;epochs=20;dropout=0.0|frac=1.0,ml100k,multvae,1.0,1,0.050505217447337006,0.099681866383881,,,,,,,64.0,200.0,20.0,0.0,,,
multvae|latent=64;hidden=200;epochs=20;dropout=0.5|frac=1.0,ml100k,multvae,1.0,1,0.04794112764641,0.089077412513255,,,,,,,64.0,200.0,20.0,0.5,,,
multvae|latent=64;hidden=600;epochs=10;dropout=0.0|frac=1.0,ml100k,multvae,1.0,1,0.049076249296653,0.09544008483563,,,,,,,64.0,600.0,10.0,0.0,,,
multvae|latent=64;hidden=600;epochs=10;dropout=0.5|frac=1.0,ml100k,multvae,1.0,1,0.049497579647227,0.096500530222693,,,,,,,64.0,600.0,10.0,0.5,,,
multvae|latent=64;hidden=600;epochs=20;dropout=0.0|frac=1.0,ml100k,multvae,1.0,1,0.056381588414489,0.110286320254506,,,,,,,64.0,600.0,20.0,0.0,,,
multvae|latent=64;hidden=600;epochs=20;dropout=0.5|frac=1.0,ml100k,multvae,1.0,1,0.05639135865899501,0.11664899257688201,,,,,,,64.0,600.0,20.0,0.5,,,
multvae|latent=128;hidden=200;epochs=10;dropout=0.0|frac=1.0,ml100k,multvae,1.0,1,0.044201294421666,0.089077412513255,,,,,,,128.0,200.0,10.0,0.0,,,
multvae|latent=128;hidden=200;epochs=10;dropout=0.5|frac=1.0,ml100k,multvae,1.0,1,0.041227406549885,0.080593849416755,,,,,,,128.0,200.0,10.0,0.5,,,
multvae|latent=128;hidden=200;epochs=20;dropout=0.0|frac=1.0,ml100k,multvae,1.0,1,0.048027568103531,0.102863202545068,,,,,,,128.0,200.0,20.0,0.0,,,
multvae|latent=128;hidden=200;epochs=20;dropout=0.5|frac=1.0,ml100k,multvae,1.0,1,0.047887713171086005,0.101802757158006,,,,,,,128.0,200.0,20.0,0.5,,,
multvae|latent=128;hidden=600;epochs=10;dropout=0.0|frac=1.0,ml100k,multvae,1.0,1,0.04392213740088401,0.09119830328738,,,,,,,128.0,600.0,10.0,0.0,,,
multvae|latent=128;hidden=600;epochs=10;dropout=0.5|frac=1.0,ml100k,multvae,1.0,1,0.049597375310835,0.098621420996818,,,,,,,128.0,600.0,10.0,0.5,,,
multvae|latent=128;hidden=600;epochs=20;dropout=0.0|frac=1.0,ml100k,multvae,1.0,1,0.057684317468905004,0.11664899257688201,,,,,,,128.0,600.0,20.0,0.0,,,
multvae|latent=128;hidden=600;epochs=20;dropout=0.5|frac=1.0,ml100k,multvae,1.0,1,0.055964742142427006,0.11876988335100701,,,,,,,128.0,600.0,20.0,0.5,,,
als|factors=16;epochs=5;regularisation=0.001;alpha=1.0|frac=0.25,luxury_beauty,als,0.25,1,0.028752765198473,0.04754647973178901,,,16.0,5.0,0.001,1.0,,,,,,,
als|factors=16;epochs=5;regularisation=0.001;alpha=10.0|frac=0.25,luxury_beauty,als,0.25,1,0.08623766982936501,0.16671746418774702,,,16.0,5.0,0.001,10.0,,,,,,,
als|factors=16;epochs=5;regularisation=0.001;alpha=40.0|frac=0.25,luxury_beauty,als,0.25,1,0.08403471228174,0.16519353855531801,,,16.0,5.0,0.001,40.0,,,,,,,
als|factors=16;epochs=5;regularisation=0.01;alpha=1.0|frac=0.25,luxury_beauty,als,0.25,1,0.028719831367386,0.04754647973178901,,,16.0,5.0,0.01,1.0,,,,,,,
als|factors=16;epochs=5;regularisation=0.01;alpha=10.0|frac=0.25,luxury_beauty,als,0.25,1,0.08624169762401,0.167022249314233,,,16.0,5.0,0.01,10.0,,,,,,,
als|factors=16;epochs=5;regularisation=0.01;alpha=40.0|frac=0.25,luxury_beauty,als,0.25,1,0.084142828095996,0.16488875342883202,,,16.0,5.0,0.01,40.0,,,,,,,
als|factors=16;epochs=5;regularisation=0.1;alpha=1.0|frac=0.25,luxury_beauty,als,0.25,1,0.028563409712296,0.04754647973178901,,,16.0,5.0,0.1,1.0,,,,,,,
als|factors=16;epochs=5;regularisation=0.1;alpha=10.0|frac=0.25,luxury_beauty,als,0.25,1,0.085824582640401,0.16671746418774702,,,16.0,5.0,0.1,10.0,,,,,,,
als|factors=16;epochs=5;regularisation=0.1;alpha=40.0|frac=0.25,luxury_beauty,als,0.25,1,0.083843572083396,0.164583968302346,,,16.0,5.0,0.1,40.0,,,,,,,
als|factors=16;epochs=15;regularisation=0.001;alpha=1.0|frac=0.25,luxury_beauty,als,0.25,1,0.030412882535457004,0.051813471502590004,,,16.0,15.0,0.001,1.0,,,,,,,
als|factors=16;epochs=15;regularisation=0.001;alpha=10.0|frac=0.25,luxury_beauty,als,0.25,1,0.09474918465996601,0.180128009753124,,,16.0,15.0,0.001,10.0,,,,,,,
als|factors=16;epochs=15;regularisation=0.001;alpha=40.0|frac=0.25,luxury_beauty,als,0.25,1,0.094721379286566,0.17890886924718002,,,16.0,15.0,0.001,40.0,,,,,,,
als|factors=16;epochs=15;regularisation=0.01;alpha=1.0|frac=0.25,luxury_beauty,als,0.25,1,0.030468519188145003,0.052118256629076,,,16.0,15.0,0.01,1.0,,,,,,,
als|factors=16;epochs=15;regularisation=0.01;alpha=10.0|frac=0.25,luxury_beauty,als,0.25,1,0.09470747315973901,0.180128009753124,,,16.0,15.0,0.01,10.0,,,,,,,
als|factors=16;epochs=15;regularisation=0.01;alpha=40.0|frac=0.25,luxury_beauty,als,0.25,1,0.095226221726319,0.180432794879609,,,16.0,15.0,0.01,40.0,,,,,,,
als|factors=16;epochs=15;regularisation=0.1;alpha=1.0|frac=0.25,luxury_beauty,als,0.25,1,0.030294332357158,0.05150868637610401,,,16.0,15.0,0.1,1.0,,,,,,,
als|factors=16;epochs=15;regularisation=0.1;alpha=10.0|frac=0.25,luxury_beauty,als,0.25,1,0.09375580740426001,0.17982322462663802,,,16.0,15.0,0.1,10.0,,,,,,,
als|factors=16;epochs=15;regularisation=0.1;alpha=40.0|frac=0.25,luxury_beauty,als,0.25,1,0.09519339316196701,0.180128009753124,,,16.0,15.0,0.1,40.0,,,,,,,
als|factors=16;epochs=30;regularisation=0.001;alpha=1.0|frac=0.25,luxury_beauty,als,0.25,1,0.032628136433086,0.05699481865284901,,,16.0,30.0,0.001,1.0,,,,,,,
als|factors=16;epochs=30;regularisation=0.001;alpha=10.0|frac=0.25,luxury_beauty,als,0.25,1,0.100038047718235,0.187442852788783,,,16.0,30.0,0.001,10.0,,,,,,,
als|factors=16;epochs=30;regularisation=0.001;alpha=40.0|frac=0.25,luxury_beauty,als,0.25,1,0.09814767929326901,0.18317586101798203,,,16.0,30.0,0.001,40.0,,,,,,,
als|factors=16;epochs=30;regularisation=0.01;alpha=1.0|frac=0.25,luxury_beauty,als,0.25,1,0.032545727296988,0.056690033526363,,,16.0,30.0,0.01,1.0,,,,,,,
als|factors=16;epochs=30;regularisation=0.01;alpha=10.0|frac=0.25,luxury_beauty,als,0.25,1,0.09984821772345501,0.18683328253581202,,,16.0,30.0,0.01,10.0,,,,,,,
als|factors=16;epochs=30;regularisation=0.01;alpha=40.0|frac=0.25,luxury_beauty,als,0.25,1,0.098608894208735,0.183785431270953,,,16.0,30.0,0.01,40.0,,,,,,,
als|factors=16;epochs=30;regularisation=0.1;alpha=1.0|frac=0.25,luxury_beauty,als,0.25,1,0.032595002025480005,0.056690033526363,,,16.0,30.0,0.1,1.0,,,,,,,
als|factors=16;epochs=30;regularisation=0.1;alpha=10.0|frac=0.25,luxury_beauty,als,0.25,1,0.09976900907042001,0.187138067662298,,,16.0,30.0,0.1,10.0,,,,,,,
als|factors=16;epochs=30;regularisation=0.1;alpha=40.0|frac=0.25,luxury_beauty,als,0.25,1,0.097452155885398,0.184699786650411,,,16.0,30.0,0.1,40.0,,,,,,,
als|factors=32;epochs=5;regularisation=0.001;alpha=1.0|frac=0.25,luxury_beauty,als,0.25,1,0.029147057392072004,0.05150868637610401,,,32.0,5.0,0.001,1.0,,,,,,,
als|factors=32;epochs=5;regularisation=0.001;alpha=10.0|frac=0.25,luxury_beauty,als,0.25,1,0.069024308724543,0.159097836025601,,,32.0,5.0,0.001,10.0,,,,,,,
als|factors=32;epochs=5;regularisation=0.001;alpha=40.0|frac=0.25,luxury_beauty,als,0.25,1,0.100015995297188,0.164583968302346,,,32.0,5.0,0.001,40.0,,,,,,,
als|factors=32;epochs=5;regularisation=0.01;alpha=1.0|frac=0.25,luxury_beauty,als,0.25,1,0.029097904087951,0.051203901249619,,,32.0,5.0,0.01,1.0,,,,,,,
als|factors=32;epochs=5;regularisation=0.01;alpha=10.0|frac=0.25,luxury_beauty,als,0.25,1,0.06918454101384901,0.15970740627857302,,,32.0,5.0,0.01,10.0,,,,,,,
als|factors=32;epochs=5;regularisation=0.01;alpha=40.0|frac=0.25,luxury_beauty,als,0.25,1,0.100380928927114,0.16519353855531801,,,32.0,5.0,0.01,40.0,,,,,,,
als|factors=32;epochs=5;regularisation=0.1;alpha=1.0|frac=0.25,luxury_beauty,als,0.25,1,0.029071791709791003,0.051203901249619,,,32.0,5.0,0.1,1.0,,,,,,,
als|factors=32;epochs=5;regularisation=0.1;alpha=10.0|frac=0.25,luxury_beauty,als,0.25,1,0.068869178802756,0.159402621152087,,,32.0,5.0,0.1,10.0,,,,,,,
als|factors=32;epochs=5;regularisation=0.1;alpha=40.0|frac=0.25,luxury_beauty,als,0.25,1,0.082709994981914,0.160316976531545,,,32.0,5.0,0.1,40.0,,,,,,,
als|factors=32;epochs=15;regularisation=0.001;alpha=1.0|frac=0.25,luxury_beauty,als,0.25,1,0.031961552950796,0.052423041755562005,,,32.0,15.0,0.001,1.0,,,,,,,
als|factors=32;epochs=15;regularisation=0.001;alpha=10.0|frac=0.25,luxury_beauty,als,0.25,1,0.08448754738840801,0.17098445595854903,,,32.0,15.0,0.001,10.0,,,,,,,
als|factors=32;epochs=15;regularisation=0.001;alpha=40.0|frac=0.25,luxury_beauty,als,0.25,1,0.09471565692263201,0.181042365132581,,,32.0,15.0,0.001,40.0,,,,,,,
als|factors=32;epochs=15;regularisation=0.01;alpha=1.0|frac=0.25,luxury_beauty,als,0.25,1,0.031868004251355005,0.052118256629076,,,32.0,15.0,0.01,1.0,,,,,,,
als|factors=32;epochs=15;regularisation=0.01;alpha=10.0|frac=0.25,luxury_beauty,als,0.25,1,0.07914000433858201,0.170679670832063,,,32.0,15.0,0.01,10.0,,,,,,,
als|factors=32;epochs=15;regularisation=0.01;alpha=40.0|frac=0.25,luxury_beauty,als,0.25,1,0.095137766443288,0.17921365437366601,,,32.0,15.0,0.01,40.0,,,,,,,
als|factors=32;epochs=15;regularisation=0.1;alpha=1.0|frac=0.25,luxury_beauty,als,0.25,1,0.032990412880111,0.055166107893934,,,32.0,15.0,0.1,1.0,,,,,,,
als|factors=32;epochs=15;regularisation=0.1;alpha=10.0|frac=0.25,luxury_beauty,als,0.25,1,0.07913381822934,0.17098445595854903,,,32.0,15.0,0.1,10.0,,,,,,,
als|factors=32;epochs=15;regularisation=0.1;alpha=40.0|frac=0.25,luxury_beauty,als,0.25,1,0.108866253316446,0.179518439500152,,,32.0,15.0,0.1,40.0,,,,,,,
als|factors=32;epochs=30;regularisation=0.001;alpha=1.0|frac=0.25,luxury_beauty,als,0.25,1,0.035435139167125006,0.059737884791222,,,32.0,30.0,0.001,1.0,,,,,,,
als|factors=32;epochs=30;regularisation=0.001;alpha=10.0|frac=0.25,luxury_beauty,als,0.25,1,0.08652472403035301,0.17799451386772303,,,32.0,30.0,0.001,10.0,,,,,,,
als|factors=32;epochs=30;regularisation=0.001;alpha=40.0|frac=0.25,luxury_beauty,als,0.25,1,0.09828412686965,0.18256629076501002,,,32.0,30.0,0.001,40.0,,,,,,,
als|factors=32;epochs=30;regularisation=0.01;alpha=1.0|frac=0.25,luxury_beauty,als,0.25,1,0.035303958468536005,0.05912831453825,,,32.0,30.0,0.01,1.0,,,,,,,
als|factors=32;epochs=30;regularisation=0.01;alpha=10.0|frac=0.25,luxury_beauty,als,0.25,1,0.086361279874093,0.17738494361475102,,,32.0,30.0,0.01,10.0,,,,,,,
als|factors=32;epochs=30;regularisation=0.01;alpha=40.0|frac=0.25,luxury_beauty,als,0.25,1,0.098718337267594,0.18317586101798203,,,32.0,30.0,0.01,40.0,,,,,,,
als|factors=32;epochs=30;regularisation=0.1;alpha=1.0|frac=0.25,luxury_beauty,als,0.25,1,0.035086258877786006,0.058823529411764004,,,32.0,30.0,0.1,1.0,,,,,,,
als|factors=32;epochs=30;regularisation=0.1;alpha=10.0|frac=0.25,luxury_beauty,als,0.25,1,0.082076437133488,0.17982322462663802,,,32.0,30.0,0.1,10.0,,,,,,,
als|factors=32;epochs=30;regularisation=0.1;alpha=40.0|frac=0.25,luxury_beauty,als,0.25,1,0.113558440638892,0.181956720512039,,,32.0,30.0,0.1,40.0,,,,,,,
als|factors=64;epochs=5;regularisation=0.001;alpha=1.0|frac=0.25,luxury_beauty,als,0.25,1,0.022279241850617002,0.040231636696129,,,64.0,5.0,0.001,1.0,,,,,,,
als|factors=64;epochs=5;regularisation=0.001;alpha=10.0|frac=0.25,luxury_beauty,als,0.25,1,0.028052428982489,0.05150868637610401,,,64.0,5.0,0.001,10.0,,,,,,,
als|factors=64;epochs=5;regularisation=0.001;alpha=40.0|frac=0.25,luxury_beauty,als,0.25,1,0.06896050441052101,0.15879305089911602,,,64.0,5.0,0.001,40.0,,,,,,,
als|factors=64;epochs=5;regularisation=0.01;alpha=1.0|frac=0.25,luxury_beauty,als,0.25,1,0.022375282774869002,0.040536421822615,,,64.0,5.0,0.01,1.0,,,,,,,
als|factors=64;epochs=5;regularisation=0.01;alpha=10.0|frac=0.25,luxury_beauty,als,0.25,1,0.028151947673010002,0.05150868637610401,,,64.0,5.0,0.01,10.0,,,,,,,
als|factors=64;epochs=5;regularisation=0.01;alpha=40.0|frac=0.25,luxury_beauty,als,0.25,1,0.069150570226801,0.159402621152087,,,64.0,5.0,0.01,40.0,,,,,,,
als|factors=64;epochs=5;regularisation=0.1;alpha=1.0|frac=0.25,luxury_beauty,als,0.25,1,0.022295612050145002,0.039926851569643006,,,64.0,5.0,0.1,1.0,,,,,,,
als|factors=64;epochs=5;regularisation=0.1;alpha=10.0|frac=0.25,luxury_beauty,als,0.25,1,0.026744012870425,0.050594330996647,,,64.0,5.0,0.1,10.0,,,,,,,
als|factors=64;epochs=5;regularisation=0.1;alpha=40.0|frac=0.25,luxury_beauty,als,0.25,1,0.02450503254143,0.045717768972874,,,64.0,5.0,0.1,40.0,,,,,,,
als|factors=64;epochs=15;regularisation=0.001;alpha=1.0|frac=0.25,luxury_beauty,als,0.25,1,0.027711848032884002,0.046936909478817006,,,64.0,15.0,0.001,1.0,,,,,,,
als|factors=64;epochs=15;regularisation=0.001;alpha=10.0|frac=0.25,luxury_beauty,als,0.25,1,0.035301429014246,0.059433099664736005,,,64.0,15.0,0.001,10.0,,,,,,,
als|factors=64;epochs=15;regularisation=0.001;alpha=40.0|frac=0.25,luxury_beauty,als,0.25,1,0.07649674227700501,0.16946053032612002,,,64.0,15.0,0.001,40.0,,,,,,,
als|factors=64;epochs=15;regularisation=0.01;alpha=1.0|frac=0.25,luxury_beauty,als,0.25,1,0.027809317201487,0.046936909478817006,,,64.0,15.0,0.01,1.0,,,,,,,
als|factors=64;epochs=15;regularisation=0.01;alpha=10.0|frac=0.25,luxury_beauty,als,0.25,1,0.03510766589814,0.05851874428527801,,,64.0,15.0,0.01,10.0,,,,,,,
als|factors=64;epochs=15;regularisation=0.01;alpha=40.0|frac=0.25,luxury_beauty,als,0.25,1,0.07713986799943401,0.17098445595854903,,,64.0,15.0,0.01,40.0,,,,,,,
als|factors=64;epochs=15;regularisation=0.1;alpha=1.0|frac=0.25,luxury_beauty,als,0.25,1,0.028006678207189002,0.047241694605303,,,64.0,15.0,0.1,1.0,,,,,,,
als|factors=64;epochs=15;regularisation=0.1;alpha=10.0|frac=0.25,luxury_beauty,als,0.25,1,0.034692985766477,0.059433099664736005,,,64.0,15.0,0.1,10.0,,,,,,,
als|factors=64;epochs=15;regularisation=0.1;alpha=40.0|frac=0.25,luxury_beauty,als,0.25,1,0.076959520416984,0.17220359646449201,,,64.0,15.0,0.1,40.0,,,,,,,
als|factors=64;epochs=30;regularisation=0.001;alpha=1.0|frac=0.25,luxury_beauty,als,0.25,1,0.030705823327453002,0.052423041755562005,,,64.0,30.0,0.001,1.0,,,,,,,
als|factors=64;epochs=30;regularisation=0.001;alpha=10.0|frac=0.25,luxury_beauty,als,0.25,1,0.035516543216904,0.061261810423651,,,64.0,30.0,0.001,10.0,,,,,,,
als|factors=64;epochs=30;regularisation=0.001;alpha=40.0|frac=0.25,luxury_beauty,als,0.25,1,0.07864678480380101,0.173422736970435,,,64.0,30.0,0.001,40.0,,,,,,,
als|factors=64;epochs=30;regularisation=0.01;alpha=1.0|frac=0.25,luxury_beauty,als,0.25,1,0.030677936885789004,0.052423041755562005,,,64.0,30.0,0.01,1.0,,,,,,,
als|factors=64;epochs=30;regularisation=0.01;alpha=10.0|frac=0.25,luxury_beauty,als,0.25,1,0.034772496762318,0.058823529411764004,,,64.0,30.0,0.01,10.0,,,,,,,
als|factors=64;epochs=30;regularisation=0.01;alpha=40.0|frac=0.25,luxury_beauty,als,0.25,1,0.07859201549236901,0.174337092349893,,,64.0,30.0,0.01,40.0,,,,,,,
als|factors=64;epochs=30;regularisation=0.1;alpha=1.0|frac=0.25,luxury_beauty,als,0.25,1,0.030668608434097,0.052423041755562005,,,64.0,30.0,0.1,1.0,,,,,,,
als|factors=64;epochs=30;regularisation=0.1;alpha=10.0|frac=0.25,luxury_beauty,als,0.25,1,0.034355174772558006,0.05760438890582101,,,64.0,30.0,0.1,10.0,,,,,,,
als|factors=64;epochs=30;regularisation=0.1;alpha=40.0|frac=0.25,luxury_beauty,als,0.25,1,0.07830540116363201,0.174032307223407,,,64.0,30.0,0.1,40.0,,,,,,,
als|factors=128;epochs=5;regularisation=0.001;alpha=1.0|frac=0.25,luxury_beauty,als,0.25,1,0.019430800421480002,0.033526363913441,,,128.0,5.0,0.001,1.0,,,,,,,
als|factors=128;epochs=5;regularisation=0.001;alpha=10.0|frac=0.25,luxury_beauty,als,0.25,1,0.027576175496417003,0.04998476074367501,,,128.0,5.0,0.001,10.0,,,,,,,
als|factors=128;epochs=5;regularisation=0.001;alpha=40.0|frac=0.25,luxury_beauty,als,0.25,1,0.027884954057461,0.05303261200853301,,,128.0,5.0,0.001,40.0,,,,,,,
als|factors=128;epochs=5;regularisation=0.01;alpha=1.0|frac=0.25,luxury_beauty,als,0.25,1,0.019468063877265,0.033526363913441,,,128.0,5.0,0.01,1.0,,,,,,,
als|factors=128;epochs=5;regularisation=0.01;alpha=10.0|frac=0.25,luxury_beauty,als,0.25,1,0.026949004711791003,0.048460835111246006,,,128.0,5.0,0.01,10.0,,,,,,,
als|factors=128;epochs=5;regularisation=0.01;alpha=40.0|frac=0.25,luxury_beauty,als,0.25,1,0.026252449894554,0.049070405364218,,,128.0,5.0,0.01,40.0,,,,,,,
als|factors=128;epochs=5;regularisation=0.1;alpha=1.0|frac=0.25,luxury_beauty,als,0.25,1,0.019237736232117,0.032916793660469006,,,128.0,5.0,0.1,1.0,,,,,,,
als|factors=128;epochs=5;regularisation=0.1;alpha=10.0|frac=0.25,luxury_beauty,als,0.25,1,0.025393872328048003,0.04449862846693,,,128.0,5.0,0.1,10.0,,,,,,,
als|factors=128;epochs=5;regularisation=0.1;alpha=40.0|frac=0.25,luxury_beauty,als,0.25,1,0.023562451460057,0.043279487960987004,,,128.0,5.0,0.1,40.0,,,,,,,
als|factors=128;epochs=15;regularisation=0.001;alpha=1.0|frac=0.25,luxury_beauty,als,0.25,1,0.021423562210486,0.038402925937214005,,,128.0,15.0,0.001,1.0,,,,,,,
als|factors=128;epochs=15;regularisation=0.001;alpha=10.0|frac=0.25,luxury_beauty,als,0.25,1,0.028524335632005002,0.050594330996647,,,128.0,15.0,0.001,10.0,,,,,,,
als|factors=128;epochs=15;regularisation=0.001;alpha=40.0|frac=0.25,luxury_beauty,als,0.25,1,0.030619657360138,0.053642182261505,,,128.0,15.0,0.001,40.0,,,,,,,
als|factors=128;epochs=15;regularisation=0.01;alpha=1.0|frac=0.25,luxury_beauty,als,0.25,1,0.021263760588665002,0.038402925937214005,,,128.0,15.0,0.01,1.0,,,,,,,
als|factors=128;epochs=15;regularisation=0.01;alpha=10.0|frac=0.25,luxury_beauty,als,0.25,1,0.028262469739744,0.049070405364218,,,128.0,15.0,0.01,10.0,,,,,,,
als|factors=128;epochs=15;regularisation=0.01;alpha=40.0|frac=0.25,luxury_beauty,als,0.25,1,0.0292795075303,0.050594330996647,,,128.0,15.0,0.01,40.0,,,,,,,
als|factors=128;epochs=15;regularisation=0.1;alpha=1.0|frac=0.25,luxury_beauty,als,0.25,1,0.021044109619491002,0.037793355684242004,,,128.0,15.0,0.1,1.0,,,,,,,
als|factors=128;epochs=15;regularisation=0.1;alpha=10.0|frac=0.25,luxury_beauty,als,0.25,1,0.027554347239412,0.04815604998476,,,128.0,15.0,0.1,10.0,,,,,,,
als|factors=128;epochs=15;regularisation=0.1;alpha=40.0|frac=0.25,luxury_beauty,als,0.25,1,0.026753780188963003,0.046632124352331,,,128.0,15.0,0.1,40.0,,,,,,,
als|factors=128;epochs=30;regularisation=0.001;alpha=1.0|frac=0.25,luxury_beauty,als,0.25,1,0.020896391265938,0.036269430051813004,,,128.0,30.0,0.001,1.0,,,,,,,
als|factors=128;epochs=30;regularisation=0.001;alpha=10.0|frac=0.25,luxury_beauty,als,0.25,1,0.029162747189902003,0.050594330996647,,,128.0,30.0,0.001,10.0,,,,,,,
als|factors=128;epochs=30;regularisation=0.001;alpha=40.0|frac=0.25,luxury_beauty,als,0.25,1,0.030936364479702,0.051813471502590004,,,128.0,30.0,0.001,40.0,,,,,,,
als|factors=128;epochs=30;regularisation=0.01;alpha=1.0|frac=0.25,luxury_beauty,als,0.25,1,0.02089012825773,0.036269430051813004,,,128.0,30.0,0.01,1.0,,,,,,,
als|factors=128;epochs=30;regularisation=0.01;alpha=10.0|frac=0.25,luxury_beauty,als,0.25,1,0.029175181492368002,0.050289545870161004,,,128.0,30.0,0.01,10.0,,,,,,,
als|factors=128;epochs=30;regularisation=0.01;alpha=40.0|frac=0.25,luxury_beauty,als,0.25,1,0.030074562060299,0.050899116123133005,,,128.0,30.0,0.01,40.0,,,,,,,
als|factors=128;epochs=30;regularisation=0.1;alpha=1.0|frac=0.25,luxury_beauty,als,0.25,1,0.020726773765579,0.035964644925327,,,128.0,30.0,0.1,1.0,,,,,,,
als|factors=128;epochs=30;regularisation=0.1;alpha=10.0|frac=0.25,luxury_beauty,als,0.25,1,0.029074829311363,0.050594330996647,,,128.0,30.0,0.1,10.0,,,,,,,
als|factors=128;epochs=30;regularisation=0.1;alpha=40.0|frac=0.25,luxury_beauty,als,0.25,1,0.029214143819465,0.049679975617189,,,128.0,30.0,0.1,40.0,,,,,,,
als|factors=16;epochs=5;regularisation=0.001;alpha=1.0|frac=0.5,luxury_beauty,als,0.5,1,0.095648162417153,0.177689728741237,,,16.0,5.0,0.001,1.0,,,,,,,
als|factors=16;epochs=5;regularisation=0.001;alpha=10.0|frac=0.5,luxury_beauty,als,0.5,1,0.11009887978649201,0.20420603474550403,,,16.0,5.0,0.001,10.0,,,,,,,
als|factors=16;epochs=5;regularisation=0.001;alpha=40.0|frac=0.5,luxury_beauty,als,0.5,1,0.10752981947241001,0.202072538860103,,,16.0,5.0,0.001,40.0,,,,,,,
als|factors=16;epochs=5;regularisation=0.01;alpha=1.0|frac=0.5,luxury_beauty,als,0.5,1,0.095642716377364,0.177689728741237,,,16.0,5.0,0.01,1.0,,,,,,,
als|factors=16;epochs=5;regularisation=0.01;alpha=10.0|frac=0.5,luxury_beauty,als,0.5,1,0.11022198532430101,0.20420603474550403,,,16.0,5.0,0.01,10.0,,,,,,,
als|factors=16;epochs=5;regularisation=0.01;alpha=40.0|frac=0.5,luxury_beauty,als,0.5,1,0.10932337419645001,0.202377323986589,,,16.0,5.0,0.01,40.0,,,,,,,
als|factors=16;epochs=5;regularisation=0.1;alpha=1.0|frac=0.5,luxury_beauty,als,0.5,1,0.09564475039470201,0.177689728741237,,,16.0,5.0,0.1,1.0,,,,,,,
als|factors=16;epochs=5;regularisation=0.1;alpha=10.0|frac=0.5,luxury_beauty,als,0.5,1,0.11005134431808701,0.202986894239561,,,16.0,5.0,0.1,10.0,,,,,,,
als|factors=16;epochs=5;regularisation=0.1;alpha=40.0|frac=0.5,luxury_beauty,als,0.5,1,0.11029772711462,0.201158183480646,,,16.0,5.0,0.1,40.0,,,,,,,
als|factors=16;epochs=15;regularisation=0.001;alpha=1.0|frac=0.5,luxury_beauty,als,0.5,1,0.099809258411979,0.182871075891496,,,16.0,15.0,0.001,1.0,,,,,,,
als|factors=16;epochs=15;regularisation=0.001;alpha=10.0|frac=0.5,luxury_beauty,als,0.5,1,0.11976421518567801,0.22371228284059702,,,16.0,15.0,0.001,10.0,,,,,,,
als|factors=16;epochs=15;regularisation=0.001;alpha=40.0|frac=0.5,luxury_beauty,als,0.5,1,0.126208302740093,0.23529411764705802,,,16.0,15.0,0.001,40.0,,,,,,,
als|factors=16;epochs=15;regularisation=0.01;alpha=1.0|frac=0.5,luxury_beauty,als,0.5,1,0.099921745533719,0.182871075891496,,,16.0,15.0,0.01,1.0,,,,,,,
als|factors=16;epochs=15;regularisation=0.01;alpha=10.0|frac=0.5,luxury_beauty,als,0.5,1,0.11975667484324601,0.22371228284059702,,,16.0,15.0,0.01,10.0,,,,,,,
als|factors=16;epochs=15;regularisation=0.01;alpha=40.0|frac=0.5,luxury_beauty,als,0.5,1,0.12639483474343902,0.23529411764705802,,,16.0,15.0,0.01,40.0,,,,,,,
als|factors=16;epochs=15;regularisation=0.1;alpha=1.0|frac=0.5,luxury_beauty,als,0.5,1,0.09997810102328701,0.18317586101798203,,,16.0,15.0,0.1,1.0,,,,,,,
als|factors=16;epochs=15;regularisation=0.1;alpha=10.0|frac=0.5,luxury_beauty,als,0.5,1,0.119945215410844,0.22432185309356903,,,16.0,15.0,0.1,10.0,,,,,,,
als|factors=16;epochs=15;regularisation=0.1;alpha=40.0|frac=0.5,luxury_beauty,als,0.5,1,0.126273151298922,0.23498933252057302,,,16.0,15.0,0.1,40.0,,,,,,,
als|factors=16;epochs=30;regularisation=0.001;alpha=1.0|frac=0.5,luxury_beauty,als,0.5,1,0.10165542501007101,0.18774763791526902,,,16.0,30.0,0.001,1.0,,,,,,,
als|factors=16;epochs=30;regularisation=0.001;alpha=10.0|frac=0.5,luxury_beauty,als,0.5,1,0.122867646602118,0.23041755562328503,,,16.0,30.0,0.001,10.0,,,,,,,
als|factors=16;epochs=30;regularisation=0.001;alpha=40.0|frac=0.5,luxury_beauty,als,0.5,1,0.125326361363468,0.23590368790003002,,,16.0,30.0,0.001,40.0,,,,,,,
als|factors=16;epochs=30;regularisation=0.01;alpha=1.0|frac=0.5,luxury_beauty,als,0.5,1,0.101564341058495,0.18774763791526902,,,16.0,30.0,0.01,1.0,,,,,,,
als|factors=16;epochs=30;regularisation=0.01;alpha=10.0|frac=0.5,luxury_beauty,als,0.5,1,0.12300701952970401,0.231027125876257,,,16.0,30.0,0.01,10.0,,,,,,,
als|factors=16;epochs=30;regularisation=0.01;alpha=40.0|frac=0.5,luxury_beauty,als,0.5,1,0.12534338000344,0.235598902773544,,,16.0,30.0,0.01,40.0,,,,,,,
als|factors=16;epochs=30;regularisation=0.1;alpha=1.0|frac=0.5,luxury_beauty,als,0.5,1,0.10156589485870601,0.187442852788783,,,16.0,30.0,0.1,1.0,,,,,,,
als|factors=16;epochs=30;regularisation=0.1;alpha=10.0|frac=0.5,luxury_beauty,als,0.5,1,0.12250269389048402,0.230112770496799,,,16.0,30.0,0.1,10.0,,,,,,,
als|factors=16;epochs=30;regularisation=0.1;alpha=40.0|frac=0.5,luxury_beauty,als,0.5,1,0.12558883720007202,0.23437976226760102,,,16.0,30.0,0.1,40.0,,,,,,,
als|factors=32;epochs=5;regularisation=0.001;alpha=1.0|frac=0.5,luxury_beauty,als,0.5,1,0.10492882017683701,0.18774763791526902,,,32.0,5.0,0.001,1.0,,,,,,,
als|factors=32;epochs=5;regularisation=0.001;alpha=10.0|frac=0.5,luxury_beauty,als,0.5,1,0.12072837275085901,0.21578786955196502,,,32.0,5.0,0.001,10.0,,,,,,,
als|factors=32;epochs=5;regularisation=0.001;alpha=40.0|frac=0.5,luxury_beauty,als,0.5,1,0.11774657786964901,0.21578786955196502,,,32.0,5.0,0.001,40.0,,,,,,,
als|factors=32;epochs=5;regularisation=0.01;alpha=1.0|frac=0.5,luxury_beauty,als,0.5,1,0.10484639899169201,0.187442852788783,,,32.0,5.0,0.01,1.0,,,,,,,
als|factors=32;epochs=5;regularisation=0.01;alpha=10.0|frac=0.5,luxury_beauty,als,0.5,1,0.12013953427936801,0.21578786955196502,,,32.0,5.0,0.01,10.0,,,,,,,
als|factors=32;epochs=5;regularisation=0.01;alpha=40.0|frac=0.5,luxury_beauty,als,0.5,1,0.11999645660128201,0.21761658031088002,,,32.0,5.0,0.01,40.0,,,,,,,
als|factors=32;epochs=5;regularisation=0.1;alpha=1.0|frac=0.5,luxury_beauty,als,0.5,1,0.10451747910825601,0.186528497409326,,,32.0,5.0,0.1,1.0,,,,,,,
als|factors=32;epochs=5;regularisation=0.1;alpha=10.0|frac=0.5,luxury_beauty,als,0.5,1,0.11938937946729401,0.215178299298994,,,32.0,5.0,0.1,10.0,,,,,,,
als|factors=32;epochs=5;regularisation=0.1;alpha=40.0|frac=0.5,luxury_beauty,als,0.5,1,0.119928703812524,0.217007010057909,,,32.0,5.0,0.1,40.0,,,,,,,
als|factors=32;epochs=15;regularisation=0.001;alpha=1.0|frac=0.5,luxury_beauty,als,0.5,1,0.10697528034150401,0.19292898506552802,,,32.0,15.0,0.001,1.0,,,,,,,
als|factors=32;epochs=15;regularisation=0.001;alpha=10.0|frac=0.5,luxury_beauty,als,0.5,1,0.12580686579331501,0.23437976226760102,,,32.0,15.0,0.001,10.0,,,,,,,
als|factors=32;epochs=15;regularisation=0.001;alpha=40.0|frac=0.5,luxury_beauty,als,0.5,1,0.128701166397932,0.23864675403840202,,,32.0,15.0,0.001,40.0,,,,,,,
als|factors=32;epochs=15;regularisation=0.01;alpha=1.0|frac=0.5,luxury_beauty,als,0.5,1,0.10703967405200301,0.19323377019201401,,,32.0,15.0,0.01,1.0,,,,,,,
als|factors=32;epochs=15;regularisation=0.01;alpha=10.0|frac=0.5,luxury_beauty,als,0.5,1,0.12545674935637402,0.23346540688814302,,,32.0,15.0,0.01,10.0,,,,,,,
als|factors=32;epochs=15;regularisation=0.01;alpha=40.0|frac=0.5,luxury_beauty,als,0.5,1,0.12950284550073202,0.23742761353245903,,,32.0,15.0,0.01,40.0,,,,,,,
als|factors=32;epochs=15;regularisation=0.1;alpha=1.0|frac=0.5,luxury_beauty,als,0.5,1,0.10708063411801601,0.1935385553185,,,32.0,15.0,0.1,1.0,,,,,,,
als|factors=32;epochs=15;regularisation=0.1;alpha=10.0|frac=0.5,luxury_beauty,als,0.5,1,0.125462131939055,0.23437976226760102,,,32.0,15.0,0.1,10.0,,,,,,,
als|factors=32;epochs=15;regularisation=0.1;alpha=40.0|frac=0.5,luxury_beauty,als,0.5,1,0.13065387300045,0.23651325815300203,,,32.0,15.0,0.1,40.0,,,,,,,
als|factors=32;epochs=30;regularisation=0.001;alpha=1.0|frac=0.5,luxury_beauty,als,0.5,1,0.108113892372139,0.196891191709844,,,32.0,30.0,0.001,1.0,,,,,,,
als|factors=32;epochs=30;regularisation=0.001;alpha=10.0|frac=0.5,luxury_beauty,als,0.5,1,0.12530531854941301,0.23498933252057302,,,32.0,30.0,0.001,10.0,,,,,,,
als|factors=32;epochs=30;regularisation=0.001;alpha=40.0|frac=0.5,luxury_beauty,als,0.5,1,0.130779312615169,0.24047546479731702,,,32.0,30.0,0.001,40.0,,,,,,,
als|factors=32;epochs=30;regularisation=0.01;alpha=1.0|frac=0.5,luxury_beauty,als,0.5,1,0.10815334492548001,0.196891191709844,,,32.0,30.0,0.01,1.0,,,,,,,
als|factors=32;epochs=30;regularisation=0.01;alpha=10.0|frac=0.5,luxury_beauty,als,0.5,1,0.12510044921839902,0.23498933252057302,,,32.0,30.0,0.01,10.0,,,,,,,
als|factors=32;epochs=30;regularisation=0.01;alpha=40.0|frac=0.5,luxury_beauty,als,0.5,1,0.130791177076924,0.240780249923803,,,32.0,30.0,0.01,40.0,,,,,,,
als|factors=32;epochs=30;regularisation=0.1;alpha=1.0|frac=0.5,luxury_beauty,als,0.5,1,0.10816678289866101,0.196891191709844,,,32.0,30.0,0.1,1.0,,,,,,,
als|factors=32;epochs=30;regularisation=0.1;alpha=10.0|frac=0.5,luxury_beauty,als,0.5,1,0.124982906510349,0.234684547394087,,,32.0,30.0,0.1,10.0,,,,,,,
als|factors=32;epochs=30;regularisation=0.1;alpha=40.0|frac=0.5,luxury_beauty,als,0.5,1,0.13124916123357802,0.24321853093569,,,32.0,30.0,0.1,40.0,,,,,,,
als|factors=64;epochs=5;regularisation=0.001;alpha=1.0|frac=0.5,luxury_beauty,als,0.5,1,0.06011049433412401,0.09082596769277601,,,64.0,5.0,0.001,1.0,,,,,,,
als|factors=64;epochs=5;regularisation=0.001;alpha=10.0|frac=0.5,luxury_beauty,als,0.5,1,0.11845822733056101,0.218835720816824,,,64.0,5.0,0.001,10.0,,,,,,,
als|factors=64;epochs=5;regularisation=0.001;alpha=40.0|frac=0.5,luxury_beauty,als,0.5,1,0.11537666972631001,0.21426394391953602,,,64.0,5.0,0.001,40.0,,,,,,,
als|factors=64;epochs=5;regularisation=0.01;alpha=1.0|frac=0.5,luxury_beauty,als,0.5,1,0.060192005075150004,0.091130752819262,,,64.0,5.0,0.01,1.0,,,,,,,
als|factors=64;epochs=5;regularisation=0.01;alpha=10.0|frac=0.5,luxury_beauty,als,0.5,1,0.11640798872471801,0.21182566290765,,,64.0,5.0,0.01,10.0,,,,,,,
als|factors=64;epochs=5;regularisation=0.01;alpha=40.0|frac=0.5,luxury_beauty,als,0.5,1,0.11512365714886401,0.21395915879305002,,,64.0,5.0,0.01,40.0,,,,,,,
als|factors=64;epochs=5;regularisation=0.1;alpha=1.0|frac=0.5,luxury_beauty,als,0.5,1,0.06030950488819801,0.09082596769277601,,,64.0,5.0,0.1,1.0,,,,,,,
als|factors=64;epochs=5;regularisation=0.1;alpha=10.0|frac=0.5,luxury_beauty,als,0.5,1,0.116493849674954,0.210911307528192,,,64.0,5.0,0.1,10.0,,,,,,,
als|factors=64;epochs=5;regularisation=0.1;alpha=40.0|frac=0.5,luxury_beauty,als,0.5,1,0.11163913187753001,0.21182566290765,,,64.0,5.0,0.1,40.0,,,,,,,
als|factors=64;epochs=15;regularisation=0.001;alpha=1.0|frac=0.5,luxury_beauty,als,0.5,1,0.061922634358389,0.09692167022249301,,,64.0,15.0,0.001,1.0,,,,,,,
als|factors=64;epochs=15;regularisation=0.001;alpha=10.0|frac=0.5,luxury_beauty,als,0.5,1,0.124229607100742,0.226760134105455,,,64.0,15.0,0.001,10.0,,,,,,,
als|factors=64;epochs=15;regularisation=0.001;alpha=40.0|frac=0.5,luxury_beauty,als,0.5,1,0.12361675063490402,0.231027125876257,,,64.0,15.0,0.001,40.0,,,,,,,
als|factors=64;epochs=15;regularisation=0.01;alpha=1.0|frac=0.5,luxury_beauty,als,0.5,1,0.06184413080811701,0.09692167022249301,,,64.0,15.0,0.01,1.0,,,,,,,
als|factors=64;epochs=15;regularisation=0.01;alpha=10.0|frac=0.5,luxury_beauty,als,0.5,1,0.123851070285278,0.22645534897896902,,,64.0,15.0,0.01,10.0,,,,,,,
als|factors=64;epochs=15;regularisation=0.01;alpha=40.0|frac=0.5,luxury_beauty,als,0.5,1,0.12337236467553801,0.231027125876257,,,64.0,15.0,0.01,40.0,,,,,,,
als|factors=64;epochs=15;regularisation=0.1;alpha=1.0|frac=0.5,luxury_beauty,als,0.5,1,0.061441596656087005,0.096312099969521,,,64.0,15.0,0.1,1.0,,,,,,,
als|factors=64;epochs=15;regularisation=0.1;alpha=10.0|frac=0.5,luxury_beauty,als,0.5,1,0.12295796976557201,0.22615056385248403,,,64.0,15.0,0.1,10.0,,,,,,,
als|factors=64;epochs=15;regularisation=0.1;alpha=40.0|frac=0.5,luxury_beauty,als,0.5,1,0.11986971145762901,0.223102712587625,,,64.0,15.0,0.1,40.0,,,,,,,
als|factors=64;epochs=30;regularisation=0.001;alpha=1.0|frac=0.5,luxury_beauty,als,0.5,1,0.10813978924105301,0.20512039012496103,,,64.0,30.0,0.001,1.0,,,,,,,
als|factors=64;epochs=30;regularisation=0.001;alpha=10.0|frac=0.5,luxury_beauty,als,0.5,1,0.12342490061492901,0.224017067967083,,,64.0,30.0,0.001,10.0,,,,,,,
als|factors=64;epochs=30;regularisation=0.001;alpha=40.0|frac=0.5,luxury_beauty,als,0.5,1,0.123683928011589,0.23163669612922802,,,64.0,30.0,0.001,40.0,,,,,,,
als|factors=64;epochs=30;regularisation=0.01;alpha=1.0|frac=0.5,luxury_beauty,als,0.5,1,0.10317742611993101,0.204815604998476,,,64.0,30.0,0.01,1.0,,,,,,,
als|factors=64;epochs=30;regularisation=0.01;alpha=10.0|frac=0.5,luxury_beauty,als,0.5,1,0.12291853810749301,0.222493142334654,,,64.0,30.0,0.01,10.0,,,,,,,
als|factors=64;epochs=30;regularisation=0.01;alpha=40.0|frac=0.5,luxury_beauty,als,0.5,1,0.12394671504636301,0.23163669612922802,,,64.0,30.0,0.01,40.0,,,,,,,
als|factors=64;epochs=30;regularisation=0.1;alpha=1.0|frac=0.5,luxury_beauty,als,0.5,1,0.10782166888809501,0.20420603474550403,,,64.0,30.0,0.1,1.0,,,,,,,
als|factors=64;epochs=30;regularisation=0.1;alpha=10.0|frac=0.5,luxury_beauty,als,0.5,1,0.12314247952650301,0.222493142334654,,,64.0,30.0,0.1,10.0,,,,,,,
als|factors=64;epochs=30;regularisation=0.1;alpha=40.0|frac=0.5,luxury_beauty,als,0.5,1,0.122538058488521,0.23163669612922802,,,64.0,30.0,0.1,40.0,,,,,,,
als|factors=128;epochs=5;regularisation=0.001;alpha=1.0|frac=0.5,luxury_beauty,als,0.5,1,0.056608921825442006,0.09783602560195001,,,128.0,5.0,0.001,1.0,,,,,,,
als|factors=128;epochs=5;regularisation=0.001;alpha=10.0|frac=0.5,luxury_beauty,als,0.5,1,0.11127953267978401,0.203291679366046,,,128.0,5.0,0.001,10.0,,,,,,,
als|factors=128;epochs=5;regularisation=0.001;alpha=40.0|frac=0.5,luxury_beauty,als,0.5,1,0.111867155922917,0.21182566290765,,,128.0,5.0,0.001,40.0,,,,,,,
als|factors=128;epochs=5;regularisation=0.01;alpha=1.0|frac=0.5,luxury_beauty,als,0.5,1,0.056496187219937,0.097531240475464,,,128.0,5.0,0.01,1.0,,,,,,,
als|factors=128;epochs=5;regularisation=0.01;alpha=10.0|frac=0.5,luxury_beauty,als,0.5,1,0.11172128965915401,0.20359646449253202,,,128.0,5.0,0.01,10.0,,,,,,,
als|factors=128;epochs=5;regularisation=0.01;alpha=40.0|frac=0.5,luxury_beauty,als,0.5,1,0.11075903656440801,0.20877781164279102,,,128.0,5.0,0.01,40.0,,,,,,,
als|factors=128;epochs=5;regularisation=0.1;alpha=1.0|frac=0.5,luxury_beauty,als,0.5,1,0.056264367885059,0.097226455348978,,,128.0,5.0,0.1,1.0,,,,,,,
als|factors=128;epochs=5;regularisation=0.1;alpha=10.0|frac=0.5,luxury_beauty,als,0.5,1,0.111360307975434,0.20268210911307502,,,128.0,5.0,0.1,10.0,,,,,,,
als|factors=128;epochs=5;regularisation=0.1;alpha=40.0|frac=0.5,luxury_beauty,als,0.5,1,0.106865182808748,0.20268210911307502,,,128.0,5.0,0.1,40.0,,,,,,,
als|factors=128;epochs=15;regularisation=0.001;alpha=1.0|frac=0.5,luxury_beauty,als,0.5,1,0.057555241897543005,0.10088387686680801,,,128.0,15.0,0.001,1.0,,,,,,,
als|factors=128;epochs=15;regularisation=0.001;alpha=10.0|frac=0.5,luxury_beauty,als,0.5,1,0.11435134918601302,0.20877781164279102,,,128.0,15.0,0.001,10.0,,,,,,,
als|factors=128;epochs=15;regularisation=0.001;alpha=40.0|frac=0.5,luxury_beauty,als,0.5,1,0.11129252505471601,0.20694910088387602,,,128.0,15.0,0.001,40.0,,,,,,,
als|factors=128;epochs=15;regularisation=0.01;alpha=1.0|frac=0.5,luxury_beauty,als,0.5,1,0.057515248485714,0.10088387686680801,,,128.0,15.0,0.01,1.0,,,,,,,
als|factors=128;epochs=15;regularisation=0.01;alpha=10.0|frac=0.5,luxury_beauty,als,0.5,1,0.11380283752415801,0.20725388601036202,,,128.0,15.0,0.01,10.0,,,,,,,
als|factors=128;epochs=15;regularisation=0.01;alpha=40.0|frac=0.5,luxury_beauty,als,0.5,1,0.110385525495738,0.20603474550441903,,,128.0,15.0,0.01,40.0,,,,,,,
als|factors=128;epochs=15;regularisation=0.1;alpha=1.0|frac=0.5,luxury_beauty,als,0.5,1,0.057514559979200006,0.10088387686680801,,,128.0,15.0,0.1,1.0,,,,,,,
als|factors=128;epochs=15;regularisation=0.1;alpha=10.0|frac=0.5,luxury_beauty,als,0.5,1,0.11351271903569501,0.20694910088387602,,,128.0,15.0,0.1,10.0,,,,,,,
als|factors=128;epochs=15;regularisation=0.1;alpha=40.0|frac=0.5,luxury_beauty,als,0.5,1,0.109502345123342,0.20359646449253202,,,128.0,15.0,0.1,40.0,,,,,,,
als|factors=128;epochs=30;regularisation=0.001;alpha=1.0|frac=0.5,luxury_beauty,als,0.5,1,0.057632525342373,0.10088387686680801,,,128.0,30.0,0.001,1.0,,,,,,,
als|factors=128;epochs=30;regularisation=0.001;alpha=10.0|frac=0.5,luxury_beauty,als,0.5,1,0.11389154244501201,0.208473026516306,,,128.0,30.0,0.001,10.0,,,,,,,
als|factors=128;epochs=30;regularisation=0.001;alpha=40.0|frac=0.5,luxury_beauty,als,0.5,1,0.11054112638292,0.20694910088387602,,,128.0,30.0,0.001,40.0,,,,,,,
als|factors=128;epochs=30;regularisation=0.01;alpha=1.0|frac=0.5,luxury_beauty,als,0.5,1,0.057567350670873006,0.100579091740323,,,128.0,30.0,0.01,1.0,,,,,,,
als|factors=128;epochs=30;regularisation=0.01;alpha=10.0|frac=0.5,luxury_beauty,als,0.5,1,0.11327458120363001,0.20786345626333402,,,128.0,30.0,0.01,10.0,,,,,,,
als|factors=128;epochs=30;regularisation=0.01;alpha=40.0|frac=0.5,luxury_beauty,als,0.5,1,0.11048530622367701,0.20542517525144702,,,128.0,30.0,0.01,40.0,,,,,,,
als|factors=128;epochs=30;regularisation=0.1;alpha=1.0|frac=0.5,luxury_beauty,als,0.5,1,0.057700575449048004,0.100274306613837,,,128.0,30.0,0.1,1.0,,,,,,,
als|factors=128;epochs=30;regularisation=0.1;alpha=10.0|frac=0.5,luxury_beauty,als,0.5,1,0.113148491564243,0.20786345626333402,,,128.0,30.0,0.1,10.0,,,,,,,
als|factors=128;epochs=30;regularisation=0.1;alpha=40.0|frac=0.5,luxury_beauty,als,0.5,1,0.10958899540630901,0.203291679366046,,,128.0,30.0,0.1,40.0,,,,,,,
als|factors=16;epochs=5;regularisation=0.001;alpha=1.0|frac=1.0,luxury_beauty,als,1.0,1,0.135524118005554,0.22279792746113902,,,16.0,5.0,0.001,1.0,,,,,,,
als|factors=16;epochs=5;regularisation=0.001;alpha=10.0|frac=1.0,luxury_beauty,als,1.0,1,0.14617689123156702,0.24230417555623202,,,16.0,5.0,0.001,10.0,,,,,,,
als|factors=16;epochs=5;regularisation=0.001;alpha=40.0|frac=1.0,luxury_beauty,als,1.0,1,0.140750418077566,0.23407497714111503,,,16.0,5.0,0.001,40.0,,,,,,,
als|factors=16;epochs=5;regularisation=0.01;alpha=1.0|frac=1.0,luxury_beauty,als,1.0,1,0.135540847222502,0.22279792746113902,,,16.0,5.0,0.01,1.0,,,,,,,
als|factors=16;epochs=5;regularisation=0.01;alpha=10.0|frac=1.0,luxury_beauty,als,1.0,1,0.145996695593772,0.241694605303261,,,16.0,5.0,0.01,10.0,,,,,,,
als|factors=16;epochs=5;regularisation=0.01;alpha=40.0|frac=1.0,luxury_beauty,als,1.0,1,0.141238588885211,0.23407497714111503,,,16.0,5.0,0.01,40.0,,,,,,,
als|factors=16;epochs=5;regularisation=0.1;alpha=1.0|frac=1.0,luxury_beauty,als,1.0,1,0.135341960101608,0.222188357208168,,,16.0,5.0,0.1,1.0,,,,,,,
als|factors=16;epochs=5;regularisation=0.1;alpha=10.0|frac=1.0,luxury_beauty,als,1.0,1,0.147090816996562,0.244132886315147,,,16.0,5.0,0.1,10.0,,,,,,,
als|factors=16;epochs=5;regularisation=0.1;alpha=40.0|frac=1.0,luxury_beauty,als,1.0,1,0.14306476836786,0.23590368790003002,,,16.0,5.0,0.1,40.0,,,,,,,
als|factors=16;epochs=15;regularisation=0.001;alpha=1.0|frac=1.0,luxury_beauty,als,1.0,1,0.137034484346952,0.22980798537031302,,,16.0,15.0,0.001,1.0,,,,,,,
als|factors=16;epochs=15;regularisation=0.001;alpha=10.0|frac=1.0,luxury_beauty,als,1.0,1,0.14718356926911902,0.24687595245352,,,16.0,15.0,0.001,10.0,,,,,,,
als|factors=16;epochs=15;regularisation=0.001;alpha=40.0|frac=1.0,luxury_beauty,als,1.0,1,0.152196217807054,0.25662907650106603,,,16.0,15.0,0.001,40.0,,,,,,,
als|factors=16;epochs=15;regularisation=0.01;alpha=1.0|frac=1.0,luxury_beauty,als,1.0,1,0.13703311699256202,0.22980798537031302,,,16.0,15.0,0.01,1.0,,,,,,,
als|factors=16;epochs=15;regularisation=0.01;alpha=10.0|frac=1.0,luxury_beauty,als,1.0,1,0.14766078285956202,0.24718073758000603,,,16.0,15.0,0.01,10.0,,,,,,,
als|factors=16;epochs=15;regularisation=0.01;alpha=40.0|frac=1.0,luxury_beauty,als,1.0,1,0.153201522028098,0.257238646754038,,,16.0,15.0,0.01,40.0,,,,,,,
als|factors=16;epochs=15;regularisation=0.1;alpha=1.0|frac=1.0,luxury_beauty,als,1.0,1,0.136898133910399,0.22980798537031302,,,16.0,15.0,0.1,1.0,,,,,,,
als|factors=16;epochs=15;regularisation=0.1;alpha=10.0|frac=1.0,luxury_beauty,als,1.0,1,0.14771682587572302,0.24718073758000603,,,16.0,15.0,0.1,10.0,,,,,,,
als|factors=16;epochs=15;regularisation=0.1;alpha=40.0|frac=1.0,luxury_beauty,als,1.0,1,0.152740057039841,0.256019506248095,,,16.0,15.0,0.1,40.0,,,,,,,
als|factors=16;epochs=30;regularisation=0.001;alpha=1.0|frac=1.0,luxury_beauty,als,1.0,1,0.136075800939887,0.22980798537031302,,,16.0,30.0,0.001,1.0,,,,,,,
als|factors=16;epochs=30;regularisation=0.001;alpha=10.0|frac=1.0,luxury_beauty,als,1.0,1,0.147042627797022,0.24748552270649102,,,16.0,30.0,0.001,10.0,,,,,,,
als|factors=16;epochs=30;regularisation=0.001;alpha=40.0|frac=1.0,luxury_beauty,als,1.0,1,0.15177443263988002,0.255105150868637,,,16.0,30.0,0.001,40.0,,,,,,,
als|factors=16;epochs=30;regularisation=0.01;alpha=1.0|frac=1.0,luxury_beauty,als,1.0,1,0.136018633085115,0.22950320024382803,,,16.0,30.0,0.01,1.0,,,,,,,
als|factors=16;epochs=30;regularisation=0.01;alpha=10.0|frac=1.0,luxury_beauty,als,1.0,1,0.14712409559755102,0.24748552270649102,,,16.0,30.0,0.01,10.0,,,,,,,
als|factors=16;epochs=30;regularisation=0.01;alpha=40.0|frac=1.0,luxury_beauty,als,1.0,1,0.152304733371868,0.255105150868637,,,16.0,30.0,0.01,40.0,,,,,,,
als|factors=16;epochs=30;regularisation=0.1;alpha=1.0|frac=1.0,luxury_beauty,als,1.0,1,0.136015691319184,0.229198415117342,,,16.0,30.0,0.1,1.0,,,,,,,
als|factors=16;epochs=30;regularisation=0.1;alpha=10.0|frac=1.0,luxury_beauty,als,1.0,1,0.14714880944178002,0.24718073758000603,,,16.0,30.0,0.1,10.0,,,,,,,
als|factors=16;epochs=30;regularisation=0.1;alpha=40.0|frac=1.0,luxury_beauty,als,1.0,1,0.15289257958315,0.255105150868637,,,16.0,30.0,0.1,40.0,,,,,,,
als|factors=32;epochs=5;regularisation=0.001;alpha=1.0|frac=1.0,luxury_beauty,als,1.0,1,0.142379597711618,0.23133191100274303,,,32.0,5.0,0.001,1.0,,,,,,,
als|factors=32;epochs=5;regularisation=0.001;alpha=10.0|frac=1.0,luxury_beauty,als,1.0,1,0.15113530863447402,0.24992380371837802,,,32.0,5.0,0.001,10.0,,,,,,,
als|factors=32;epochs=5;regularisation=0.001;alpha=40.0|frac=1.0,luxury_beauty,als,1.0,1,0.151252289948362,0.25053337397135,,,32.0,5.0,0.001,40.0,,,,,,,
als|factors=32;epochs=5;regularisation=0.01;alpha=1.0|frac=1.0,luxury_beauty,als,1.0,1,0.14237519817455002,0.23133191100274303,,,32.0,5.0,0.01,1.0,,,,,,,
als|factors=32;epochs=5;regularisation=0.01;alpha=10.0|frac=1.0,luxury_beauty,als,1.0,1,0.15125393610578,0.25053337397135,,,32.0,5.0,0.01,10.0,,,,,,,
als|factors=32;epochs=5;regularisation=0.01;alpha=40.0|frac=1.0,luxury_beauty,als,1.0,1,0.15130535108412302,0.250838159097836,,,32.0,5.0,0.01,40.0,,,,,,,
als|factors=32;epochs=5;regularisation=0.1;alpha=1.0|frac=1.0,luxury_beauty,als,1.0,1,0.14235293494748702,0.23163669612922802,,,32.0,5.0,0.1,1.0,,,,,,,
als|factors=32;epochs=5;regularisation=0.1;alpha=10.0|frac=1.0,luxury_beauty,als,1.0,1,0.15141451316652602,0.250838159097836,,,32.0,5.0,0.1,10.0,,,,,,,
als|factors=32;epochs=5;regularisation=0.1;alpha=40.0|frac=1.0,luxury_beauty,als,1.0,1,0.152192666550472,0.25114294422432104,,,32.0,5.0,0.1,40.0,,,,,,,
als|factors=32;epochs=15;regularisation=0.001;alpha=1.0|frac=1.0,luxury_beauty,als,1.0,1,0.14717609585834102,0.24199939042974702,,,32.0,15.0,0.001,1.0,,,,,,,
als|factors=32;epochs=15;regularisation=0.001;alpha=10.0|frac=1.0,luxury_beauty,als,1.0,1,0.15530362477231602,0.261200853398354,,,32.0,15.0,0.001,10.0,,,,,,,
als|factors=32;epochs=15;regularisation=0.001;alpha=40.0|frac=1.0,luxury_beauty,als,1.0,1,0.15697317369896202,0.26059128314538205,,,32.0,15.0,0.001,40.0,,,,,,,
als|factors=32;epochs=15;regularisation=0.01;alpha=1.0|frac=1.0,luxury_beauty,als,1.0,1,0.146901533083951,0.24138982017677502,,,32.0,15.0,0.01,1.0,,,,,,,
als|factors=32;epochs=15;regularisation=0.01;alpha=10.0|frac=1.0,luxury_beauty,als,1.0,1,0.15541398036232001,0.261810423651325,,,32.0,15.0,0.01,10.0,,,,,,,
als|factors=32;epochs=15;regularisation=0.01;alpha=40.0|frac=1.0,luxury_beauty,als,1.0,1,0.15773652987931702,0.261810423651325,,,32.0,15.0,0.01,40.0,,,,,,,
als|factors=32;epochs=15;regularisation=0.1;alpha=1.0|frac=1.0,luxury_beauty,als,1.0,1,0.14731086761214102,0.24199939042974702,,,32.0,15.0,0.1,1.0,,,,,,,
als|factors=32;epochs=15;regularisation=0.1;alpha=10.0|frac=1.0,luxury_beauty,als,1.0,1,0.15562956732135702,0.262115208777811,,,32.0,15.0,0.1,10.0,,,,,,,
als|factors=32;epochs=15;regularisation=0.1;alpha=40.0|frac=1.0,luxury_beauty,als,1.0,1,0.158528321382527,0.263029564157269,,,32.0,15.0,0.1,40.0,,,,,,,
als|factors=32;epochs=30;regularisation=0.001;alpha=1.0|frac=1.0,luxury_beauty,als,1.0,1,0.14791313226077202,0.244132886315147,,,32.0,30.0,0.001,1.0,,,,,,,
als|factors=32;epochs=30;regularisation=0.001;alpha=10.0|frac=1.0,luxury_beauty,als,1.0,1,0.15844914546113,0.266686985675099,,,32.0,30.0,0.001,10.0,,,,,,,
als|factors=32;epochs=30;regularisation=0.001;alpha=40.0|frac=1.0,luxury_beauty,als,1.0,1,0.15848070691222302,0.264553489789698,,,32.0,30.0,0.001,40.0,,,,,,,
als|factors=32;epochs=30;regularisation=0.01;alpha=1.0|frac=1.0,luxury_beauty,als,1.0,1,0.148034009238072,0.24443767144163303,,,32.0,30.0,0.01,1.0,,,,,,,
als|factors=32;epochs=30;regularisation=0.01;alpha=10.0|frac=1.0,luxury_beauty,als,1.0,1,0.15847700191146002,0.266686985675099,,,32.0,30.0,0.01,10.0,,,,,,,
als|factors=32;epochs=30;regularisation=0.01;alpha=40.0|frac=1.0,luxury_beauty,als,1.0,1,0.159511232238831,0.266382200548613,,,32.0,30.0,0.01,40.0,,,,,,,
als|factors=32;epochs=30;regularisation=0.1;alpha=1.0|frac=1.0,luxury_beauty,als,1.0,1,0.14784226481835702,0.24382810118866202,,,32.0,30.0,0.1,1.0,,,,,,,
als|factors=32;epochs=30;regularisation=0.1;alpha=10.0|frac=1.0,luxury_beauty,als,1.0,1,0.158307405901151,0.264858274916184,,,32.0,30.0,0.1,10.0,,,,,,,
als|factors=32;epochs=30;regularisation=0.1;alpha=40.0|frac=1.0,luxury_beauty,als,1.0,1,0.158733117940579,0.265467845169155,,,32.0,30.0,0.1,40.0,,,,,,,
als|factors=64;epochs=5;regularisation=0.001;alpha=1.0|frac=1.0,luxury_beauty,als,1.0,1,0.147855916891476,0.24535202682109103,,,64.0,5.0,0.001,1.0,,,,,,,
als|factors=64;epochs=5;regularisation=0.001;alpha=10.0|frac=1.0,luxury_beauty,als,1.0,1,0.15262478341962002,0.25784821700701,,,64.0,5.0,0.001,10.0,,,,,,,
als|factors=64;epochs=5;regularisation=0.001;alpha=40.0|frac=1.0,luxury_beauty,als,1.0,1,0.151174339652547,0.255105150868637,,,64.0,5.0,0.001,40.0,,,,,,,
als|factors=64;epochs=5;regularisation=0.01;alpha=1.0|frac=1.0,luxury_beauty,als,1.0,1,0.147904238368284,0.24535202682109103,,,64.0,5.0,0.01,1.0,,,,,,,
als|factors=64;epochs=5;regularisation=0.01;alpha=10.0|frac=1.0,luxury_beauty,als,1.0,1,0.15250057006023401,0.257238646754038,,,64.0,5.0,0.01,10.0,,,,,,,
als|factors=64;epochs=5;regularisation=0.01;alpha=40.0|frac=1.0,luxury_beauty,als,1.0,1,0.15135824765823902,0.255409935995123,,,64.0,5.0,0.01,40.0,,,,,,,
als|factors=64;epochs=5;regularisation=0.1;alpha=1.0|frac=1.0,luxury_beauty,als,1.0,1,0.14780874027721802,0.24474245656811902,,,64.0,5.0,0.1,1.0,,,,,,,
als|factors=64;epochs=5;regularisation=0.1;alpha=10.0|frac=1.0,luxury_beauty,als,1.0,1,0.15438891889087603,0.258762572386467,,,64.0,5.0,0.1,10.0,,,,,,,
als|factors=64;epochs=5;regularisation=0.1;alpha=40.0|frac=1.0,luxury_beauty,als,1.0,1,0.15016787449131602,0.25114294422432104,,,64.0,5.0,0.1,40.0,,,,,,,
als|factors=64;epochs=15;regularisation=0.001;alpha=1.0|frac=1.0,luxury_beauty,als,1.0,1,0.15005554898648002,0.250838159097836,,,64.0,15.0,0.001,1.0,,,,,,,
als|factors=64;epochs=15;regularisation=0.001;alpha=10.0|frac=1.0,luxury_beauty,als,1.0,1,0.155294601292638,0.26424870466321204,,,64.0,15.0,0.001,10.0,,,,,,,
als|factors=64;epochs=15;regularisation=0.001;alpha=40.0|frac=1.0,luxury_beauty,als,1.0,1,0.15512832347250402,0.26150563852484,,,64.0,15.0,0.001,40.0,,,,,,,
als|factors=64;epochs=15;regularisation=0.01;alpha=1.0|frac=1.0,luxury_beauty,als,1.0,1,0.149900829783815,0.25053337397135,,,64.0,15.0,0.01,1.0,,,,,,,
als|factors=64;epochs=15;regularisation=0.01;alpha=10.0|frac=1.0,luxury_beauty,als,1.0,1,0.156543794771939,0.26333434928375404,,,64.0,15.0,0.01,10.0,,,,,,,
als|factors=64;epochs=15;regularisation=0.01;alpha=40.0|frac=1.0,luxury_beauty,als,1.0,1,0.154569304476479,0.25967692776592505,,,64.0,15.0,0.01,40.0,,,,,,,
als|factors=64;epochs=15;regularisation=0.1;alpha=1.0|frac=1.0,luxury_beauty,als,1.0,1,0.14969403317247001,0.24992380371837802,,,64.0,15.0,0.1,1.0,,,,,,,
als|factors=64;epochs=15;regularisation=0.1;alpha=10.0|frac=1.0,luxury_beauty,als,1.0,1,0.156579990616731,0.261810423651325,,,64.0,15.0,0.1,10.0,,,,,,,
als|factors=64;epochs=15;regularisation=0.1;alpha=40.0|frac=1.0,luxury_beauty,als,1.0,1,0.15403566896843301,0.258153002133495,,,64.0,15.0,0.1,40.0,,,,,,,
als|factors=64;epochs=30;regularisation=0.001;alpha=1.0|frac=1.0,luxury_beauty,als,1.0,1,0.14984759938616202,0.25022858884486404,,,64.0,30.0,0.001,1.0,,,,,,,
als|factors=64;epochs=30;regularisation=0.001;alpha=10.0|frac=1.0,luxury_beauty,als,1.0,1,0.154183474136695,0.262115208777811,,,64.0,30.0,0.001,10.0,,,,,,,
als|factors=64;epochs=30;regularisation=0.001;alpha=40.0|frac=1.0,luxury_beauty,als,1.0,1,0.15541695722051901,0.261810423651325,,,64.0,30.0,0.001,40.0,,,,,,,
als|factors=64;epochs=30;regularisation=0.01;alpha=1.0|frac=1.0,luxury_beauty,als,1.0,1,0.14991885662895602,0.25053337397135,,,64.0,30.0,0.01,1.0,,,,,,,
als|factors=64;epochs=30;regularisation=0.01;alpha=10.0|frac=1.0,luxury_beauty,als,1.0,1,0.15543751054555302,0.262115208777811,,,64.0,30.0,0.01,10.0,,,,,,,
als|factors=64;epochs=30;regularisation=0.01;alpha=40.0|frac=1.0,luxury_beauty,als,1.0,1,0.15542114823119701,0.260896068271868,,,64.0,30.0,0.01,40.0,,,,,,,
als|factors=64;epochs=30;regularisation=0.1;alpha=1.0|frac=1.0,luxury_beauty,als,1.0,1,0.149841896086021,0.25053337397135,,,64.0,30.0,0.1,1.0,,,,,,,
als|factors=64;epochs=30;regularisation=0.1;alpha=10.0|frac=1.0,luxury_beauty,als,1.0,1,0.15625991589055702,0.263029564157269,,,64.0,30.0,0.1,10.0,,,,,,,
als|factors=64;epochs=30;regularisation=0.1;alpha=40.0|frac=1.0,luxury_beauty,als,1.0,1,0.15468127725109201,0.259067357512953,,,64.0,30.0,0.1,40.0,,,,,,,
als|factors=128;epochs=5;regularisation=0.001;alpha=1.0|frac=1.0,luxury_beauty,als,1.0,1,0.132524050579193,0.236208473026516,,,128.0,5.0,0.001,1.0,,,,,,,
als|factors=128;epochs=5;regularisation=0.001;alpha=10.0|frac=1.0,luxury_beauty,als,1.0,1,0.152356101303551,0.25297165498323604,,,128.0,5.0,0.001,10.0,,,,,,,
als|factors=128;epochs=5;regularisation=0.001;alpha=40.0|frac=1.0,luxury_beauty,als,1.0,1,0.149247629650324,0.24900944833892102,,,128.0,5.0,0.001,40.0,,,,,,,
als|factors=128;epochs=5;regularisation=0.01;alpha=1.0|frac=1.0,luxury_beauty,als,1.0,1,0.132359089370677,0.23590368790003002,,,128.0,5.0,0.01,1.0,,,,,,,
als|factors=128;epochs=5;regularisation=0.01;alpha=10.0|frac=1.0,luxury_beauty,als,1.0,1,0.15260232763553502,0.25419079548918,,,128.0,5.0,0.01,10.0,,,,,,,
als|factors=128;epochs=5;regularisation=0.01;alpha=40.0|frac=1.0,luxury_beauty,als,1.0,1,0.148203054698949,0.24809509295946303,,,128.0,5.0,0.01,40.0,,,,,,,
als|factors=128;epochs=5;regularisation=0.1;alpha=1.0|frac=1.0,luxury_beauty,als,1.0,1,0.13228805393543802,0.236208473026516,,,128.0,5.0,0.1,1.0,,,,,,,
als|factors=128;epochs=5;regularisation=0.1;alpha=10.0|frac=1.0,luxury_beauty,als,1.0,1,0.150602749840297,0.25114294422432104,,,128.0,5.0,0.1,10.0,,,,,,,
als|factors=128;epochs=5;regularisation=0.1;alpha=40.0|frac=1.0,luxury_beauty,als,1.0,1,0.14411963545919101,0.24138982017677502,,,128.0,5.0,0.1,40.0,,,,,,,
als|factors=128;epochs=15;regularisation=0.001;alpha=1.0|frac=1.0,luxury_beauty,als,1.0,1,0.130315776400651,0.232855836635172,,,128.0,15.0,0.001,1.0,,,,,,,
als|factors=128;epochs=15;regularisation=0.001;alpha=10.0|frac=1.0,luxury_beauty,als,1.0,1,0.15176254898664102,0.254495580615665,,,128.0,15.0,0.001,10.0,,,,,,,
als|factors=128;epochs=15;regularisation=0.001;alpha=40.0|frac=1.0,luxury_beauty,als,1.0,1,0.148783208492026,0.24931423346540602,,,128.0,15.0,0.001,40.0,,,,,,,
als|factors=128;epochs=15;regularisation=0.01;alpha=1.0|frac=1.0,luxury_beauty,als,1.0,1,0.13015412661883902,0.23224626638220003,,,128.0,15.0,0.01,1.0,,,,,,,
als|factors=128;epochs=15;regularisation=0.01;alpha=10.0|frac=1.0,luxury_beauty,als,1.0,1,0.15113285202155002,0.253581225236208,,,128.0,15.0,0.01,10.0,,,,,,,
als|factors=128;epochs=15;regularisation=0.01;alpha=40.0|frac=1.0,luxury_beauty,als,1.0,1,0.14657467104229202,0.24718073758000603,,,128.0,15.0,0.01,40.0,,,,,,,
als|factors=128;epochs=15;regularisation=0.1;alpha=1.0|frac=1.0,luxury_beauty,als,1.0,1,0.12993999741476,0.23255105150868602,,,128.0,15.0,0.1,1.0,,,,,,,
als|factors=128;epochs=15;regularisation=0.1;alpha=10.0|frac=1.0,luxury_beauty,als,1.0,1,0.150175921663546,0.25266686985675,,,128.0,15.0,0.1,10.0,,,,,,,
als|factors=128;epochs=15;regularisation=0.1;alpha=40.0|frac=1.0,luxury_beauty,als,1.0,1,0.14493119012365102,0.24718073758000603,,,128.0,15.0,0.1,40.0,,,,,,,
als|factors=128;epochs=30;regularisation=0.001;alpha=1.0|frac=1.0,luxury_beauty,als,1.0,1,0.129467766330939,0.231941481255714,,,128.0,30.0,0.001,1.0,,,,,,,
als|factors=128;epochs=30;regularisation=0.001;alpha=10.0|frac=1.0,luxury_beauty,als,1.0,1,0.14964755908412,0.25022858884486404,,,128.0,30.0,0.001,10.0,,,,,,,
als|factors=128;epochs=30;regularisation=0.001;alpha=40.0|frac=1.0,luxury_beauty,als,1.0,1,0.147697131467733,0.247790307832977,,,128.0,30.0,0.001,40.0,,,,,,,
als|factors=128;epochs=30;regularisation=0.01;alpha=1.0|frac=1.0,luxury_beauty,als,1.0,1,0.12943201294274,0.231941481255714,,,128.0,30.0,0.01,1.0,,,,,,,
als|factors=128;epochs=30;regularisation=0.01;alpha=10.0|frac=1.0,luxury_beauty,als,1.0,1,0.14943230536517102,0.25022858884486404,,,128.0,30.0,0.01,10.0,,,,,,,
als|factors=128;epochs=30;regularisation=0.01;alpha=40.0|frac=1.0,luxury_beauty,als,1.0,1,0.145900639282213,0.24718073758000603,,,128.0,30.0,0.01,40.0,,,,,,,
als|factors=128;epochs=30;regularisation=0.1;alpha=1.0|frac=1.0,luxury_beauty,als,1.0,1,0.129838266159632,0.23316062176165803,,,128.0,30.0,0.1,1.0,,,,,,,
als|factors=128;epochs=30;regularisation=0.1;alpha=10.0|frac=1.0,luxury_beauty,als,1.0,1,0.14910784429992202,0.24992380371837802,,,128.0,30.0,0.1,10.0,,,,,,,
als|factors=128;epochs=30;regularisation=0.1;alpha=40.0|frac=1.0,luxury_beauty,als,1.0,1,0.14507951343182401,0.245047241694605,,,128.0,30.0,0.1,40.0,,,,,,,
multvae|latent=32;hidden=200;epochs=10;dropout=0.0|frac=0.25,luxury_beauty,multvae,0.25,1,0.06438559647002301,0.166412679061261,,,,,,,32.0,200.0,10.0,0.0,,,
multvae|latent=32;hidden=200;epochs=10;dropout=0.5|frac=0.25,luxury_beauty,multvae,0.25,1,0.030462907842659002,0.066138372447424,,,,,,,32.0,200.0,10.0,0.5,,,
multvae|latent=32;hidden=200;epochs=20;dropout=0.0|frac=0.25,luxury_beauty,multvae,0.25,1,0.070547653270117,0.15726912526668702,,,,,,,32.0,200.0,20.0,0.0,,,
multvae|latent=32;hidden=200;epochs=20;dropout=0.5|frac=0.25,luxury_beauty,multvae,0.25,1,0.032353395042593006,0.07162450472416901,,,,,,,32.0,200.0,20.0,0.5,,,
multvae|latent=32;hidden=600;epochs=10;dropout=0.0|frac=0.25,luxury_beauty,multvae,0.25,1,0.068990672002394,0.155745199634257,,,,,,,32.0,600.0,10.0,0.0,,,
multvae|latent=32;hidden=600;epochs=10;dropout=0.5|frac=0.25,luxury_beauty,multvae,0.25,1,0.062723048440572,0.17738494361475102,,,,,,,32.0,600.0,10.0,0.5,,,
multvae|latent=32;hidden=600;epochs=20;dropout=0.0|frac=0.25,luxury_beauty,multvae,0.25,1,0.023823896621237003,0.044803413593416004,,,,,,,32.0,600.0,20.0,0.0,,,
multvae|latent=32;hidden=600;epochs=20;dropout=0.5|frac=0.25,luxury_beauty,multvae,0.25,1,0.029265408236230004,0.068271868332825,,,,,,,32.0,600.0,20.0,0.5,,,
multvae|latent=64;hidden=200;epochs=10;dropout=0.0|frac=0.25,luxury_beauty,multvae,0.25,1,0.09108103709794901,0.17647058823529402,,,,,,,64.0,200.0,10.0,0.0,,,
multvae|latent=64;hidden=200;epochs=10;dropout=0.5|frac=0.25,luxury_beauty,multvae,0.25,1,0.032441350645475,0.073148430356598,,,,,,,64.0,200.0,10.0,0.5,,,
multvae|latent=64;hidden=200;epochs=20;dropout=0.0|frac=0.25,luxury_beauty,multvae,0.25,1,0.072958320218017,0.166412679061261,,,,,,,64.0,200.0,20.0,0.0,,,
multvae|latent=64;hidden=200;epochs=20;dropout=0.5|frac=0.25,luxury_beauty,multvae,0.25,1,0.03265600465525,0.073453215483084,,,,,,,64.0,200.0,20.0,0.5,,,
multvae|latent=64;hidden=600;epochs=10;dropout=0.0|frac=0.25,luxury_beauty,multvae,0.25,1,0.062957581255367,0.16336482779640302,,,,,,,64.0,600.0,10.0,0.0,,,
multvae|latent=64;hidden=600;epochs=10;dropout=0.5|frac=0.25,luxury_beauty,multvae,0.25,1,0.03401103210512,0.07253886010362601,,,,,,,64.0,600.0,10.0,0.5,,,
multvae|latent=64;hidden=600;epochs=20;dropout=0.0|frac=0.25,luxury_beauty,multvae,0.25,1,0.068180801981955,0.16397439804937503,,,,,,,64.0,600.0,20.0,0.0,,,
multvae|latent=64;hidden=600;epochs=20;dropout=0.5|frac=0.25,luxury_beauty,multvae,0.25,1,0.026234749698083003,0.054251752514477,,,,,,,64.0,600.0,20.0,0.5,,,
multvae|latent=128;hidden=200;epochs=10;dropout=0.0|frac=0.25,luxury_beauty,multvae,0.25,1,0.066705745582376,0.17128924108503502,,,,,,,128.0,200.0,10.0,0.0,,,
multvae|latent=128;hidden=200;epochs=10;dropout=0.5|frac=0.25,luxury_beauty,multvae,0.25,1,0.026421535134959002,0.056385248399878005,,,,,,,128.0,200.0,10.0,0.5,,,
multvae|latent=128;hidden=200;epochs=20;dropout=0.0|frac=0.25,luxury_beauty,multvae,0.25,1,0.08432306371320801,0.162755257543431,,,,,,,128.0,200.0,20.0,0.0,,,
multvae|latent=128;hidden=200;epochs=20;dropout=0.5|frac=0.25,luxury_beauty,multvae,0.25,1,0.031891047765775005,0.071319719597683,,,,,,,128.0,200.0,20.0,0.5,,,
multvae|latent=128;hidden=600;epochs=10;dropout=0.0|frac=0.25,luxury_beauty,multvae,0.25,1,0.08270008288759201,0.16519353855531801,,,,,,,128.0,600.0,10.0,0.0,,,
multvae|latent=128;hidden=600;epochs=10;dropout=0.5|frac=0.25,luxury_beauty,multvae,0.25,1,0.029869841990942003,0.064004876562023,,,,,,,128.0,600.0,10.0,0.5,,,
multvae|latent=128;hidden=600;epochs=20;dropout=0.0|frac=0.25,luxury_beauty,multvae,0.25,1,0.063132497903795,0.15818348064614401,,,,,,,128.0,600.0,20.0,0.0,,,
multvae|latent=128;hidden=600;epochs=20;dropout=0.5|frac=0.25,luxury_beauty,multvae,0.25,1,0.026733562096172003,0.058213959158793,,,,,,,128.0,600.0,20.0,0.5,,,
multvae|latent=32;hidden=200;epochs=10;dropout=0.0|frac=0.5,luxury_beauty,multvae,0.5,1,0.10157970197999201,0.19049070405364202,,,,,,,32.0,200.0,10.0,0.0,,,
multvae|latent=32;hidden=200;epochs=10;dropout=0.5|frac=0.5,luxury_beauty,multvae,0.5,1,0.071195071037478,0.190795489180128,,,,,,,32.0,200.0,10.0,0.5,,,
multvae|latent=32;hidden=200;epochs=20;dropout=0.0|frac=0.5,luxury_beauty,multvae,0.5,1,0.10160098367981801,0.194452910697957,,,,,,,32.0,200.0,20.0,0.0,,,
multvae|latent=32;hidden=200;epochs=20;dropout=0.5|frac=0.5,luxury_beauty,multvae,0.5,1,0.096108626660452,0.19811033221578703,,,,,,,32.0,200.0,20.0,0.5,,,
multvae|latent=32;hidden=600;epochs=10;dropout=0.0|frac=0.5,luxury_beauty,multvae,0.5,1,0.10406004836699301,0.19658640658335802,,,,,,,32.0,600.0,10.0,0.0,,,
multvae|latent=32;hidden=600;epochs=10;dropout=0.5|frac=0.5,luxury_beauty,multvae,0.5,1,0.101198766473058,0.20420603474550403,,,,,,,32.0,600.0,10.0,0.5,,,
multvae|latent=32;hidden=600;epochs=20;dropout=0.0|frac=0.5,luxury_beauty,multvae,0.5,1,0.09259426257457201,0.191709844559585,,,,,,,32.0,600.0,20.0,0.0,,,
multvae|latent=32;hidden=600;epochs=20;dropout=0.5|frac=0.5,luxury_beauty,multvae,0.5,1,0.09778011988569701,0.21243523316062102,,,,,,,32.0,600.0,20.0,0.5,,,
multvae|latent=64;hidden=200;epochs=10;dropout=0.0|frac=0.5,luxury_beauty,multvae,0.5,1,0.10647727944501101,0.19719597683633003,,,,,,,64.0,200.0,10.0,0.0,,,
multvae|latent=64;hidden=200;epochs=10;dropout=0.5|frac=0.5,luxury_beauty,multvae,0.5,1,0.08036106387877501,0.198719902468759,,,,,,,64.0,200.0,10.0,0.5,,,
multvae|latent=64;hidden=200;epochs=20;dropout=0.0|frac=0.5,luxury_beauty,multvae,0.5,1,0.111139344475912,0.202986894239561,,,,,,,64.0,200.0,20.0,0.0,,,
multvae|latent=64;hidden=200;epochs=20;dropout=0.5|frac=0.5,luxury_beauty,multvae,0.5,1,0.09204865026093101,0.199634257848217,,,,,,,64.0,200.0,20.0,0.5,,,
multvae|latent=64;hidden=600;epochs=10;dropout=0.0|frac=0.5,luxury_beauty,multvae,0.5,1,0.110549164978421,0.20451081987199002,,,,,,,64.0,600.0,10.0,0.0,,,
multvae|latent=64;hidden=600;epochs=10;dropout=0.5|frac=0.5,luxury_beauty,multvae,0.5,1,0.10080885272722301,0.206644315757391,,,,,,,64.0,600.0,10.0,0.5,,,
multvae|latent=64;hidden=600;epochs=20;dropout=0.0|frac=0.5,luxury_beauty,multvae,0.5,1,0.10561400393846701,0.201158183480646,,,,,,,64.0,600.0,20.0,0.0,,,
multvae|latent=64;hidden=600;epochs=20;dropout=0.5|frac=0.5,luxury_beauty,multvae,0.5,1,0.09237682272470901,0.21182566290765,,,,,,,64.0,600.0,20.0,0.5,,,
multvae|latent=128;hidden=200;epochs=10;dropout=0.0|frac=0.5,luxury_beauty,multvae,0.5,1,0.096420093276169,0.18439500152392502,,,,,,,128.0,200.0,10.0,0.0,,,
multvae|latent=128;hidden=200;epochs=10;dropout=0.5|frac=0.5,luxury_beauty,multvae,0.5,1,0.033423546375327004,0.073453215483084,,,,,,,128.0,200.0,10.0,0.5,,,
multvae|latent=128;hidden=200;epochs=20;dropout=0.0|frac=0.5,luxury_beauty,multvae,0.5,1,0.116662078893665,0.209996952148735,,,,,,,128.0,200.0,20.0,0.0,,,
multvae|latent=128;hidden=200;epochs=20;dropout=0.5|frac=0.5,luxury_beauty,multvae,0.5,1,0.096783259057771,0.199634257848217,,,,,,,128.0,200.0,20.0,0.5,,,
multvae|latent=128;hidden=600;epochs=10;dropout=0.0|frac=0.5,luxury_beauty,multvae,0.5,1,0.113922083925431,0.209996952148735,,,,,,,128.0,600.0,10.0,0.0,,,
multvae|latent=128;hidden=600;epochs=10;dropout=0.5|frac=0.5,luxury_beauty,multvae,0.5,1,0.097300968935716,0.201158183480646,,,,,,,128.0,600.0,10.0,0.5,,,
multvae|latent=128;hidden=600;epochs=20;dropout=0.0|frac=0.5,luxury_beauty,multvae,0.5,1,0.10619146030540501,0.20024382810118802,,,,,,,128.0,600.0,20.0,0.0,,,
multvae|latent=128;hidden=600;epochs=20;dropout=0.5|frac=0.5,luxury_beauty,multvae,0.5,1,0.08936037795875501,0.20359646449253202,,,,,,,128.0,600.0,20.0,0.5,,,
multvae|latent=32;hidden=200;epochs=10;dropout=0.0|frac=1.0,luxury_beauty,multvae,1.0,1,0.135183273225607,0.22340749771411103,,,,,,,32.0,200.0,10.0,0.0,,,
multvae|latent=32;hidden=200;epochs=10;dropout=0.5|frac=1.0,luxury_beauty,multvae,1.0,1,0.12121191739282701,0.209387381895763,,,,,,,32.0,200.0,10.0,0.5,,,
multvae|latent=32;hidden=200;epochs=20;dropout=0.0|frac=1.0,luxury_beauty,multvae,1.0,1,0.14585875562428702,0.24352331606217603,,,,,,,32.0,200.0,20.0,0.0,,,
multvae|latent=32;hidden=200;epochs=20;dropout=0.5|frac=1.0,luxury_beauty,multvae,1.0,1,0.142027713996581,0.241694605303261,,,,,,,32.0,200.0,20.0,0.5,,,
multvae|latent=32;hidden=600;epochs=10;dropout=0.0|frac=1.0,luxury_beauty,multvae,1.0,1,0.144720830866538,0.248704663212435,,,,,,,32.0,600.0,10.0,0.0,,,
multvae|latent=32;hidden=600;epochs=10;dropout=0.5|frac=1.0,luxury_beauty,multvae,1.0,1,0.14187767604085202,0.239865894544346,,,,,,,32.0,600.0,10.0,0.5,,,
multvae|latent=32;hidden=600;epochs=20;dropout=0.0|frac=1.0,luxury_beauty,multvae,1.0,1,0.139878583961802,0.24108503505028903,,,,,,,32.0,600.0,20.0,0.0,,,
multvae|latent=32;hidden=600;epochs=20;dropout=0.5|frac=1.0,luxury_beauty,multvae,1.0,1,0.14596792261438601,0.24474245656811902,,,,,,,32.0,600.0,20.0,0.5,,,
multvae|latent=64;hidden=200;epochs=10;dropout=0.0|frac=1.0,luxury_beauty,multvae,1.0,1,0.13790750094922602,0.22980798537031302,,,,,,,64.0,200.0,10.0,0.0,,,
multvae|latent=64;hidden=200;epochs=10;dropout=0.5|frac=1.0,luxury_beauty,multvae,1.0,1,0.128361474578211,0.22127400182871002,,,,,,,64.0,200.0,10.0,0.5,,,
multvae|latent=64;hidden=200;epochs=20;dropout=0.0|frac=1.0,luxury_beauty,multvae,1.0,1,0.147300541357756,0.244132886315147,,,,,,,64.0,200.0,20.0,0.0,,,
multvae|latent=64;hidden=200;epochs=20;dropout=0.5|frac=1.0,luxury_beauty,multvae,1.0,1,0.14484447025812602,0.24230417555623202,,,,,,,64.0,200.0,20.0,0.5,,,
multvae|latent=64;hidden=600;epochs=10;dropout=0.0|frac=1.0,luxury_beauty,multvae,1.0,1,0.146834334409903,0.24900944833892102,,,,,,,64.0,600.0,10.0,0.0,,,
multvae|latent=64;hidden=600;epochs=10;dropout=0.5|frac=1.0,luxury_beauty,multvae,1.0,1,0.14397475862723802,0.238951539164888,,,,,,,64.0,600.0,10.0,0.5,,,
multvae|latent=64;hidden=600;epochs=20;dropout=0.0|frac=1.0,luxury_beauty,multvae,1.0,1,0.144050518187331,0.245047241694605,,,,,,,64.0,600.0,20.0,0.0,,,
multvae|latent=64;hidden=600;epochs=20;dropout=0.5|frac=1.0,luxury_beauty,multvae,1.0,1,0.14855006160414203,0.251447729350807,,,,,,,64.0,600.0,20.0,0.5,,,
multvae|latent=128;hidden=200;epochs=10;dropout=0.0|frac=1.0,luxury_beauty,multvae,1.0,1,0.11544032834426801,0.23255105150868602,,,,,,,128.0,200.0,10.0,0.0,,,
multvae|latent=128;hidden=200;epochs=10;dropout=0.5|frac=1.0,luxury_beauty,multvae,1.0,1,0.09785394069397901,0.21761658031088002,,,,,,,128.0,200.0,10.0,0.5,,,
multvae|latent=128;hidden=200;epochs=20;dropout=0.0|frac=1.0,luxury_beauty,multvae,1.0,1,0.147341923855158,0.24535202682109103,,,,,,,128.0,200.0,20.0,0.0,,,
multvae|latent=128;hidden=200;epochs=20;dropout=0.5|frac=1.0,luxury_beauty,multvae,1.0,1,0.142156085498882,0.240780249923803,,,,,,,128.0,200.0,20.0,0.5,,,
multvae|latent=128;hidden=600;epochs=10;dropout=0.0|frac=1.0,luxury_beauty,multvae,1.0,1,0.145662368088482,0.24535202682109103,,,,,,,128.0,600.0,10.0,0.0,,,
multvae|latent=128;hidden=600;epochs=10;dropout=0.5|frac=1.0,luxury_beauty,multvae,1.0,1,0.138640065571303,0.235598902773544,,,,,,,128.0,600.0,10.0,0.5,,,
multvae|latent=128;hidden=600;epochs=20;dropout=0.0|frac=1.0,luxury_beauty,multvae,1.0,1,0.144771189659458,0.239865894544346,,,,,,,128.0,600.0,20.0,0.0,,,
multvae|latent=128;hidden=600;epochs=20;dropout=0.5|frac=1.0,luxury_beauty,multvae,1.0,1,0.148491591407412,0.25205729960377904,,,,,,,128.0,600.0,20.0,0.5,,,
als|factors=16;epochs=5;regularisation=0.001;alpha=1.0|frac=0.25,software,als,0.25,1,0.016887246658412,0.040023894862604006,,,16.0,5.0,0.001,1.0,,,,,,,
als|factors=16;epochs=5;regularisation=0.001;alpha=10.0|frac=0.25,software,als,0.25,1,0.10002964165483301,0.168458781362007,,,16.0,5.0,0.001,10.0,,,,,,,
als|factors=16;epochs=5;regularisation=0.001;alpha=40.0|frac=0.25,software,als,0.25,1,0.084433116667986,0.16726403823178002,,,16.0,5.0,0.001,40.0,,,,,,,
als|factors=16;epochs=5;regularisation=0.01;alpha=1.0|frac=0.25,software,als,0.25,1,0.016887246658412,0.040023894862604006,,,16.0,5.0,0.01,1.0,,,,,,,
als|factors=16;epochs=5;regularisation=0.01;alpha=10.0|frac=0.25,software,als,0.25,1,0.100710419480436,0.16905615292712,,,16.0,5.0,0.01,10.0,,,,,,,
als|factors=16;epochs=5;regularisation=0.01;alpha=40.0|frac=0.25,software,als,0.25,1,0.084854229882642,0.168458781362007,,,16.0,5.0,0.01,40.0,,,,,,,
als|factors=16;epochs=5;regularisation=0.1;alpha=1.0|frac=0.25,software,als,0.25,1,0.017051302778601,0.040621266427718,,,16.0,5.0,0.1,1.0,,,,,,,
als|factors=16;epochs=5;regularisation=0.1;alpha=10.0|frac=0.25,software,als,0.25,1,0.100681234540879,0.168458781362007,,,16.0,5.0,0.1,10.0,,,,,,,
als|factors=16;epochs=5;regularisation=0.1;alpha=40.0|frac=0.25,software,als,0.25,1,0.10007352180650901,0.16606929510155302,,,16.0,5.0,0.1,40.0,,,,,,,
als|factors=16;epochs=15;regularisation=0.001;alpha=1.0|frac=0.25,software,als,0.25,1,0.023090621181559003,0.048984468339307,,,16.0,15.0,0.001,1.0,,,,,,,
als|factors=16;epochs=15;regularisation=0.001;alpha=10.0|frac=0.25,software,als,0.25,1,0.106567209802122,0.180406212664277,,,16.0,15.0,0.001,10.0,,,,,,,
als|factors=16;epochs=15;regularisation=0.001;alpha=40.0|frac=0.25,software,als,0.25,1,0.10681153017939,0.17741935483870902,,,16.0,15.0,0.001,40.0,,,,,,,
als|factors=16;epochs=15;regularisation=0.01;alpha=1.0|frac=0.25,software,als,0.25,1,0.022866939651265003,0.048387096774193006,,,16.0,15.0,0.01,1.0,,,,,,,
als|factors=16;epochs=15;regularisation=0.01;alpha=10.0|frac=0.25,software,als,0.25,1,0.106705142188995,0.180406212664277,,,16.0,15.0,0.01,10.0,,,,,,,
als|factors=16;epochs=15;regularisation=0.01;alpha=40.0|frac=0.25,software,als,0.25,1,0.106997224073352,0.17741935483870902,,,16.0,15.0,0.01,40.0,,,,,,,
als|factors=16;epochs=15;regularisation=0.1;alpha=1.0|frac=0.25,software,als,0.25,1,0.022928859175112,0.048984468339307,,,16.0,15.0,0.1,1.0,,,,,,,
als|factors=16;epochs=15;regularisation=0.1;alpha=10.0|frac=0.25,software,als,0.25,1,0.106504445796191,0.179808841099163,,,16.0,15.0,0.1,10.0,,,,,,,
als|factors=16;epochs=15;regularisation=0.1;alpha=40.0|frac=0.25,software,als,0.25,1,0.10687835460101101,0.17682198327359602,,,16.0,15.0,0.1,40.0,,,,,,,
als|factors=16;epochs=30;regularisation=0.001;alpha=1.0|frac=0.25,software,als,0.25,1,0.025176372659981003,0.053166069295101,,,16.0,30.0,0.001,1.0,,,,,,,
als|factors=16;epochs=30;regularisation=0.001;alpha=10.0|frac=0.25,software,als,0.25,1,0.032975477148582004,0.068697729988052,,,16.0,30.0,0.001,10.0,,,,,,,
als|factors=16;epochs=30;regularisation=0.001;alpha=40.0|frac=0.25,software,als,0.25,1,0.06901845575969201,0.18757467144563902,,,16.0,30.0,0.001,40.0,,,,,,,
als|factors=16;epochs=30;regularisation=0.01;alpha=1.0|frac=0.25,software,als,0.25,1,0.025163433058781003,0.053166069295101,,,16.0,30.0,0.01,1.0,,,,,,,
als|factors=16;epochs=30;regularisation=0.01;alpha=10.0|frac=0.25,software,als,0.25,1,0.032122289429355,0.06690561529271201,,,16.0,30.0,0.01,10.0,,,,,,,
als|factors=16;epochs=30;regularisation=0.01;alpha=40.0|frac=0.25,software,als,0.25,1,0.031114999843869003,0.062126642771804005,,,16.0,30.0,0.01,40.0,,,,,,,
als|factors=16;epochs=30;regularisation=0.1;alpha=1.0|frac=0.25,software,als,0.25,1,0.025099999713114003,0.053166069295101,,,16.0,30.0,0.1,1.0,,,,,,,
als|factors=16;epochs=30;regularisation=0.1;alpha=10.0|frac=0.25,software,als,0.25,1,0.030794650233564,0.062724014336917,,,16.0,30.0,0.1,10.0,,,,,,,
als|factors=16;epochs=30;regularisation=0.1;alpha=40.0|frac=0.25,software,als,0.25,1,0.030744457843683,0.06152927120669,,,16.0,30.0,0.1,40.0,,,,,,,
als|factors=32;epochs=5;regularisation=0.001;alpha=1.0|frac=0.25,software,als,0.25,1,0.025593332425169,0.04958183990442001,,,32.0,5.0,0.001,1.0,,,,,,,
als|factors=32;epochs=5;regularisation=0.001;alpha=10.0|frac=0.25,software,als,0.25,1,0.026897507854751004,0.050179211469534,,,32.0,5.0,0.001,10.0,,,,,,,
als|factors=32;epochs=5;regularisation=0.001;alpha=40.0|frac=0.25,software,als,0.25,1,0.025903778530312,0.047192353643966005,,,32.0,5.0,0.001,40.0,,,,,,,
als|factors=32;epochs=5;regularisation=0.01;alpha=1.0|frac=0.25,software,als,0.25,1,0.025764862215855003,0.050179211469534,,,32.0,5.0,0.01,1.0,,,,,,,
als|factors=32;epochs=5;regularisation=0.01;alpha=10.0|frac=0.25,software,als,0.25,1,0.026884833938245003,0.050179211469534,,,32.0,5.0,0.01,10.0,,,,,,,
als|factors=32;epochs=5;regularisation=0.01;alpha=40.0|frac=0.25,software,als,0.25,1,0.025988947535159002,0.04778972520908,,,32.0,5.0,0.01,40.0,,,,,,,
als|factors=32;epochs=5;regularisation=0.1;alpha=1.0|frac=0.25,software,als,0.25,1,0.025426071849985,0.048984468339307,,,32.0,5.0,0.1,1.0,,,,,,,
als|factors=32;epochs=5;regularisation=0.1;alpha=10.0|frac=0.25,software,als,0.25,1,0.027179465913138003,0.050776583034647,,,32.0,5.0,0.1,10.0,,,,,,,
als|factors=32;epochs=5;regularisation=0.1;alpha=40.0|frac=0.25,software,als,0.25,1,0.022667911063204003,0.043608124253285,,,32.0,5.0,0.1,40.0,,,,,,,
als|factors=32;epochs=15;regularisation=0.001;alpha=1.0|frac=0.25,software,als,0.25,1,0.02835803221968,0.05615292712066901,,,32.0,15.0,0.001,1.0,,,,,,,
als|factors=32;epochs=15;regularisation=0.001;alpha=10.0|frac=0.25,software,als,0.25,1,0.030923118666161,0.06033452807646301,,,32.0,15.0,0.001,10.0,,,,,,,
als|factors=32;epochs=15;regularisation=0.001;alpha=40.0|frac=0.25,software,als,0.25,1,0.030878135794615003,0.057347670250896,,,32.0,15.0,0.001,40.0,,,,,,,
als|factors=32;epochs=15;regularisation=0.01;alpha=1.0|frac=0.25,software,als,0.25,1,0.028986329408432,0.056750298685782005,,,32.0,15.0,0.01,1.0,,,,,,,
als|factors=32;epochs=15;regularisation=0.01;alpha=10.0|frac=0.25,software,als,0.25,1,0.030928613767846003,0.06033452807646301,,,32.0,15.0,0.01,10.0,,,,,,,
als|factors=32;epochs=15;regularisation=0.01;alpha=40.0|frac=0.25,software,als,0.25,1,0.030416735274747003,0.055555555555555004,,,32.0,15.0,0.01,40.0,,,,,,,
als|factors=32;epochs=15;regularisation=0.1;alpha=1.0|frac=0.25,software,als,0.25,1,0.029185187578777003,0.057347670250896,,,32.0,15.0,0.1,1.0,,,,,,,
als|factors=32;epochs=15;regularisation=0.1;alpha=10.0|frac=0.25,software,als,0.25,1,0.030916424913605002,0.059737156511350004,,,32.0,15.0,0.1,10.0,,,,,,,
als|factors=32;epochs=15;regularisation=0.1;alpha=40.0|frac=0.25,software,als,0.25,1,0.030300682472969003,0.054360812425328,,,32.0,15.0,0.1,40.0,,,,,,,
als|factors=32;epochs=30;regularisation=0.001;alpha=1.0|frac=0.25,software,als,0.25,1,0.029607777868754,0.06033452807646301,,,32.0,30.0,0.001,1.0,,,,,,,
als|factors=32;epochs=30;regularisation=0.001;alpha=10.0|frac=0.25,software,als,0.25,1,0.030979696653874,0.059737156511350004,,,32.0,30.0,0.001,10.0,,,,,,,
als|factors=32;epochs=30;regularisation=0.001;alpha=40.0|frac=0.25,software,als,0.25,1,0.031960651960243,0.057945041816009006,,,32.0,30.0,0.001,40.0,,,,,,,
als|factors=32;epochs=30;regularisation=0.01;alpha=1.0|frac=0.25,software,als,0.25,1,0.029601985919493003,0.06033452807646301,,,32.0,30.0,0.01,1.0,,,,,,,
als|factors=32;epochs=30;regularisation=0.01;alpha=10.0|frac=0.25,software,als,0.25,1,0.030582804646476003,0.058542413381123,,,32.0,30.0,0.01,10.0,,,,,,,
als|factors=32;epochs=30;regularisation=0.01;alpha=40.0|frac=0.25,software,als,0.25,1,0.03146458334293,0.057347670250896,,,32.0,30.0,0.01,40.0,,,,,,,
als|factors=32;epochs=30;regularisation=0.1;alpha=1.0|frac=0.25,software,als,0.25,1,0.029430274393822002,0.06033452807646301,,,32.0,30.0,0.1,1.0,,,,,,,
als|factors=32;epochs=30;regularisation=0.1;alpha=10.0|frac=0.25,software,als,0.25,1,0.030425409640808,0.057347670250896,,,32.0,30.0,0.1,10.0,,,,,,,
als|factors=32;epochs=30;regularisation=0.1;alpha=40.0|frac=0.25,software,als,0.25,1,0.031117118677859,0.05615292712066901,,,32.0,30.0,0.1,40.0,,,,,,,
als|factors=64;epochs=5;regularisation=0.001;alpha=1.0|frac=0.25,software,als,0.25,1,0.026489905524382,0.047192353643966005,,,64.0,5.0,0.001,1.0,,,,,,,
als|factors=64;epochs=5;regularisation=0.001;alpha=10.0|frac=0.25,software,als,0.25,1,0.027712667300086,0.048387096774193006,,,64.0,5.0,0.001,10.0,,,,,,,
als|factors=64;epochs=5;regularisation=0.001;alpha=40.0|frac=0.25,software,als,0.25,1,0.024387521521439002,0.043010752688172005,,,64.0,5.0,0.001,40.0,,,,,,,
als|factors=64;epochs=5;regularisation=0.01;alpha=1.0|frac=0.25,software,als,0.25,1,0.026664153232644,0.04778972520908,,,64.0,5.0,0.01,1.0,,,,,,,
als|factors=64;epochs=5;regularisation=0.01;alpha=10.0|frac=0.25,software,als,0.25,1,0.027694635184911002,0.048984468339307,,,64.0,5.0,0.01,10.0,,,,,,,
als|factors=64;epochs=5;regularisation=0.01;alpha=40.0|frac=0.25,software,als,0.25,1,0.024729454409947,0.043010752688172005,,,64.0,5.0,0.01,40.0,,,,,,,
als|factors=64;epochs=5;regularisation=0.1;alpha=1.0|frac=0.25,software,als,0.25,1,0.026417553410944,0.047192353643966005,,,64.0,5.0,0.1,1.0,,,,,,,
als|factors=64;epochs=5;regularisation=0.1;alpha=10.0|frac=0.25,software,als,0.25,1,0.027819301952026,0.048984468339307,,,64.0,5.0,0.1,10.0,,,,,,,
als|factors=64;epochs=5;regularisation=0.1;alpha=40.0|frac=0.25,software,als,0.25,1,0.024979507187294,0.044205495818399006,,,64.0,5.0,0.1,40.0,,,,,,,
als|factors=64;epochs=15;regularisation=0.001;alpha=1.0|frac=0.25,software,als,0.25,1,0.030584705721348002,0.058542413381123,,,64.0,15.0,0.001,1.0,,,,,,,
als|factors=64;epochs=15;regularisation=0.001;alpha=10.0|frac=0.25,software,als,0.25,1,0.030272012084191002,0.056750298685782005,,,64.0,15.0,0.001,10.0,,,,,,,
als|factors=64;epochs=15;regularisation=0.001;alpha=40.0|frac=0.25,software,als,0.25,1,0.029576155333109002,0.055555555555555004,,,64.0,15.0,0.001,40.0,,,,,,,
als|factors=64;epochs=15;regularisation=0.01;alpha=1.0|frac=0.25,software,als,0.25,1,0.030581631689664,0.058542413381123,,,64.0,15.0,0.01,1.0,,,,,,,
als|factors=64;epochs=15;regularisation=0.01;alpha=10.0|frac=0.25,software,als,0.25,1,0.030181609518139002,0.056750298685782005,,,64.0,15.0,0.01,10.0,,,,,,,
als|factors=64;epochs=15;regularisation=0.01;alpha=40.0|frac=0.25,software,als,0.25,1,0.029528145828050002,0.05495818399044201,,,64.0,15.0,0.01,40.0,,,,,,,
als|factors=64;epochs=15;regularisation=0.1;alpha=1.0|frac=0.25,software,als,0.25,1,0.030578105233749004,0.058542413381123,,,64.0,15.0,0.1,1.0,,,,,,,
als|factors=64;epochs=15;regularisation=0.1;alpha=10.0|frac=0.25,software,als,0.25,1,0.030030315784485003,0.05615292712066901,,,64.0,15.0,0.1,10.0,,,,,,,
als|factors=64;epochs=15;regularisation=0.1;alpha=40.0|frac=0.25,software,als,0.25,1,0.029356103152694,0.055555555555555004,,,64.0,15.0,0.1,40.0,,,,,,,
als|factors=64;epochs=30;regularisation=0.001;alpha=1.0|frac=0.25,software,als,0.25,1,0.030428231780981002,0.058542413381123,,,64.0,30.0,0.001,1.0,,,,,,,
als|factors=64;epochs=30;regularisation=0.001;alpha=10.0|frac=0.25,software,als,0.25,1,0.030030670828024002,0.057347670250896,,,64.0,30.0,0.001,10.0,,,,,,,
als|factors=64;epochs=30;regularisation=0.001;alpha=40.0|frac=0.25,software,als,0.25,1,0.030536825965675002,0.058542413381123,,,64.0,30.0,0.001,40.0,,,,,,,
als|factors=64;epochs=30;regularisation=0.01;alpha=1.0|frac=0.25,software,als,0.25,1,0.030424705325066,0.058542413381123,,,64.0,30.0,0.01,1.0,,,,,,,
als|factors=64;epochs=30;regularisation=0.01;alpha=10.0|frac=0.25,software,als,0.25,1,0.030086114842697003,0.057347670250896,,,64.0,30.0,0.01,10.0,,,,,,,
als|factors=64;epochs=30;regularisation=0.01;alpha=40.0|frac=0.25,software,als,0.25,1,0.031679197637761,0.059737156511350004,,,64.0,30.0,0.01,40.0,,,,,,,
als|factors=64;epochs=30;regularisation=0.1;alpha=1.0|frac=0.25,software,als,0.25,1,0.030462012394931,0.058542413381123,,,64.0,30.0,0.1,1.0,,,,,,,
als|factors=64;epochs=30;regularisation=0.1;alpha=10.0|frac=0.25,software,als,0.25,1,0.030619441760686,0.057347670250896,,,64.0,30.0,0.1,10.0,,,,,,,
als|factors=64;epochs=30;regularisation=0.1;alpha=40.0|frac=0.25,software,als,0.25,1,0.03122969019189,0.058542413381123,,,64.0,30.0,0.1,40.0,,,,,,,
als|factors=128;epochs=5;regularisation=0.001;alpha=1.0|frac=0.25,software,als,0.25,1,0.026546800124608003,0.04540023894862601,,,128.0,5.0,0.001,1.0,,,,,,,
als|factors=128;epochs=5;regularisation=0.001;alpha=10.0|frac=0.25,software,als,0.25,1,0.026044779355949003,0.045997610513739004,,,128.0,5.0,0.001,10.0,,,,,,,
als|factors=128;epochs=5;regularisation=0.001;alpha=40.0|frac=0.25,software,als,0.25,1,0.025243940760488002,0.045997610513739004,,,128.0,5.0,0.001,40.0,,,,,,,
als|factors=128;epochs=5;regularisation=0.01;alpha=1.0|frac=0.25,software,als,0.25,1,0.026468586412797004,0.04540023894862601,,,128.0,5.0,0.01,1.0,,,,,,,
als|factors=128;epochs=5;regularisation=0.01;alpha=10.0|frac=0.25,software,als,0.25,1,0.026433239132993003,0.047192353643966005,,,128.0,5.0,0.01,10.0,,,,,,,
als|factors=128;epochs=5;regularisation=0.01;alpha=40.0|frac=0.25,software,als,0.25,1,0.024832445297926,0.045997610513739004,,,128.0,5.0,0.01,40.0,,,,,,,
als|factors=128;epochs=5;regularisation=0.1;alpha=1.0|frac=0.25,software,als,0.25,1,0.026685266342934003,0.045997610513739004,,,128.0,5.0,0.1,1.0,,,,,,,
als|factors=128;epochs=5;regularisation=0.1;alpha=10.0|frac=0.25,software,als,0.25,1,0.025556494509177,0.044205495818399006,,,128.0,5.0,0.1,10.0,,,,,,,
als|factors=128;epochs=5;regularisation=0.1;alpha=40.0|frac=0.25,software,als,0.25,1,0.023710877816437003,0.043010752688172005,,,128.0,5.0,0.1,40.0,,,,,,,
als|factors=128;epochs=15;regularisation=0.001;alpha=1.0|frac=0.25,software,als,0.25,1,0.026533746335385,0.048387096774193006,,,128.0,15.0,0.001,1.0,,,,,,,
als|factors=128;epochs=15;regularisation=0.001;alpha=10.0|frac=0.25,software,als,0.25,1,0.026056517484800003,0.046594982078853,,,128.0,15.0,0.001,10.0,,,,,,,
als|factors=128;epochs=15;regularisation=0.001;alpha=40.0|frac=0.25,software,als,0.25,1,0.025901694681126002,0.048984468339307,,,128.0,15.0,0.001,40.0,,,,,,,
als|factors=128;epochs=15;regularisation=0.01;alpha=1.0|frac=0.25,software,als,0.25,1,0.026485953372356003,0.048984468339307,,,128.0,15.0,0.01,1.0,,,,,,,
als|factors=128;epochs=15;regularisation=0.01;alpha=10.0|frac=0.25,software,als,0.25,1,0.025805171102089002,0.046594982078853,,,128.0,15.0,0.01,10.0,,,,,,,
als|factors=128;epochs=15;regularisation=0.01;alpha=40.0|frac=0.25,software,als,0.25,1,0.025866303584967002,0.04958183990442001,,,128.0,15.0,0.01,40.0,,,,,,,
als|factors=128;epochs=15;regularisation=0.1;alpha=1.0|frac=0.25,software,als,0.25,1,0.026475815638441,0.048984468339307,,,128.0,15.0,0.1,1.0,,,,,,,
als|factors=128;epochs=15;regularisation=0.1;alpha=10.0|frac=0.25,software,als,0.25,1,0.025981742095076,0.047192353643966005,,,128.0,15.0,0.1,10.0,,,,,,,
als|factors=128;epochs=15;regularisation=0.1;alpha=40.0|frac=0.25,software,als,0.25,1,0.025379947589065,0.050179211469534,,,128.0,15.0,0.1,40.0,,,,,,,
als|factors=128;epochs=30;regularisation=0.001;alpha=1.0|frac=0.25,software,als,0.25,1,0.026357181271518003,0.04958183990442001,,,128.0,30.0,0.001,1.0,,,,,,,
als|factors=128;epochs=30;regularisation=0.001;alpha=10.0|frac=0.25,software,als,0.25,1,0.025777128964108,0.04778972520908,,,128.0,30.0,0.001,10.0,,,,,,,
als|factors=128;epochs=30;regularisation=0.001;alpha=40.0|frac=0.25,software,als,0.25,1,0.027400776986486002,0.052568697729988005,,,128.0,30.0,0.001,40.0,,,,,,,
als|factors=128;epochs=30;regularisation=0.01;alpha=1.0|frac=0.25,software,als,0.25,1,0.026513604677502002,0.050179211469534,,,128.0,30.0,0.01,1.0,,,,,,,
als|factors=128;epochs=30;regularisation=0.01;alpha=10.0|frac=0.25,software,als,0.25,1,0.026149733985495003,0.048387096774193006,,,128.0,30.0,0.01,10.0,,,,,,,
als|factors=128;epochs=30;regularisation=0.01;alpha=40.0|frac=0.25,software,als,0.25,1,0.027021108679485,0.050179211469534,,,128.0,30.0,0.01,40.0,,,,,,,
als|factors=128;epochs=30;regularisation=0.1;alpha=1.0|frac=0.25,software,als,0.25,1,0.026352851281818003,0.050179211469534,,,128.0,30.0,0.1,1.0,,,,,,,
als|factors=128;epochs=30;regularisation=0.1;alpha=10.0|frac=0.25,software,als,0.25,1,0.026487589743553003,0.048984468339307,,,128.0,30.0,0.1,10.0,,,,,,,
als|factors=128;epochs=30;regularisation=0.1;alpha=40.0|frac=0.25,software,als,0.25,1,0.026929540100598,0.050179211469534,,,128.0,30.0,0.1,40.0,,,,,,,
als|factors=16;epochs=5;regularisation=0.001;alpha=1.0|frac=0.5,software,als,0.5,1,0.027972193244099,0.06033452807646301,,,16.0,5.0,0.001,1.0,,,,,,,
als|factors=16;epochs=5;regularisation=0.001;alpha=10.0|frac=0.5,software,als,0.5,1,0.08194694621295301,0.18399044205495801,,,16.0,5.0,0.001,10.0,,,,,,,
als|factors=16;epochs=5;regularisation=0.001;alpha=40.0|frac=0.5,software,als,0.5,1,0.080894887578107,0.18100358422939,,,16.0,5.0,0.001,40.0,,,,,,,
als|factors=16;epochs=5;regularisation=0.01;alpha=1.0|frac=0.5,software,als,0.5,1,0.028003921262571,0.06033452807646301,,,16.0,5.0,0.01,1.0,,,,,,,
als|factors=16;epochs=5;regularisation=0.01;alpha=10.0|frac=0.5,software,als,0.5,1,0.090227476048559,0.18399044205495801,,,16.0,5.0,0.01,10.0,,,,,,,
als|factors=16;epochs=5;regularisation=0.01;alpha=40.0|frac=0.5,software,als,0.5,1,0.08093673952744,0.179808841099163,,,16.0,5.0,0.01,40.0,,,,,,,
als|factors=16;epochs=5;regularisation=0.1;alpha=1.0|frac=0.5,software,als,0.5,1,0.028426777959576002,0.060931899641577005,,,16.0,5.0,0.1,1.0,,,,,,,
als|factors=16;epochs=5;regularisation=0.1;alpha=10.0|frac=0.5,software,als,0.5,1,0.090171863631788,0.18399044205495801,,,16.0,5.0,0.1,10.0,,,,,,,
als|factors=16;epochs=5;regularisation=0.1;alpha=40.0|frac=0.5,software,als,0.5,1,0.088643901213021,0.180406212664277,,,16.0,5.0,0.1,40.0,,,,,,,
als|factors=16;epochs=15;regularisation=0.001;alpha=1.0|frac=0.5,software,als,0.5,1,0.031837572211816004,0.06929510155316601,,,16.0,15.0,0.001,1.0,,,,,,,
als|factors=16;epochs=15;regularisation=0.001;alpha=10.0|frac=0.5,software,als,0.5,1,0.10026171469377,0.19772998805256803,,,16.0,15.0,0.001,10.0,,,,,,,
als|factors=16;epochs=15;regularisation=0.001;alpha=40.0|frac=0.5,software,als,0.5,1,0.08297585024111001,0.201314217443249,,,16.0,15.0,0.001,40.0,,,,,,,
als|factors=16;epochs=15;regularisation=0.01;alpha=1.0|frac=0.5,software,als,0.5,1,0.031856869307198,0.06929510155316601,,,16.0,15.0,0.01,1.0,,,,,,,
als|factors=16;epochs=15;regularisation=0.01;alpha=10.0|frac=0.5,software,als,0.5,1,0.09989173268336801,0.196535244922341,,,16.0,15.0,0.01,10.0,,,,,,,
als|factors=16;epochs=15;regularisation=0.01;alpha=40.0|frac=0.5,software,als,0.5,1,0.080468992823657,0.200716845878136,,,16.0,15.0,0.01,40.0,,,,,,,
als|factors=16;epochs=15;regularisation=0.1;alpha=1.0|frac=0.5,software,als,0.5,1,0.032004939427985005,0.06929510155316601,,,16.0,15.0,0.1,1.0,,,,,,,
als|factors=16;epochs=15;regularisation=0.1;alpha=10.0|frac=0.5,software,als,0.5,1,0.10002011813872601,0.19772998805256803,,,16.0,15.0,0.1,10.0,,,,,,,
als|factors=16;epochs=15;regularisation=0.1;alpha=40.0|frac=0.5,software,als,0.5,1,0.07495243019161,0.19832735961768203,,,16.0,15.0,0.1,40.0,,,,,,,
als|factors=16;epochs=30;regularisation=0.001;alpha=1.0|frac=0.5,software,als,0.5,1,0.06578009394197401,0.184587813620071,,,16.0,30.0,0.001,1.0,,,,,,,
als|factors=16;epochs=30;regularisation=0.001;alpha=10.0|frac=0.5,software,als,0.5,1,0.102909010047113,0.200716845878136,,,16.0,30.0,0.001,10.0,,,,,,,
als|factors=16;epochs=30;regularisation=0.001;alpha=40.0|frac=0.5,software,als,0.5,1,0.07833281435736801,0.20430107526881702,,,16.0,30.0,0.001,40.0,,,,,,,
als|factors=16;epochs=30;regularisation=0.01;alpha=1.0|frac=0.5,software,als,0.5,1,0.06576941983412,0.184587813620071,,,16.0,30.0,0.01,1.0,,,,,,,
als|factors=16;epochs=30;regularisation=0.01;alpha=10.0|frac=0.5,software,als,0.5,1,0.102706573620942,0.200716845878136,,,16.0,30.0,0.01,10.0,,,,,,,
als|factors=16;epochs=30;regularisation=0.01;alpha=40.0|frac=0.5,software,als,0.5,1,0.041824321080638,0.084826762246117,,,16.0,30.0,0.01,40.0,,,,,,,
als|factors=16;epochs=30;regularisation=0.1;alpha=1.0|frac=0.5,software,als,0.5,1,0.06596709951645101,0.185185185185185,,,16.0,30.0,0.1,1.0,,,,,,,
als|factors=16;epochs=30;regularisation=0.1;alpha=10.0|frac=0.5,software,als,0.5,1,0.10273189783811101,0.202508960573476,,,16.0,30.0,0.1,10.0,,,,,,,
als|factors=16;epochs=30;regularisation=0.1;alpha=40.0|frac=0.5,software,als,0.5,1,0.042807739453434,0.08661887694145701,,,16.0,30.0,0.1,40.0,,,,,,,
als|factors=32;epochs=5;regularisation=0.001;alpha=1.0|frac=0.5,software,als,0.5,1,0.034558644158267,0.067502986857825,,,32.0,5.0,0.001,1.0,,,,,,,
als|factors=32;epochs=5;regularisation=0.001;alpha=10.0|frac=0.5,software,als,0.5,1,0.074534903463061,0.19414575866188702,,,32.0,5.0,0.001,10.0,,,,,,,
als|factors=32;epochs=5;regularisation=0.001;alpha=40.0|frac=0.5,software,als,0.5,1,0.034838277480493,0.071087216248506,,,32.0,5.0,0.001,40.0,,,,,,,
als|factors=32;epochs=5;regularisation=0.01;alpha=1.0|frac=0.5,software,als,0.5,1,0.034544348854389,0.067502986857825,,,32.0,5.0,0.01,1.0,,,,,,,
als|factors=32;epochs=5;regularisation=0.01;alpha=10.0|frac=0.5,software,als,0.5,1,0.076349311139163,0.19414575866188702,,,32.0,5.0,0.01,10.0,,,,,,,
als|factors=32;epochs=5;regularisation=0.01;alpha=40.0|frac=0.5,software,als,0.5,1,0.03573195392917,0.072879330943847,,,32.0,5.0,0.01,40.0,,,,,,,
als|factors=32;epochs=5;regularisation=0.1;alpha=1.0|frac=0.5,software,als,0.5,1,0.034438323175806,0.06690561529271201,,,32.0,5.0,0.1,1.0,,,,,,,
als|factors=32;epochs=5;regularisation=0.1;alpha=10.0|frac=0.5,software,als,0.5,1,0.082558782457906,0.19295101553166003,,,32.0,5.0,0.1,10.0,,,,,,,
als|factors=32;epochs=5;regularisation=0.1;alpha=40.0|frac=0.5,software,als,0.5,1,0.034807527584046004,0.070489844683393,,,32.0,5.0,0.1,40.0,,,,,,,
als|factors=32;epochs=15;regularisation=0.001;alpha=1.0|frac=0.5,software,als,0.5,1,0.037808341969621004,0.07467144563918701,,,32.0,15.0,0.001,1.0,,,,,,,
als|factors=32;epochs=15;regularisation=0.001;alpha=10.0|frac=0.5,software,als,0.5,1,0.10370688621528801,0.207885304659498,,,32.0,15.0,0.001,10.0,,,,,,,
als|factors=32;epochs=15;regularisation=0.001;alpha=40.0|frac=0.5,software,als,0.5,1,0.09232915476416201,0.212066905615292,,,32.0,15.0,0.001,40.0,,,,,,,
als|factors=32;epochs=15;regularisation=0.01;alpha=1.0|frac=0.5,software,als,0.5,1,0.038172512218171,0.07526881720430101,,,32.0,15.0,0.01,1.0,,,,,,,
als|factors=32;epochs=15;regularisation=0.01;alpha=10.0|frac=0.5,software,als,0.5,1,0.10394438052968001,0.20848267622461103,,,32.0,15.0,0.01,10.0,,,,,,,
als|factors=32;epochs=15;regularisation=0.01;alpha=40.0|frac=0.5,software,als,0.5,1,0.092400511111486,0.212664277180406,,,32.0,15.0,0.01,40.0,,,,,,,
als|factors=32;epochs=15;regularisation=0.1;alpha=1.0|frac=0.5,software,als,0.5,1,0.038336083276094,0.075866188769414,,,32.0,15.0,0.1,1.0,,,,,,,
als|factors=32;epochs=15;regularisation=0.1;alpha=10.0|frac=0.5,software,als,0.5,1,0.10383717911519301,0.207885304659498,,,32.0,15.0,0.1,10.0,,,,,,,
als|factors=32;epochs=15;regularisation=0.1;alpha=40.0|frac=0.5,software,als,0.5,1,0.10578124493514401,0.212066905615292,,,32.0,15.0,0.1,40.0,,,,,,,
als|factors=32;epochs=30;regularisation=0.001;alpha=1.0|frac=0.5,software,als,0.5,1,0.037792540865890005,0.074074074074074,,,32.0,30.0,0.001,1.0,,,,,,,
als|factors=32;epochs=30;regularisation=0.001;alpha=10.0|frac=0.5,software,als,0.5,1,0.10584154083231401,0.21087216248506502,,,32.0,30.0,0.001,10.0,,,,,,,
als|factors=32;epochs=30;regularisation=0.001;alpha=40.0|frac=0.5,software,als,0.5,1,0.104121491596493,0.20967741935483802,,,32.0,30.0,0.001,40.0,,,,,,,
als|factors=32;epochs=30;regularisation=0.01;alpha=1.0|frac=0.5,software,als,0.5,1,0.037630535866027,0.07347670250896,,,32.0,30.0,0.01,1.0,,,,,,,
als|factors=32;epochs=30;regularisation=0.01;alpha=10.0|frac=0.5,software,als,0.5,1,0.106102571385756,0.21146953405017901,,,32.0,30.0,0.01,10.0,,,,,,,
als|factors=32;epochs=30;regularisation=0.01;alpha=40.0|frac=0.5,software,als,0.5,1,0.10485128892526101,0.21087216248506502,,,32.0,30.0,0.01,40.0,,,,,,,
als|factors=32;epochs=30;regularisation=0.1;alpha=1.0|frac=0.5,software,als,0.5,1,0.037990674447605004,0.07467144563918701,,,32.0,30.0,0.1,1.0,,,,,,,
als|factors=32;epochs=30;regularisation=0.1;alpha=10.0|frac=0.5,software,als,0.5,1,0.10587451791247901,0.21027479091995202,,,32.0,30.0,0.1,10.0,,,,,,,
als|factors=32;epochs=30;regularisation=0.1;alpha=40.0|frac=0.5,software,als,0.5,1,0.105900619959504,0.213261648745519,,,32.0,30.0,0.1,40.0,,,,,,,
als|factors=64;epochs=5;regularisation=0.001;alpha=1.0|frac=0.5,software,als,0.5,1,0.041857168678097,0.079450418160095,,,64.0,5.0,0.001,1.0,,,,,,,
als|factors=64;epochs=5;regularisation=0.001;alpha=10.0|frac=0.5,software,als,0.5,1,0.042233637278117006,0.08542413381123001,,,64.0,5.0,0.001,10.0,,,,,,,
als|factors=64;epochs=5;regularisation=0.001;alpha=40.0|frac=0.5,software,als,0.5,1,0.039377716112154,0.08004778972520901,,,64.0,5.0,0.001,40.0,,,,,,,
als|factors=64;epochs=5;regularisation=0.01;alpha=1.0|frac=0.5,software,als,0.5,1,0.041803309058924,0.079450418160095,,,64.0,5.0,0.01,1.0,,,,,,,
als|factors=64;epochs=5;regularisation=0.01;alpha=10.0|frac=0.5,software,als,0.5,1,0.042764051670198006,0.08661887694145701,,,64.0,5.0,0.01,10.0,,,,,,,
als|factors=64;epochs=5;regularisation=0.01;alpha=40.0|frac=0.5,software,als,0.5,1,0.039747247776290004,0.081242532855436,,,64.0,5.0,0.01,40.0,,,,,,,
als|factors=64;epochs=5;regularisation=0.1;alpha=1.0|frac=0.5,software,als,0.5,1,0.041986578324786,0.08004778972520901,,,64.0,5.0,0.1,1.0,,,,,,,
als|factors=64;epochs=5;regularisation=0.1;alpha=10.0|frac=0.5,software,als,0.5,1,0.041808636846544005,0.084229390681003,,,64.0,5.0,0.1,10.0,,,,,,,
als|factors=64;epochs=5;regularisation=0.1;alpha=40.0|frac=0.5,software,als,0.5,1,0.039211223022656005,0.07825567502986801,,,64.0,5.0,0.1,40.0,,,,,,,
als|factors=64;epochs=15;regularisation=0.001;alpha=1.0|frac=0.5,software,als,0.5,1,0.043415534811609,0.081839904420549,,,64.0,15.0,0.001,1.0,,,,,,,
als|factors=64;epochs=15;regularisation=0.001;alpha=10.0|frac=0.5,software,als,0.5,1,0.046486951122368,0.09378733572281901,,,64.0,15.0,0.001,10.0,,,,,,,
als|factors=64;epochs=15;regularisation=0.001;alpha=40.0|frac=0.5,software,als,0.5,1,0.10397794186092,0.20908004778972503,,,64.0,15.0,0.001,40.0,,,,,,,
als|factors=64;epochs=15;regularisation=0.01;alpha=1.0|frac=0.5,software,als,0.5,1,0.043260677463685004,0.081242532855436,,,64.0,15.0,0.01,1.0,,,,,,,
als|factors=64;epochs=15;regularisation=0.01;alpha=10.0|frac=0.5,software,als,0.5,1,0.046248089327982,0.092592592592592,,,64.0,15.0,0.01,10.0,,,,,,,
als|factors=64;epochs=15;regularisation=0.01;alpha=40.0|frac=0.5,software,als,0.5,1,0.04252065950469,0.08542413381123001,,,64.0,15.0,0.01,40.0,,,,,,,
als|factors=64;epochs=15;regularisation=0.1;alpha=1.0|frac=0.5,software,als,0.5,1,0.043399843117298005,0.081839904420549,,,64.0,15.0,0.1,1.0,,,,,,,
als|factors=64;epochs=15;regularisation=0.1;alpha=10.0|frac=0.5,software,als,0.5,1,0.046359632173286,0.09378733572281901,,,64.0,15.0,0.1,10.0,,,,,,,
als|factors=64;epochs=15;regularisation=0.1;alpha=40.0|frac=0.5,software,als,0.5,1,0.044370415762919,0.08841099163679801,,,64.0,15.0,0.1,40.0,,,,,,,
als|factors=64;epochs=30;regularisation=0.001;alpha=1.0|frac=0.5,software,als,0.5,1,0.044748609823348,0.084229390681003,,,64.0,30.0,0.001,1.0,,,,,,,
als|factors=64;epochs=30;regularisation=0.001;alpha=10.0|frac=0.5,software,als,0.5,1,0.045716309960897004,0.09139784946236501,,,64.0,30.0,0.001,10.0,,,,,,,
als|factors=64;epochs=30;regularisation=0.001;alpha=40.0|frac=0.5,software,als,0.5,1,0.10774972785601801,0.213261648745519,,,64.0,30.0,0.001,40.0,,,,,,,
als|factors=64;epochs=30;regularisation=0.01;alpha=1.0|frac=0.5,software,als,0.5,1,0.044775539632935006,0.084229390681003,,,64.0,30.0,0.01,1.0,,,,,,,
als|factors=64;epochs=30;regularisation=0.01;alpha=10.0|frac=0.5,software,als,0.5,1,0.045089055496093,0.089605734767025,,,64.0,30.0,0.01,10.0,,,,,,,
als|factors=64;epochs=30;regularisation=0.01;alpha=40.0|frac=0.5,software,als,0.5,1,0.04558149829242,0.087813620071684,,,64.0,30.0,0.01,40.0,,,,,,,
als|factors=64;epochs=30;regularisation=0.1;alpha=1.0|frac=0.5,software,als,0.5,1,0.044646684132974006,0.08363201911589001,,,64.0,30.0,0.1,1.0,,,,,,,
als|factors=64;epochs=30;regularisation=0.1;alpha=10.0|frac=0.5,software,als,0.5,1,0.045032313650539,0.08841099163679801,,,64.0,30.0,0.1,10.0,,,,,,,
als|factors=64;epochs=30;regularisation=0.1;alpha=40.0|frac=0.5,software,als,0.5,1,0.045254931961311,0.08661887694145701,,,64.0,30.0,0.1,40.0,,,,,,,
als|factors=128;epochs=5;regularisation=0.001;alpha=1.0|frac=0.5,software,als,0.5,1,0.038600723636135,0.07825567502986801,,,128.0,5.0,0.001,1.0,,,,,,,
als|factors=128;epochs=5;regularisation=0.001;alpha=10.0|frac=0.5,software,als,0.5,1,0.038967279792993005,0.075866188769414,,,128.0,5.0,0.001,10.0,,,,,,,
als|factors=128;epochs=5;regularisation=0.001;alpha=40.0|frac=0.5,software,als,0.5,1,0.038072150877114005,0.076463560334528,,,128.0,5.0,0.001,40.0,,,,,,,
als|factors=128;epochs=5;regularisation=0.01;alpha=1.0|frac=0.5,software,als,0.5,1,0.03857633000914,0.07825567502986801,,,128.0,5.0,0.01,1.0,,,,,,,
als|factors=128;epochs=5;regularisation=0.01;alpha=10.0|frac=0.5,software,als,0.5,1,0.038874930205115,0.07526881720430101,,,128.0,5.0,0.01,10.0,,,,,,,
als|factors=128;epochs=5;regularisation=0.01;alpha=40.0|frac=0.5,software,als,0.5,1,0.037580970854958005,0.07526881720430101,,,128.0,5.0,0.01,40.0,,,,,,,
als|factors=128;epochs=5;regularisation=0.1;alpha=1.0|frac=0.5,software,als,0.5,1,0.038907516195137,0.07825567502986801,,,128.0,5.0,0.1,1.0,,,,,,,
als|factors=128;epochs=5;regularisation=0.1;alpha=10.0|frac=0.5,software,als,0.5,1,0.038239320979962,0.072879330943847,,,128.0,5.0,0.1,10.0,,,,,,,
als|factors=128;epochs=5;regularisation=0.1;alpha=40.0|frac=0.5,software,als,0.5,1,0.036033358804006,0.070489844683393,,,128.0,5.0,0.1,40.0,,,,,,,
als|factors=128;epochs=15;regularisation=0.001;alpha=1.0|frac=0.5,software,als,0.5,1,0.037906566131828,0.075866188769414,,,128.0,15.0,0.001,1.0,,,,,,,
als|factors=128;epochs=15;regularisation=0.001;alpha=10.0|frac=0.5,software,als,0.5,1,0.038026518217881,0.07467144563918701,,,128.0,15.0,0.001,10.0,,,,,,,
als|factors=128;epochs=15;regularisation=0.001;alpha=40.0|frac=0.5,software,als,0.5,1,0.038932093018961,0.075866188769414,,,128.0,15.0,0.001,40.0,,,,,,,
als|factors=128;epochs=15;regularisation=0.01;alpha=1.0|frac=0.5,software,als,0.5,1,0.037773458112170005,0.07526881720430101,,,128.0,15.0,0.01,1.0,,,,,,,
als|factors=128;epochs=15;regularisation=0.01;alpha=10.0|frac=0.5,software,als,0.5,1,0.038346545319823004,0.075866188769414,,,128.0,15.0,0.01,10.0,,,,,,,
als|factors=128;epochs=15;regularisation=0.01;alpha=40.0|frac=0.5,software,als,0.5,1,0.039069539792982,0.076463560334528,,,128.0,15.0,0.01,40.0,,,,,,,
als|factors=128;epochs=15;regularisation=0.1;alpha=1.0|frac=0.5,software,als,0.5,1,0.037506845964848004,0.07526881720430101,,,128.0,15.0,0.1,1.0,,,,,,,
als|factors=128;epochs=15;regularisation=0.1;alpha=10.0|frac=0.5,software,als,0.5,1,0.039191372369293,0.078853046594982,,,128.0,15.0,0.1,10.0,,,,,,,
als|factors=128;epochs=15;regularisation=0.1;alpha=40.0|frac=0.5,software,als,0.5,1,0.039026412153459006,0.074074074074074,,,128.0,15.0,0.1,40.0,,,,,,,
als|factors=128;epochs=30;regularisation=0.001;alpha=1.0|frac=0.5,software,als,0.5,1,0.037224885744844005,0.07467144563918701,,,128.0,30.0,0.001,1.0,,,,,,,
als|factors=128;epochs=30;regularisation=0.001;alpha=10.0|frac=0.5,software,als,0.5,1,0.037269211325055,0.076463560334528,,,128.0,30.0,0.001,10.0,,,,,,,
als|factors=128;epochs=30;regularisation=0.001;alpha=40.0|frac=0.5,software,als,0.5,1,0.039304744447598,0.077060931899641,,,128.0,30.0,0.001,40.0,,,,,,,
als|factors=128;epochs=30;regularisation=0.01;alpha=1.0|frac=0.5,software,als,0.5,1,0.037183473891842005,0.07467144563918701,,,128.0,30.0,0.01,1.0,,,,,,,
als|factors=128;epochs=30;regularisation=0.01;alpha=10.0|frac=0.5,software,als,0.5,1,0.037497014908593,0.077060931899641,,,128.0,30.0,0.01,10.0,,,,,,,
als|factors=128;epochs=30;regularisation=0.01;alpha=40.0|frac=0.5,software,als,0.5,1,0.038860035210613,0.076463560334528,,,128.0,30.0,0.01,40.0,,,,,,,
als|factors=128;epochs=30;regularisation=0.1;alpha=1.0|frac=0.5,software,als,0.5,1,0.037512321634810004,0.07526881720430101,,,128.0,30.0,0.1,1.0,,,,,,,
als|factors=128;epochs=30;regularisation=0.1;alpha=10.0|frac=0.5,software,als,0.5,1,0.038409640936725005,0.077060931899641,,,128.0,30.0,0.1,10.0,,,,,,,
als|factors=128;epochs=30;regularisation=0.1;alpha=40.0|frac=0.5,software,als,0.5,1,0.039029604769926,0.07765830346475501,,,128.0,30.0,0.1,40.0,,,,,,,
als|factors=16;epochs=5;regularisation=0.001;alpha=1.0|frac=1.0,software,als,1.0,1,0.11356383867942,0.197132616487455,,,16.0,5.0,0.001,1.0,,,,,,,
als|factors=16;epochs=5;regularisation=0.001;alpha=10.0|frac=1.0,software,als,1.0,1,0.11052524728728301,0.19235364396654703,,,16.0,5.0,0.001,10.0,,,,,,,
als|factors=16;epochs=5;regularisation=0.001;alpha=40.0|frac=1.0,software,als,1.0,1,0.11042873255868701,0.18697729988052503,,,16.0,5.0,0.001,40.0,,,,,,,
als|factors=16;epochs=5;regularisation=0.01;alpha=1.0|frac=1.0,software,als,1.0,1,0.11363981051372901,0.197132616487455,,,16.0,5.0,0.01,1.0,,,,,,,
als|factors=16;epochs=5;regularisation=0.01;alpha=10.0|frac=1.0,software,als,1.0,1,0.11029001699108501,0.191756272401433,,,16.0,5.0,0.01,10.0,,,,,,,
als|factors=16;epochs=5;regularisation=0.01;alpha=40.0|frac=1.0,software,als,1.0,1,0.11047582080802501,0.18697729988052503,,,16.0,5.0,0.01,40.0,,,,,,,
als|factors=16;epochs=5;regularisation=0.1;alpha=1.0|frac=1.0,software,als,1.0,1,0.113506482613816,0.196535244922341,,,16.0,5.0,0.1,1.0,,,,,,,
als|factors=16;epochs=5;regularisation=0.1;alpha=10.0|frac=1.0,software,als,1.0,1,0.109757300688088,0.190561529271206,,,16.0,5.0,0.1,10.0,,,,,,,
als|factors=16;epochs=5;regularisation=0.1;alpha=40.0|frac=1.0,software,als,1.0,1,0.11181023252704801,0.19115890083632,,,16.0,5.0,0.1,40.0,,,,,,,
als|factors=16;epochs=15;regularisation=0.001;alpha=1.0|frac=1.0,software,als,1.0,1,0.11551226587674701,0.20430107526881702,,,16.0,15.0,0.001,1.0,,,,,,,
als|factors=16;epochs=15;regularisation=0.001;alpha=10.0|frac=1.0,software,als,1.0,1,0.11281381751202701,0.197132616487455,,,16.0,15.0,0.001,10.0,,,,,,,
als|factors=16;epochs=15;regularisation=0.001;alpha=40.0|frac=1.0,software,als,1.0,1,0.11194368691832,0.196535244922341,,,16.0,15.0,0.001,40.0,,,,,,,
als|factors=16;epochs=15;regularisation=0.01;alpha=1.0|frac=1.0,software,als,1.0,1,0.115591226317879,0.20489844683393002,,,16.0,15.0,0.01,1.0,,,,,,,
als|factors=16;epochs=15;regularisation=0.01;alpha=10.0|frac=1.0,software,als,1.0,1,0.11319648016877701,0.196535244922341,,,16.0,15.0,0.01,10.0,,,,,,,
als|factors=16;epochs=15;regularisation=0.01;alpha=40.0|frac=1.0,software,als,1.0,1,0.112002339451784,0.196535244922341,,,16.0,15.0,0.01,40.0,,,,,,,
als|factors=16;epochs=15;regularisation=0.1;alpha=1.0|frac=1.0,software,als,1.0,1,0.11560849189114102,0.20430107526881702,,,16.0,15.0,0.1,1.0,,,,,,,
als|factors=16;epochs=15;regularisation=0.1;alpha=10.0|frac=1.0,software,als,1.0,1,0.11312385503323201,0.197132616487455,,,16.0,15.0,0.1,10.0,,,,,,,
als|factors=16;epochs=15;regularisation=0.1;alpha=40.0|frac=1.0,software,als,1.0,1,0.11324174762748401,0.200716845878136,,,16.0,15.0,0.1,40.0,,,,,,,
als|factors=16;epochs=30;regularisation=0.001;alpha=1.0|frac=1.0,software,als,1.0,1,0.11431231875672501,0.19952210274790902,,,16.0,30.0,0.001,1.0,,,,,,,
als|factors=16;epochs=30;regularisation=0.001;alpha=10.0|frac=1.0,software,als,1.0,1,0.11314766288609701,0.200716845878136,,,16.0,30.0,0.001,10.0,,,,,,,
als|factors=16;epochs=30;regularisation=0.001;alpha=40.0|frac=1.0,software,als,1.0,1,0.113671923764027,0.201314217443249,,,16.0,30.0,0.001,40.0,,,,,,,
als|factors=16;epochs=30;regularisation=0.01;alpha=1.0|frac=1.0,software,als,1.0,1,0.11431231875672501,0.19952210274790902,,,16.0,30.0,0.01,1.0,,,,,,,
als|factors=16;epochs=30;regularisation=0.01;alpha=10.0|frac=1.0,software,als,1.0,1,0.11392586982162801,0.202508960573476,,,16.0,30.0,0.01,10.0,,,,,,,
als|factors=16;epochs=30;regularisation=0.01;alpha=40.0|frac=1.0,software,als,1.0,1,0.11362285150099001,0.201314217443249,,,16.0,30.0,0.01,40.0,,,,,,,
als|factors=16;epochs=30;regularisation=0.1;alpha=1.0|frac=1.0,software,als,1.0,1,0.114339435305849,0.19952210274790902,,,16.0,30.0,0.1,1.0,,,,,,,
als|factors=16;epochs=30;regularisation=0.1;alpha=10.0|frac=1.0,software,als,1.0,1,0.11453077936083701,0.20430107526881702,,,16.0,30.0,0.1,10.0,,,,,,,
als|factors=16;epochs=30;regularisation=0.1;alpha=40.0|frac=1.0,software,als,1.0,1,0.11425333845281802,0.202508960573476,,,16.0,30.0,0.1,40.0,,,,,,,
als|factors=32;epochs=5;regularisation=0.001;alpha=1.0|frac=1.0,software,als,1.0,1,0.12084790229207601,0.21684587813620002,,,32.0,5.0,0.001,1.0,,,,,,,
als|factors=32;epochs=5;regularisation=0.001;alpha=10.0|frac=1.0,software,als,1.0,1,0.12405277718631601,0.22043010752688103,,,32.0,5.0,0.001,10.0,,,,,,,
als|factors=32;epochs=5;regularisation=0.001;alpha=40.0|frac=1.0,software,als,1.0,1,0.12195918513764901,0.20967741935483802,,,32.0,5.0,0.001,40.0,,,,,,,
als|factors=32;epochs=5;regularisation=0.01;alpha=1.0|frac=1.0,software,als,1.0,1,0.12052589210100301,0.21565113500597302,,,32.0,5.0,0.01,1.0,,,,,,,
als|factors=32;epochs=5;regularisation=0.01;alpha=10.0|frac=1.0,software,als,1.0,1,0.124332618297722,0.22102747909199502,,,32.0,5.0,0.01,10.0,,,,,,,
als|factors=32;epochs=5;regularisation=0.01;alpha=40.0|frac=1.0,software,als,1.0,1,0.121518212711961,0.207885304659498,,,32.0,5.0,0.01,40.0,,,,,,,
als|factors=32;epochs=5;regularisation=0.1;alpha=1.0|frac=1.0,software,als,1.0,1,0.12026019397161201,0.21505376344086002,,,32.0,5.0,0.1,1.0,,,,,,,
als|factors=32;epochs=5;regularisation=0.1;alpha=10.0|frac=1.0,software,als,1.0,1,0.12393160177501301,0.21983273596176803,,,32.0,5.0,0.1,10.0,,,,,,,
als|factors=32;epochs=5;regularisation=0.1;alpha=40.0|frac=1.0,software,als,1.0,1,0.12136748210935101,0.212066905615292,,,32.0,5.0,0.1,40.0,,,,,,,
als|factors=32;epochs=15;regularisation=0.001;alpha=1.0|frac=1.0,software,als,1.0,1,0.12073933990374601,0.212664277180406,,,32.0,15.0,0.001,1.0,,,,,,,
als|factors=32;epochs=15;regularisation=0.001;alpha=10.0|frac=1.0,software,als,1.0,1,0.12686929831693,0.22580645161290303,,,32.0,15.0,0.001,10.0,,,,,,,
als|factors=32;epochs=15;regularisation=0.001;alpha=40.0|frac=1.0,software,als,1.0,1,0.125514894399392,0.21505376344086002,,,32.0,15.0,0.001,40.0,,,,,,,
als|factors=32;epochs=15;regularisation=0.01;alpha=1.0|frac=1.0,software,als,1.0,1,0.120808981939703,0.212664277180406,,,32.0,15.0,0.01,1.0,,,,,,,
als|factors=32;epochs=15;regularisation=0.01;alpha=10.0|frac=1.0,software,als,1.0,1,0.12659922303037802,0.22461170848267603,,,32.0,15.0,0.01,10.0,,,,,,,
als|factors=32;epochs=15;regularisation=0.01;alpha=40.0|frac=1.0,software,als,1.0,1,0.12695602629007802,0.219235364396654,,,32.0,15.0,0.01,40.0,,,,,,,
als|factors=32;epochs=15;regularisation=0.1;alpha=1.0|frac=1.0,software,als,1.0,1,0.120440518693325,0.21146953405017901,,,32.0,15.0,0.1,1.0,,,,,,,
als|factors=32;epochs=15;regularisation=0.1;alpha=10.0|frac=1.0,software,als,1.0,1,0.127077239886406,0.22580645161290303,,,32.0,15.0,0.1,10.0,,,,,,,
als|factors=32;epochs=15;regularisation=0.1;alpha=40.0|frac=1.0,software,als,1.0,1,0.12738612046064401,0.224014336917562,,,32.0,15.0,0.1,40.0,,,,,,,
als|factors=32;epochs=30;regularisation=0.001;alpha=1.0|frac=1.0,software,als,1.0,1,0.122044918002391,0.21624850657108702,,,32.0,30.0,0.001,1.0,,,,,,,
als|factors=32;epochs=30;regularisation=0.001;alpha=10.0|frac=1.0,software,als,1.0,1,0.12658170171918,0.223416965352449,,,32.0,30.0,0.001,10.0,,,,,,,
als|factors=32;epochs=30;regularisation=0.001;alpha=40.0|frac=1.0,software,als,1.0,1,0.12610522064263602,0.219235364396654,,,32.0,30.0,0.001,40.0,,,,,,,
als|factors=32;epochs=30;regularisation=0.01;alpha=1.0|frac=1.0,software,als,1.0,1,0.12199635849744901,0.21624850657108702,,,32.0,30.0,0.01,1.0,,,,,,,
als|factors=32;epochs=30;regularisation=0.01;alpha=10.0|frac=1.0,software,als,1.0,1,0.126918784589588,0.224014336917562,,,32.0,30.0,0.01,10.0,,,,,,,
als|factors=32;epochs=30;regularisation=0.01;alpha=40.0|frac=1.0,software,als,1.0,1,0.126069400959528,0.22043010752688103,,,32.0,30.0,0.01,40.0,,,,,,,
als|factors=32;epochs=30;regularisation=0.1;alpha=1.0|frac=1.0,software,als,1.0,1,0.121881473350142,0.21565113500597302,,,32.0,30.0,0.1,1.0,,,,,,,
als|factors=32;epochs=30;regularisation=0.1;alpha=10.0|frac=1.0,software,als,1.0,1,0.126597222853011,0.222819593787335,,,32.0,30.0,0.1,10.0,,,,,,,
als|factors=32;epochs=30;regularisation=0.1;alpha=40.0|frac=1.0,software,als,1.0,1,0.126782207440366,0.222819593787335,,,32.0,30.0,0.1,40.0,,,,,,,
als|factors=64;epochs=5;regularisation=0.001;alpha=1.0|frac=1.0,software,als,1.0,1,0.12244629232135301,0.21684587813620002,,,64.0,5.0,0.001,1.0,,,,,,,
als|factors=64;epochs=5;regularisation=0.001;alpha=10.0|frac=1.0,software,als,1.0,1,0.126518552069318,0.22162485065710802,,,64.0,5.0,0.001,10.0,,,,,,,
als|factors=64;epochs=5;regularisation=0.001;alpha=40.0|frac=1.0,software,als,1.0,1,0.12745921181757802,0.22461170848267603,,,64.0,5.0,0.001,40.0,,,,,,,
als|factors=64;epochs=5;regularisation=0.01;alpha=1.0|frac=1.0,software,als,1.0,1,0.12250163404887801,0.21684587813620002,,,64.0,5.0,0.01,1.0,,,,,,,
als|factors=64;epochs=5;regularisation=0.01;alpha=10.0|frac=1.0,software,als,1.0,1,0.127055825603401,0.223416965352449,,,64.0,5.0,0.01,10.0,,,,,,,
als|factors=64;epochs=5;regularisation=0.01;alpha=40.0|frac=1.0,software,als,1.0,1,0.127493225185129,0.224014336917562,,,64.0,5.0,0.01,40.0,,,,,,,
als|factors=64;epochs=5;regularisation=0.1;alpha=1.0|frac=1.0,software,als,1.0,1,0.12245969772281201,0.21684587813620002,,,64.0,5.0,0.1,1.0,,,,,,,
als|factors=64;epochs=5;regularisation=0.1;alpha=10.0|frac=1.0,software,als,1.0,1,0.126348305172269,0.22162485065710802,,,64.0,5.0,0.1,10.0,,,,,,,
als|factors=64;epochs=5;regularisation=0.1;alpha=40.0|frac=1.0,software,als,1.0,1,0.127572866410349,0.222819593787335,,,64.0,5.0,0.1,40.0,,,,,,,
als|factors=64;epochs=15;regularisation=0.001;alpha=1.0|frac=1.0,software,als,1.0,1,0.12081278917889901,0.21146953405017901,,,64.0,15.0,0.001,1.0,,,,,,,
als|factors=64;epochs=15;regularisation=0.001;alpha=10.0|frac=1.0,software,als,1.0,1,0.127082943883709,0.224014336917562,,,64.0,15.0,0.001,10.0,,,,,,,
als|factors=64;epochs=15;regularisation=0.001;alpha=40.0|frac=1.0,software,als,1.0,1,0.12881128610963402,0.22640382317801602,,,64.0,15.0,0.001,40.0,,,,,,,
als|factors=64;epochs=15;regularisation=0.01;alpha=1.0|frac=1.0,software,als,1.0,1,0.120854201031902,0.21146953405017901,,,64.0,15.0,0.01,1.0,,,,,,,
als|factors=64;epochs=15;regularisation=0.01;alpha=10.0|frac=1.0,software,als,1.0,1,0.127116289983842,0.224014336917562,,,64.0,15.0,0.01,10.0,,,,,,,
als|factors=64;epochs=15;regularisation=0.01;alpha=40.0|frac=1.0,software,als,1.0,1,0.127894984276469,0.223416965352449,,,64.0,15.0,0.01,40.0,,,,,,,
als|factors=64;epochs=15;regularisation=0.1;alpha=1.0|frac=1.0,software,als,1.0,1,0.12050590513721601,0.21146953405017901,,,64.0,15.0,0.1,1.0,,,,,,,
als|factors=64;epochs=15;regularisation=0.1;alpha=10.0|frac=1.0,software,als,1.0,1,0.126925098052522,0.22222222222222202,,,64.0,15.0,0.1,10.0,,,,,,,
als|factors=64;epochs=15;regularisation=0.1;alpha=40.0|frac=1.0,software,als,1.0,1,0.12755946966564602,0.22580645161290303,,,64.0,15.0,0.1,40.0,,,,,,,
als|factors=64;epochs=30;regularisation=0.001;alpha=1.0|frac=1.0,software,als,1.0,1,0.12125160799263,0.213261648745519,,,64.0,30.0,0.001,1.0,,,,,,,
als|factors=64;epochs=30;regularisation=0.001;alpha=10.0|frac=1.0,software,als,1.0,1,0.12779600614102102,0.22640382317801602,,,64.0,30.0,0.001,10.0,,,,,,,
als|factors=64;epochs=30;regularisation=0.001;alpha=40.0|frac=1.0,software,als,1.0,1,0.12717367206501,0.22640382317801602,,,64.0,30.0,0.001,40.0,,,,,,,
als|factors=64;epochs=30;regularisation=0.01;alpha=1.0|frac=1.0,software,als,1.0,1,0.12125160799263,0.213261648745519,,,64.0,30.0,0.01,1.0,,,,,,,
als|factors=64;epochs=30;regularisation=0.01;alpha=10.0|frac=1.0,software,als,1.0,1,0.126978797973048,0.224014336917562,,,64.0,30.0,0.01,10.0,,,,,,,
als|factors=64;epochs=30;regularisation=0.01;alpha=40.0|frac=1.0,software,als,1.0,1,0.126977932417357,0.22700119474313002,,,64.0,30.0,0.01,40.0,,,,,,,
als|factors=64;epochs=30;regularisation=0.1;alpha=1.0|frac=1.0,software,als,1.0,1,0.121021623031937,0.212664277180406,,,64.0,30.0,0.1,1.0,,,,,,,
als|factors=64;epochs=30;regularisation=0.1;alpha=10.0|frac=1.0,software,als,1.0,1,0.127549471447358,0.22520908004778903,,,64.0,30.0,0.1,10.0,,,,,,,
als|factors=64;epochs=30;regularisation=0.1;alpha=40.0|frac=1.0,software,als,1.0,1,0.12870986913628701,0.23178016726403802,,,64.0,30.0,0.1,40.0,,,,,,,
als|factors=128;epochs=5;regularisation=0.001;alpha=1.0|frac=1.0,software,als,1.0,1,0.09579651118109601,0.21684587813620002,,,128.0,5.0,0.001,1.0,,,,,,,
als|factors=128;epochs=5;regularisation=0.001;alpha=10.0|frac=1.0,software,als,1.0,1,0.130267673243068,0.22461170848267603,,,128.0,5.0,0.001,10.0,,,,,,,
als|factors=128;epochs=5;regularisation=0.001;alpha=40.0|frac=1.0,software,als,1.0,1,0.12915669984806202,0.22162485065710802,,,128.0,5.0,0.001,40.0,,,,,,,
als|factors=128;epochs=5;regularisation=0.01;alpha=1.0|frac=1.0,software,als,1.0,1,0.09600220254949801,0.217443249701314,,,128.0,5.0,0.01,1.0,,,,,,,
als|factors=128;epochs=5;regularisation=0.01;alpha=10.0|frac=1.0,software,als,1.0,1,0.129956013898162,0.22461170848267603,,,128.0,5.0,0.01,10.0,,,,,,,
als|factors=128;epochs=5;regularisation=0.01;alpha=40.0|frac=1.0,software,als,1.0,1,0.13074720200943402,0.223416965352449,,,128.0,5.0,0.01,40.0,,,,,,,
als|factors=128;epochs=5;regularisation=0.1;alpha=1.0|frac=1.0,software,als,1.0,1,0.096309225822298,0.218637992831541,,,128.0,5.0,0.1,1.0,,,,,,,
als|factors=128;epochs=5;regularisation=0.1;alpha=10.0|frac=1.0,software,als,1.0,1,0.13029107367491302,0.22580645161290303,,,128.0,5.0,0.1,10.0,,,,,,,
als|factors=128;epochs=5;regularisation=0.1;alpha=40.0|frac=1.0,software,als,1.0,1,0.130097332585266,0.22222222222222202,,,128.0,5.0,0.1,40.0,,,,,,,
als|factors=128;epochs=15;regularisation=0.001;alpha=1.0|frac=1.0,software,als,1.0,1,0.09546508726113101,0.217443249701314,,,128.0,15.0,0.001,1.0,,,,,,,
als|factors=128;epochs=15;regularisation=0.001;alpha=10.0|frac=1.0,software,als,1.0,1,0.125752567882317,0.21624850657108702,,,128.0,15.0,0.001,10.0,,,,,,,
als|factors=128;epochs=15;regularisation=0.001;alpha=40.0|frac=1.0,software,als,1.0,1,0.126035316215764,0.212066905615292,,,128.0,15.0,0.001,40.0,,,,,,,
als|factors=128;epochs=15;regularisation=0.01;alpha=1.0|frac=1.0,software,als,1.0,1,0.095854659196853,0.218637992831541,,,128.0,15.0,0.01,1.0,,,,,,,
als|factors=128;epochs=15;regularisation=0.01;alpha=10.0|frac=1.0,software,als,1.0,1,0.12594286049584,0.21565113500597302,,,128.0,15.0,0.01,10.0,,,,,,,
als|factors=128;epochs=15;regularisation=0.01;alpha=40.0|frac=1.0,software,als,1.0,1,0.12490122427124001,0.20967741935483802,,,128.0,15.0,0.01,40.0,,,,,,,
als|factors=128;epochs=15;regularisation=0.1;alpha=1.0|frac=1.0,software,als,1.0,1,0.09556664752215001,0.218637992831541,,,128.0,15.0,0.1,1.0,,,,,,,
als|factors=128;epochs=15;regularisation=0.1;alpha=10.0|frac=1.0,software,als,1.0,1,0.12635625944630302,0.21565113500597302,,,128.0,15.0,0.1,10.0,,,,,,,
als|factors=128;epochs=15;regularisation=0.1;alpha=40.0|frac=1.0,software,als,1.0,1,0.12602038444263902,0.213261648745519,,,128.0,15.0,0.1,40.0,,,,,,,
als|factors=128;epochs=30;regularisation=0.001;alpha=1.0|frac=1.0,software,als,1.0,1,0.095449238998488,0.21445639187574603,,,128.0,30.0,0.001,1.0,,,,,,,
als|factors=128;epochs=30;regularisation=0.001;alpha=10.0|frac=1.0,software,als,1.0,1,0.12643695388332202,0.217443249701314,,,128.0,30.0,0.001,10.0,,,,,,,
als|factors=128;epochs=30;regularisation=0.001;alpha=40.0|frac=1.0,software,als,1.0,1,0.126645832995194,0.21385902031063303,,,128.0,30.0,0.001,40.0,,,,,,,
als|factors=128;epochs=30;regularisation=0.01;alpha=1.0|frac=1.0,software,als,1.0,1,0.09544128928791701,0.21505376344086002,,,128.0,30.0,0.01,1.0,,,,,,,
als|factors=128;epochs=30;regularisation=0.01;alpha=10.0|frac=1.0,software,als,1.0,1,0.125898691166966,0.217443249701314,,,128.0,30.0,0.01,10.0,,,,,,,
als|factors=128;epochs=30;regularisation=0.01;alpha=40.0|frac=1.0,software,als,1.0,1,0.12646105655370002,0.21385902031063303,,,128.0,30.0,0.01,40.0,,,,,,,
als|factors=128;epochs=30;regularisation=0.1;alpha=1.0|frac=1.0,software,als,1.0,1,0.09610694718630801,0.21684587813620002,,,128.0,30.0,0.1,1.0,,,,,,,
als|factors=128;epochs=30;regularisation=0.1;alpha=10.0|frac=1.0,software,als,1.0,1,0.12710788187201602,0.219235364396654,,,128.0,30.0,0.1,10.0,,,,,,,
als|factors=128;epochs=30;regularisation=0.1;alpha=40.0|frac=1.0,software,als,1.0,1,0.12548575206631302,0.212664277180406,,,128.0,30.0,0.1,40.0,,,,,,,
multvae|latent=32;hidden=200;epochs=10;dropout=0.0|frac=0.25,software,multvae,0.25,1,0.010916851537305,0.026881720430107003,,,,,,,32.0,200.0,10.0,0.0,,,
multvae|latent=32;hidden=200;epochs=10;dropout=0.5|frac=0.25,software,multvae,0.25,1,0.013375013560339,0.032258064516129004,,,,,,,32.0,200.0,10.0,0.5,,,
multvae|latent=32;hidden=200;epochs=20;dropout=0.0|frac=0.25,software,multvae,0.25,1,0.01529222784882,0.031660692951015,,,,,,,32.0,200.0,20.0,0.0,,,
multvae|latent=32;hidden=200;epochs=20;dropout=0.5|frac=0.25,software,multvae,0.25,1,0.016779790008672,0.040621266427718,,,,,,,32.0,200.0,20.0,0.5,,,
multvae|latent=32;hidden=600;epochs=10;dropout=0.0|frac=0.25,software,multvae,0.25,1,0.022092849974049002,0.046594982078853,,,,,,,32.0,600.0,10.0,0.0,,,
multvae|latent=32;hidden=600;epochs=10;dropout=0.5|frac=0.25,software,multvae,0.25,1,0.016928452652387002,0.041218637992831,,,,,,,32.0,600.0,10.0,0.5,,,
multvae|latent=32;hidden=600;epochs=20;dropout=0.0|frac=0.25,software,multvae,0.25,1,0.025640532257698002,0.044205495818399006,,,,,,,32.0,600.0,20.0,0.0,,,
multvae|latent=32;hidden=600;epochs=20;dropout=0.5|frac=0.25,software,multvae,0.25,1,0.018954900275642002,0.042413381123058,,,,,,,32.0,600.0,20.0,0.5,,,
multvae|latent=64;hidden=200;epochs=10;dropout=0.0|frac=0.25,software,multvae,0.25,1,0.015201987586536,0.035244922341696,,,,,,,64.0,200.0,10.0,0.0,,,
multvae|latent=64;hidden=200;epochs=10;dropout=0.5|frac=0.25,software,multvae,0.25,1,0.012962448779676,0.030465949820788003,,,,,,,64.0,200.0,10.0,0.5,,,
multvae|latent=64;hidden=200;epochs=20;dropout=0.0|frac=0.25,software,multvae,0.25,1,0.015369151470222001,0.030465949820788003,,,,,,,64.0,200.0,20.0,0.0,,,
multvae|latent=64;hidden=200;epochs=20;dropout=0.5|frac=0.25,software,multvae,0.25,1,0.013690540018039002,0.032855436081242,,,,,,,64.0,200.0,20.0,0.5,,,
multvae|latent=64;hidden=600;epochs=10;dropout=0.0|frac=0.25,software,multvae,0.25,1,0.022151362637865,0.041816009557945004,,,,,,,64.0,600.0,10.0,0.0,,,
multvae|latent=64;hidden=600;epochs=10;dropout=0.5|frac=0.25,software,multvae,0.25,1,0.014576388641497,0.033452807646356005,,,,,,,64.0,600.0,10.0,0.5,,,
multvae|latent=64;hidden=600;epochs=20;dropout=0.0|frac=0.25,software,multvae,0.25,1,0.064060951679206,0.175627240143369,,,,,,,64.0,600.0,20.0,0.0,,,
multvae|latent=64;hidden=600;epochs=20;dropout=0.5|frac=0.25,software,multvae,0.25,1,0.02307900260272,0.052568697729988005,,,,,,,64.0,600.0,20.0,0.5,,,
multvae|latent=128;hidden=200;epochs=10;dropout=0.0|frac=0.25,software,multvae,0.25,1,0.014864916183691,0.033452807646356005,,,,,,,128.0,200.0,10.0,0.0,,,
multvae|latent=128;hidden=200;epochs=10;dropout=0.5|frac=0.25,software,multvae,0.25,1,0.012025129226539,0.028076463560334,,,,,,,128.0,200.0,10.0,0.5,,,
multvae|latent=128;hidden=200;epochs=20;dropout=0.0|frac=0.25,software,multvae,0.25,1,0.013112964113177,0.026881720430107003,,,,,,,128.0,200.0,20.0,0.0,,,
multvae|latent=128;hidden=200;epochs=20;dropout=0.5|frac=0.25,software,multvae,0.25,1,0.013870507210112001,0.032258064516129004,,,,,,,128.0,200.0,20.0,0.5,,,
multvae|latent=128;hidden=600;epochs=10;dropout=0.0|frac=0.25,software,multvae,0.25,1,0.018964855096989003,0.043608124253285,,,,,,,128.0,600.0,10.0,0.0,,,
multvae|latent=128;hidden=600;epochs=10;dropout=0.5|frac=0.25,software,multvae,0.25,1,0.014045107839281002,0.033452807646356005,,,,,,,128.0,600.0,10.0,0.5,,,
multvae|latent=128;hidden=600;epochs=20;dropout=0.0|frac=0.25,software,multvae,0.25,1,0.029849134650026,0.053166069295101,,,,,,,128.0,600.0,20.0,0.0,,,
multvae|latent=128;hidden=600;epochs=20;dropout=0.5|frac=0.25,software,multvae,0.25,1,0.019323884632166003,0.044205495818399006,,,,,,,128.0,600.0,20.0,0.5,,,
multvae|latent=32;hidden=200;epochs=10;dropout=0.0|frac=0.5,software,multvae,0.5,1,0.014562559202106001,0.031660692951015,,,,,,,32.0,200.0,10.0,0.0,,,
multvae|latent=32;hidden=200;epochs=10;dropout=0.5|frac=0.5,software,multvae,0.5,1,0.012508036503141001,0.029868578255675002,,,,,,,32.0,200.0,10.0,0.5,,,
multvae|latent=32;hidden=200;epochs=20;dropout=0.0|frac=0.5,software,multvae,0.5,1,0.06435694754562,0.17861409796893601,,,,,,,32.0,200.0,20.0,0.0,,,
multvae|latent=32;hidden=200;epochs=20;dropout=0.5|frac=0.5,software,multvae,0.5,1,0.027471656933349003,0.062126642771804005,,,,,,,32.0,200.0,20.0,0.5,,,
multvae|latent=32;hidden=600;epochs=10;dropout=0.0|frac=0.5,software,multvae,0.5,1,0.038787178607946005,0.07347670250896,,,,,,,32.0,600.0,10.0,0.0,,,
multvae|latent=32;hidden=600;epochs=10;dropout=0.5|frac=0.5,software,multvae,0.5,1,0.02294802250347,0.052568697729988005,,,,,,,32.0,600.0,10.0,0.5,,,
multvae|latent=32;hidden=600;epochs=20;dropout=0.0|frac=0.5,software,multvae,0.5,1,0.078391669705226,0.19892473118279502,,,,,,,32.0,600.0,20.0,0.0,,,
multvae|latent=32;hidden=600;epochs=20;dropout=0.5|frac=0.5,software,multvae,0.5,1,0.036387358142174,0.077060931899641,,,,,,,32.0,600.0,20.0,0.5,,,
multvae|latent=64;hidden=200;epochs=10;dropout=0.0|frac=0.5,software,multvae,0.5,1,0.013712944119340001,0.029868578255675002,,,,,,,64.0,200.0,10.0,0.0,,,
multvae|latent=64;hidden=200;epochs=10;dropout=0.5|frac=0.5,software,multvae,0.5,1,0.010181765662217,0.022700119474313003,,,,,,,64.0,200.0,10.0,0.5,,,
multvae|latent=64;hidden=200;epochs=20;dropout=0.0|frac=0.5,software,multvae,0.5,1,0.029012256047633002,0.05495818399044201,,,,,,,64.0,200.0,20.0,0.0,,,
multvae|latent=64;hidden=200;epochs=20;dropout=0.5|frac=0.5,software,multvae,0.5,1,0.024715536075914,0.051971326164874,,,,,,,64.0,200.0,20.0,0.5,,,
multvae|latent=64;hidden=600;epochs=10;dropout=0.0|frac=0.5,software,multvae,0.5,1,0.037400475448917,0.072879330943847,,,,,,,64.0,600.0,10.0,0.0,,,
multvae|latent=64;hidden=600;epochs=10;dropout=0.5|frac=0.5,software,multvae,0.5,1,0.022120638733046,0.047192353643966005,,,,,,,64.0,600.0,10.0,0.5,,,
multvae|latent=64;hidden=600;epochs=20;dropout=0.0|frac=0.5,software,multvae,0.5,1,0.090510168026896,0.206690561529271,,,,,,,64.0,600.0,20.0,0.0,,,
multvae|latent=64;hidden=600;epochs=20;dropout=0.5|frac=0.5,software,multvae,0.5,1,0.07363678074237201,0.19414575866188702,,,,,,,64.0,600.0,20.0,0.5,,,
multvae|latent=128;hidden=200;epochs=10;dropout=0.0|frac=0.5,software,multvae,0.5,1,0.013383651665660001,0.032258064516129004,,,,,,,128.0,200.0,10.0,0.0,,,
multvae|latent=128;hidden=200;epochs=10;dropout=0.5|frac=0.5,software,multvae,0.5,1,0.011957561169423,0.028673835125448,,,,,,,128.0,200.0,10.0,0.5,,,
multvae|latent=128;hidden=200;epochs=20;dropout=0.0|frac=0.5,software,multvae,0.5,1,0.02935224885356,0.057945041816009006,,,,,,,128.0,200.0,20.0,0.0,,,
multvae|latent=128;hidden=200;epochs=20;dropout=0.5|frac=0.5,software,multvae,0.5,1,0.022959525397828,0.053763440860215006,,,,,,,128.0,200.0,20.0,0.5,,,
multvae|latent=128;hidden=600;epochs=10;dropout=0.0|frac=0.5,software,multvae,0.5,1,0.033733634747415,0.065710872162485,,,,,,,128.0,600.0,10.0,0.0,,,
multvae|latent=128;hidden=600;epochs=10;dropout=0.5|frac=0.5,software,multvae,0.5,1,0.025012688107385002,0.05615292712066901,,,,,,,128.0,600.0,10.0,0.5,,,
multvae|latent=128;hidden=600;epochs=20;dropout=0.0|frac=0.5,software,multvae,0.5,1,0.041012507159682,0.079450418160095,,,,,,,128.0,600.0,20.0,0.0,,,
multvae|latent=128;hidden=600;epochs=20;dropout=0.5|frac=0.5,software,multvae,0.5,1,0.07478613685514901,0.195340501792114,,,,,,,128.0,600.0,20.0,0.5,,,
multvae|latent=32;hidden=200;epochs=10;dropout=0.0|frac=1.0,software,multvae,1.0,1,0.07851943535778401,0.17622461170848203,,,,,,,32.0,200.0,10.0,0.0,,,
multvae|latent=32;hidden=200;epochs=10;dropout=0.5|frac=1.0,software,multvae,1.0,1,0.021742969262734002,0.045997610513739004,,,,,,,32.0,200.0,10.0,0.5,,,
multvae|latent=32;hidden=200;epochs=20;dropout=0.0|frac=1.0,software,multvae,1.0,1,0.11089776366416401,0.195340501792114,,,,,,,32.0,200.0,20.0,0.0,,,
multvae|latent=32;hidden=200;epochs=20;dropout=0.5|frac=1.0,software,multvae,1.0,1,0.113305388037455,0.19832735961768203,,,,,,,32.0,200.0,20.0,0.5,,,
multvae|latent=32;hidden=600;epochs=10;dropout=0.0|frac=1.0,software,multvae,1.0,1,0.117422054360657,0.201314217443249,,,,,,,32.0,600.0,10.0,0.0,,,
multvae|latent=32;hidden=600;epochs=10;dropout=0.5|frac=1.0,software,multvae,1.0,1,0.10559088561727902,0.185185185185185,,,,,,,32.0,600.0,10.0,0.5,,,
multvae|latent=32;hidden=600;epochs=20;dropout=0.0|frac=1.0,software,multvae,1.0,1,0.120972468759621,0.20967741935483802,,,,,,,32.0,600.0,20.0,0.0,,,
multvae|latent=32;hidden=600;epochs=20;dropout=0.5|frac=1.0,software,multvae,1.0,1,0.115625114961903,0.20011947431302202,,,,,,,32.0,600.0,20.0,0.5,,,
multvae|latent=64;hidden=200;epochs=10;dropout=0.0|frac=1.0,software,multvae,1.0,1,0.09995856378189501,0.16905615292712,,,,,,,64.0,200.0,10.0,0.0,,,
multvae|latent=64;hidden=200;epochs=10;dropout=0.5|frac=1.0,software,multvae,1.0,1,0.019699571592192003,0.04540023894862601,,,,,,,64.0,200.0,10.0,0.5,,,
multvae|latent=64;hidden=200;epochs=20;dropout=0.0|frac=1.0,software,multvae,1.0,1,0.115467362850452,0.19772998805256803,,,,,,,64.0,200.0,20.0,0.0,,,
multvae|latent=64;hidden=200;epochs=20;dropout=0.5|frac=1.0,software,multvae,1.0,1,0.10998209679544702,0.18876941457586602,,,,,,,64.0,200.0,20.0,0.5,,,
multvae|latent=64;hidden=600;epochs=10;dropout=0.0|frac=1.0,software,multvae,1.0,1,0.12138069772134401,0.212066905615292,,,,,,,64.0,600.0,10.0,0.0,,,
multvae|latent=64;hidden=600;epochs=10;dropout=0.5|frac=1.0,software,multvae,1.0,1,0.109118208070778,0.18757467144563902,,,,,,,64.0,600.0,10.0,0.5,,,
multvae|latent=64;hidden=600;epochs=20;dropout=0.0|frac=1.0,software,multvae,1.0,1,0.12061847030550901,0.213261648745519,,,,,,,64.0,600.0,20.0,0.0,,,
multvae|latent=64;hidden=600;epochs=20;dropout=0.5|frac=1.0,software,multvae,1.0,1,0.11808836976476901,0.20908004778972503,,,,,,,64.0,600.0,20.0,0.5,,,
multvae|latent=128;hidden=200;epochs=10;dropout=0.0|frac=1.0,software,multvae,1.0,1,0.08411254099493601,0.17084826762246103,,,,,,,128.0,200.0,10.0,0.0,,,
multvae|latent=128;hidden=200;epochs=10;dropout=0.5|frac=1.0,software,multvae,1.0,1,0.05707387596626701,0.16606929510155302,,,,,,,128.0,200.0,10.0,0.5,,,
multvae|latent=128;hidden=200;epochs=20;dropout=0.0|frac=1.0,software,multvae,1.0,1,0.114849002253377,0.20430107526881702,,,,,,,128.0,200.0,20.0,0.0,,,
multvae|latent=128;hidden=200;epochs=20;dropout=0.5|frac=1.0,software,multvae,1.0,1,0.10746545992115,0.184587813620071,,,,,,,128.0,200.0,20.0,0.5,,,
multvae|latent=128;hidden=600;epochs=10;dropout=0.0|frac=1.0,software,multvae,1.0,1,0.11802928812836401,0.201911589008363,,,,,,,128.0,600.0,10.0,0.0,,,
multvae|latent=128;hidden=600;epochs=10;dropout=0.5|frac=1.0,software,multvae,1.0,1,0.10981052008019601,0.18817204301075202,,,,,,,128.0,600.0,10.0,0.5,,,
multvae|latent=128;hidden=600;epochs=20;dropout=0.0|frac=1.0,software,multvae,1.0,1,0.13032751495787,0.22102747909199502,,,,,,,128.0,600.0,20.0,0.0,,,
multvae|latent=128;hidden=600;epochs=20;dropout=0.5|frac=1.0,software,multvae,1.0,1,0.11802391125129601,0.20370370370370303,,,,,,,128.0,600.0,20.0,0.5,,,
als|factors=16;epochs=5;regularisation=0.001;alpha=1.0|frac=0.25,gift_cards,als,0.25,1,0.078616697431776,0.16035634743875202,,,16.0,5.0,0.001,1.0,,,,,,,
als|factors=16;epochs=5;regularisation=0.001;alpha=10.0|frac=0.25,gift_cards,als,0.25,1,0.06231202963329,0.14699331848552302,,,16.0,5.0,0.001,10.0,,,,,,,
als|factors=16;epochs=5;regularisation=0.001;alpha=40.0|frac=0.25,gift_cards,als,0.25,1,0.057910968638115005,0.133630289532294,,,16.0,5.0,0.001,40.0,,,,,,,
als|factors=16;epochs=5;regularisation=0.01;alpha=1.0|frac=0.25,gift_cards,als,0.25,1,0.078719721812228,0.16035634743875202,,,16.0,5.0,0.01,1.0,,,,,,,
als|factors=16;epochs=5;regularisation=0.01;alpha=10.0|frac=0.25,gift_cards,als,0.25,1,0.060926616981036005,0.14476614699331802,,,16.0,5.0,0.01,10.0,,,,,,,
als|factors=16;epochs=5;regularisation=0.01;alpha=40.0|frac=0.25,gift_cards,als,0.25,1,0.053877329876847006,0.124721603563474,,,16.0,5.0,0.01,40.0,,,,,,,
als|factors=16;epochs=5;regularisation=0.1;alpha=1.0|frac=0.25,gift_cards,als,0.25,1,0.078731976422625,0.16258351893095702,,,16.0,5.0,0.1,1.0,,,,,,,
als|factors=16;epochs=5;regularisation=0.1;alpha=10.0|frac=0.25,gift_cards,als,0.25,1,0.05809904966094401,0.133630289532294,,,16.0,5.0,0.1,10.0,,,,,,,
als|factors=16;epochs=5;regularisation=0.1;alpha=40.0|frac=0.25,gift_cards,als,0.25,1,0.052648644619281,0.122494432071269,,,16.0,5.0,0.1,40.0,,,,,,,
als|factors=16;epochs=15;regularisation=0.001;alpha=1.0|frac=0.25,gift_cards,als,0.25,1,0.081310100459521,0.15144766146993302,,,16.0,15.0,0.001,1.0,,,,,,,
als|factors=16;epochs=15;regularisation=0.001;alpha=10.0|frac=0.25,gift_cards,als,0.25,1,0.069527199228285,0.133630289532294,,,16.0,15.0,0.001,10.0,,,,,,,
als|factors=16;epochs=15;regularisation=0.001;alpha=40.0|frac=0.25,gift_cards,als,0.25,1,0.07319091842495301,0.135857461024498,,,16.0,15.0,0.001,40.0,,,,,,,
als|factors=16;epochs=15;regularisation=0.01;alpha=1.0|frac=0.25,gift_cards,als,0.25,1,0.08029561318393001,0.15144766146993302,,,16.0,15.0,0.01,1.0,,,,,,,
als|factors=16;epochs=15;regularisation=0.01;alpha=10.0|frac=0.25,gift_cards,als,0.25,1,0.068893675801553,0.131403118040089,,,16.0,15.0,0.01,10.0,,,,,,,
als|factors=16;epochs=15;regularisation=0.01;alpha=40.0|frac=0.25,gift_cards,als,0.25,1,0.070853227986318,0.131403118040089,,,16.0,15.0,0.01,40.0,,,,,,,
als|factors=16;epochs=15;regularisation=0.1;alpha=1.0|frac=0.25,gift_cards,als,0.25,1,0.08236974640755801,0.15590200445434302,,,16.0,15.0,0.1,1.0,,,,,,,
als|factors=16;epochs=15;regularisation=0.1;alpha=10.0|frac=0.25,gift_cards,als,0.25,1,0.071166407001249,0.135857461024498,,,16.0,15.0,0.1,10.0,,,,,,,
als|factors=16;epochs=15;regularisation=0.1;alpha=40.0|frac=0.25,gift_cards,als,0.25,1,0.070255081473266,0.135857461024498,,,16.0,15.0,0.1,40.0,,,,,,,
als|factors=16;epochs=30;regularisation=0.001;alpha=1.0|frac=0.25,gift_cards,als,0.25,1,0.077357058526918,0.15144766146993302,,,16.0,30.0,0.001,1.0,,,,,,,
als|factors=16;epochs=30;regularisation=0.001;alpha=10.0|frac=0.25,gift_cards,als,0.25,1,0.070247548320217,0.126948775055679,,,16.0,30.0,0.001,10.0,,,,,,,
als|factors=16;epochs=30;regularisation=0.001;alpha=40.0|frac=0.25,gift_cards,als,0.25,1,0.071316773366404,0.133630289532294,,,16.0,30.0,0.001,40.0,,,,,,,
als|factors=16;epochs=30;regularisation=0.01;alpha=1.0|frac=0.25,gift_cards,als,0.25,1,0.077648661541554,0.15144766146993302,,,16.0,30.0,0.01,1.0,,,,,,,
als|factors=16;epochs=30;regularisation=0.01;alpha=10.0|frac=0.25,gift_cards,als,0.25,1,0.071766227372399,0.129175946547884,,,16.0,30.0,0.01,10.0,,,,,,,
als|factors=16;epochs=30;regularisation=0.01;alpha=40.0|frac=0.25,gift_cards,als,0.25,1,0.07175204526421501,0.135857461024498,,,16.0,30.0,0.01,40.0,,,,,,,
als|factors=16;epochs=30;regularisation=0.1;alpha=1.0|frac=0.25,gift_cards,als,0.25,1,0.077125424072343,0.14922048997772802,,,16.0,30.0,0.1,1.0,,,,,,,
als|factors=16;epochs=30;regularisation=0.1;alpha=10.0|frac=0.25,gift_cards,als,0.25,1,0.072079268011237,0.129175946547884,,,16.0,30.0,0.1,10.0,,,,,,,
als|factors=16;epochs=30;regularisation=0.1;alpha=40.0|frac=0.25,gift_cards,als,0.25,1,0.069903609477017,0.129175946547884,,,16.0,30.0,0.1,40.0,,,,,,,
als|factors=32;epochs=5;regularisation=0.001;alpha=1.0|frac=0.25,gift_cards,als,0.25,1,0.057379654675019,0.11581291759465401,,,32.0,5.0,0.001,1.0,,,,,,,
als|factors=32;epochs=5;regularisation=0.001;alpha=10.0|frac=0.25,gift_cards,als,0.25,1,0.06755765919966,0.133630289532294,,,32.0,5.0,0.001,10.0,,,,,,,
als|factors=32;epochs=5;regularisation=0.001;alpha=40.0|frac=0.25,gift_cards,als,0.25,1,0.06332118193906701,0.124721603563474,,,32.0,5.0,0.001,40.0,,,,,,,
als|factors=32;epochs=5;regularisation=0.01;alpha=1.0|frac=0.25,gift_cards,als,0.25,1,0.058139702728770004,0.118040089086859,,,32.0,5.0,0.01,1.0,,,,,,,
als|factors=32;epochs=5;regularisation=0.01;alpha=10.0|frac=0.25,gift_cards,als,0.25,1,0.065370696391379,0.131403118040089,,,32.0,5.0,0.01,10.0,,,,,,,
als|factors=32;epochs=5;regularisation=0.01;alpha=40.0|frac=0.25,gift_cards,als,0.25,1,0.060325960139528005,0.120267260579064,,,32.0,5.0,0.01,40.0,,,,,,,
als|factors=32;epochs=5;regularisation=0.1;alpha=1.0|frac=0.25,gift_cards,als,0.25,1,0.05832534437642001,0.118040089086859,,,32.0,5.0,0.1,1.0,,,,,,,
als|factors=32;epochs=5;regularisation=0.1;alpha=10.0|frac=0.25,gift_cards,als,0.25,1,0.064477288651827,0.126948775055679,,,32.0,5.0,0.1,10.0,,,,,,,
als|factors=32;epochs=5;regularisation=0.1;alpha=40.0|frac=0.25,gift_cards,als,0.25,1,0.056965252513322004,0.11581291759465401,,,32.0,5.0,0.1,40.0,,,,,,,
als|factors=32;epochs=15;regularisation=0.001;alpha=1.0|frac=0.25,gift_cards,als,0.25,1,0.05672370289721201,0.122494432071269,,,32.0,15.0,0.001,1.0,,,,,,,
als|factors=32;epochs=15;regularisation=0.001;alpha=10.0|frac=0.25,gift_cards,als,0.25,1,0.06668590077912001,0.133630289532294,,,32.0,15.0,0.001,10.0,,,,,,,
als|factors=32;epochs=15;regularisation=0.001;alpha=40.0|frac=0.25,gift_cards,als,0.25,1,0.064818283185597,0.126948775055679,,,32.0,15.0,0.001,40.0,,,,,,,
als|factors=32;epochs=15;regularisation=0.01;alpha=1.0|frac=0.25,gift_cards,als,0.25,1,0.056753498879849006,0.122494432071269,,,32.0,15.0,0.01,1.0,,,,,,,
als|factors=32;epochs=15;regularisation=0.01;alpha=10.0|frac=0.25,gift_cards,als,0.25,1,0.064124628682271,0.129175946547884,,,32.0,15.0,0.01,10.0,,,,,,,
als|factors=32;epochs=15;regularisation=0.01;alpha=40.0|frac=0.25,gift_cards,als,0.25,1,0.063738929496275,0.129175946547884,,,32.0,15.0,0.01,40.0,,,,,,,
als|factors=32;epochs=15;regularisation=0.1;alpha=1.0|frac=0.25,gift_cards,als,0.25,1,0.05775652528898301,0.124721603563474,,,32.0,15.0,0.1,1.0,,,,,,,
als|factors=32;epochs=15;regularisation=0.1;alpha=10.0|frac=0.25,gift_cards,als,0.25,1,0.06401536402360901,0.129175946547884,,,32.0,15.0,0.1,10.0,,,,,,,
als|factors=32;epochs=15;regularisation=0.1;alpha=40.0|frac=0.25,gift_cards,als,0.25,1,0.06260737131348701,0.129175946547884,,,32.0,15.0,0.1,40.0,,,,,,,
als|factors=32;epochs=30;regularisation=0.001;alpha=1.0|frac=0.25,gift_cards,als,0.25,1,0.04942795477357,0.10244988864142501,,,32.0,30.0,0.001,1.0,,,,,,,
als|factors=32;epochs=30;regularisation=0.001;alpha=10.0|frac=0.25,gift_cards,als,0.25,1,0.064414402063452,0.126948775055679,,,32.0,30.0,0.001,10.0,,,,,,,
als|factors=32;epochs=30;regularisation=0.001;alpha=40.0|frac=0.25,gift_cards,als,0.25,1,0.062672348590132,0.120267260579064,,,32.0,30.0,0.001,40.0,,,,,,,
als|factors=32;epochs=30;regularisation=0.01;alpha=1.0|frac=0.25,gift_cards,als,0.25,1,0.049460103729298,0.10244988864142501,,,32.0,30.0,0.01,1.0,,,,,,,
als|factors=32;epochs=30;regularisation=0.01;alpha=10.0|frac=0.25,gift_cards,als,0.25,1,0.062709145224643,0.122494432071269,,,32.0,30.0,0.01,10.0,,,,,,,
als|factors=32;epochs=30;regularisation=0.01;alpha=40.0|frac=0.25,gift_cards,als,0.25,1,0.06301815107458,0.124721603563474,,,32.0,30.0,0.01,40.0,,,,,,,
als|factors=32;epochs=30;regularisation=0.1;alpha=1.0|frac=0.25,gift_cards,als,0.25,1,0.049499899846331005,0.10244988864142501,,,32.0,30.0,0.1,1.0,,,,,,,
als|factors=32;epochs=30;regularisation=0.1;alpha=10.0|frac=0.25,gift_cards,als,0.25,1,0.06245554485553201,0.120267260579064,,,32.0,30.0,0.1,10.0,,,,,,,
als|factors=32;epochs=30;regularisation=0.1;alpha=40.0|frac=0.25,gift_cards,als,0.25,1,0.06198514811082,0.124721603563474,,,32.0,30.0,0.1,40.0,,,,,,,
als|factors=64;epochs=5;regularisation=0.001;alpha=1.0|frac=0.25,gift_cards,als,0.25,1,0.039419384643785006,0.08240534521158101,,,64.0,5.0,0.001,1.0,,,,,,,
als|factors=64;epochs=5;regularisation=0.001;alpha=10.0|frac=0.25,gift_cards,als,0.25,1,0.043000462483852,0.0913140311804,,,64.0,5.0,0.001,10.0,,,,,,,
als|factors=64;epochs=5;regularisation=0.001;alpha=40.0|frac=0.25,gift_cards,als,0.25,1,0.042297280642988,0.086859688195991,,,64.0,5.0,0.001,40.0,,,,,,,
als|factors=64;epochs=5;regularisation=0.01;alpha=1.0|frac=0.25,gift_cards,als,0.25,1,0.038049492337345,0.07795100222717101,,,64.0,5.0,0.01,1.0,,,,,,,
als|factors=64;epochs=5;regularisation=0.01;alpha=10.0|frac=0.25,gift_cards,als,0.25,1,0.039081759945785007,0.07795100222717101,,,64.0,5.0,0.01,10.0,,,,,,,
als|factors=64;epochs=5;regularisation=0.01;alpha=40.0|frac=0.25,gift_cards,als,0.25,1,0.034279682468480004,0.069042316258351,,,64.0,5.0,0.01,40.0,,,,,,,
als|factors=64;epochs=5;regularisation=0.1;alpha=1.0|frac=0.25,gift_cards,als,0.25,1,0.042187696403488004,0.0913140311804,,,64.0,5.0,0.1,1.0,,,,,,,
als|factors=64;epochs=5;regularisation=0.1;alpha=10.0|frac=0.25,gift_cards,als,0.25,1,0.038936380298758004,0.07795100222717101,,,64.0,5.0,0.1,10.0,,,,,,,
als|factors=64;epochs=5;regularisation=0.1;alpha=40.0|frac=0.25,gift_cards,als,0.25,1,0.028411157369563,0.055679287305122005,,,64.0,5.0,0.1,40.0,,,,,,,
als|factors=64;epochs=15;regularisation=0.001;alpha=1.0|frac=0.25,gift_cards,als,0.25,1,0.040169162912815005,0.08240534521158101,,,64.0,15.0,0.001,1.0,,,,,,,
als|factors=64;epochs=15;regularisation=0.001;alpha=10.0|frac=0.25,gift_cards,als,0.25,1,0.04375342757838,0.09576837416481,,,64.0,15.0,0.001,10.0,,,,,,,
als|factors=64;epochs=15;regularisation=0.001;alpha=40.0|frac=0.25,gift_cards,als,0.25,1,0.042720150763264006,0.089086859688195,,,64.0,15.0,0.001,40.0,,,,,,,
als|factors=64;epochs=15;regularisation=0.01;alpha=1.0|frac=0.25,gift_cards,als,0.25,1,0.03815460607262,0.07572383073496601,,,64.0,15.0,0.01,1.0,,,,,,,
als|factors=64;epochs=15;regularisation=0.01;alpha=10.0|frac=0.25,gift_cards,als,0.25,1,0.044201631825016005,0.093541202672605,,,64.0,15.0,0.01,10.0,,,,,,,
als|factors=64;epochs=15;regularisation=0.01;alpha=40.0|frac=0.25,gift_cards,als,0.25,1,0.043638543650876,0.093541202672605,,,64.0,15.0,0.01,40.0,,,,,,,
als|factors=64;epochs=15;regularisation=0.1;alpha=1.0|frac=0.25,gift_cards,als,0.25,1,0.039615375136183004,0.07795100222717101,,,64.0,15.0,0.1,1.0,,,,,,,
als|factors=64;epochs=15;regularisation=0.1;alpha=10.0|frac=0.25,gift_cards,als,0.25,1,0.04405974143445,0.093541202672605,,,64.0,15.0,0.1,10.0,,,,,,,
als|factors=64;epochs=15;regularisation=0.1;alpha=40.0|frac=0.25,gift_cards,als,0.25,1,0.040628833525697,0.08240534521158101,,,64.0,15.0,0.1,40.0,,,,,,,
als|factors=64;epochs=30;regularisation=0.001;alpha=1.0|frac=0.25,gift_cards,als,0.25,1,0.037940719095135,0.07795100222717101,,,64.0,30.0,0.001,1.0,,,,,,,
als|factors=64;epochs=30;regularisation=0.001;alpha=10.0|frac=0.25,gift_cards,als,0.25,1,0.042848959996172005,0.0913140311804,,,64.0,30.0,0.001,10.0,,,,,,,
als|factors=64;epochs=30;regularisation=0.001;alpha=40.0|frac=0.25,gift_cards,als,0.25,1,0.04216410699016,0.089086859688195,,,64.0,30.0,0.001,40.0,,,,,,,
als|factors=64;epochs=30;regularisation=0.01;alpha=1.0|frac=0.25,gift_cards,als,0.25,1,0.038241777721483,0.08017817371937601,,,64.0,30.0,0.01,1.0,,,,,,,
als|factors=64;epochs=30;regularisation=0.01;alpha=10.0|frac=0.25,gift_cards,als,0.25,1,0.043113424591955,0.089086859688195,,,64.0,30.0,0.01,10.0,,,,,,,
als|factors=64;epochs=30;regularisation=0.01;alpha=40.0|frac=0.25,gift_cards,als,0.25,1,0.043958266260526006,0.09576837416481,,,64.0,30.0,0.01,40.0,,,,,,,
als|factors=64;epochs=30;regularisation=0.1;alpha=1.0|frac=0.25,gift_cards,als,0.25,1,0.039937121851803,0.08240534521158101,,,64.0,30.0,0.1,1.0,,,,,,,
als|factors=64;epochs=30;regularisation=0.1;alpha=10.0|frac=0.25,gift_cards,als,0.25,1,0.044641559255849006,0.09576837416481,,,64.0,30.0,0.1,10.0,,,,,,,
als|factors=64;epochs=30;regularisation=0.1;alpha=40.0|frac=0.25,gift_cards,als,0.25,1,0.044317685601587005,0.09576837416481,,,64.0,30.0,0.1,40.0,,,,,,,
als|factors=128;epochs=5;regularisation=0.001;alpha=1.0|frac=0.25,gift_cards,als,0.25,1,0.032815033508417,0.07349665924276101,,,128.0,5.0,0.001,1.0,,,,,,,
als|factors=128;epochs=5;regularisation=0.001;alpha=10.0|frac=0.25,gift_cards,als,0.25,1,0.041186370158934005,0.08240534521158101,,,128.0,5.0,0.001,10.0,,,,,,,
als|factors=128;epochs=5;regularisation=0.001;alpha=40.0|frac=0.25,gift_cards,als,0.25,1,0.044627325102166,0.084632516703786,,,128.0,5.0,0.001,40.0,,,,,,,
als|factors=128;epochs=5;regularisation=0.01;alpha=1.0|frac=0.25,gift_cards,als,0.25,1,0.027649137698367004,0.060133630289532,,,128.0,5.0,0.01,1.0,,,,,,,
als|factors=128;epochs=5;regularisation=0.01;alpha=10.0|frac=0.25,gift_cards,als,0.25,1,0.04582701755052301,0.07795100222717101,,,128.0,5.0,0.01,10.0,,,,,,,
als|factors=128;epochs=5;regularisation=0.01;alpha=40.0|frac=0.25,gift_cards,als,0.25,1,0.05749002953228301,0.11358574610244901,,,128.0,5.0,0.01,40.0,,,,,,,
als|factors=128;epochs=5;regularisation=0.1;alpha=1.0|frac=0.25,gift_cards,als,0.25,1,0.036583181701538,0.07795100222717101,,,128.0,5.0,0.1,1.0,,,,,,,
als|factors=128;epochs=5;regularisation=0.1;alpha=10.0|frac=0.25,gift_cards,als,0.25,1,0.05649384522005901,0.10244988864142501,,,128.0,5.0,0.1,10.0,,,,,,,
als|factors=128;epochs=5;regularisation=0.1;alpha=40.0|frac=0.25,gift_cards,als,0.25,1,0.05880653523191601,0.11358574610244901,,,128.0,5.0,0.1,40.0,,,,,,,
als|factors=128;epochs=15;regularisation=0.001;alpha=1.0|frac=0.25,gift_cards,als,0.25,1,0.037366141919847,0.08240534521158101,,,128.0,15.0,0.001,1.0,,,,,,,
als|factors=128;epochs=15;regularisation=0.001;alpha=10.0|frac=0.25,gift_cards,als,0.25,1,0.041714597953352,0.09576837416481,,,128.0,15.0,0.001,10.0,,,,,,,
als|factors=128;epochs=15;regularisation=0.001;alpha=40.0|frac=0.25,gift_cards,als,0.25,1,0.051304072409701,0.10022271714922001,,,128.0,15.0,0.001,40.0,,,,,,,
als|factors=128;epochs=15;regularisation=0.01;alpha=1.0|frac=0.25,gift_cards,als,0.25,1,0.034221787530363,0.07795100222717101,,,128.0,15.0,0.01,1.0,,,,,,,
als|factors=128;epochs=15;regularisation=0.01;alpha=10.0|frac=0.25,gift_cards,als,0.25,1,0.036649260546585,0.086859688195991,,,128.0,15.0,0.01,10.0,,,,,,,
als|factors=128;epochs=15;regularisation=0.01;alpha=40.0|frac=0.25,gift_cards,als,0.25,1,0.04789606589837601,0.10244988864142501,,,128.0,15.0,0.01,40.0,,,,,,,
als|factors=128;epochs=15;regularisation=0.1;alpha=1.0|frac=0.25,gift_cards,als,0.25,1,0.056070137356480004,0.122494432071269,,,128.0,15.0,0.1,1.0,,,,,,,
als|factors=128;epochs=15;regularisation=0.1;alpha=10.0|frac=0.25,gift_cards,als,0.25,1,0.04387737916955901,0.09576837416481,,,128.0,15.0,0.1,10.0,,,,,,,
als|factors=128;epochs=15;regularisation=0.1;alpha=40.0|frac=0.25,gift_cards,als,0.25,1,0.05007959591223501,0.097995545657015,,,128.0,15.0,0.1,40.0,,,,,,,
als|factors=128;epochs=30;regularisation=0.001;alpha=1.0|frac=0.25,gift_cards,als,0.25,1,0.030543945166039,0.071269487750556,,,128.0,30.0,0.001,1.0,,,,,,,
als|factors=128;epochs=30;regularisation=0.001;alpha=10.0|frac=0.25,gift_cards,als,0.25,1,0.034476157752247,0.084632516703786,,,128.0,30.0,0.001,10.0,,,,,,,
als|factors=128;epochs=30;regularisation=0.001;alpha=40.0|frac=0.25,gift_cards,als,0.25,1,0.046884839525742,0.10022271714922001,,,128.0,30.0,0.001,40.0,,,,,,,
als|factors=128;epochs=30;regularisation=0.01;alpha=1.0|frac=0.25,gift_cards,als,0.25,1,0.036080062159060004,0.08240534521158101,,,128.0,30.0,0.01,1.0,,,,,,,
als|factors=128;epochs=30;regularisation=0.01;alpha=10.0|frac=0.25,gift_cards,als,0.25,1,0.029668081524598003,0.07349665924276101,,,128.0,30.0,0.01,10.0,,,,,,,
als|factors=128;epochs=30;regularisation=0.01;alpha=40.0|frac=0.25,gift_cards,als,0.25,1,0.036277665907351,0.07795100222717101,,,128.0,30.0,0.01,40.0,,,,,,,
als|factors=128;epochs=30;regularisation=0.1;alpha=1.0|frac=0.25,gift_cards,als,0.25,1,0.059196412782876004,0.126948775055679,,,128.0,30.0,0.1,1.0,,,,,,,
als|factors=128;epochs=30;regularisation=0.1;alpha=10.0|frac=0.25,gift_cards,als,0.25,1,0.049521208733576,0.10913140311804001,,,128.0,30.0,0.1,10.0,,,,,,,
als|factors=128;epochs=30;regularisation=0.1;alpha=40.0|frac=0.25,gift_cards,als,0.25,1,0.038149442819195,0.08240534521158101,,,128.0,30.0,0.1,40.0,,,,,,,
als|factors=16;epochs=5;regularisation=0.001;alpha=1.0|frac=0.5,gift_cards,als,0.5,1,0.097340887009004,0.195991091314031,,,16.0,5.0,0.001,1.0,,,,,,,
als|factors=16;epochs=5;regularisation=0.001;alpha=10.0|frac=0.5,gift_cards,als,0.5,1,0.092909582508454,0.191536748329621,,,16.0,5.0,0.001,10.0,,,,,,,
als|factors=16;epochs=5;regularisation=0.001;alpha=40.0|frac=0.5,gift_cards,als,0.5,1,0.08084020339572501,0.16035634743875202,,,16.0,5.0,0.001,40.0,,,,,,,
als|factors=16;epochs=5;regularisation=0.01;alpha=1.0|frac=0.5,gift_cards,als,0.5,1,0.097600423614722,0.195991091314031,,,16.0,5.0,0.01,1.0,,,,,,,
als|factors=16;epochs=5;regularisation=0.01;alpha=10.0|frac=0.5,gift_cards,als,0.5,1,0.09141096862746101,0.182628062360801,,,16.0,5.0,0.01,10.0,,,,,,,
als|factors=16;epochs=5;regularisation=0.01;alpha=40.0|frac=0.5,gift_cards,als,0.5,1,0.084043474482851,0.16703786191536701,,,16.0,5.0,0.01,40.0,,,,,,,
als|factors=16;epochs=5;regularisation=0.1;alpha=1.0|frac=0.5,gift_cards,als,0.5,1,0.097328405404023,0.191536748329621,,,16.0,5.0,0.1,1.0,,,,,,,
als|factors=16;epochs=5;regularisation=0.1;alpha=10.0|frac=0.5,gift_cards,als,0.5,1,0.090553172050454,0.178173719376391,,,16.0,5.0,0.1,10.0,,,,,,,
als|factors=16;epochs=5;regularisation=0.1;alpha=40.0|frac=0.5,gift_cards,als,0.5,1,0.08627550423747901,0.173719376391982,,,16.0,5.0,0.1,40.0,,,,,,,
als|factors=16;epochs=15;regularisation=0.001;alpha=1.0|frac=0.5,gift_cards,als,0.5,1,0.09548259142970801,0.193763919821826,,,16.0,15.0,0.001,1.0,,,,,,,
als|factors=16;epochs=15;regularisation=0.001;alpha=10.0|frac=0.5,gift_cards,als,0.5,1,0.099096215138949,0.19821826280623603,,,16.0,15.0,0.001,10.0,,,,,,,
als|factors=16;epochs=15;regularisation=0.001;alpha=40.0|frac=0.5,gift_cards,als,0.5,1,0.099411279069417,0.19821826280623603,,,16.0,15.0,0.001,40.0,,,,,,,
als|factors=16;epochs=15;regularisation=0.01;alpha=1.0|frac=0.5,gift_cards,als,0.5,1,0.09605535129899001,0.193763919821826,,,16.0,15.0,0.01,1.0,,,,,,,
als|factors=16;epochs=15;regularisation=0.01;alpha=10.0|frac=0.5,gift_cards,als,0.5,1,0.09924641371848501,0.19821826280623603,,,16.0,15.0,0.01,10.0,,,,,,,
als|factors=16;epochs=15;regularisation=0.01;alpha=40.0|frac=0.5,gift_cards,als,0.5,1,0.097780844469237,0.195991091314031,,,16.0,15.0,0.01,40.0,,,,,,,
als|factors=16;epochs=15;regularisation=0.1;alpha=1.0|frac=0.5,gift_cards,als,0.5,1,0.09535805110683601,0.193763919821826,,,16.0,15.0,0.1,1.0,,,,,,,
als|factors=16;epochs=15;regularisation=0.1;alpha=10.0|frac=0.5,gift_cards,als,0.5,1,0.09565761547081701,0.193763919821826,,,16.0,15.0,0.1,10.0,,,,,,,
als|factors=16;epochs=15;regularisation=0.1;alpha=40.0|frac=0.5,gift_cards,als,0.5,1,0.09567034692899301,0.191536748329621,,,16.0,15.0,0.1,40.0,,,,,,,
als|factors=16;epochs=30;regularisation=0.001;alpha=1.0|frac=0.5,gift_cards,als,0.5,1,0.098541671288029,0.20044543429844003,,,16.0,30.0,0.001,1.0,,,,,,,
als|factors=16;epochs=30;regularisation=0.001;alpha=10.0|frac=0.5,gift_cards,als,0.5,1,0.09603462274757801,0.20267260579064503,,,16.0,30.0,0.001,10.0,,,,,,,
als|factors=16;epochs=30;regularisation=0.001;alpha=40.0|frac=0.5,gift_cards,als,0.5,1,0.09986372283513201,0.20935412026726002,,,16.0,30.0,0.001,40.0,,,,,,,
als|factors=16;epochs=30;regularisation=0.01;alpha=1.0|frac=0.5,gift_cards,als,0.5,1,0.09887911541404101,0.20044543429844003,,,16.0,30.0,0.01,1.0,,,,,,,
als|factors=16;epochs=30;regularisation=0.01;alpha=10.0|frac=0.5,gift_cards,als,0.5,1,0.095460955376298,0.20267260579064503,,,16.0,30.0,0.01,10.0,,,,,,,
als|factors=16;epochs=30;regularisation=0.01;alpha=40.0|frac=0.5,gift_cards,als,0.5,1,0.099812327935397,0.20267260579064503,,,16.0,30.0,0.01,40.0,,,,,,,
als|factors=16;epochs=30;regularisation=0.1;alpha=1.0|frac=0.5,gift_cards,als,0.5,1,0.099145868915907,0.20267260579064503,,,16.0,30.0,0.1,1.0,,,,,,,
als|factors=16;epochs=30;regularisation=0.1;alpha=10.0|frac=0.5,gift_cards,als,0.5,1,0.09533939744856601,0.195991091314031,,,16.0,30.0,0.1,10.0,,,,,,,
als|factors=16;epochs=30;regularisation=0.1;alpha=40.0|frac=0.5,gift_cards,als,0.5,1,0.098573971603383,0.20044543429844003,,,16.0,30.0,0.1,40.0,,,,,,,
als|factors=32;epochs=5;regularisation=0.001;alpha=1.0|frac=0.5,gift_cards,als,0.5,1,0.082352157717879,0.16035634743875202,,,32.0,5.0,0.001,1.0,,,,,,,
als|factors=32;epochs=5;regularisation=0.001;alpha=10.0|frac=0.5,gift_cards,als,0.5,1,0.09188128004493801,0.180400890868596,,,32.0,5.0,0.001,10.0,,,,,,,
als|factors=32;epochs=5;regularisation=0.001;alpha=40.0|frac=0.5,gift_cards,als,0.5,1,0.081699330640895,0.15590200445434302,,,32.0,5.0,0.001,40.0,,,,,,,
als|factors=32;epochs=5;regularisation=0.01;alpha=1.0|frac=0.5,gift_cards,als,0.5,1,0.083022080351976,0.15812917594654702,,,32.0,5.0,0.01,1.0,,,,,,,
als|factors=32;epochs=5;regularisation=0.01;alpha=10.0|frac=0.5,gift_cards,als,0.5,1,0.08988638350243101,0.184855233853006,,,32.0,5.0,0.01,10.0,,,,,,,
als|factors=32;epochs=5;regularisation=0.01;alpha=40.0|frac=0.5,gift_cards,als,0.5,1,0.075428900527313,0.15367483296213802,,,32.0,5.0,0.01,40.0,,,,,,,
als|factors=32;epochs=5;regularisation=0.1;alpha=1.0|frac=0.5,gift_cards,als,0.5,1,0.084003119114435,0.16035634743875202,,,32.0,5.0,0.1,1.0,,,,,,,
als|factors=32;epochs=5;regularisation=0.1;alpha=10.0|frac=0.5,gift_cards,als,0.5,1,0.09333299618426501,0.182628062360801,,,32.0,5.0,0.1,10.0,,,,,,,
als|factors=32;epochs=5;regularisation=0.1;alpha=40.0|frac=0.5,gift_cards,als,0.5,1,0.083174228157321,0.16035634743875202,,,32.0,5.0,0.1,40.0,,,,,,,
als|factors=32;epochs=15;regularisation=0.001;alpha=1.0|frac=0.5,gift_cards,als,0.5,1,0.082038838410272,0.15812917594654702,,,32.0,15.0,0.001,1.0,,,,,,,
als|factors=32;epochs=15;regularisation=0.001;alpha=10.0|frac=0.5,gift_cards,als,0.5,1,0.08627287944010101,0.182628062360801,,,32.0,15.0,0.001,10.0,,,,,,,
als|factors=32;epochs=15;regularisation=0.001;alpha=40.0|frac=0.5,gift_cards,als,0.5,1,0.081916012459149,0.171492204899777,,,32.0,15.0,0.001,40.0,,,,,,,
als|factors=32;epochs=15;regularisation=0.01;alpha=1.0|frac=0.5,gift_cards,als,0.5,1,0.083086994261741,0.16035634743875202,,,32.0,15.0,0.01,1.0,,,,,,,
als|factors=32;epochs=15;regularisation=0.01;alpha=10.0|frac=0.5,gift_cards,als,0.5,1,0.08500116361293501,0.178173719376391,,,32.0,15.0,0.01,10.0,,,,,,,
als|factors=32;epochs=15;regularisation=0.01;alpha=40.0|frac=0.5,gift_cards,als,0.5,1,0.083263643267558,0.173719376391982,,,32.0,15.0,0.01,40.0,,,,,,,
als|factors=32;epochs=15;regularisation=0.1;alpha=1.0|frac=0.5,gift_cards,als,0.5,1,0.08369288813523901,0.16035634743875202,,,32.0,15.0,0.1,1.0,,,,,,,
als|factors=32;epochs=15;regularisation=0.1;alpha=10.0|frac=0.5,gift_cards,als,0.5,1,0.08412852281872,0.173719376391982,,,32.0,15.0,0.1,10.0,,,,,,,
als|factors=32;epochs=15;regularisation=0.1;alpha=40.0|frac=0.5,gift_cards,als,0.5,1,0.08243962307609401,0.16703786191536701,,,32.0,15.0,0.1,40.0,,,,,,,
als|factors=32;epochs=30;regularisation=0.001;alpha=1.0|frac=0.5,gift_cards,als,0.5,1,0.08771388652327901,0.169265033407572,,,32.0,30.0,0.001,1.0,,,,,,,
als|factors=32;epochs=30;regularisation=0.001;alpha=10.0|frac=0.5,gift_cards,als,0.5,1,0.082739628108159,0.173719376391982,,,32.0,30.0,0.001,10.0,,,,,,,
als|factors=32;epochs=30;regularisation=0.001;alpha=40.0|frac=0.5,gift_cards,als,0.5,1,0.082140855831502,0.169265033407572,,,32.0,30.0,0.001,40.0,,,,,,,
als|factors=32;epochs=30;regularisation=0.01;alpha=1.0|frac=0.5,gift_cards,als,0.5,1,0.088111191233154,0.169265033407572,,,32.0,30.0,0.01,1.0,,,,,,,
als|factors=32;epochs=30;regularisation=0.01;alpha=10.0|frac=0.5,gift_cards,als,0.5,1,0.083107930579337,0.175946547884187,,,32.0,30.0,0.01,10.0,,,,,,,
als|factors=32;epochs=30;regularisation=0.01;alpha=40.0|frac=0.5,gift_cards,als,0.5,1,0.08043518172530001,0.171492204899777,,,32.0,30.0,0.01,40.0,,,,,,,
als|factors=32;epochs=30;regularisation=0.1;alpha=1.0|frac=0.5,gift_cards,als,0.5,1,0.090186123700512,0.173719376391982,,,32.0,30.0,0.1,1.0,,,,,,,
als|factors=32;epochs=30;regularisation=0.1;alpha=10.0|frac=0.5,gift_cards,als,0.5,1,0.082299296264492,0.171492204899777,,,32.0,30.0,0.1,10.0,,,,,,,
als|factors=32;epochs=30;regularisation=0.1;alpha=40.0|frac=0.5,gift_cards,als,0.5,1,0.079973965586093,0.16703786191536701,,,32.0,30.0,0.1,40.0,,,,,,,
als|factors=64;epochs=5;regularisation=0.001;alpha=1.0|frac=0.5,gift_cards,als,0.5,1,0.053520965508968,0.10467706013363001,,,64.0,5.0,0.001,1.0,,,,,,,
als|factors=64;epochs=5;regularisation=0.001;alpha=10.0|frac=0.5,gift_cards,als,0.5,1,0.06492603882338001,0.140311804008908,,,64.0,5.0,0.001,10.0,,,,,,,
als|factors=64;epochs=5;regularisation=0.001;alpha=40.0|frac=0.5,gift_cards,als,0.5,1,0.068878299305445,0.14699331848552302,,,64.0,5.0,0.001,40.0,,,,,,,
als|factors=64;epochs=5;regularisation=0.01;alpha=1.0|frac=0.5,gift_cards,als,0.5,1,0.054303152123402004,0.10467706013363001,,,64.0,5.0,0.01,1.0,,,,,,,
als|factors=64;epochs=5;regularisation=0.01;alpha=10.0|frac=0.5,gift_cards,als,0.5,1,0.061316678621567006,0.129175946547884,,,64.0,5.0,0.01,10.0,,,,,,,
als|factors=64;epochs=5;regularisation=0.01;alpha=40.0|frac=0.5,gift_cards,als,0.5,1,0.06574264214639,0.138084632516703,,,64.0,5.0,0.01,40.0,,,,,,,
als|factors=64;epochs=5;regularisation=0.1;alpha=1.0|frac=0.5,gift_cards,als,0.5,1,0.054479910819531005,0.10467706013363001,,,64.0,5.0,0.1,1.0,,,,,,,
als|factors=64;epochs=5;regularisation=0.1;alpha=10.0|frac=0.5,gift_cards,als,0.5,1,0.06286148234627101,0.138084632516703,,,64.0,5.0,0.1,10.0,,,,,,,
als|factors=64;epochs=5;regularisation=0.1;alpha=40.0|frac=0.5,gift_cards,als,0.5,1,0.056899135479259004,0.124721603563474,,,64.0,5.0,0.1,40.0,,,,,,,
als|factors=64;epochs=15;regularisation=0.001;alpha=1.0|frac=0.5,gift_cards,als,0.5,1,0.060069168755131006,0.124721603563474,,,64.0,15.0,0.001,1.0,,,,,,,
als|factors=64;epochs=15;regularisation=0.001;alpha=10.0|frac=0.5,gift_cards,als,0.5,1,0.07372350144225201,0.15367483296213802,,,64.0,15.0,0.001,10.0,,,,,,,
als|factors=64;epochs=15;regularisation=0.001;alpha=40.0|frac=0.5,gift_cards,als,0.5,1,0.07094920583950101,0.14699331848552302,,,64.0,15.0,0.001,40.0,,,,,,,
als|factors=64;epochs=15;regularisation=0.01;alpha=1.0|frac=0.5,gift_cards,als,0.5,1,0.059537930906479006,0.122494432071269,,,64.0,15.0,0.01,1.0,,,,,,,
als|factors=64;epochs=15;regularisation=0.01;alpha=10.0|frac=0.5,gift_cards,als,0.5,1,0.072037582894243,0.15144766146993302,,,64.0,15.0,0.01,10.0,,,,,,,
als|factors=64;epochs=15;regularisation=0.01;alpha=40.0|frac=0.5,gift_cards,als,0.5,1,0.068865500644275,0.14699331848552302,,,64.0,15.0,0.01,40.0,,,,,,,
als|factors=64;epochs=15;regularisation=0.1;alpha=1.0|frac=0.5,gift_cards,als,0.5,1,0.059286923252607,0.122494432071269,,,64.0,15.0,0.1,1.0,,,,,,,
als|factors=64;epochs=15;regularisation=0.1;alpha=10.0|frac=0.5,gift_cards,als,0.5,1,0.07121789424777601,0.14699331848552302,,,64.0,15.0,0.1,10.0,,,,,,,
als|factors=64;epochs=15;regularisation=0.1;alpha=40.0|frac=0.5,gift_cards,als,0.5,1,0.068480313810398,0.14476614699331802,,,64.0,15.0,0.1,40.0,,,,,,,
als|factors=64;epochs=30;regularisation=0.001;alpha=1.0|frac=0.5,gift_cards,als,0.5,1,0.06284182848202001,0.131403118040089,,,64.0,30.0,0.001,1.0,,,,,,,
als|factors=64;epochs=30;regularisation=0.001;alpha=10.0|frac=0.5,gift_cards,als,0.5,1,0.06949218501185,0.138084632516703,,,64.0,30.0,0.001,10.0,,,,,,,
als|factors=64;epochs=30;regularisation=0.001;alpha=40.0|frac=0.5,gift_cards,als,0.5,1,0.073454640859739,0.14922048997772802,,,64.0,30.0,0.001,40.0,,,,,,,
als|factors=64;epochs=30;regularisation=0.01;alpha=1.0|frac=0.5,gift_cards,als,0.5,1,0.063030171602646,0.131403118040089,,,64.0,30.0,0.01,1.0,,,,,,,
als|factors=64;epochs=30;regularisation=0.01;alpha=10.0|frac=0.5,gift_cards,als,0.5,1,0.06734725383838501,0.138084632516703,,,64.0,30.0,0.01,10.0,,,,,,,
als|factors=64;epochs=30;regularisation=0.01;alpha=40.0|frac=0.5,gift_cards,als,0.5,1,0.070706761978601,0.14476614699331802,,,64.0,30.0,0.01,40.0,,,,,,,
als|factors=64;epochs=30;regularisation=0.1;alpha=1.0|frac=0.5,gift_cards,als,0.5,1,0.064662659966774,0.135857461024498,,,64.0,30.0,0.1,1.0,,,,,,,
als|factors=64;epochs=30;regularisation=0.1;alpha=10.0|frac=0.5,gift_cards,als,0.5,1,0.068069009634816,0.140311804008908,,,64.0,30.0,0.1,10.0,,,,,,,
als|factors=64;epochs=30;regularisation=0.1;alpha=40.0|frac=0.5,gift_cards,als,0.5,1,0.069058201992736,0.14253897550111302,,,64.0,30.0,0.1,40.0,,,,,,,
als|factors=128;epochs=5;regularisation=0.001;alpha=1.0|frac=0.5,gift_cards,als,0.5,1,0.029172964004073,0.064587973273942,,,128.0,5.0,0.001,1.0,,,,,,,
als|factors=128;epochs=5;regularisation=0.001;alpha=10.0|frac=0.5,gift_cards,als,0.5,1,0.031172961095439003,0.071269487750556,,,128.0,5.0,0.001,10.0,,,,,,,
als|factors=128;epochs=5;regularisation=0.001;alpha=40.0|frac=0.5,gift_cards,als,0.5,1,0.040446543146659006,0.093541202672605,,,128.0,5.0,0.001,40.0,,,,,,,
als|factors=128;epochs=5;regularisation=0.01;alpha=1.0|frac=0.5,gift_cards,als,0.5,1,0.029861107214755003,0.066815144766147,,,128.0,5.0,0.01,1.0,,,,,,,
als|factors=128;epochs=5;regularisation=0.01;alpha=10.0|frac=0.5,gift_cards,als,0.5,1,0.048469546844206006,0.093541202672605,,,128.0,5.0,0.01,10.0,,,,,,,
als|factors=128;epochs=5;regularisation=0.01;alpha=40.0|frac=0.5,gift_cards,als,0.5,1,0.062668776076924,0.11358574610244901,,,128.0,5.0,0.01,40.0,,,,,,,
als|factors=128;epochs=5;regularisation=0.1;alpha=1.0|frac=0.5,gift_cards,als,0.5,1,0.035931255483720004,0.084632516703786,,,128.0,5.0,0.1,1.0,,,,,,,
als|factors=128;epochs=5;regularisation=0.1;alpha=10.0|frac=0.5,gift_cards,als,0.5,1,0.054665518608172,0.10690423162583501,,,128.0,5.0,0.1,10.0,,,,,,,
als|factors=128;epochs=5;regularisation=0.1;alpha=40.0|frac=0.5,gift_cards,als,0.5,1,0.07194139957465201,0.14476614699331802,,,128.0,5.0,0.1,40.0,,,,,,,
als|factors=128;epochs=15;regularisation=0.001;alpha=1.0|frac=0.5,gift_cards,als,0.5,1,0.027975154595221003,0.060133630289532,,,128.0,15.0,0.001,1.0,,,,,,,
als|factors=128;epochs=15;regularisation=0.001;alpha=10.0|frac=0.5,gift_cards,als,0.5,1,0.030495951583159004,0.071269487750556,,,128.0,15.0,0.001,10.0,,,,,,,
als|factors=128;epochs=15;regularisation=0.001;alpha=40.0|frac=0.5,gift_cards,als,0.5,1,0.038241562582438,0.093541202672605,,,128.0,15.0,0.001,40.0,,,,,,,
als|factors=128;epochs=15;regularisation=0.01;alpha=1.0|frac=0.5,gift_cards,als,0.5,1,0.027827309309649002,0.060133630289532,,,128.0,15.0,0.01,1.0,,,,,,,
als|factors=128;epochs=15;regularisation=0.01;alpha=10.0|frac=0.5,gift_cards,als,0.5,1,0.028155403096902003,0.064587973273942,,,128.0,15.0,0.01,10.0,,,,,,,
als|factors=128;epochs=15;regularisation=0.01;alpha=40.0|frac=0.5,gift_cards,als,0.5,1,0.04456075701462801,0.089086859688195,,,128.0,15.0,0.01,40.0,,,,,,,
als|factors=128;epochs=15;regularisation=0.1;alpha=1.0|frac=0.5,gift_cards,als,0.5,1,0.041657147959471,0.09576837416481,,,128.0,15.0,0.1,1.0,,,,,,,
als|factors=128;epochs=15;regularisation=0.1;alpha=10.0|frac=0.5,gift_cards,als,0.5,1,0.026118221262142003,0.060133630289532,,,128.0,15.0,0.1,10.0,,,,,,,
als|factors=128;epochs=15;regularisation=0.1;alpha=40.0|frac=0.5,gift_cards,als,0.5,1,0.044521192431834,0.084632516703786,,,128.0,15.0,0.1,40.0,,,,,,,
als|factors=128;epochs=30;regularisation=0.001;alpha=1.0|frac=0.5,gift_cards,als,0.5,1,0.030793390882642,0.064587973273942,,,128.0,30.0,0.001,1.0,,,,,,,
als|factors=128;epochs=30;regularisation=0.001;alpha=10.0|frac=0.5,gift_cards,als,0.5,1,0.033058361162976,0.07795100222717101,,,128.0,30.0,0.001,10.0,,,,,,,
als|factors=128;epochs=30;regularisation=0.001;alpha=40.0|frac=0.5,gift_cards,als,0.5,1,0.037586934820041,0.0913140311804,,,128.0,30.0,0.001,40.0,,,,,,,
als|factors=128;epochs=30;regularisation=0.01;alpha=1.0|frac=0.5,gift_cards,als,0.5,1,0.029904963550076002,0.064587973273942,,,128.0,30.0,0.01,1.0,,,,,,,
als|factors=128;epochs=30;regularisation=0.01;alpha=10.0|frac=0.5,gift_cards,als,0.5,1,0.031518763579887005,0.069042316258351,,,128.0,30.0,0.01,10.0,,,,,,,
als|factors=128;epochs=30;regularisation=0.01;alpha=40.0|frac=0.5,gift_cards,als,0.5,1,0.035292234659066,0.07795100222717101,,,128.0,30.0,0.01,40.0,,,,,,,
als|factors=128;epochs=30;regularisation=0.1;alpha=1.0|frac=0.5,gift_cards,als,0.5,1,0.045688743056593005,0.10467706013363001,,,128.0,30.0,0.1,1.0,,,,,,,
als|factors=128;epochs=30;regularisation=0.1;alpha=10.0|frac=0.5,gift_cards,als,0.5,1,0.030582654480285004,0.064587973273942,,,128.0,30.0,0.1,10.0,,,,,,,
als|factors=128;epochs=30;regularisation=0.1;alpha=40.0|frac=0.5,gift_cards,als,0.5,1,0.032342648540599005,0.07349665924276101,,,128.0,30.0,0.1,40.0,,,,,,,
als|factors=16;epochs=5;regularisation=0.001;alpha=1.0|frac=1.0,gift_cards,als,1.0,1,0.103767488241539,0.21603563474387502,,,16.0,5.0,0.001,1.0,,,,,,,
als|factors=16;epochs=5;regularisation=0.001;alpha=10.0|frac=1.0,gift_cards,als,1.0,1,0.10423541464802401,0.20712694877505503,,,16.0,5.0,0.001,10.0,,,,,,,
als|factors=16;epochs=5;regularisation=0.001;alpha=40.0|frac=1.0,gift_cards,als,1.0,1,0.099556372399594,0.195991091314031,,,16.0,5.0,0.001,40.0,,,,,,,
als|factors=16;epochs=5;regularisation=0.01;alpha=1.0|frac=1.0,gift_cards,als,1.0,1,0.10403308560203901,0.21826280623608002,,,16.0,5.0,0.01,1.0,,,,,,,
als|factors=16;epochs=5;regularisation=0.01;alpha=10.0|frac=1.0,gift_cards,als,1.0,1,0.10424747749320801,0.21603563474387502,,,16.0,5.0,0.01,10.0,,,,,,,
als|factors=16;epochs=5;regularisation=0.01;alpha=40.0|frac=1.0,gift_cards,als,1.0,1,0.10136486937490401,0.20712694877505503,,,16.0,5.0,0.01,40.0,,,,,,,
als|factors=16;epochs=5;regularisation=0.1;alpha=1.0|frac=1.0,gift_cards,als,1.0,1,0.104561324129015,0.21826280623608002,,,16.0,5.0,0.1,1.0,,,,,,,
als|factors=16;epochs=5;regularisation=0.1;alpha=10.0|frac=1.0,gift_cards,als,1.0,1,0.10502251393418201,0.22271714922049,,,16.0,5.0,0.1,10.0,,,,,,,
als|factors=16;epochs=5;regularisation=0.1;alpha=40.0|frac=1.0,gift_cards,als,1.0,1,0.09429620719727401,0.191536748329621,,,16.0,5.0,0.1,40.0,,,,,,,
als|factors=16;epochs=15;regularisation=0.001;alpha=1.0|frac=1.0,gift_cards,als,1.0,1,0.11480316439733901,0.22717149220489902,,,16.0,15.0,0.001,1.0,,,,,,,
als|factors=16;epochs=15;regularisation=0.001;alpha=10.0|frac=1.0,gift_cards,als,1.0,1,0.11806993666666601,0.238307349665924,,,16.0,15.0,0.001,10.0,,,,,,,
als|factors=16;epochs=15;regularisation=0.001;alpha=40.0|frac=1.0,gift_cards,als,1.0,1,0.104162069061924,0.21603563474387502,,,16.0,15.0,0.001,40.0,,,,,,,
als|factors=16;epochs=15;regularisation=0.01;alpha=1.0|frac=1.0,gift_cards,als,1.0,1,0.11213004565914801,0.22048997772828502,,,16.0,15.0,0.01,1.0,,,,,,,
als|factors=16;epochs=15;regularisation=0.01;alpha=10.0|frac=1.0,gift_cards,als,1.0,1,0.12131944949990502,0.240534521158129,,,16.0,15.0,0.01,10.0,,,,,,,
als|factors=16;epochs=15;regularisation=0.01;alpha=40.0|frac=1.0,gift_cards,als,1.0,1,0.10843744676271301,0.22271714922049,,,16.0,15.0,0.01,40.0,,,,,,,
als|factors=16;epochs=15;regularisation=0.1;alpha=1.0|frac=1.0,gift_cards,als,1.0,1,0.115081687967613,0.22939866369710402,,,16.0,15.0,0.1,1.0,,,,,,,
als|factors=16;epochs=15;regularisation=0.1;alpha=10.0|frac=1.0,gift_cards,als,1.0,1,0.11902163834580501,0.240534521158129,,,16.0,15.0,0.1,10.0,,,,,,,
als|factors=16;epochs=15;regularisation=0.1;alpha=40.0|frac=1.0,gift_cards,als,1.0,1,0.10570153255930201,0.21603563474387502,,,16.0,15.0,0.1,40.0,,,,,,,
als|factors=16;epochs=30;regularisation=0.001;alpha=1.0|frac=1.0,gift_cards,als,1.0,1,0.11873622418646301,0.247216035634743,,,16.0,30.0,0.001,1.0,,,,,,,
als|factors=16;epochs=30;regularisation=0.001;alpha=10.0|frac=1.0,gift_cards,als,1.0,1,0.11784139368584201,0.23162583518930902,,,16.0,30.0,0.001,10.0,,,,,,,
als|factors=16;epochs=30;regularisation=0.001;alpha=40.0|frac=1.0,gift_cards,als,1.0,1,0.11515716316486001,0.236080178173719,,,16.0,30.0,0.001,40.0,,,,,,,
als|factors=16;epochs=30;regularisation=0.01;alpha=1.0|frac=1.0,gift_cards,als,1.0,1,0.11862073208732601,0.247216035634743,,,16.0,30.0,0.01,1.0,,,,,,,
als|factors=16;epochs=30;regularisation=0.01;alpha=10.0|frac=1.0,gift_cards,als,1.0,1,0.12119359005846701,0.242761692650334,,,16.0,30.0,0.01,10.0,,,,,,,
als|factors=16;epochs=30;regularisation=0.01;alpha=40.0|frac=1.0,gift_cards,als,1.0,1,0.113310912405105,0.23162583518930902,,,16.0,30.0,0.01,40.0,,,,,,,
als|factors=16;epochs=30;regularisation=0.1;alpha=1.0|frac=1.0,gift_cards,als,1.0,1,0.117927477134561,0.244988864142538,,,16.0,30.0,0.1,1.0,,,,,,,
als|factors=16;epochs=30;regularisation=0.1;alpha=10.0|frac=1.0,gift_cards,als,1.0,1,0.11793843657211701,0.23385300668151401,,,16.0,30.0,0.1,10.0,,,,,,,
als|factors=16;epochs=30;regularisation=0.1;alpha=40.0|frac=1.0,gift_cards,als,1.0,1,0.11738953994553801,0.236080178173719,,,16.0,30.0,0.1,40.0,,,,,,,
als|factors=32;epochs=5;regularisation=0.001;alpha=1.0|frac=1.0,gift_cards,als,1.0,1,0.097609838010314,0.21158129175946502,,,32.0,5.0,0.001,1.0,,,,,,,
als|factors=32;epochs=5;regularisation=0.001;alpha=10.0|frac=1.0,gift_cards,als,1.0,1,0.10652656065155501,0.22494432071269402,,,32.0,5.0,0.001,10.0,,,,,,,
als|factors=32;epochs=5;regularisation=0.001;alpha=40.0|frac=1.0,gift_cards,als,1.0,1,0.10694033416293101,0.21603563474387502,,,32.0,5.0,0.001,40.0,,,,,,,
als|factors=32;epochs=5;regularisation=0.01;alpha=1.0|frac=1.0,gift_cards,als,1.0,1,0.097718217020339,0.20935412026726002,,,32.0,5.0,0.01,1.0,,,,,,,
als|factors=32;epochs=5;regularisation=0.01;alpha=10.0|frac=1.0,gift_cards,als,1.0,1,0.09916267457915601,0.21158129175946502,,,32.0,5.0,0.01,10.0,,,,,,,
als|factors=32;epochs=5;regularisation=0.01;alpha=40.0|frac=1.0,gift_cards,als,1.0,1,0.09074791923891201,0.195991091314031,,,32.0,5.0,0.01,40.0,,,,,,,
als|factors=32;epochs=5;regularisation=0.1;alpha=1.0|frac=1.0,gift_cards,als,1.0,1,0.10020414697391401,0.21603563474387502,,,32.0,5.0,0.1,1.0,,,,,,,
als|factors=32;epochs=5;regularisation=0.1;alpha=10.0|frac=1.0,gift_cards,als,1.0,1,0.09991086230431401,0.20712694877505503,,,32.0,5.0,0.1,10.0,,,,,,,
als|factors=32;epochs=5;regularisation=0.1;alpha=40.0|frac=1.0,gift_cards,als,1.0,1,0.08945324103809801,0.193763919821826,,,32.0,5.0,0.1,40.0,,,,,,,
als|factors=32;epochs=15;regularisation=0.001;alpha=1.0|frac=1.0,gift_cards,als,1.0,1,0.098044798633795,0.195991091314031,,,32.0,15.0,0.001,1.0,,,,,,,
als|factors=32;epochs=15;regularisation=0.001;alpha=10.0|frac=1.0,gift_cards,als,1.0,1,0.10764220166102101,0.22048997772828502,,,32.0,15.0,0.001,10.0,,,,,,,
als|factors=32;epochs=15;regularisation=0.001;alpha=40.0|frac=1.0,gift_cards,als,1.0,1,0.10211216073661701,0.21603563474387502,,,32.0,15.0,0.001,40.0,,,,,,,
als|factors=32;epochs=15;regularisation=0.01;alpha=1.0|frac=1.0,gift_cards,als,1.0,1,0.098053348296778,0.195991091314031,,,32.0,15.0,0.01,1.0,,,,,,,
als|factors=32;epochs=15;regularisation=0.01;alpha=10.0|frac=1.0,gift_cards,als,1.0,1,0.107457505803547,0.21380846325167002,,,32.0,15.0,0.01,10.0,,,,,,,
als|factors=32;epochs=15;regularisation=0.01;alpha=40.0|frac=1.0,gift_cards,als,1.0,1,0.095642605811302,0.20712694877505503,,,32.0,15.0,0.01,40.0,,,,,,,
als|factors=32;epochs=15;regularisation=0.1;alpha=1.0|frac=1.0,gift_cards,als,1.0,1,0.09664169972734901,0.191536748329621,,,32.0,15.0,0.1,1.0,,,,,,,
als|factors=32;epochs=15;regularisation=0.1;alpha=10.0|frac=1.0,gift_cards,als,1.0,1,0.10977300383253201,0.22048997772828502,,,32.0,15.0,0.1,10.0,,,,,,,
als|factors=32;epochs=15;regularisation=0.1;alpha=40.0|frac=1.0,gift_cards,als,1.0,1,0.094718793265903,0.187082405345211,,,32.0,15.0,0.1,40.0,,,,,,,
als|factors=32;epochs=30;regularisation=0.001;alpha=1.0|frac=1.0,gift_cards,als,1.0,1,0.10324435166458301,0.20044543429844003,,,32.0,30.0,0.001,1.0,,,,,,,
als|factors=32;epochs=30;regularisation=0.001;alpha=10.0|frac=1.0,gift_cards,als,1.0,1,0.10262694976380501,0.20267260579064503,,,32.0,30.0,0.001,10.0,,,,,,,
als|factors=32;epochs=30;regularisation=0.001;alpha=40.0|frac=1.0,gift_cards,als,1.0,1,0.09540051357364701,0.195991091314031,,,32.0,30.0,0.001,40.0,,,,,,,
als|factors=32;epochs=30;regularisation=0.01;alpha=1.0|frac=1.0,gift_cards,als,1.0,1,0.10332315963381701,0.20044543429844003,,,32.0,30.0,0.01,1.0,,,,,,,
als|factors=32;epochs=30;regularisation=0.01;alpha=10.0|frac=1.0,gift_cards,als,1.0,1,0.10454344862301501,0.20267260579064503,,,32.0,30.0,0.01,10.0,,,,,,,
als|factors=32;epochs=30;regularisation=0.01;alpha=40.0|frac=1.0,gift_cards,als,1.0,1,0.097099387829381,0.189309576837416,,,32.0,30.0,0.01,40.0,,,,,,,
als|factors=32;epochs=30;regularisation=0.1;alpha=1.0|frac=1.0,gift_cards,als,1.0,1,0.103675353559755,0.20267260579064503,,,32.0,30.0,0.1,1.0,,,,,,,
als|factors=32;epochs=30;regularisation=0.1;alpha=10.0|frac=1.0,gift_cards,als,1.0,1,0.096080847816428,0.193763919821826,,,32.0,30.0,0.1,10.0,,,,,,,
als|factors=32;epochs=30;regularisation=0.1;alpha=40.0|frac=1.0,gift_cards,als,1.0,1,0.09504699375815501,0.189309576837416,,,32.0,30.0,0.1,40.0,,,,,,,
als|factors=64;epochs=5;regularisation=0.001;alpha=1.0|frac=1.0,gift_cards,als,1.0,1,0.066300341685223,0.140311804008908,,,64.0,5.0,0.001,1.0,,,,,,,
als|factors=64;epochs=5;regularisation=0.001;alpha=10.0|frac=1.0,gift_cards,als,1.0,1,0.07251279275080001,0.14476614699331802,,,64.0,5.0,0.001,10.0,,,,,,,
als|factors=64;epochs=5;regularisation=0.001;alpha=40.0|frac=1.0,gift_cards,als,1.0,1,0.07393666036674601,0.14922048997772802,,,64.0,5.0,0.001,40.0,,,,,,,
als|factors=64;epochs=5;regularisation=0.01;alpha=1.0|frac=1.0,gift_cards,als,1.0,1,0.06470151561564401,0.135857461024498,,,64.0,5.0,0.01,1.0,,,,,,,
als|factors=64;epochs=5;regularisation=0.01;alpha=10.0|frac=1.0,gift_cards,als,1.0,1,0.066530106484241,0.135857461024498,,,64.0,5.0,0.01,10.0,,,,,,,
als|factors=64;epochs=5;regularisation=0.01;alpha=40.0|frac=1.0,gift_cards,als,1.0,1,0.06737925601945101,0.14253897550111302,,,64.0,5.0,0.01,40.0,,,,,,,
als|factors=64;epochs=5;regularisation=0.1;alpha=1.0|frac=1.0,gift_cards,als,1.0,1,0.067825893112987,0.14476614699331802,,,64.0,5.0,0.1,1.0,,,,,,,
als|factors=64;epochs=5;regularisation=0.1;alpha=10.0|frac=1.0,gift_cards,als,1.0,1,0.06485208292448301,0.133630289532294,,,64.0,5.0,0.1,10.0,,,,,,,
als|factors=64;epochs=5;regularisation=0.1;alpha=40.0|frac=1.0,gift_cards,als,1.0,1,0.052709646292119,0.11358574610244901,,,64.0,5.0,0.1,40.0,,,,,,,
als|factors=64;epochs=15;regularisation=0.001;alpha=1.0|frac=1.0,gift_cards,als,1.0,1,0.07400420120012101,0.15812917594654702,,,64.0,15.0,0.001,1.0,,,,,,,
als|factors=64;epochs=15;regularisation=0.001;alpha=10.0|frac=1.0,gift_cards,als,1.0,1,0.082196320200418,0.171492204899777,,,64.0,15.0,0.001,10.0,,,,,,,
als|factors=64;epochs=15;regularisation=0.001;alpha=40.0|frac=1.0,gift_cards,als,1.0,1,0.078587706635575,0.16035634743875202,,,64.0,15.0,0.001,40.0,,,,,,,
als|factors=64;epochs=15;regularisation=0.01;alpha=1.0|frac=1.0,gift_cards,als,1.0,1,0.075520924867206,0.16035634743875202,,,64.0,15.0,0.01,1.0,,,,,,,
als|factors=64;epochs=15;regularisation=0.01;alpha=10.0|frac=1.0,gift_cards,als,1.0,1,0.08166617960504201,0.173719376391982,,,64.0,15.0,0.01,10.0,,,,,,,
als|factors=64;epochs=15;regularisation=0.01;alpha=40.0|frac=1.0,gift_cards,als,1.0,1,0.077059021488543,0.16035634743875202,,,64.0,15.0,0.01,40.0,,,,,,,
als|factors=64;epochs=15;regularisation=0.1;alpha=1.0|frac=1.0,gift_cards,als,1.0,1,0.074444630569497,0.15590200445434302,,,64.0,15.0,0.1,1.0,,,,,,,
als|factors=64;epochs=15;regularisation=0.1;alpha=10.0|frac=1.0,gift_cards,als,1.0,1,0.07823672114670101,0.16481069042316202,,,64.0,15.0,0.1,10.0,,,,,,,
als|factors=64;epochs=15;regularisation=0.1;alpha=40.0|frac=1.0,gift_cards,als,1.0,1,0.074853224503858,0.15367483296213802,,,64.0,15.0,0.1,40.0,,,,,,,
als|factors=64;epochs=30;regularisation=0.001;alpha=1.0|frac=1.0,gift_cards,als,1.0,1,0.07156881272064801,0.15590200445434302,,,64.0,30.0,0.001,1.0,,,,,,,
als|factors=64;epochs=30;regularisation=0.001;alpha=10.0|frac=1.0,gift_cards,als,1.0,1,0.080796162509096,0.16703786191536701,,,64.0,30.0,0.001,10.0,,,,,,,
als|factors=64;epochs=30;regularisation=0.001;alpha=40.0|frac=1.0,gift_cards,als,1.0,1,0.07818922194701901,0.16258351893095702,,,64.0,30.0,0.001,40.0,,,,,,,
als|factors=64;epochs=30;regularisation=0.01;alpha=1.0|frac=1.0,gift_cards,als,1.0,1,0.07153666376492,0.15590200445434302,,,64.0,30.0,0.01,1.0,,,,,,,
als|factors=64;epochs=30;regularisation=0.01;alpha=10.0|frac=1.0,gift_cards,als,1.0,1,0.07886257450738901,0.16258351893095702,,,64.0,30.0,0.01,10.0,,,,,,,
als|factors=64;epochs=30;regularisation=0.01;alpha=40.0|frac=1.0,gift_cards,als,1.0,1,0.080590366062829,0.169265033407572,,,64.0,30.0,0.01,40.0,,,,,,,
als|factors=64;epochs=30;regularisation=0.1;alpha=1.0|frac=1.0,gift_cards,als,1.0,1,0.071491367176227,0.15590200445434302,,,64.0,30.0,0.1,1.0,,,,,,,
als|factors=64;epochs=30;regularisation=0.1;alpha=10.0|frac=1.0,gift_cards,als,1.0,1,0.075409405572515,0.15144766146993302,,,64.0,30.0,0.1,10.0,,,,,,,
als|factors=64;epochs=30;regularisation=0.1;alpha=40.0|frac=1.0,gift_cards,als,1.0,1,0.07546864577052001,0.16258351893095702,,,64.0,30.0,0.1,40.0,,,,,,,
als|factors=128;epochs=5;regularisation=0.001;alpha=1.0|frac=1.0,gift_cards,als,1.0,1,0.027336890964316,0.05122494432071201,,,128.0,5.0,0.001,1.0,,,,,,,
als|factors=128;epochs=5;regularisation=0.001;alpha=10.0|frac=1.0,gift_cards,als,1.0,1,0.031270018587301,0.055679287305122005,,,128.0,5.0,0.001,10.0,,,,,,,
als|factors=128;epochs=5;regularisation=0.001;alpha=40.0|frac=1.0,gift_cards,als,1.0,1,0.037060951207107,0.07349665924276101,,,128.0,5.0,0.001,40.0,,,,,,,
als|factors=128;epochs=5;regularisation=0.01;alpha=1.0|frac=1.0,gift_cards,als,1.0,1,0.028829378008515004,0.055679287305122005,,,128.0,5.0,0.01,1.0,,,,,,,
als|factors=128;epochs=5;regularisation=0.01;alpha=10.0|frac=1.0,gift_cards,als,1.0,1,0.032963425830076006,0.062360801781737,,,128.0,5.0,0.01,10.0,,,,,,,
als|factors=128;epochs=5;regularisation=0.01;alpha=40.0|frac=1.0,gift_cards,als,1.0,1,0.054594082528904006,0.118040089086859,,,128.0,5.0,0.01,40.0,,,,,,,
als|factors=128;epochs=5;regularisation=0.1;alpha=1.0|frac=1.0,gift_cards,als,1.0,1,0.029492853831684002,0.060133630289532,,,128.0,5.0,0.1,1.0,,,,,,,
als|factors=128;epochs=5;regularisation=0.1;alpha=10.0|frac=1.0,gift_cards,als,1.0,1,0.037655299614600006,0.07349665924276101,,,128.0,5.0,0.1,10.0,,,,,,,
als|factors=128;epochs=5;regularisation=0.1;alpha=40.0|frac=1.0,gift_cards,als,1.0,1,0.058633971524161006,0.129175946547884,,,128.0,5.0,0.1,40.0,,,,,,,
als|factors=128;epochs=15;regularisation=0.001;alpha=1.0|frac=1.0,gift_cards,als,1.0,1,0.038963787069177004,0.069042316258351,,,128.0,15.0,0.001,1.0,,,,,,,
als|factors=128;epochs=15;regularisation=0.001;alpha=10.0|frac=1.0,gift_cards,als,1.0,1,0.038183489525379005,0.069042316258351,,,128.0,15.0,0.001,10.0,,,,,,,
als|factors=128;epochs=15;regularisation=0.001;alpha=40.0|frac=1.0,gift_cards,als,1.0,1,0.03988240273960501,0.07572383073496601,,,128.0,15.0,0.001,40.0,,,,,,,
als|factors=128;epochs=15;regularisation=0.01;alpha=1.0|frac=1.0,gift_cards,als,1.0,1,0.038226259713295005,0.069042316258351,,,128.0,15.0,0.01,1.0,,,,,,,
als|factors=128;epochs=15;regularisation=0.01;alpha=10.0|frac=1.0,gift_cards,als,1.0,1,0.038795656782117,0.071269487750556,,,128.0,15.0,0.01,10.0,,,,,,,
als|factors=128;epochs=15;regularisation=0.01;alpha=40.0|frac=1.0,gift_cards,als,1.0,1,0.042282319059826004,0.08017817371937601,,,128.0,15.0,0.01,40.0,,,,,,,
als|factors=128;epochs=15;regularisation=0.1;alpha=1.0|frac=1.0,gift_cards,als,1.0,1,0.038872028271315,0.07349665924276101,,,128.0,15.0,0.1,1.0,,,,,,,
als|factors=128;epochs=15;regularisation=0.1;alpha=10.0|frac=1.0,gift_cards,als,1.0,1,0.039743626210311,0.07349665924276101,,,128.0,15.0,0.1,10.0,,,,,,,
als|factors=128;epochs=15;regularisation=0.1;alpha=40.0|frac=1.0,gift_cards,als,1.0,1,0.040255205655057004,0.08017817371937601,,,128.0,15.0,0.1,40.0,,,,,,,
als|factors=128;epochs=30;regularisation=0.001;alpha=1.0|frac=1.0,gift_cards,als,1.0,1,0.037746295240508,0.07795100222717101,,,128.0,30.0,0.001,1.0,,,,,,,
als|factors=128;epochs=30;regularisation=0.001;alpha=10.0|frac=1.0,gift_cards,als,1.0,1,0.038615789545909,0.07572383073496601,,,128.0,30.0,0.001,10.0,,,,,,,
als|factors=128;epochs=30;regularisation=0.001;alpha=40.0|frac=1.0,gift_cards,als,1.0,1,0.039435684475822005,0.07795100222717101,,,128.0,30.0,0.001,40.0,,,,,,,
als|factors=128;epochs=30;regularisation=0.01;alpha=1.0|frac=1.0,gift_cards,als,1.0,1,0.038448889620877,0.08017817371937601,,,128.0,30.0,0.01,1.0,,,,,,,
als|factors=128;epochs=30;regularisation=0.01;alpha=10.0|frac=1.0,gift_cards,als,1.0,1,0.039529827458022006,0.07349665924276101,,,128.0,30.0,0.01,10.0,,,,,,,
als|factors=128;epochs=30;regularisation=0.01;alpha=40.0|frac=1.0,gift_cards,als,1.0,1,0.040198092555721,0.07349665924276101,,,128.0,30.0,0.01,40.0,,,,,,,
als|factors=128;epochs=30;regularisation=0.1;alpha=1.0|frac=1.0,gift_cards,als,1.0,1,0.036161503001621,0.07795100222717101,,,128.0,30.0,0.1,1.0,,,,,,,
als|factors=128;epochs=30;regularisation=0.1;alpha=10.0|frac=1.0,gift_cards,als,1.0,1,0.040022836626701,0.07795100222717101,,,128.0,30.0,0.1,10.0,,,,,,,
als|factors=128;epochs=30;regularisation=0.1;alpha=40.0|frac=1.0,gift_cards,als,1.0,1,0.037703490001817004,0.071269487750556,,,128.0,30.0,0.1,40.0,,,,,,,
multvae|latent=32;hidden=200;epochs=10;dropout=0.0|frac=0.25,gift_cards,multvae,0.25,1,0.081836859108376,0.191536748329621,,,,,,,32.0,200.0,10.0,0.0,,,
multvae|latent=32;hidden=200;epochs=10;dropout=0.5|frac=0.25,gift_cards,multvae,0.25,1,0.07671973959276801,0.173719376391982,,,,,,,32.0,200.0,10.0,0.5,,,
multvae|latent=32;hidden=200;epochs=20;dropout=0.0|frac=0.25,gift_cards,multvae,0.25,1,0.085434590898392,0.195991091314031,,,,,,,32.0,200.0,20.0,0.0,,,
multvae|latent=32;hidden=200;epochs=20;dropout=0.5|frac=0.25,gift_cards,multvae,0.25,1,0.06962220510705401,0.15812917594654702,,,,,,,32.0,200.0,20.0,0.5,,,
multvae|latent=32;hidden=600;epochs=10;dropout=0.0|frac=0.25,gift_cards,multvae,0.25,1,0.08529484044423001,0.193763919821826,,,,,,,32.0,600.0,10.0,0.0,,,
multvae|latent=32;hidden=600;epochs=10;dropout=0.5|frac=0.25,gift_cards,multvae,0.25,1,0.071366903600555,0.175946547884187,,,,,,,32.0,600.0,10.0,0.5,,,
multvae|latent=32;hidden=600;epochs=20;dropout=0.0|frac=0.25,gift_cards,multvae,0.25,1,0.086904862474679,0.184855233853006,,,,,,,32.0,600.0,20.0,0.0,,,
multvae|latent=32;hidden=600;epochs=20;dropout=0.5|frac=0.25,gift_cards,multvae,0.25,1,0.08543739368168,0.180400890868596,,,,,,,32.0,600.0,20.0,0.5,,,
multvae|latent=64;hidden=200;epochs=10;dropout=0.0|frac=0.25,gift_cards,multvae,0.25,1,0.07551359273133301,0.191536748329621,,,,,,,64.0,200.0,10.0,0.0,,,
multvae|latent=64;hidden=200;epochs=10;dropout=0.5|frac=0.25,gift_cards,multvae,0.25,1,0.060910565891842,0.16035634743875202,,,,,,,64.0,200.0,10.0,0.5,,,
multvae|latent=64;hidden=200;epochs=20;dropout=0.0|frac=0.25,gift_cards,multvae,0.25,1,0.067665421270879,0.16481069042316202,,,,,,,64.0,200.0,20.0,0.0,,,
multvae|latent=64;hidden=200;epochs=20;dropout=0.5|frac=0.25,gift_cards,multvae,0.25,1,0.062163230494727,0.15590200445434302,,,,,,,64.0,200.0,20.0,0.5,,,
multvae|latent=64;hidden=600;epochs=10;dropout=0.0|frac=0.25,gift_cards,multvae,0.25,1,0.074424882609765,0.16035634743875202,,,,,,,64.0,600.0,10.0,0.0,,,
multvae|latent=64;hidden=600;epochs=10;dropout=0.5|frac=0.25,gift_cards,multvae,0.25,1,0.08767357899059201,0.19821826280623603,,,,,,,64.0,600.0,10.0,0.5,,,
multvae|latent=64;hidden=600;epochs=20;dropout=0.0|frac=0.25,gift_cards,multvae,0.25,1,0.079689741754507,0.171492204899777,,,,,,,64.0,600.0,20.0,0.0,,,
multvae|latent=64;hidden=600;epochs=20;dropout=0.5|frac=0.25,gift_cards,multvae,0.25,1,0.098418482496455,0.21826280623608002,,,,,,,64.0,600.0,20.0,0.5,,,
multvae|latent=128;hidden=200;epochs=10;dropout=0.0|frac=0.25,gift_cards,multvae,0.25,1,0.068573289989348,0.16703786191536701,,,,,,,128.0,200.0,10.0,0.0,,,
multvae|latent=128;hidden=200;epochs=10;dropout=0.5|frac=0.25,gift_cards,multvae,0.25,1,0.074024213121055,0.171492204899777,,,,,,,128.0,200.0,10.0,0.5,,,
multvae|latent=128;hidden=200;epochs=20;dropout=0.0|frac=0.25,gift_cards,multvae,0.25,1,0.06846090314608301,0.15144766146993302,,,,,,,128.0,200.0,20.0,0.0,,,
multvae|latent=128;hidden=200;epochs=20;dropout=0.5|frac=0.25,gift_cards,multvae,0.25,1,0.06677877432363301,0.15367483296213802,,,,,,,128.0,200.0,20.0,0.5,,,
multvae|latent=128;hidden=600;epochs=10;dropout=0.0|frac=0.25,gift_cards,multvae,0.25,1,0.06498248413530601,0.135857461024498,,,,,,,128.0,600.0,10.0,0.0,,,
multvae|latent=128;hidden=600;epochs=10;dropout=0.5|frac=0.25,gift_cards,multvae,0.25,1,0.06871109289782601,0.14922048997772802,,,,,,,128.0,600.0,10.0,0.5,,,
multvae|latent=128;hidden=600;epochs=20;dropout=0.0|frac=0.25,gift_cards,multvae,0.25,1,0.07918023798444401,0.16258351893095702,,,,,,,128.0,600.0,20.0,0.0,,,
multvae|latent=128;hidden=600;epochs=20;dropout=0.5|frac=0.25,gift_cards,multvae,0.25,1,0.08816111960690501,0.19821826280623603,,,,,,,128.0,600.0,20.0,0.5,,,
multvae|latent=32;hidden=200;epochs=10;dropout=0.0|frac=0.5,gift_cards,multvae,0.5,1,0.08077025266655401,0.180400890868596,,,,,,,32.0,200.0,10.0,0.0,,,
multvae|latent=32;hidden=200;epochs=10;dropout=0.5|frac=0.5,gift_cards,multvae,0.5,1,0.070462663606064,0.14699331848552302,,,,,,,32.0,200.0,10.0,0.5,,,
multvae|latent=32;hidden=200;epochs=20;dropout=0.0|frac=0.5,gift_cards,multvae,0.5,1,0.114429160398664,0.242761692650334,,,,,,,32.0,200.0,20.0,0.0,,,
multvae|latent=32;hidden=200;epochs=20;dropout=0.5|frac=0.5,gift_cards,multvae,0.5,1,0.082028975243796,0.180400890868596,,,,,,,32.0,200.0,20.0,0.5,,,
multvae|latent=32;hidden=600;epochs=10;dropout=0.0|frac=0.5,gift_cards,multvae,0.5,1,0.09441284516588501,0.195991091314031,,,,,,,32.0,600.0,10.0,0.0,,,
multvae|latent=32;hidden=600;epochs=10;dropout=0.5|frac=0.5,gift_cards,multvae,0.5,1,0.09221706218332301,0.189309576837416,,,,,,,32.0,600.0,10.0,0.5,,,
multvae|latent=32;hidden=600;epochs=20;dropout=0.0|frac=0.5,gift_cards,multvae,0.5,1,0.102090126116258,0.22271714922049,,,,,,,32.0,600.0,20.0,0.0,,,
multvae|latent=32;hidden=600;epochs=20;dropout=0.5|frac=0.5,gift_cards,multvae,0.5,1,0.12109126164604901,0.258351893095768,,,,,,,32.0,600.0,20.0,0.5,,,
multvae|latent=64;hidden=200;epochs=10;dropout=0.0|frac=0.5,gift_cards,multvae,0.5,1,0.07165707064519,0.16481069042316202,,,,,,,64.0,200.0,10.0,0.0,,,
multvae|latent=64;hidden=200;epochs=10;dropout=0.5|frac=0.5,gift_cards,multvae,0.5,1,0.054396863571245006,0.122494432071269,,,,,,,64.0,200.0,10.0,0.5,,,
multvae|latent=64;hidden=200;epochs=20;dropout=0.0|frac=0.5,gift_cards,multvae,0.5,1,0.092305906792397,0.20712694877505503,,,,,,,64.0,200.0,20.0,0.0,,,
multvae|latent=64;hidden=200;epochs=20;dropout=0.5|frac=0.5,gift_cards,multvae,0.5,1,0.06734507383513401,0.135857461024498,,,,,,,64.0,200.0,20.0,0.5,,,
multvae|latent=64;hidden=600;epochs=10;dropout=0.0|frac=0.5,gift_cards,multvae,0.5,1,0.100826511401832,0.21158129175946502,,,,,,,64.0,600.0,10.0,0.0,,,
multvae|latent=64;hidden=600;epochs=10;dropout=0.5|frac=0.5,gift_cards,multvae,0.5,1,0.089696028710447,0.189309576837416,,,,,,,64.0,600.0,10.0,0.5,,,
multvae|latent=64;hidden=600;epochs=20;dropout=0.0|frac=0.5,gift_cards,multvae,0.5,1,0.11684336665223001,0.242761692650334,,,,,,,64.0,600.0,20.0,0.0,,,
multvae|latent=64;hidden=600;epochs=20;dropout=0.5|frac=0.5,gift_cards,multvae,0.5,1,0.128866992791768,0.26503340757238303,,,,,,,64.0,600.0,20.0,0.5,,,
multvae|latent=128;hidden=200;epochs=10;dropout=0.0|frac=0.5,gift_cards,multvae,0.5,1,0.079571104191789,0.178173719376391,,,,,,,128.0,200.0,10.0,0.0,,,
multvae|latent=128;hidden=200;epochs=10;dropout=0.5|frac=0.5,gift_cards,multvae,0.5,1,0.07659519513054901,0.173719376391982,,,,,,,128.0,200.0,10.0,0.5,,,
multvae|latent=128;hidden=200;epochs=20;dropout=0.0|frac=0.5,gift_cards,multvae,0.5,1,0.092174430532347,0.193763919821826,,,,,,,128.0,200.0,20.0,0.0,,,
multvae|latent=128;hidden=200;epochs=20;dropout=0.5|frac=0.5,gift_cards,multvae,0.5,1,0.08185471104301101,0.175946547884187,,,,,,,128.0,200.0,20.0,0.5,,,
multvae|latent=128;hidden=600;epochs=10;dropout=0.0|frac=0.5,gift_cards,multvae,0.5,1,0.088358436624431,0.180400890868596,,,,,,,128.0,600.0,10.0,0.0,,,
multvae|latent=128;hidden=600;epochs=10;dropout=0.5|frac=0.5,gift_cards,multvae,0.5,1,0.07638632556721901,0.15144766146993302,,,,,,,128.0,600.0,10.0,0.5,,,
multvae|latent=128;hidden=600;epochs=20;dropout=0.0|frac=0.5,gift_cards,multvae,0.5,1,0.13215000756112702,0.271714922048997,,,,,,,128.0,600.0,20.0,0.0,,,
multvae|latent=128;hidden=600;epochs=20;dropout=0.5|frac=0.5,gift_cards,multvae,0.5,1,0.12467218507120201,0.25612472160356303,,,,,,,128.0,600.0,20.0,0.5,,,
multvae|latent=32;hidden=200;epochs=10;dropout=0.0|frac=1.0,gift_cards,multvae,1.0,1,0.075408225593833,0.14476614699331802,,,,,,,32.0,200.0,10.0,0.0,,,
multvae|latent=32;hidden=200;epochs=10;dropout=0.5|frac=1.0,gift_cards,multvae,1.0,1,0.071857671378349,0.140311804008908,,,,,,,32.0,200.0,10.0,0.5,,,
multvae|latent=32;hidden=200;epochs=20;dropout=0.0|frac=1.0,gift_cards,multvae,1.0,1,0.13387147584593,0.291759465478841,,,,,,,32.0,200.0,20.0,0.0,,,
multvae|latent=32;hidden=200;epochs=20;dropout=0.5|frac=1.0,gift_cards,multvae,1.0,1,0.12386242849505501,0.262806236080178,,,,,,,32.0,200.0,20.0,0.5,,,
multvae|latent=32;hidden=600;epochs=10;dropout=0.0|frac=1.0,gift_cards,multvae,1.0,1,0.126403433288679,0.276169265033407,,,,,,,32.0,600.0,10.0,0.0,,,
multvae|latent=32;hidden=600;epochs=10;dropout=0.5|frac=1.0,gift_cards,multvae,1.0,1,0.115506599254381,0.238307349665924,,,,,,,32.0,600.0,10.0,0.5,,,
multvae|latent=32;hidden=600;epochs=20;dropout=0.0|frac=1.0,gift_cards,multvae,1.0,1,0.130959956618591,0.267260579064588,,,,,,,32.0,600.0,20.0,0.0,,,
multvae|latent=32;hidden=600;epochs=20;dropout=0.5|frac=1.0,gift_cards,multvae,1.0,1,0.14353380834495702,0.300668151447661,,,,,,,32.0,600.0,20.0,0.5,,,
multvae|latent=64;hidden=200;epochs=10;dropout=0.0|frac=1.0,gift_cards,multvae,1.0,1,0.063080232215076,0.124721603563474,,,,,,,64.0,200.0,10.0,0.0,,,
multvae|latent=64;hidden=200;epochs=10;dropout=0.5|frac=1.0,gift_cards,multvae,1.0,1,0.063284096153426,0.122494432071269,,,,,,,64.0,200.0,10.0,0.5,,,
multvae|latent=64;hidden=200;epochs=20;dropout=0.0|frac=1.0,gift_cards,multvae,1.0,1,0.135489920705542,0.282850779510022,,,,,,,64.0,200.0,20.0,0.0,,,
multvae|latent=64;hidden=200;epochs=20;dropout=0.5|frac=1.0,gift_cards,multvae,1.0,1,0.106220738462135,0.22048997772828502,,,,,,,64.0,200.0,20.0,0.5,,,
multvae|latent=64;hidden=600;epochs=10;dropout=0.0|frac=1.0,gift_cards,multvae,1.0,1,0.12434138257931801,0.262806236080178,,,,,,,64.0,600.0,10.0,0.0,,,
multvae|latent=64;hidden=600;epochs=10;dropout=0.5|frac=1.0,gift_cards,multvae,1.0,1,0.11490177614908301,0.23162583518930902,,,,,,,64.0,600.0,10.0,0.5,,,
multvae|latent=64;hidden=600;epochs=20;dropout=0.0|frac=1.0,gift_cards,multvae,1.0,1,0.13892062201837002,0.29398663697104604,,,,,,,64.0,600.0,20.0,0.0,,,
multvae|latent=64;hidden=600;epochs=20;dropout=0.5|frac=1.0,gift_cards,multvae,1.0,1,0.138158763548827,0.28953229398663705,,,,,,,64.0,600.0,20.0,0.5,,,
multvae|latent=128;hidden=200;epochs=10;dropout=0.0|frac=1.0,gift_cards,multvae,1.0,1,0.074113364104484,0.14922048997772802,,,,,,,128.0,200.0,10.0,0.0,,,
multvae|latent=128;hidden=200;epochs=10;dropout=0.5|frac=1.0,gift_cards,multvae,1.0,1,0.07161917943866601,0.14253897550111302,,,,,,,128.0,200.0,10.0,0.5,,,
multvae|latent=128;hidden=200;epochs=20;dropout=0.0|frac=1.0,gift_cards,multvae,1.0,1,0.13436282585145,0.300668151447661,,,,,,,128.0,200.0,20.0,0.0,,,
multvae|latent=128;hidden=200;epochs=20;dropout=0.5|frac=1.0,gift_cards,multvae,1.0,1,0.11692654018865802,0.253897550111358,,,,,,,128.0,200.0,20.0,0.5,,,
multvae|latent=128;hidden=600;epochs=10;dropout=0.0|frac=1.0,gift_cards,multvae,1.0,1,0.12754281948682902,0.276169265033407,,,,,,,128.0,600.0,10.0,0.0,,,
multvae|latent=128;hidden=600;epochs=10;dropout=0.5|frac=1.0,gift_cards,multvae,1.0,1,0.10716188067597301,0.22494432071269402,,,,,,,128.0,600.0,10.0,0.5,,,
multvae|latent=128;hidden=600;epochs=20;dropout=0.0|frac=1.0,gift_cards,multvae,1.0,1,0.14753776635548002,0.31625835189309504,,,,,,,128.0,600.0,20.0,0.0,,,
multvae|latent=128;hidden=600;epochs=20;dropout=0.5|frac=1.0,gift_cards,multvae,1.0,1,0.13958804583729,0.29844097995545604,,,,,,,128.0,600.0,20.0,0.5,,,
als|factors=16;epochs=5;regularisation=0.001;alpha=1.0|frac=0.25,ml100k,als,0.25,2,0.039578077044842,0.081654294803817,,,16.0,5.0,0.001,1.0,,,,,,,
als|factors=16;epochs=5;regularisation=0.001;alpha=10.0|frac=0.25,ml100k,als,0.25,2,0.04210602599306101,0.085896076352067,,,16.0,5.0,0.001,10.0,,,,,,,
als|factors=16;epochs=5;regularisation=0.001;alpha=40.0|frac=0.25,ml100k,als,0.25,2,0.037964713675322004,0.077412513255567,,,16.0,5.0,0.001,40.0,,,,,,,
als|factors=16;epochs=5;regularisation=0.01;alpha=1.0|frac=0.25,ml100k,als,0.25,2,0.039578077044842,0.081654294803817,,,16.0,5.0,0.01,1.0,,,,,,,
als|factors=16;epochs=5;regularisation=0.01;alpha=10.0|frac=0.25,ml100k,als,0.25,2,0.042241319814787,0.085896076352067,,,16.0,5.0,0.01,10.0,,,,,,,
als|factors=16;epochs=5;regularisation=0.01;alpha=40.0|frac=0.25,ml100k,als,0.25,2,0.03800183064607,0.078472958642629,,,16.0,5.0,0.01,40.0,,,,,,,
als|factors=16;epochs=5;regularisation=0.1;alpha=1.0|frac=0.25,ml100k,als,0.25,2,0.039870639818549006,0.08271474019088,,,16.0,5.0,0.1,1.0,,,,,,,
als|factors=16;epochs=5;regularisation=0.1;alpha=10.0|frac=0.25,ml100k,als,0.25,2,0.042672481814260005,0.089077412513255,,,16.0,5.0,0.1,10.0,,,,,,,
als|factors=16;epochs=5;regularisation=0.1;alpha=40.0|frac=0.25,ml100k,als,0.25,2,0.040563340117453,0.08271474019088,,,16.0,5.0,0.1,40.0,,,,,,,
als|factors=16;epochs=15;regularisation=0.001;alpha=1.0|frac=0.25,ml100k,als,0.25,2,0.041268432597168,0.088016967126193,,,16.0,15.0,0.001,1.0,,,,,,,
als|factors=16;epochs=15;regularisation=0.001;alpha=10.0|frac=0.25,ml100k,als,0.25,2,0.043592850781104,0.097560975609756,,,16.0,15.0,0.001,10.0,,,,,,,
als|factors=16;epochs=15;regularisation=0.001;alpha=40.0|frac=0.25,ml100k,als,0.25,2,0.042606173873884004,0.090137857900318,,,16.0,15.0,0.001,40.0,,,,,,,
als|factors=16;epochs=15;regularisation=0.01;alpha=1.0|frac=0.25,ml100k,als,0.25,2,0.041201891035870006,0.088016967126193,,,16.0,15.0,0.01,1.0,,,,,,,
als|factors=16;epochs=15;regularisation=0.01;alpha=10.0|frac=0.25,ml100k,als,0.25,2,0.042977488360717006,0.09544008483563,,,16.0,15.0,0.01,10.0,,,,,,,
als|factors=16;epochs=15;regularisation=0.01;alpha=40.0|frac=0.25,ml100k,als,0.25,2,0.040356096676631,0.085896076352067,,,16.0,15.0,0.01,40.0,,,,,,,
als|factors=16;epochs=15;regularisation=0.1;alpha=1.0|frac=0.25,ml100k,als,0.25,2,0.041058395666058005,0.084835630965005,,,16.0,15.0,0.1,1.0,,,,,,,
als|factors=16;epochs=15;regularisation=0.1;alpha=10.0|frac=0.25,ml100k,als,0.25,2,0.042670058349745,0.096500530222693,,,16.0,15.0,0.1,10.0,,,,,,,
als|factors=16;epochs=15;regularisation=0.1;alpha=40.0|frac=0.25,ml100k,als,0.25,2,0.039296923112131,0.083775185577942,,,16.0,15.0,0.1,40.0,,,,,,,
als|factors=16;epochs=30;regularisation=0.001;alpha=1.0|frac=0.25,ml100k,als,0.25,2,0.038442515792442004,0.081654294803817,,,16.0,30.0,0.001,1.0,,,,,,,
als|factors=16;epochs=30;regularisation=0.001;alpha=10.0|frac=0.25,ml100k,als,0.25,2,0.041779220759073005,0.093319194061505,,,16.0,30.0,0.001,10.0,,,,,,,
als|factors=16;epochs=30;regularisation=0.001;alpha=40.0|frac=0.25,ml100k,als,0.25,2,0.038041327518058006,0.088016967126193,,,16.0,30.0,0.001,40.0,,,,,,,
als|factors=16;epochs=30;regularisation=0.01;alpha=1.0|frac=0.25,ml100k,als,0.25,2,0.038304006055242,0.081654294803817,,,16.0,30.0,0.01,1.0,,,,,,,
als|factors=16;epochs=30;regularisation=0.01;alpha=10.0|frac=0.25,ml100k,als,0.25,2,0.041501533052665004,0.093319194061505,,,16.0,30.0,0.01,10.0,,,,,,,
als|factors=16;epochs=30;regularisation=0.01;alpha=40.0|frac=0.25,ml100k,als,0.25,2,0.036104908971655005,0.08271474019088,,,16.0,30.0,0.01,40.0,,,,,,,
als|factors=16;epochs=30;regularisation=0.1;alpha=1.0|frac=0.25,ml100k,als,0.25,2,0.038394859409158,0.080593849416755,,,16.0,30.0,0.1,1.0,,,,,,,
als|factors=16;epochs=30;regularisation=0.1;alpha=10.0|frac=0.25,ml100k,als,0.25,2,0.039273893683574,0.08695652173913,,,16.0,30.0,0.1,10.0,,,,,,,
als|factors=16;epochs=30;regularisation=0.1;alpha=40.0|frac=0.25,ml100k,als,0.25,2,0.036281983724059004,0.08271474019088,,,16.0,30.0,0.1,40.0,,,,,,,
als|factors=32;epochs=5;regularisation=0.001;alpha=1.0|frac=0.25,ml100k,als,0.25,2,0.04769844212675901,0.099681866383881,,,32.0,5.0,0.001,1.0,,,,,,,
als|factors=32;epochs=5;regularisation=0.001;alpha=10.0|frac=0.25,ml100k,als,0.25,2,0.04103547923628,0.088016967126193,,,32.0,5.0,0.001,10.0,,,,,,,
als|factors=32;epochs=5;regularisation=0.001;alpha=40.0|frac=0.25,ml100k,als,0.25,2,0.036784946886153004,0.079533404029692,,,32.0,5.0,0.001,40.0,,,,,,,
als|factors=32;epochs=5;regularisation=0.01;alpha=1.0|frac=0.25,ml100k,als,0.25,2,0.04783728597996301,0.099681866383881,,,32.0,5.0,0.01,1.0,,,,,,,
als|factors=32;epochs=5;regularisation=0.01;alpha=10.0|frac=0.25,ml100k,als,0.25,2,0.041525071134622005,0.089077412513255,,,32.0,5.0,0.01,10.0,,,,,,,
als|factors=32;epochs=5;regularisation=0.01;alpha=40.0|frac=0.25,ml100k,als,0.25,2,0.036874713911399,0.080593849416755,,,32.0,5.0,0.01,40.0,,,,,,,
als|factors=32;epochs=5;regularisation=0.1;alpha=1.0|frac=0.25,ml100k,als,0.25,2,0.047935445612792005,0.099681866383881,,,32.0,5.0,0.1,1.0,,,,,,,
als|factors=32;epochs=5;regularisation=0.1;alpha=10.0|frac=0.25,ml100k,als,0.25,2,0.040967095657615006,0.090137857900318,,,32.0,5.0,0.1,10.0,,,,,,,
als|factors=32;epochs=5;regularisation=0.1;alpha=40.0|frac=0.25,ml100k,als,0.25,2,0.037122619586731,0.080593849416755,,,32.0,5.0,0.1,40.0,,,,,,,
als|factors=32;epochs=15;regularisation=0.001;alpha=1.0|frac=0.25,ml100k,als,0.25,2,0.047080455659821004,0.09119830328738,,,32.0,15.0,0.001,1.0,,,,,,,
als|factors=32;epochs=15;regularisation=0.001;alpha=10.0|frac=0.25,ml100k,als,0.25,2,0.047381564487703004,0.094379639448568,,,32.0,15.0,0.001,10.0,,,,,,,
als|factors=32;epochs=15;regularisation=0.001;alpha=40.0|frac=0.25,ml100k,als,0.25,2,0.041097901202205,0.088016967126193,,,32.0,15.0,0.001,40.0,,,,,,,
als|factors=32;epochs=15;regularisation=0.01;alpha=1.0|frac=0.25,ml100k,als,0.25,2,0.047126928354242,0.09119830328738,,,32.0,15.0,0.01,1.0,,,,,,,
als|factors=32;epochs=15;regularisation=0.01;alpha=10.0|frac=0.25,ml100k,als,0.25,2,0.0469964132087,0.093319194061505,,,32.0,15.0,0.01,10.0,,,,,,,
als|factors=32;epochs=15;regularisation=0.01;alpha=40.0|frac=0.25,ml100k,als,0.25,2,0.03996069278847,0.083775185577942,,,32.0,15.0,0.01,40.0,,,,,,,
als|factors=32;epochs=15;regularisation=0.1;alpha=1.0|frac=0.25,ml100k,als,0.25,2,0.046839678044317004,0.09119830328738,,,32.0,15.0,0.1,1.0,,,,,,,
als|factors=32;epochs=15;regularisation=0.1;alpha=10.0|frac=0.25,ml100k,als,0.25,2,0.047206959518589005,0.09544008483563,,,32.0,15.0,0.1,10.0,,,,,,,
als|factors=32;epochs=15;regularisation=0.1;alpha=40.0|frac=0.25,ml100k,als,0.25,2,0.038654765745815,0.083775185577942,,,32.0,15.0,0.1,40.0,,,,,,,
als|factors=32;epochs=30;regularisation=0.001;alpha=1.0|frac=0.25,ml100k,als,0.25,2,0.046263489120547,0.093319194061505,,,32.0,30.0,0.001,1.0,,,,,,,
als|factors=32;epochs=30;regularisation=0.001;alpha=10.0|frac=0.25,ml100k,als,0.25,2,0.045488387682474006,0.09544008483563,,,32.0,30.0,0.001,10.0,,,,,,,
als|factors=32;epochs=30;regularisation=0.001;alpha=40.0|frac=0.25,ml100k,als,0.25,2,0.038248600307262,0.077412513255567,,,32.0,30.0,0.001,40.0,,,,,,,
als|factors=32;epochs=30;regularisation=0.01;alpha=1.0|frac=0.25,ml100k,als,0.25,2,0.046268797070947006,0.093319194061505,,,32.0,30.0,0.01,1.0,,,,,,,
als|factors=32;epochs=30;regularisation=0.01;alpha=10.0|frac=0.25,ml100k,als,0.25,2,0.045742967433999006,0.09544008483563,,,32.0,30.0,0.01,10.0,,,,,,,
als|factors=32;epochs=30;regularisation=0.01;alpha=40.0|frac=0.25,ml100k,als,0.25,2,0.039029203881614,0.077412513255567,,,32.0,30.0,0.01,40.0,,,,,,,
als|factors=32;epochs=30;regularisation=0.1;alpha=1.0|frac=0.25,ml100k,als,0.25,2,0.045850771746937004,0.092258748674443,,,32.0,30.0,0.1,1.0,,,,,,,
als|factors=32;epochs=30;regularisation=0.1;alpha=10.0|frac=0.25,ml100k,als,0.25,2,0.046882122096803,0.096500530222693,,,32.0,30.0,0.1,10.0,,,,,,,
als|factors=32;epochs=30;regularisation=0.1;alpha=40.0|frac=0.25,ml100k,als,0.25,2,0.040215403479123,0.079533404029692,,,32.0,30.0,0.1,40.0,,,,,,,
als|factors=64;epochs=5;regularisation=0.001;alpha=1.0|frac=0.25,ml100k,als,0.25,2,0.046036228674682,0.094379639448568,,,64.0,5.0,0.001,1.0,,,,,,,
als|factors=64;epochs=5;regularisation=0.001;alpha=10.0|frac=0.25,ml100k,als,0.25,2,0.041125146739433,0.08695652173913,,,64.0,5.0,0.001,10.0,,,,,,,
als|factors=64;epochs=5;regularisation=0.001;alpha=40.0|frac=0.25,ml100k,als,0.25,2,0.036283797449018,0.076352067868504,,,64.0,5.0,0.001,40.0,,,,,,,
als|factors=64;epochs=5;regularisation=0.01;alpha=1.0|frac=0.25,ml100k,als,0.25,2,0.046036228674682,0.094379639448568,,,64.0,5.0,0.01,1.0,,,,,,,
als|factors=64;epochs=5;regularisation=0.01;alpha=10.0|frac=0.25,ml100k,als,0.25,2,0.041488679089872006,0.088016967126193,,,64.0,5.0,0.01,10.0,,,,,,,
als|factors=64;epochs=5;regularisation=0.01;alpha=40.0|frac=0.25,ml100k,als,0.25,2,0.03637003986309,0.075291622481442,,,64.0,5.0,0.01,40.0,,,,,,,
als|factors=64;epochs=5;regularisation=0.1;alpha=1.0|frac=0.25,ml100k,als,0.25,2,0.045594343966140004,0.093319194061505,,,64.0,5.0,0.1,1.0,,,,,,,
als|factors=64;epochs=5;regularisation=0.1;alpha=10.0|frac=0.25,ml100k,als,0.25,2,0.039909211334895,0.081654294803817,,,64.0,5.0,0.1,10.0,,,,,,,
als|factors=64;epochs=5;regularisation=0.1;alpha=40.0|frac=0.25,ml100k,als,0.25,2,0.040380493427298006,0.081654294803817,,,64.0,5.0,0.1,40.0,,,,,,,
als|factors=64;epochs=15;regularisation=0.001;alpha=1.0|frac=0.25,ml100k,als,0.25,2,0.045003970377803,0.093319194061505,,,64.0,15.0,0.001,1.0,,,,,,,
als|factors=64;epochs=15;regularisation=0.001;alpha=10.0|frac=0.25,ml100k,als,0.25,2,0.046488896741342,0.09119830328738,,,64.0,15.0,0.001,10.0,,,,,,,
als|factors=64;epochs=15;regularisation=0.001;alpha=40.0|frac=0.25,ml100k,als,0.25,2,0.044217686115066004,0.090137857900318,,,64.0,15.0,0.001,40.0,,,,,,,
als|factors=64;epochs=15;regularisation=0.01;alpha=1.0|frac=0.25,ml100k,als,0.25,2,0.045155502639646,0.093319194061505,,,64.0,15.0,0.01,1.0,,,,,,,
als|factors=64;epochs=15;regularisation=0.01;alpha=10.0|frac=0.25,ml100k,als,0.25,2,0.046210882050983004,0.090137857900318,,,64.0,15.0,0.01,10.0,,,,,,,
als|factors=64;epochs=15;regularisation=0.01;alpha=40.0|frac=0.25,ml100k,als,0.25,2,0.045609775009338,0.09119830328738,,,64.0,15.0,0.01,40.0,,,,,,,
als|factors=64;epochs=15;regularisation=0.1;alpha=1.0|frac=0.25,ml100k,als,0.25,2,0.045001288553916004,0.092258748674443,,,64.0,15.0,0.1,1.0,,,,,,,
als|factors=64;epochs=15;regularisation=0.1;alpha=10.0|frac=0.25,ml100k,als,0.25,2,0.046884220159251005,0.09119830328738,,,64.0,15.0,0.1,10.0,,,,,,,
als|factors=64;epochs=15;regularisation=0.1;alpha=40.0|frac=0.25,ml100k,als,0.25,2,0.046743213315734,0.093319194061505,,,64.0,15.0,0.1,40.0,,,,,,,
als|factors=64;epochs=30;regularisation=0.001;alpha=1.0|frac=0.25,ml100k,als,0.25,2,0.044478071921392005,0.09119830328738,,,64.0,30.0,0.001,1.0,,,,,,,
als|factors=64;epochs=30;regularisation=0.001;alpha=10.0|frac=0.25,ml100k,als,0.25,2,0.046752253473098006,0.09119830328738,,,64.0,30.0,0.001,10.0,,,,,,,
als|factors=64;epochs=30;regularisation=0.001;alpha=40.0|frac=0.25,ml100k,als,0.25,2,0.045202155076131005,0.09119830328738,,,64.0,30.0,0.001,40.0,,,,,,,
als|factors=64;epochs=30;regularisation=0.01;alpha=1.0|frac=0.25,ml100k,als,0.25,2,0.044478071921392005,0.09119830328738,,,64.0,30.0,0.01,1.0,,,,,,,
als|factors=64;epochs=30;regularisation=0.01;alpha=10.0|frac=0.25,ml100k,als,0.25,2,0.047160474917288,0.092258748674443,,,64.0,30.0,0.01,10.0,,,,,,,
als|factors=64;epochs=30;regularisation=0.01;alpha=40.0|frac=0.25,ml100k,als,0.25,2,0.045099841282171,0.092258748674443,,,64.0,30.0,0.01,40.0,,,,,,,
als|factors=64;epochs=30;regularisation=0.1;alpha=1.0|frac=0.25,ml100k,als,0.25,2,0.043653442557690006,0.089077412513255,,,64.0,30.0,0.1,1.0,,,,,,,
als|factors=64;epochs=30;regularisation=0.1;alpha=10.0|frac=0.25,ml100k,als,0.25,2,0.04743435127570501,0.090137857900318,,,64.0,30.0,0.1,10.0,,,,,,,
als|factors=64;epochs=30;regularisation=0.1;alpha=40.0|frac=0.25,ml100k,als,0.25,2,0.045587790017681006,0.090137857900318,,,64.0,30.0,0.1,40.0,,,,,,,
als|factors=128;epochs=5;regularisation=0.001;alpha=1.0|frac=0.25,ml100k,als,0.25,2,0.045176790763502006,0.092258748674443,,,128.0,5.0,0.001,1.0,,,,,,,
als|factors=128;epochs=5;regularisation=0.001;alpha=10.0|frac=0.25,ml100k,als,0.25,2,0.039233474061759005,0.077412513255567,,,128.0,5.0,0.001,10.0,,,,,,,
als|factors=128;epochs=5;regularisation=0.001;alpha=40.0|frac=0.25,ml100k,als,0.25,2,0.035801990305741,0.069989395546129,,,128.0,5.0,0.001,40.0,,,,,,,
als|factors=128;epochs=5;regularisation=0.01;alpha=1.0|frac=0.25,ml100k,als,0.25,2,0.044842257490135005,0.09119830328738,,,128.0,5.0,0.01,1.0,,,,,,,
als|factors=128;epochs=5;regularisation=0.01;alpha=10.0|frac=0.25,ml100k,als,0.25,2,0.038820676730963004,0.076352067868504,,,128.0,5.0,0.01,10.0,,,,,,,
als|factors=128;epochs=5;regularisation=0.01;alpha=40.0|frac=0.25,ml100k,als,0.25,2,0.036540044713575005,0.072110286320254,,,128.0,5.0,0.01,40.0,,,,,,,
als|factors=128;epochs=5;regularisation=0.1;alpha=1.0|frac=0.25,ml100k,als,0.25,2,0.043933832617431,0.088016967126193,,,128.0,5.0,0.1,1.0,,,,,,,
als|factors=128;epochs=5;regularisation=0.1;alpha=10.0|frac=0.25,ml100k,als,0.25,2,0.038328253157813005,0.078472958642629,,,128.0,5.0,0.1,10.0,,,,,,,
als|factors=128;epochs=5;regularisation=0.1;alpha=40.0|frac=0.25,ml100k,als,0.25,2,0.036093353746645004,0.068928950159066,,,128.0,5.0,0.1,40.0,,,,,,,
als|factors=128;epochs=15;regularisation=0.001;alpha=1.0|frac=0.25,ml100k,als,0.25,2,0.043792336553522,0.094379639448568,,,128.0,15.0,0.001,1.0,,,,,,,
als|factors=128;epochs=15;regularisation=0.001;alpha=10.0|frac=0.25,ml100k,als,0.25,2,0.039561445538669006,0.078472958642629,,,128.0,15.0,0.001,10.0,,,,,,,
als|factors=128;epochs=15;regularisation=0.001;alpha=40.0|frac=0.25,ml100k,als,0.25,2,0.040976955335463,0.078472958642629,,,128.0,15.0,0.001,40.0,,,,,,,
als|factors=128;epochs=15;regularisation=0.01;alpha=1.0|frac=0.25,ml100k,als,0.25,2,0.043775271231502,0.094379639448568,,,128.0,15.0,0.01,1.0,,,,,,,
als|factors=128;epochs=15;regularisation=0.01;alpha=10.0|frac=0.25,ml100k,als,0.25,2,0.040761553712626006,0.08271474019088,,,128.0,15.0,0.01,10.0,,,,,,,
als|factors=128;epochs=15;regularisation=0.01;alpha=40.0|frac=0.25,ml100k,als,0.25,2,0.040558694276477,0.079533404029692,,,128.0,15.0,0.01,40.0,,,,,,,
als|factors=128;epochs=15;regularisation=0.1;alpha=1.0|frac=0.25,ml100k,als,0.25,2,0.043787098564602,0.094379639448568,,,128.0,15.0,0.1,1.0,,,,,,,
als|factors=128;epochs=15;regularisation=0.1;alpha=10.0|frac=0.25,ml100k,als,0.25,2,0.040315052053234005,0.081654294803817,,,128.0,15.0,0.1,10.0,,,,,,,
als|factors=128;epochs=15;regularisation=0.1;alpha=40.0|frac=0.25,ml100k,als,0.25,2,0.038691080218955,0.078472958642629,,,128.0,15.0,0.1,40.0,,,,,,,
als|factors=128;epochs=30;regularisation=0.001;alpha=1.0|frac=0.25,ml100k,als,0.25,2,0.044062076937732,0.092258748674443,,,128.0,30.0,0.001,1.0,,,,,,,
als|factors=128;epochs=30;regularisation=0.001;alpha=10.0|frac=0.25,ml100k,als,0.25,2,0.04171207615992,0.080593849416755,,,128.0,30.0,0.001,10.0,,,,,,,
als|factors=128;epochs=30;regularisation=0.001;alpha=40.0|frac=0.25,ml100k,als,0.25,2,0.040502271041160005,0.079533404029692,,,128.0,30.0,0.001,40.0,,,,,,,
als|factors=128;epochs=30;regularisation=0.01;alpha=1.0|frac=0.25,ml100k,als,0.25,2,0.043503004488978,0.09119830328738,,,128.0,30.0,0.01,1.0,,,,,,,
als|factors=128;epochs=30;regularisation=0.01;alpha=10.0|frac=0.25,ml100k,als,0.25,2,0.041587041059912004,0.080593849416755,,,128.0,30.0,0.01,10.0,,,,,,,
als|factors=128;epochs=30;regularisation=0.01;alpha=40.0|frac=0.25,ml100k,als,0.25,2,0.040228198605249,0.079533404029692,,,128.0,30.0,0.01,40.0,,,,,,,
als|factors=128;epochs=30;regularisation=0.1;alpha=1.0|frac=0.25,ml100k,als,0.25,2,0.043098781081648004,0.090137857900318,,,128.0,30.0,0.1,1.0,,,,,,,
als|factors=128;epochs=30;regularisation=0.1;alpha=10.0|frac=0.25,ml100k,als,0.25,2,0.040903348628800004,0.080593849416755,,,128.0,30.0,0.1,10.0,,,,,,,
als|factors=128;epochs=30;regularisation=0.1;alpha=40.0|frac=0.25,ml100k,als,0.25,2,0.040141856681937,0.081654294803817,,,128.0,30.0,0.1,40.0,,,,,,,
als|factors=16;epochs=5;regularisation=0.001;alpha=1.0|frac=0.5,ml100k,als,0.5,2,0.045594399362234,0.100742311770943,,,16.0,5.0,0.001,1.0,,,,,,,
als|factors=16;epochs=5;regularisation=0.001;alpha=10.0|frac=0.5,ml100k,als,0.5,2,0.042647034520625,0.093319194061505,,,16.0,5.0,0.001,10.0,,,,,,,
als|factors=16;epochs=5;regularisation=0.001;alpha=40.0|frac=0.5,ml100k,als,0.5,2,0.037819631955356,0.083775185577942,,,16.0,5.0,0.001,40.0,,,,,,,
als|factors=16;epochs=5;regularisation=0.01;alpha=1.0|frac=0.5,ml100k,als,0.5,2,0.045609706765332006,0.100742311770943,,,16.0,5.0,0.01,1.0,,,,,,,
als|factors=16;epochs=5;regularisation=0.01;alpha=10.0|frac=0.5,ml100k,als,0.5,2,0.042458557377424,0.093319194061505,,,16.0,5.0,0.01,10.0,,,,,,,
als|factors=16;epochs=5;regularisation=0.01;alpha=40.0|frac=0.5,ml100k,als,0.5,2,0.037972588020116,0.083775185577942,,,16.0,5.0,0.01,40.0,,,,,,,
als|factors=16;epochs=5;regularisation=0.1;alpha=1.0|frac=0.5,ml100k,als,0.5,2,0.04624434920537401,0.102863202545068,,,16.0,5.0,0.1,1.0,,,,,,,
als|factors=16;epochs=5;regularisation=0.1;alpha=10.0|frac=0.5,ml100k,als,0.5,2,0.042114064932585,0.09119830328738,,,16.0,5.0,0.1,10.0,,,,,,,
als|factors=16;epochs=5;regularisation=0.1;alpha=40.0|frac=0.5,ml100k,als,0.5,2,0.037817841703419,0.083775185577942,,,16.0,5.0,0.1,40.0,,,,,,,
als|factors=16;epochs=15;regularisation=0.001;alpha=1.0|frac=0.5,ml100k,als,0.5,2,0.047649234183265006,0.099681866383881,,,16.0,15.0,0.001,1.0,,,,,,,
als|factors=16;epochs=15;regularisation=0.001;alpha=10.0|frac=0.5,ml100k,als,0.5,2,0.042917849726146005,0.09544008483563,,,16.0,15.0,0.001,10.0,,,,,,,
als|factors=16;epochs=15;regularisation=0.001;alpha=40.0|frac=0.5,ml100k,als,0.5,2,0.035061159247459006,0.077412513255567,,,16.0,15.0,0.001,40.0,,,,,,,
als|factors=16;epochs=15;regularisation=0.01;alpha=1.0|frac=0.5,ml100k,als,0.5,2,0.047649234183265006,0.099681866383881,,,16.0,15.0,0.01,1.0,,,,,,,
als|factors=16;epochs=15;regularisation=0.01;alpha=10.0|frac=0.5,ml100k,als,0.5,2,0.042958813659948004,0.096500530222693,,,16.0,15.0,0.01,10.0,,,,,,,
als|factors=16;epochs=15;regularisation=0.01;alpha=40.0|frac=0.5,ml100k,als,0.5,2,0.034859233458547,0.075291622481442,,,16.0,15.0,0.01,40.0,,,,,,,
als|factors=16;epochs=15;regularisation=0.1;alpha=1.0|frac=0.5,ml100k,als,0.5,2,0.047345775113477005,0.099681866383881,,,16.0,15.0,0.1,1.0,,,,,,,
als|factors=16;epochs=15;regularisation=0.1;alpha=10.0|frac=0.5,ml100k,als,0.5,2,0.042845891063148005,0.09544008483563,,,16.0,15.0,0.1,10.0,,,,,,,
als|factors=16;epochs=15;regularisation=0.1;alpha=40.0|frac=0.5,ml100k,als,0.5,2,0.033932507303573,0.073170731707317,,,16.0,15.0,0.1,40.0,,,,,,,
als|factors=16;epochs=30;regularisation=0.001;alpha=1.0|frac=0.5,ml100k,als,0.5,2,0.047350097566563006,0.100742311770943,,,16.0,30.0,0.001,1.0,,,,,,,
als|factors=16;epochs=30;regularisation=0.001;alpha=10.0|frac=0.5,ml100k,als,0.5,2,0.043989715233935,0.09544008483563,,,16.0,30.0,0.001,10.0,,,,,,,
als|factors=16;epochs=30;regularisation=0.001;alpha=40.0|frac=0.5,ml100k,als,0.5,2,0.036262497183562004,0.078472958642629,,,16.0,30.0,0.001,40.0,,,,,,,
als|factors=16;epochs=30;regularisation=0.01;alpha=1.0|frac=0.5,ml100k,als,0.5,2,0.047656635028193006,0.101802757158006,,,16.0,30.0,0.01,1.0,,,,,,,
als|factors=16;epochs=30;regularisation=0.01;alpha=10.0|frac=0.5,ml100k,als,0.5,2,0.043689221516863004,0.09544008483563,,,16.0,30.0,0.01,10.0,,,,,,,
als|factors=16;epochs=30;regularisation=0.01;alpha=40.0|frac=0.5,ml100k,als,0.5,2,0.03689524418105,0.080593849416755,,,16.0,30.0,0.01,40.0,,,,,,,
als|factors=16;epochs=30;regularisation=0.1;alpha=1.0|frac=0.5,ml100k,als,0.5,2,0.047229156365984,0.100742311770943,,,16.0,30.0,0.1,1.0,,,,,,,
als|factors=16;epochs=30;regularisation=0.1;alpha=10.0|frac=0.5,ml100k,als,0.5,2,0.04533674278395,0.099681866383881,,,16.0,30.0,0.1,10.0,,,,,,,
als|factors=16;epochs=30;regularisation=0.1;alpha=40.0|frac=0.5,ml100k,als,0.5,2,0.037854584109654005,0.084835630965005,,,16.0,30.0,0.1,40.0,,,,,,,
als|factors=32;epochs=5;regularisation=0.001;alpha=1.0|frac=0.5,ml100k,als,0.5,2,0.047314504816787006,0.099681866383881,,,32.0,5.0,0.001,1.0,,,,,,,
als|factors=32;epochs=5;regularisation=0.001;alpha=10.0|frac=0.5,ml100k,als,0.5,2,0.047253705518341,0.097560975609756,,,32.0,5.0,0.001,10.0,,,,,,,
als|factors=32;epochs=5;regularisation=0.001;alpha=40.0|frac=0.5,ml100k,als,0.5,2,0.042676414746406,0.08695652173913,,,32.0,5.0,0.001,40.0,,,,,,,
als|factors=32;epochs=5;regularisation=0.01;alpha=1.0|frac=0.5,ml100k,als,0.5,2,0.047272628023539,0.099681866383881,,,32.0,5.0,0.01,1.0,,,,,,,
als|factors=32;epochs=5;regularisation=0.01;alpha=10.0|frac=0.5,ml100k,als,0.5,2,0.046726982049772006,0.096500530222693,,,32.0,5.0,0.01,10.0,,,,,,,
als|factors=32;epochs=5;regularisation=0.01;alpha=40.0|frac=0.5,ml100k,als,0.5,2,0.041586690737243005,0.085896076352067,,,32.0,5.0,0.01,40.0,,,,,,,
als|factors=32;epochs=5;regularisation=0.1;alpha=1.0|frac=0.5,ml100k,als,0.5,2,0.047371259296004005,0.099681866383881,,,32.0,5.0,0.1,1.0,,,,,,,
als|factors=32;epochs=5;regularisation=0.1;alpha=10.0|frac=0.5,ml100k,als,0.5,2,0.047405667497313,0.098621420996818,,,32.0,5.0,0.1,10.0,,,,,,,
als|factors=32;epochs=5;regularisation=0.1;alpha=40.0|frac=0.5,ml100k,als,0.5,2,0.04465421388482,0.09119830328738,,,32.0,5.0,0.1,40.0,,,,,,,
als|factors=32;epochs=15;regularisation=0.001;alpha=1.0|frac=0.5,ml100k,als,0.5,2,0.046631935298349005,0.097560975609756,,,32.0,15.0,0.001,1.0,,,,,,,
als|factors=32;epochs=15;regularisation=0.001;alpha=10.0|frac=0.5,ml100k,als,0.5,2,0.048781325581223,0.108165429480381,,,32.0,15.0,0.001,10.0,,,,,,,
als|factors=32;epochs=15;regularisation=0.001;alpha=40.0|frac=0.5,ml100k,als,0.5,2,0.04361427860807,0.08695652173913,,,32.0,15.0,0.001,40.0,,,,,,,
als|factors=32;epochs=15;regularisation=0.01;alpha=1.0|frac=0.5,ml100k,als,0.5,2,0.0462464271358,0.096500530222693,,,32.0,15.0,0.01,1.0,,,,,,,
als|factors=32;epochs=15;regularisation=0.01;alpha=10.0|frac=0.5,ml100k,als,0.5,2,0.047913005293099005,0.104984093319194,,,32.0,15.0,0.01,10.0,,,,,,,
als|factors=32;epochs=15;regularisation=0.01;alpha=40.0|frac=0.5,ml100k,als,0.5,2,0.043244483678061,0.088016967126193,,,32.0,15.0,0.01,40.0,,,,,,,
als|factors=32;epochs=15;regularisation=0.1;alpha=1.0|frac=0.5,ml100k,als,0.5,2,0.046377029455227,0.096500530222693,,,32.0,15.0,0.1,1.0,,,,,,,
als|factors=32;epochs=15;regularisation=0.1;alpha=10.0|frac=0.5,ml100k,als,0.5,2,0.049873543781597,0.110286320254506,,,32.0,15.0,0.1,10.0,,,,,,,
als|factors=32;epochs=15;regularisation=0.1;alpha=40.0|frac=0.5,ml100k,als,0.5,2,0.043751777881323006,0.09544008483563,,,32.0,15.0,0.1,40.0,,,,,,,
als|factors=32;epochs=30;regularisation=0.001;alpha=1.0|frac=0.5,ml100k,als,0.5,2,0.047885375582276006,0.102863202545068,,,32.0,30.0,0.001,1.0,,,,,,,
als|factors=32;epochs=30;regularisation=0.001;alpha=10.0|frac=0.5,ml100k,als,0.5,2,0.047556957690320006,0.102863202545068,,,32.0,30.0,0.001,10.0,,,,,,,
als|factors=32;epochs=30;regularisation=0.001;alpha=40.0|frac=0.5,ml100k,als,0.5,2,0.04659821865091401,0.097560975609756,,,32.0,30.0,0.001,40.0,,,,,,,
als|factors=32;epochs=30;regularisation=0.01;alpha=1.0|frac=0.5,ml100k,als,0.5,2,0.047838902887855,0.102863202545068,,,32.0,30.0,0.01,1.0,,,,,,,
als|factors=32;epochs=30;regularisation=0.01;alpha=10.0|frac=0.5,ml100k,als,0.5,2,0.048535715162209,0.106044538706256,,,32.0,30.0,0.01,10.0,,,,,,,
als|factors=32;epochs=30;regularisation=0.01;alpha=40.0|frac=0.5,ml100k,als,0.5,2,0.046594869057531005,0.096500530222693,,,32.0,30.0,0.01,40.0,,,,,,,
als|factors=32;epochs=30;regularisation=0.1;alpha=1.0|frac=0.5,ml100k,als,0.5,2,0.047392195989898,0.101802757158006,,,32.0,30.0,0.1,1.0,,,,,,,
als|factors=32;epochs=30;regularisation=0.1;alpha=10.0|frac=0.5,ml100k,als,0.5,2,0.049075327992390005,0.106044538706256,,,32.0,30.0,0.1,10.0,,,,,,,
als|factors=32;epochs=30;regularisation=0.1;alpha=40.0|frac=0.5,ml100k,als,0.5,2,0.046322471334450006,0.096500530222693,,,32.0,30.0,0.1,40.0,,,,,,,
als|factors=64;epochs=5;regularisation=0.001;alpha=1.0|frac=0.5,ml100k,als,0.5,2,0.047892959799032006,0.106044538706256,,,64.0,5.0,0.001,1.0,,,,,,,
als|factors=64;epochs=5;regularisation=0.001;alpha=10.0|frac=0.5,ml100k,als,0.5,2,0.043074195797498,0.088016967126193,,,64.0,5.0,0.001,10.0,,,,,,,
als|factors=64;epochs=5;regularisation=0.001;alpha=40.0|frac=0.5,ml100k,als,0.5,2,0.043221236926618,0.090137857900318,,,64.0,5.0,0.001,40.0,,,,,,,
als|factors=64;epochs=5;regularisation=0.01;alpha=1.0|frac=0.5,ml100k,als,0.5,2,0.04782808906741701,0.106044538706256,,,64.0,5.0,0.01,1.0,,,,,,,
als|factors=64;epochs=5;regularisation=0.01;alpha=10.0|frac=0.5,ml100k,als,0.5,2,0.04350038104837,0.08695652173913,,,64.0,5.0,0.01,10.0,,,,,,,
als|factors=64;epochs=5;regularisation=0.01;alpha=40.0|frac=0.5,ml100k,als,0.5,2,0.043793488058379,0.088016967126193,,,64.0,5.0,0.01,40.0,,,,,,,
als|factors=64;epochs=5;regularisation=0.1;alpha=1.0|frac=0.5,ml100k,als,0.5,2,0.04861313613991,0.106044538706256,,,64.0,5.0,0.1,1.0,,,,,,,
als|factors=64;epochs=5;regularisation=0.1;alpha=10.0|frac=0.5,ml100k,als,0.5,2,0.044637342502410006,0.090137857900318,,,64.0,5.0,0.1,10.0,,,,,,,
als|factors=64;epochs=5;regularisation=0.1;alpha=40.0|frac=0.5,ml100k,als,0.5,2,0.043975149603250004,0.089077412513255,,,64.0,5.0,0.1,40.0,,,,,,,
als|factors=64;epochs=15;regularisation=0.001;alpha=1.0|frac=0.5,ml100k,als,0.5,2,0.049774143531706005,0.110286320254506,,,64.0,15.0,0.001,1.0,,,,,,,
als|factors=64;epochs=15;regularisation=0.001;alpha=10.0|frac=0.5,ml100k,als,0.5,2,0.051759272017854005,0.103923647932131,,,64.0,15.0,0.001,10.0,,,,,,,
als|factors=64;epochs=15;regularisation=0.001;alpha=40.0|frac=0.5,ml100k,als,0.5,2,0.047736015917813006,0.09544008483563,,,64.0,15.0,0.001,40.0,,,,,,,
als|factors=64;epochs=15;regularisation=0.01;alpha=1.0|frac=0.5,ml100k,als,0.5,2,0.049793092054025004,0.110286320254506,,,64.0,15.0,0.01,1.0,,,,,,,
als|factors=64;epochs=15;regularisation=0.01;alpha=10.0|frac=0.5,ml100k,als,0.5,2,0.05259644076388301,0.104984093319194,,,64.0,15.0,0.01,10.0,,,,,,,
als|factors=64;epochs=15;regularisation=0.01;alpha=40.0|frac=0.5,ml100k,als,0.5,2,0.047563757065857006,0.096500530222693,,,64.0,15.0,0.01,40.0,,,,,,,
als|factors=64;epochs=15;regularisation=0.1;alpha=1.0|frac=0.5,ml100k,als,0.5,2,0.049801507251401006,0.108165429480381,,,64.0,15.0,0.1,1.0,,,,,,,
als|factors=64;epochs=15;regularisation=0.1;alpha=10.0|frac=0.5,ml100k,als,0.5,2,0.052485593699807,0.104984093319194,,,64.0,15.0,0.1,10.0,,,,,,,
als|factors=64;epochs=15;regularisation=0.1;alpha=40.0|frac=0.5,ml100k,als,0.5,2,0.04992868448269901,0.104984093319194,,,64.0,15.0,0.1,40.0,,,,,,,
als|factors=64;epochs=30;regularisation=0.001;alpha=1.0|frac=0.5,ml100k,als,0.5,2,0.04992903255882,0.107104984093319,,,64.0,30.0,0.001,1.0,,,,,,,
als|factors=64;epochs=30;regularisation=0.001;alpha=10.0|frac=0.5,ml100k,als,0.5,2,0.052885410436917,0.106044538706256,,,64.0,30.0,0.001,10.0,,,,,,,
als|factors=64;epochs=30;regularisation=0.001;alpha=40.0|frac=0.5,ml100k,als,0.5,2,0.049734989062913,0.102863202545068,,,64.0,30.0,0.001,40.0,,,,,,,
als|factors=64;epochs=30;regularisation=0.01;alpha=1.0|frac=0.5,ml100k,als,0.5,2,0.049855518834614004,0.107104984093319,,,64.0,30.0,0.01,1.0,,,,,,,
als|factors=64;epochs=30;regularisation=0.01;alpha=10.0|frac=0.5,ml100k,als,0.5,2,0.053988653306706005,0.109225874867444,,,64.0,30.0,0.01,10.0,,,,,,,
als|factors=64;epochs=30;regularisation=0.01;alpha=40.0|frac=0.5,ml100k,als,0.5,2,0.048854695664958,0.100742311770943,,,64.0,30.0,0.01,40.0,,,,,,,
als|factors=64;epochs=30;regularisation=0.1;alpha=1.0|frac=0.5,ml100k,als,0.5,2,0.049515775830642005,0.106044538706256,,,64.0,30.0,0.1,1.0,,,,,,,
als|factors=64;epochs=30;regularisation=0.1;alpha=10.0|frac=0.5,ml100k,als,0.5,2,0.054740775947646,0.102863202545068,,,64.0,30.0,0.1,10.0,,,,,,,
als|factors=64;epochs=30;regularisation=0.1;alpha=40.0|frac=0.5,ml100k,als,0.5,2,0.049280180807574,0.102863202545068,,,64.0,30.0,0.1,40.0,,,,,,,
als|factors=128;epochs=5;regularisation=0.001;alpha=1.0|frac=0.5,ml100k,als,0.5,2,0.045611576492044004,0.092258748674443,,,128.0,5.0,0.001,1.0,,,,,,,
als|factors=128;epochs=5;regularisation=0.001;alpha=10.0|frac=0.5,ml100k,als,0.5,2,0.039622732608845,0.08271474019088,,,128.0,5.0,0.001,10.0,,,,,,,
als|factors=128;epochs=5;regularisation=0.001;alpha=40.0|frac=0.5,ml100k,als,0.5,2,0.040319824117987006,0.081654294803817,,,128.0,5.0,0.001,40.0,,,,,,,
als|factors=128;epochs=5;regularisation=0.01;alpha=1.0|frac=0.5,ml100k,als,0.5,2,0.04569183347224701,0.092258748674443,,,128.0,5.0,0.01,1.0,,,,,,,
als|factors=128;epochs=5;regularisation=0.01;alpha=10.0|frac=0.5,ml100k,als,0.5,2,0.040131168797805004,0.084835630965005,,,128.0,5.0,0.01,10.0,,,,,,,
als|factors=128;epochs=5;regularisation=0.01;alpha=40.0|frac=0.5,ml100k,als,0.5,2,0.041555630282890006,0.083775185577942,,,128.0,5.0,0.01,40.0,,,,,,,
als|factors=128;epochs=5;regularisation=0.1;alpha=1.0|frac=0.5,ml100k,als,0.5,2,0.04543634537466,0.09119830328738,,,128.0,5.0,0.1,1.0,,,,,,,
als|factors=128;epochs=5;regularisation=0.1;alpha=10.0|frac=0.5,ml100k,als,0.5,2,0.041571675036391004,0.08695652173913,,,128.0,5.0,0.1,10.0,,,,,,,
als|factors=128;epochs=5;regularisation=0.1;alpha=40.0|frac=0.5,ml100k,als,0.5,2,0.040628788479472,0.080593849416755,,,128.0,5.0,0.1,40.0,,,,,,,
als|factors=128;epochs=15;regularisation=0.001;alpha=1.0|frac=0.5,ml100k,als,0.5,2,0.04781969417118501,0.096500530222693,,,128.0,15.0,0.001,1.0,,,,,,,
als|factors=128;epochs=15;regularisation=0.001;alpha=10.0|frac=0.5,ml100k,als,0.5,2,0.046386614607385,0.09544008483563,,,128.0,15.0,0.001,10.0,,,,,,,
als|factors=128;epochs=15;regularisation=0.001;alpha=40.0|frac=0.5,ml100k,als,0.5,2,0.045927551284263006,0.097560975609756,,,128.0,15.0,0.001,40.0,,,,,,,
als|factors=128;epochs=15;regularisation=0.01;alpha=1.0|frac=0.5,ml100k,als,0.5,2,0.047861141247303,0.096500530222693,,,128.0,15.0,0.01,1.0,,,,,,,
als|factors=128;epochs=15;regularisation=0.01;alpha=10.0|frac=0.5,ml100k,als,0.5,2,0.046228875799803004,0.094379639448568,,,128.0,15.0,0.01,10.0,,,,,,,
als|factors=128;epochs=15;regularisation=0.01;alpha=40.0|frac=0.5,ml100k,als,0.5,2,0.047523896441056,0.099681866383881,,,128.0,15.0,0.01,40.0,,,,,,,
als|factors=128;epochs=15;regularisation=0.1;alpha=1.0|frac=0.5,ml100k,als,0.5,2,0.047811610437050005,0.096500530222693,,,128.0,15.0,0.1,1.0,,,,,,,
als|factors=128;epochs=15;regularisation=0.1;alpha=10.0|frac=0.5,ml100k,als,0.5,2,0.045879221190420004,0.093319194061505,,,128.0,15.0,0.1,10.0,,,,,,,
als|factors=128;epochs=15;regularisation=0.1;alpha=40.0|frac=0.5,ml100k,als,0.5,2,0.042562831799249,0.08695652173913,,,128.0,15.0,0.1,40.0,,,,,,,
als|factors=128;epochs=30;regularisation=0.001;alpha=1.0|frac=0.5,ml100k,als,0.5,2,0.046220051228543,0.09119830328738,,,128.0,30.0,0.001,1.0,,,,,,,
als|factors=128;epochs=30;regularisation=0.001;alpha=10.0|frac=0.5,ml100k,als,0.5,2,0.042634519664907,0.085896076352067,,,128.0,30.0,0.001,10.0,,,,,,,
als|factors=128;epochs=30;regularisation=0.001;alpha=40.0|frac=0.5,ml100k,als,0.5,2,0.046121265591774006,0.098621420996818,,,128.0,30.0,0.001,40.0,,,,,,,
als|factors=128;epochs=30;regularisation=0.01;alpha=1.0|frac=0.5,ml100k,als,0.5,2,0.045913513766912,0.090137857900318,,,128.0,30.0,0.01,1.0,,,,,,,
als|factors=128;epochs=30;regularisation=0.01;alpha=10.0|frac=0.5,ml100k,als,0.5,2,0.043843637338585005,0.09119830328738,,,128.0,30.0,0.01,10.0,,,,,,,
als|factors=128;epochs=30;regularisation=0.01;alpha=40.0|frac=0.5,ml100k,als,0.5,2,0.044917974054698,0.096500530222693,,,128.0,30.0,0.01,40.0,,,,,,,
als|factors=128;epochs=30;regularisation=0.1;alpha=1.0|frac=0.5,ml100k,als,0.5,2,0.04576388845030201,0.090137857900318,,,128.0,30.0,0.1,1.0,,,,,,,
als|factors=128;epochs=30;regularisation=0.1;alpha=10.0|frac=0.5,ml100k,als,0.5,2,0.047306882223983,0.099681866383881,,,128.0,30.0,0.1,10.0,,,,,,,
als|factors=128;epochs=30;regularisation=0.1;alpha=40.0|frac=0.5,ml100k,als,0.5,2,0.04566510997967901,0.09544008483563,,,128.0,30.0,0.1,40.0,,,,,,,
als|factors=16;epochs=5;regularisation=0.001;alpha=1.0|frac=1.0,ml100k,als,1.0,2,0.067652790764383,0.141039236479321,,,16.0,5.0,0.001,1.0,,,,,,,
als|factors=16;epochs=5;regularisation=0.001;alpha=10.0|frac=1.0,ml100k,als,1.0,2,0.064735643666035,0.135737009544008,,,16.0,5.0,0.001,10.0,,,,,,,
als|factors=16;epochs=5;regularisation=0.001;alpha=40.0|frac=1.0,ml100k,als,1.0,2,0.05209101872075501,0.103923647932131,,,16.0,5.0,0.001,40.0,,,,,,,
als|factors=16;epochs=5;regularisation=0.01;alpha=1.0|frac=1.0,ml100k,als,1.0,2,0.067682446275246,0.141039236479321,,,16.0,5.0,0.01,1.0,,,,,,,
als|factors=16;epochs=5;regularisation=0.01;alpha=10.0|frac=1.0,ml100k,als,1.0,2,0.06390347941204601,0.133616118769883,,,16.0,5.0,0.01,10.0,,,,,,,
als|factors=16;epochs=5;regularisation=0.01;alpha=40.0|frac=1.0,ml100k,als,1.0,2,0.052725200786022004,0.106044538706256,,,16.0,5.0,0.01,40.0,,,,,,,
als|factors=16;epochs=5;regularisation=0.1;alpha=1.0|frac=1.0,ml100k,als,1.0,2,0.06802190694712,0.142099681866383,,,16.0,5.0,0.1,1.0,,,,,,,
als|factors=16;epochs=5;regularisation=0.1;alpha=10.0|frac=1.0,ml100k,als,1.0,2,0.06391218832551,0.13149522799575802,,,16.0,5.0,0.1,10.0,,,,,,,
als|factors=16;epochs=5;regularisation=0.1;alpha=40.0|frac=1.0,ml100k,als,1.0,2,0.054943105966823,0.110286320254506,,,16.0,5.0,0.1,40.0,,,,,,,
als|factors=16;epochs=15;regularisation=0.001;alpha=1.0|frac=1.0,ml100k,als,1.0,2,0.07144968235072101,0.148462354188759,,,16.0,15.0,0.001,1.0,,,,,,,
als|factors=16;epochs=15;regularisation=0.001;alpha=10.0|frac=1.0,ml100k,als,1.0,2,0.06697867392908101,0.13255567338282,,,16.0,15.0,0.001,10.0,,,,,,,
als|factors=16;epochs=15;regularisation=0.001;alpha=40.0|frac=1.0,ml100k,als,1.0,2,0.056600168823597,0.110286320254506,,,16.0,15.0,0.001,40.0,,,,,,,
als|factors=16;epochs=15;regularisation=0.01;alpha=1.0|frac=1.0,ml100k,als,1.0,2,0.071434374947622,0.148462354188759,,,16.0,15.0,0.01,1.0,,,,,,,
als|factors=16;epochs=15;regularisation=0.01;alpha=10.0|frac=1.0,ml100k,als,1.0,2,0.06709458951135701,0.13255567338282,,,16.0,15.0,0.01,10.0,,,,,,,
als|factors=16;epochs=15;regularisation=0.01;alpha=40.0|frac=1.0,ml100k,als,1.0,2,0.056770646989090005,0.109225874867444,,,16.0,15.0,0.01,40.0,,,,,,,
als|factors=16;epochs=15;regularisation=0.1;alpha=1.0|frac=1.0,ml100k,als,1.0,2,0.071802692506773,0.149522799575821,,,16.0,15.0,0.1,1.0,,,,,,,
als|factors=16;epochs=15;regularisation=0.1;alpha=10.0|frac=1.0,ml100k,als,1.0,2,0.067579282866324,0.13149522799575802,,,16.0,15.0,0.1,10.0,,,,,,,
als|factors=16;epochs=15;regularisation=0.1;alpha=40.0|frac=1.0,ml100k,als,1.0,2,0.05578894267207601,0.104984093319194,,,16.0,15.0,0.1,40.0,,,,,,,
als|factors=16;epochs=30;regularisation=0.001;alpha=1.0|frac=1.0,ml100k,als,1.0,2,0.07199933409021801,0.145281018027571,,,16.0,30.0,0.001,1.0,,,,,,,
als|factors=16;epochs=30;regularisation=0.001;alpha=10.0|frac=1.0,ml100k,als,1.0,2,0.06581250168588601,0.12831389183457,,,16.0,30.0,0.001,10.0,,,,,,,
als|factors=16;epochs=30;regularisation=0.001;alpha=40.0|frac=1.0,ml100k,als,1.0,2,0.05488589511443501,0.102863202545068,,,16.0,30.0,0.001,40.0,,,,,,,
als|factors=16;epochs=30;regularisation=0.01;alpha=1.0|frac=1.0,ml100k,als,1.0,2,0.07199933409021801,0.145281018027571,,,16.0,30.0,0.01,1.0,,,,,,,
als|factors=16;epochs=30;regularisation=0.01;alpha=10.0|frac=1.0,ml100k,als,1.0,2,0.065800284916884,0.12831389183457,,,16.0,30.0,0.01,10.0,,,,,,,
als|factors=16;epochs=30;regularisation=0.01;alpha=40.0|frac=1.0,ml100k,als,1.0,2,0.054250438034744004,0.100742311770943,,,16.0,30.0,0.01,40.0,,,,,,,
als|factors=16;epochs=30;regularisation=0.1;alpha=1.0|frac=1.0,ml100k,als,1.0,2,0.07203627897157601,0.145281018027571,,,16.0,30.0,0.1,1.0,,,,,,,
als|factors=16;epochs=30;regularisation=0.1;alpha=10.0|frac=1.0,ml100k,als,1.0,2,0.066275262911658,0.12831389183457,,,16.0,30.0,0.1,10.0,,,,,,,
als|factors=16;epochs=30;regularisation=0.1;alpha=40.0|frac=1.0,ml100k,als,1.0,2,0.05564371080514201,0.103923647932131,,,16.0,30.0,0.1,40.0,,,,,,,
als|factors=32;epochs=5;regularisation=0.001;alpha=1.0|frac=1.0,ml100k,als,1.0,2,0.07164881082492601,0.133616118769883,,,32.0,5.0,0.001,1.0,,,,,,,
als|factors=32;epochs=5;regularisation=0.001;alpha=10.0|frac=1.0,ml100k,als,1.0,2,0.067804312979966,0.12937433722163302,,,32.0,5.0,0.001,10.0,,,,,,,
als|factors=32;epochs=5;regularisation=0.001;alpha=40.0|frac=1.0,ml100k,als,1.0,2,0.054462141535147,0.11664899257688201,,,32.0,5.0,0.001,40.0,,,,,,,
als|factors=32;epochs=5;regularisation=0.01;alpha=1.0|frac=1.0,ml100k,als,1.0,2,0.07193441834414101,0.134676564156945,,,32.0,5.0,0.01,1.0,,,,,,,
als|factors=32;epochs=5;regularisation=0.01;alpha=10.0|frac=1.0,ml100k,als,1.0,2,0.06621485633167301,0.126193001060445,,,32.0,5.0,0.01,10.0,,,,,,,
als|factors=32;epochs=5;regularisation=0.01;alpha=40.0|frac=1.0,ml100k,als,1.0,2,0.053804908729607005,0.11346765641569401,,,32.0,5.0,0.01,40.0,,,,,,,
als|factors=32;epochs=5;regularisation=0.1;alpha=1.0|frac=1.0,ml100k,als,1.0,2,0.071356362202041,0.133616118769883,,,32.0,5.0,0.1,1.0,,,,,,,
als|factors=32;epochs=5;regularisation=0.1;alpha=10.0|frac=1.0,ml100k,als,1.0,2,0.066735228852251,0.12831389183457,,,32.0,5.0,0.1,10.0,,,,,,,
als|factors=32;epochs=5;regularisation=0.1;alpha=40.0|frac=1.0,ml100k,als,1.0,2,0.054314088441597005,0.110286320254506,,,32.0,5.0,0.1,40.0,,,,,,,
als|factors=32;epochs=15;regularisation=0.001;alpha=1.0|frac=1.0,ml100k,als,1.0,2,0.072593465128074,0.136797454931071,,,32.0,15.0,0.001,1.0,,,,,,,
als|factors=32;epochs=15;regularisation=0.001;alpha=10.0|frac=1.0,ml100k,als,1.0,2,0.066684240340982,0.135737009544008,,,32.0,15.0,0.001,10.0,,,,,,,
als|factors=32;epochs=15;regularisation=0.001;alpha=40.0|frac=1.0,ml100k,als,1.0,2,0.06600130311067301,0.12937433722163302,,,32.0,15.0,0.001,40.0,,,,,,,
als|factors=32;epochs=15;regularisation=0.01;alpha=1.0|frac=1.0,ml100k,als,1.0,2,0.072547848995809,0.136797454931071,,,32.0,15.0,0.01,1.0,,,,,,,
als|factors=32;epochs=15;regularisation=0.01;alpha=10.0|frac=1.0,ml100k,als,1.0,2,0.067444445192401,0.136797454931071,,,32.0,15.0,0.01,10.0,,,,,,,
als|factors=32;epochs=15;regularisation=0.01;alpha=40.0|frac=1.0,ml100k,als,1.0,2,0.062057264949206006,0.12195121951219501,,,32.0,15.0,0.01,40.0,,,,,,,
als|factors=32;epochs=15;regularisation=0.1;alpha=1.0|frac=1.0,ml100k,als,1.0,2,0.073402189190272,0.139978791092258,,,32.0,15.0,0.1,1.0,,,,,,,
als|factors=32;epochs=15;regularisation=0.1;alpha=10.0|frac=1.0,ml100k,als,1.0,2,0.068965089260847,0.139978791092258,,,32.0,15.0,0.1,10.0,,,,,,,
als|factors=32;epochs=15;regularisation=0.1;alpha=40.0|frac=1.0,ml100k,als,1.0,2,0.057160753172219005,0.11346765641569401,,,32.0,15.0,0.1,40.0,,,,,,,
als|factors=32;epochs=30;regularisation=0.001;alpha=1.0|frac=1.0,ml100k,als,1.0,2,0.072246431852411,0.139978791092258,,,32.0,30.0,0.001,1.0,,,,,,,
als|factors=32;epochs=30;regularisation=0.001;alpha=10.0|frac=1.0,ml100k,als,1.0,2,0.065259555363174,0.133616118769883,,,32.0,30.0,0.001,10.0,,,,,,,
als|factors=32;epochs=30;regularisation=0.001;alpha=40.0|frac=1.0,ml100k,als,1.0,2,0.06100329479709501,0.114528101802757,,,32.0,30.0,0.001,40.0,,,,,,,
als|factors=32;epochs=30;regularisation=0.01;alpha=1.0|frac=1.0,ml100k,als,1.0,2,0.072655575821732,0.141039236479321,,,32.0,30.0,0.01,1.0,,,,,,,
als|factors=32;epochs=30;regularisation=0.01;alpha=10.0|frac=1.0,ml100k,als,1.0,2,0.065502214537698,0.134676564156945,,,32.0,30.0,0.01,10.0,,,,,,,
als|factors=32;epochs=30;regularisation=0.01;alpha=40.0|frac=1.0,ml100k,als,1.0,2,0.061787978073841,0.11876988335100701,,,32.0,30.0,0.01,40.0,,,,,,,
als|factors=32;epochs=30;regularisation=0.1;alpha=1.0|frac=1.0,ml100k,als,1.0,2,0.07211783048016701,0.138918345705196,,,32.0,30.0,0.1,1.0,,,,,,,
als|factors=32;epochs=30;regularisation=0.1;alpha=10.0|frac=1.0,ml100k,als,1.0,2,0.066413700868861,0.136797454931071,,,32.0,30.0,0.1,10.0,,,,,,,
als|factors=32;epochs=30;regularisation=0.1;alpha=40.0|frac=1.0,ml100k,als,1.0,2,0.058070471045366,0.11558854718981901,,,32.0,30.0,0.1,40.0,,,,,,,
als|factors=64;epochs=5;regularisation=0.001;alpha=1.0|frac=1.0,ml100k,als,1.0,2,0.064487627635052,0.12725344644750702,,,64.0,5.0,0.001,1.0,,,,,,,
als|factors=64;epochs=5;regularisation=0.001;alpha=10.0|frac=1.0,ml100k,als,1.0,2,0.06507441596277401,0.12937433722163302,,,64.0,5.0,0.001,10.0,,,,,,,
als|factors=64;epochs=5;regularisation=0.001;alpha=40.0|frac=1.0,ml100k,als,1.0,2,0.053640283323108,0.108165429480381,,,64.0,5.0,0.001,40.0,,,,,,,
als|factors=64;epochs=5;regularisation=0.01;alpha=1.0|frac=1.0,ml100k,als,1.0,2,0.064179206973121,0.126193001060445,,,64.0,5.0,0.01,1.0,,,,,,,
als|factors=64;epochs=5;regularisation=0.01;alpha=10.0|frac=1.0,ml100k,als,1.0,2,0.06546322639046201,0.13255567338282,,,64.0,5.0,0.01,10.0,,,,,,,
als|factors=64;epochs=5;regularisation=0.01;alpha=40.0|frac=1.0,ml100k,als,1.0,2,0.054583266199756,0.110286320254506,,,64.0,5.0,0.01,40.0,,,,,,,
als|factors=64;epochs=5;regularisation=0.1;alpha=1.0|frac=1.0,ml100k,als,1.0,2,0.065641502292845,0.12725344644750702,,,64.0,5.0,0.1,1.0,,,,,,,
als|factors=64;epochs=5;regularisation=0.1;alpha=10.0|frac=1.0,ml100k,als,1.0,2,0.06631799252824501,0.134676564156945,,,64.0,5.0,0.1,10.0,,,,,,,
als|factors=64;epochs=5;regularisation=0.1;alpha=40.0|frac=1.0,ml100k,als,1.0,2,0.054319565347839,0.112407211028632,,,64.0,5.0,0.1,40.0,,,,,,,
als|factors=64;epochs=15;regularisation=0.001;alpha=1.0|frac=1.0,ml100k,als,1.0,2,0.066327833354676,0.133616118769883,,,64.0,15.0,0.001,1.0,,,,,,,
als|factors=64;epochs=15;regularisation=0.001;alpha=10.0|frac=1.0,ml100k,als,1.0,2,0.06304283780318,0.130434782608695,,,64.0,15.0,0.001,10.0,,,,,,,
als|factors=64;epochs=15;regularisation=0.001;alpha=40.0|frac=1.0,ml100k,als,1.0,2,0.058056140895834,0.11876988335100701,,,64.0,15.0,0.001,40.0,,,,,,,
als|factors=64;epochs=15;regularisation=0.01;alpha=1.0|frac=1.0,ml100k,als,1.0,2,0.066087522865425,0.13255567338282,,,64.0,15.0,0.01,1.0,,,,,,,
als|factors=64;epochs=15;regularisation=0.01;alpha=10.0|frac=1.0,ml100k,als,1.0,2,0.06667330379776701,0.137857900318133,,,64.0,15.0,0.01,10.0,,,,,,,
als|factors=64;epochs=15;regularisation=0.01;alpha=40.0|frac=1.0,ml100k,als,1.0,2,0.057469602290133,0.11983032873807,,,64.0,15.0,0.01,40.0,,,,,,,
als|factors=64;epochs=15;regularisation=0.1;alpha=1.0|frac=1.0,ml100k,als,1.0,2,0.067663517386919,0.137857900318133,,,64.0,15.0,0.1,1.0,,,,,,,
als|factors=64;epochs=15;regularisation=0.1;alpha=10.0|frac=1.0,ml100k,als,1.0,2,0.067346695220542,0.137857900318133,,,64.0,15.0,0.1,10.0,,,,,,,
als|factors=64;epochs=15;regularisation=0.1;alpha=40.0|frac=1.0,ml100k,als,1.0,2,0.056153546573958005,0.12195121951219501,,,64.0,15.0,0.1,40.0,,,,,,,
als|factors=64;epochs=30;regularisation=0.001;alpha=1.0|frac=1.0,ml100k,als,1.0,2,0.06979787686291601,0.138918345705196,,,64.0,30.0,0.001,1.0,,,,,,,
als|factors=64;epochs=30;regularisation=0.001;alpha=10.0|frac=1.0,ml100k,als,1.0,2,0.06688914532455101,0.134676564156945,,,64.0,30.0,0.001,10.0,,,,,,,
als|factors=64;epochs=30;regularisation=0.001;alpha=40.0|frac=1.0,ml100k,als,1.0,2,0.05718523356033801,0.11770943796394401,,,64.0,30.0,0.001,40.0,,,,,,,
als|factors=64;epochs=30;regularisation=0.01;alpha=1.0|frac=1.0,ml100k,als,1.0,2,0.06984249341862,0.139978791092258,,,64.0,30.0,0.01,1.0,,,,,,,
als|factors=64;epochs=30;regularisation=0.01;alpha=10.0|frac=1.0,ml100k,als,1.0,2,0.06540580777221,0.13255567338282,,,64.0,30.0,0.01,10.0,,,,,,,
als|factors=64;epochs=30;regularisation=0.01;alpha=40.0|frac=1.0,ml100k,als,1.0,2,0.058188219685314006,0.11770943796394401,,,64.0,30.0,0.01,40.0,,,,,,,
als|factors=64;epochs=30;regularisation=0.1;alpha=1.0|frac=1.0,ml100k,als,1.0,2,0.070593955416373,0.141039236479321,,,64.0,30.0,0.1,1.0,,,,,,,
als|factors=64;epochs=30;regularisation=0.1;alpha=10.0|frac=1.0,ml100k,als,1.0,2,0.065679409603595,0.13149522799575802,,,64.0,30.0,0.1,10.0,,,,,,,
als|factors=64;epochs=30;regularisation=0.1;alpha=40.0|frac=1.0,ml100k,als,1.0,2,0.056630334300541006,0.12407211028632001,,,64.0,30.0,0.1,40.0,,,,,,,
als|factors=128;epochs=5;regularisation=0.001;alpha=1.0|frac=1.0,ml100k,als,1.0,2,0.067092265730557,0.126193001060445,,,128.0,5.0,0.001,1.0,,,,,,,
als|factors=128;epochs=5;regularisation=0.001;alpha=10.0|frac=1.0,ml100k,als,1.0,2,0.062914277274888,0.12195121951219501,,,128.0,5.0,0.001,10.0,,,,,,,
als|factors=128;epochs=5;regularisation=0.001;alpha=40.0|frac=1.0,ml100k,als,1.0,2,0.058386913317995004,0.12301166489925701,,,128.0,5.0,0.001,40.0,,,,,,,
als|factors=128;epochs=5;regularisation=0.01;alpha=1.0|frac=1.0,ml100k,als,1.0,2,0.06714687285495,0.12725344644750702,,,128.0,5.0,0.01,1.0,,,,,,,
als|factors=128;epochs=5;regularisation=0.01;alpha=10.0|frac=1.0,ml100k,als,1.0,2,0.06453717520895,0.12301166489925701,,,128.0,5.0,0.01,10.0,,,,,,,
als|factors=128;epochs=5;regularisation=0.01;alpha=40.0|frac=1.0,ml100k,als,1.0,2,0.05986482787676001,0.12407211028632001,,,128.0,5.0,0.01,40.0,,,,,,,
als|factors=128;epochs=5;regularisation=0.1;alpha=1.0|frac=1.0,ml100k,als,1.0,2,0.06670496709673,0.12513255567338202,,,128.0,5.0,0.1,1.0,,,,,,,
als|factors=128;epochs=5;regularisation=0.1;alpha=10.0|frac=1.0,ml100k,als,1.0,2,0.06330356300173501,0.11983032873807,,,128.0,5.0,0.1,10.0,,,,,,,
als|factors=128;epochs=5;regularisation=0.1;alpha=40.0|frac=1.0,ml100k,als,1.0,2,0.057871937040482005,0.12089077412513201,,,128.0,5.0,0.1,40.0,,,,,,,
als|factors=128;epochs=15;regularisation=0.001;alpha=1.0|frac=1.0,ml100k,als,1.0,2,0.063989924417663,0.12195121951219501,,,128.0,15.0,0.001,1.0,,,,,,,
als|factors=128;epochs=15;regularisation=0.001;alpha=10.0|frac=1.0,ml100k,als,1.0,2,0.062821938372925,0.114528101802757,,,128.0,15.0,0.001,10.0,,,,,,,
als|factors=128;epochs=15;regularisation=0.001;alpha=40.0|frac=1.0,ml100k,als,1.0,2,0.060533241205191005,0.12089077412513201,,,128.0,15.0,0.001,40.0,,,,,,,
als|factors=128;epochs=15;regularisation=0.01;alpha=1.0|frac=1.0,ml100k,als,1.0,2,0.06418333347275401,0.12195121951219501,,,128.0,15.0,0.01,1.0,,,,,,,
als|factors=128;epochs=15;regularisation=0.01;alpha=10.0|frac=1.0,ml100k,als,1.0,2,0.060290211673533003,0.111346765641569,,,128.0,15.0,0.01,10.0,,,,,,,
als|factors=128;epochs=15;regularisation=0.01;alpha=40.0|frac=1.0,ml100k,als,1.0,2,0.061644878231130004,0.12725344644750702,,,128.0,15.0,0.01,40.0,,,,,,,
als|factors=128;epochs=15;regularisation=0.1;alpha=1.0|frac=1.0,ml100k,als,1.0,2,0.06397874492988201,0.11983032873807,,,128.0,15.0,0.1,1.0,,,,,,,
als|factors=128;epochs=15;regularisation=0.1;alpha=10.0|frac=1.0,ml100k,als,1.0,2,0.064902014188615,0.12407211028632001,,,128.0,15.0,0.1,10.0,,,,,,,
als|factors=128;epochs=15;regularisation=0.1;alpha=40.0|frac=1.0,ml100k,als,1.0,2,0.057604746713425005,0.114528101802757,,,128.0,15.0,0.1,40.0,,,,,,,
als|factors=128;epochs=30;regularisation=0.001;alpha=1.0|frac=1.0,ml100k,als,1.0,2,0.063866365047235,0.11876988335100701,,,128.0,30.0,0.001,1.0,,,,,,,
als|factors=128;epochs=30;regularisation=0.001;alpha=10.0|frac=1.0,ml100k,als,1.0,2,0.06351461358115401,0.11770943796394401,,,128.0,30.0,0.001,10.0,,,,,,,
als|factors=128;epochs=30;regularisation=0.001;alpha=40.0|frac=1.0,ml100k,als,1.0,2,0.05860014829673801,0.11770943796394401,,,128.0,30.0,0.001,40.0,,,,,,,
als|factors=128;epochs=30;regularisation=0.01;alpha=1.0|frac=1.0,ml100k,als,1.0,2,0.063901482048192,0.11876988335100701,,,128.0,30.0,0.01,1.0,,,,,,,
als|factors=128;epochs=30;regularisation=0.01;alpha=10.0|frac=1.0,ml100k,als,1.0,2,0.06215134232804,0.11558854718981901,,,128.0,30.0,0.01,10.0,,,,,,,
als|factors=128;epochs=30;regularisation=0.01;alpha=40.0|frac=1.0,ml100k,als,1.0,2,0.057551895184821004,0.11664899257688201,,,128.0,30.0,0.01,40.0,,,,,,,
als|factors=128;epochs=30;regularisation=0.1;alpha=1.0|frac=1.0,ml100k,als,1.0,2,0.063426669853841,0.11876988335100701,,,128.0,30.0,0.1,1.0,,,,,,,
als|factors=128;epochs=30;regularisation=0.1;alpha=10.0|frac=1.0,ml100k,als,1.0,2,0.06532641885323501,0.11983032873807,,,128.0,30.0,0.1,10.0,,,,,,,
als|factors=128;epochs=30;regularisation=0.1;alpha=40.0|frac=1.0,ml100k,als,1.0,2,0.061052774051743,0.11983032873807,,,128.0,30.0,0.1,40.0,,,,,,,
multvae|latent=32;hidden=200;epochs=10;dropout=0.0|frac=0.25,ml100k,multvae,0.25,2,0.022070633287078003,0.04984093319194,,,,,,,32.0,200.0,10.0,0.0,,,
multvae|latent=32;hidden=200;epochs=10;dropout=0.5|frac=0.25,ml100k,multvae,0.25,2,0.017522672759918003,0.038176033934252,,,,,,,32.0,200.0,10.0,0.5,,,
multvae|latent=32;hidden=200;epochs=20;dropout=0.0|frac=0.25,ml100k,multvae,0.25,2,0.030187799724035003,0.068928950159066,,,,,,,32.0,200.0,20.0,0.0,,,
multvae|latent=32;hidden=200;epochs=20;dropout=0.5|frac=0.25,ml100k,multvae,0.25,2,0.033081371498278,0.075291622481442,,,,,,,32.0,200.0,20.0,0.5,,,
multvae|latent=32;hidden=600;epochs=10;dropout=0.0|frac=0.25,ml100k,multvae,0.25,2,0.030835311897949004,0.071049840933191,,,,,,,32.0,600.0,10.0,0.0,,,
multvae|latent=32;hidden=600;epochs=10;dropout=0.5|frac=0.25,ml100k,multvae,0.25,2,0.031683446373297,0.06574761399787901,,,,,,,32.0,600.0,10.0,0.5,,,
multvae|latent=32;hidden=600;epochs=20;dropout=0.0|frac=0.25,ml100k,multvae,0.25,2,0.039116759301181005,0.085896076352067,,,,,,,32.0,600.0,20.0,0.0,,,
multvae|latent=32;hidden=600;epochs=20;dropout=0.5|frac=0.25,ml100k,multvae,0.25,2,0.040400967124355,0.088016967126193,,,,,,,32.0,600.0,20.0,0.5,,,
multvae|latent=64;hidden=200;epochs=10;dropout=0.0|frac=0.25,ml100k,multvae,0.25,2,0.020241521339137,0.039236479321314,,,,,,,64.0,200.0,10.0,0.0,,,
multvae|latent=64;hidden=200;epochs=10;dropout=0.5|frac=0.25,ml100k,multvae,0.25,2,0.016844380082897,0.034994697773064,,,,,,,64.0,200.0,10.0,0.5,,,
multvae|latent=64;hidden=200;epochs=20;dropout=0.0|frac=0.25,ml100k,multvae,0.25,2,0.03496884789699,0.076352067868504,,,,,,,64.0,200.0,20.0,0.0,,,
multvae|latent=64;hidden=200;epochs=20;dropout=0.5|frac=0.25,ml100k,multvae,0.25,2,0.029099010230162002,0.060445387062566004,,,,,,,64.0,200.0,20.0,0.5,,,
multvae|latent=64;hidden=600;epochs=10;dropout=0.0|frac=0.25,ml100k,multvae,0.25,2,0.035624402292476,0.073170731707317,,,,,,,64.0,600.0,10.0,0.0,,,
multvae|latent=64;hidden=600;epochs=10;dropout=0.5|frac=0.25,ml100k,multvae,0.25,2,0.031734860835896,0.068928950159066,,,,,,,64.0,600.0,10.0,0.5,,,
multvae|latent=64;hidden=600;epochs=20;dropout=0.0|frac=0.25,ml100k,multvae,0.25,2,0.043268586788835,0.093319194061505,,,,,,,64.0,600.0,20.0,0.0,,,
multvae|latent=64;hidden=600;epochs=20;dropout=0.5|frac=0.25,ml100k,multvae,0.25,2,0.038768103769998,0.08271474019088,,,,,,,64.0,600.0,20.0,0.5,,,
multvae|latent=128;hidden=200;epochs=10;dropout=0.0|frac=0.25,ml100k,multvae,0.25,2,0.023263418865170003,0.048780487804878,,,,,,,128.0,200.0,10.0,0.0,,,
multvae|latent=128;hidden=200;epochs=10;dropout=0.5|frac=0.25,ml100k,multvae,0.25,2,0.014699139129639001,0.031813361611876,,,,,,,128.0,200.0,10.0,0.5,,,
multvae|latent=128;hidden=200;epochs=20;dropout=0.0|frac=0.25,ml100k,multvae,0.25,2,0.035361475016016004,0.078472958642629,,,,,,,128.0,200.0,20.0,0.0,,,
multvae|latent=128;hidden=200;epochs=20;dropout=0.5|frac=0.25,ml100k,multvae,0.25,2,0.029002818099805,0.06256627783669101,,,,,,,128.0,200.0,20.0,0.5,,,
multvae|latent=128;hidden=600;epochs=10;dropout=0.0|frac=0.25,ml100k,multvae,0.25,2,0.032764506860424,0.069989395546129,,,,,,,128.0,600.0,10.0,0.0,,,
multvae|latent=128;hidden=600;epochs=10;dropout=0.5|frac=0.25,ml100k,multvae,0.25,2,0.031112465470667,0.067868504772004,,,,,,,128.0,600.0,10.0,0.5,,,
multvae|latent=128;hidden=600;epochs=20;dropout=0.0|frac=0.25,ml100k,multvae,0.25,2,0.040920025789187006,0.085896076352067,,,,,,,128.0,600.0,20.0,0.0,,,
multvae|latent=128;hidden=600;epochs=20;dropout=0.5|frac=0.25,ml100k,multvae,0.25,2,0.038580445525496006,0.076352067868504,,,,,,,128.0,600.0,20.0,0.5,,,
multvae|latent=32;hidden=200;epochs=10;dropout=0.0|frac=0.5,ml100k,multvae,0.5,2,0.032596001103878,0.064687168610816,,,,,,,32.0,200.0,10.0,0.0,,,
multvae|latent=32;hidden=200;epochs=10;dropout=0.5|frac=0.5,ml100k,multvae,0.5,2,0.031562225784199004,0.063626723223753,,,,,,,32.0,200.0,10.0,0.5,,,
multvae|latent=32;hidden=200;epochs=20;dropout=0.0|frac=0.5,ml100k,multvae,0.5,2,0.034515534971131,0.068928950159066,,,,,,,32.0,200.0,20.0,0.0,,,
multvae|latent=32;hidden=200;epochs=20;dropout=0.5|frac=0.5,ml100k,multvae,0.5,2,0.036070290452066,0.075291622481442,,,,,,,32.0,200.0,20.0,0.5,,,
multvae|latent=32;hidden=600;epochs=10;dropout=0.0|frac=0.5,ml100k,multvae,0.5,2,0.037542334501009,0.074231177094379,,,,,,,32.0,600.0,10.0,0.0,,,
multvae|latent=32;hidden=600;epochs=10;dropout=0.5|frac=0.5,ml100k,multvae,0.5,2,0.034693220541204,0.071049840933191,,,,,,,32.0,600.0,10.0,0.5,,,
multvae|latent=32;hidden=600;epochs=20;dropout=0.0|frac=0.5,ml100k,multvae,0.5,2,0.041991378055338,0.088016967126193,,,,,,,32.0,600.0,20.0,0.0,,,
multvae|latent=32;hidden=600;epochs=20;dropout=0.5|frac=0.5,ml100k,multvae,0.5,2,0.037351272077955,0.080593849416755,,,,,,,32.0,600.0,20.0,0.5,,,
multvae|latent=64;hidden=200;epochs=10;dropout=0.0|frac=0.5,ml100k,multvae,0.5,2,0.037264906788018005,0.066808059384941,,,,,,,64.0,200.0,10.0,0.0,,,
multvae|latent=64;hidden=200;epochs=10;dropout=0.5|frac=0.5,ml100k,multvae,0.5,2,0.034689252949812004,0.067868504772004,,,,,,,64.0,200.0,10.0,0.5,,,
multvae|latent=64;hidden=200;epochs=20;dropout=0.0|frac=0.5,ml100k,multvae,0.5,2,0.037295773387356006,0.074231177094379,,,,,,,64.0,200.0,20.0,0.0,,,
multvae|latent=64;hidden=200;epochs=20;dropout=0.5|frac=0.5,ml100k,multvae,0.5,2,0.035272164481446,0.067868504772004,,,,,,,64.0,200.0,20.0,0.5,,,
multvae|latent=64;hidden=600;epochs=10;dropout=0.0|frac=0.5,ml100k,multvae,0.5,2,0.038426186383712,0.073170731707317,,,,,,,64.0,600.0,10.0,0.0,,,
multvae|latent=64;hidden=600;epochs=10;dropout=0.5|frac=0.5,ml100k,multvae,0.5,2,0.03640798535702,0.076352067868504,,,,,,,64.0,600.0,10.0,0.5,,,
multvae|latent=64;hidden=600;epochs=20;dropout=0.0|frac=0.5,ml100k,multvae,0.5,2,0.039722690106449,0.085896076352067,,,,,,,64.0,600.0,20.0,0.0,,,
multvae|latent=64;hidden=600;epochs=20;dropout=0.5|frac=0.5,ml100k,multvae,0.5,2,0.039597853232082,0.08271474019088,,,,,,,64.0,600.0,20.0,0.5,,,
multvae|latent=128;hidden=200;epochs=10;dropout=0.0|frac=0.5,ml100k,multvae,0.5,2,0.031967972851792,0.063626723223753,,,,,,,128.0,200.0,10.0,0.0,,,
multvae|latent=128;hidden=200;epochs=10;dropout=0.5|frac=0.5,ml100k,multvae,0.5,2,0.030505048249298002,0.063626723223753,,,,,,,128.0,200.0,10.0,0.5,,,
multvae|latent=128;hidden=200;epochs=20;dropout=0.0|frac=0.5,ml100k,multvae,0.5,2,0.037873639759405005,0.076352067868504,,,,,,,128.0,200.0,20.0,0.0,,,
multvae|latent=128;hidden=200;epochs=20;dropout=0.5|frac=0.5,ml100k,multvae,0.5,2,0.037507122126719,0.075291622481442,,,,,,,128.0,200.0,20.0,0.5,,,
multvae|latent=128;hidden=600;epochs=10;dropout=0.0|frac=0.5,ml100k,multvae,0.5,2,0.038544339431164004,0.073170731707317,,,,,,,128.0,600.0,10.0,0.0,,,
multvae|latent=128;hidden=600;epochs=10;dropout=0.5|frac=0.5,ml100k,multvae,0.5,2,0.037501415967085006,0.068928950159066,,,,,,,128.0,600.0,10.0,0.5,,,
multvae|latent=128;hidden=600;epochs=20;dropout=0.0|frac=0.5,ml100k,multvae,0.5,2,0.042398936657641,0.08695652173913,,,,,,,128.0,600.0,20.0,0.0,,,
multvae|latent=128;hidden=600;epochs=20;dropout=0.5|frac=0.5,ml100k,multvae,0.5,2,0.042575359192758004,0.084835630965005,,,,,,,128.0,600.0,20.0,0.5,,,
multvae|latent=32;hidden=200;epochs=10;dropout=0.0|frac=1.0,ml100k,multvae,1.0,2,0.042884120244484,0.09119830328738,,,,,,,32.0,200.0,10.0,0.0,,,
multvae|latent=32;hidden=200;epochs=10;dropout=0.5|frac=1.0,ml100k,multvae,1.0,2,0.036534604534603006,0.077412513255567,,,,,,,32.0,200.0,10.0,0.5,,,
multvae|latent=32;hidden=200;epochs=20;dropout=0.0|frac=1.0,ml100k,multvae,1.0,2,0.047295126569328,0.093319194061505,,,,,,,32.0,200.0,20.0,0.0,,,
multvae|latent=32;hidden=200;epochs=20;dropout=0.5|frac=1.0,ml100k,multvae,1.0,2,0.047700456699127,0.094379639448568,,,,,,,32.0,200.0,20.0,0.5,,,
multvae|latent=32;hidden=600;epochs=10;dropout=0.0|frac=1.0,ml100k,multvae,1.0,2,0.050908561998255004,0.101802757158006,,,,,,,32.0,600.0,10.0,0.0,,,
multvae|latent=32;hidden=600;epochs=10;dropout=0.5|frac=1.0,ml100k,multvae,1.0,2,0.048449777747054,0.098621420996818,,,,,,,32.0,600.0,10.0,0.5,,,
multvae|latent=32;hidden=600;epochs=20;dropout=0.0|frac=1.0,ml100k,multvae,1.0,2,0.05677270180549401,0.11558854718981901,,,,,,,32.0,600.0,20.0,0.0,,,
multvae|latent=32;hidden=600;epochs=20;dropout=0.5|frac=1.0,ml100k,multvae,1.0,2,0.057249174232325006,0.11770943796394401,,,,,,,32.0,600.0,20.0,0.5,,,
multvae|latent=64;hidden=200;epochs=10;dropout=0.0|frac=1.0,ml100k,multvae,1.0,2,0.04328705938592901,0.090137857900318,,,,,,,64.0,200.0,10.0,0.0,,,
multvae|latent=64;hidden=200;epochs=10;dropout=0.5|frac=1.0,ml100k,multvae,1.0,2,0.046586269176678005,0.098621420996818,,,,,,,64.0,200.0,10.0,0.5,,,
multvae|latent=64;hidden=200;epochs=20;dropout=0.0|frac=1.0,ml100k,multvae,1.0,2,0.049522891766006,0.101802757158006,,,,,,,64.0,200.0,20.0,0.0,,,
multvae|latent=64;hidden=200;epochs=20;dropout=0.5|frac=1.0,ml100k,multvae,1.0,2,0.048987577576233,0.099681866383881,,,,,,,64.0,200.0,20.0,0.5,,,
multvae|latent=64;hidden=600;epochs=10;dropout=0.0|frac=1.0,ml100k,multvae,1.0,2,0.05268340112040001,0.101802757158006,,,,,,,64.0,600.0,10.0,0.0,,,
multvae|latent=64;hidden=600;epochs=10;dropout=0.5|frac=1.0,ml100k,multvae,1.0,2,0.050363979551524,0.103923647932131,,,,,,,64.0,600.0,10.0,0.5,,,
multvae|latent=64;hidden=600;epochs=20;dropout=0.0|frac=1.0,ml100k,multvae,1.0,2,0.056578967097999006,0.11346765641569401,,,,,,,64.0,600.0,20.0,0.0,,,
multvae|latent=64;hidden=600;epochs=20;dropout=0.5|frac=1.0,ml100k,multvae,1.0,2,0.054268124795935006,0.112407211028632,,,,,,,64.0,600.0,20.0,0.5,,,
multvae|latent=128;hidden=200;epochs=10;dropout=0.0|frac=1.0,ml100k,multvae,1.0,2,0.04720488223592301,0.099681866383881,,,,,,,128.0,200.0,10.0,0.0,,,
multvae|latent=128;hidden=200;epochs=10;dropout=0.5|frac=1.0,ml100k,multvae,1.0,2,0.040992815271181,0.083775185577942,,,,,,,128.0,200.0,10.0,0.5,,,
multvae|latent=128;hidden=200;epochs=20;dropout=0.0|frac=1.0,ml100k,multvae,1.0,2,0.049884499742563,0.104984093319194,,,,,,,128.0,200.0,20.0,0.0,,,
multvae|latent=128;hidden=200;epochs=20;dropout=0.5|frac=1.0,ml100k,multvae,1.0,2,0.051683457737600004,0.098621420996818,,,,,,,128.0,200.0,20.0,0.5,,,
multvae|latent=128;hidden=600;epochs=10;dropout=0.0|frac=1.0,ml100k,multvae,1.0,2,0.045561557920528004,0.093319194061505,,,,,,,128.0,600.0,10.0,0.0,,,
multvae|latent=128;hidden=600;epochs=10;dropout=0.5|frac=1.0,ml100k,multvae,1.0,2,0.05012066488385,0.098621420996818,,,,,,,128.0,600.0,10.0,0.5,,,
multvae|latent=128;hidden=600;epochs=20;dropout=0.0|frac=1.0,ml100k,multvae,1.0,2,0.055442431630723,0.111346765641569,,,,,,,128.0,600.0,20.0,0.0,,,
multvae|latent=128;hidden=600;epochs=20;dropout=0.5|frac=1.0,ml100k,multvae,1.0,2,0.052705961428169,0.107104984093319,,,,,,,128.0,600.0,20.0,0.5,,,
als|factors=16;epochs=5;regularisation=0.001;alpha=1.0|frac=0.25,luxury_beauty,als,0.25,2,0.028596197011101002,0.05150868637610401,,,16.0,5.0,0.001,1.0,,,,,,,
als|factors=16;epochs=5;regularisation=0.001;alpha=10.0|frac=0.25,luxury_beauty,als,0.25,2,0.08146349415102601,0.160316976531545,,,16.0,5.0,0.001,10.0,,,,,,,
als|factors=16;epochs=5;regularisation=0.001;alpha=40.0|frac=0.25,luxury_beauty,als,0.25,2,0.080176518501904,0.159402621152087,,,16.0,5.0,0.001,40.0,,,,,,,
als|factors=16;epochs=5;regularisation=0.01;alpha=1.0|frac=0.25,luxury_beauty,als,0.25,2,0.028554862028045,0.05150868637610401,,,16.0,5.0,0.01,1.0,,,,,,,
als|factors=16;epochs=5;regularisation=0.01;alpha=10.0|frac=0.25,luxury_beauty,als,0.25,2,0.081047309040468,0.160012191405059,,,16.0,5.0,0.01,10.0,,,,,,,
als|factors=16;epochs=5;regularisation=0.01;alpha=40.0|frac=0.25,luxury_beauty,als,0.25,2,0.08015129051434801,0.16062176165803102,,,16.0,5.0,0.01,40.0,,,,,,,
als|factors=16;epochs=5;regularisation=0.1;alpha=1.0|frac=0.25,luxury_beauty,als,0.25,2,0.028636366225398002,0.051813471502590004,,,16.0,5.0,0.1,1.0,,,,,,,
als|factors=16;epochs=5;regularisation=0.1;alpha=10.0|frac=0.25,luxury_beauty,als,0.25,2,0.08099066204663401,0.160926546784516,,,16.0,5.0,0.1,10.0,,,,,,,
als|factors=16;epochs=5;regularisation=0.1;alpha=40.0|frac=0.25,luxury_beauty,als,0.25,2,0.09419918740075,0.160316976531545,,,16.0,5.0,0.1,40.0,,,,,,,
als|factors=16;epochs=15;regularisation=0.001;alpha=1.0|frac=0.25,luxury_beauty,als,0.25,2,0.033267466576820004,0.06004266991770801,,,16.0,15.0,0.001,1.0,,,,,,,
als|factors=16;epochs=15;regularisation=0.001;alpha=10.0|frac=0.25,luxury_beauty,als,0.25,2,0.09381665251269501,0.180128009753124,,,16.0,15.0,0.001,10.0,,,,,,,
als|factors=16;epochs=15;regularisation=0.001;alpha=40.0|frac=0.25,luxury_beauty,als,0.25,2,0.091765256278654,0.174946662602864,,,16.0,15.0,0.001,40.0,,,,,,,
als|factors=16;epochs=15;regularisation=0.01;alpha=1.0|frac=0.25,luxury_beauty,als,0.25,2,0.033066699620616,0.059433099664736005,,,16.0,15.0,0.01,1.0,,,,,,,
als|factors=16;epochs=15;regularisation=0.01;alpha=10.0|frac=0.25,luxury_beauty,als,0.25,2,0.093605981719728,0.179518439500152,,,16.0,15.0,0.01,10.0,,,,,,,
als|factors=16;epochs=15;regularisation=0.01;alpha=40.0|frac=0.25,luxury_beauty,als,0.25,2,0.091668198601088,0.17555623285583602,,,16.0,15.0,0.01,40.0,,,,,,,
als|factors=16;epochs=15;regularisation=0.1;alpha=1.0|frac=0.25,luxury_beauty,als,0.25,2,0.032957930622593,0.05912831453825,,,16.0,15.0,0.1,1.0,,,,,,,
als|factors=16;epochs=15;regularisation=0.1;alpha=10.0|frac=0.25,luxury_beauty,als,0.25,2,0.093643463561388,0.17982322462663802,,,16.0,15.0,0.1,10.0,,,,,,,
als|factors=16;epochs=15;regularisation=0.1;alpha=40.0|frac=0.25,luxury_beauty,als,0.25,2,0.09257373425405001,0.176775373361779,,,16.0,15.0,0.1,40.0,,,,,,,
als|factors=16;epochs=30;regularisation=0.001;alpha=1.0|frac=0.25,luxury_beauty,als,0.25,2,0.032762457180803,0.057909174032307005,,,16.0,30.0,0.001,1.0,,,,,,,
als|factors=16;epochs=30;regularisation=0.001;alpha=10.0|frac=0.25,luxury_beauty,als,0.25,2,0.099816321951986,0.18439500152392502,,,16.0,30.0,0.001,10.0,,,,,,,
als|factors=16;epochs=30;regularisation=0.001;alpha=40.0|frac=0.25,luxury_beauty,als,0.25,2,0.096771668491736,0.17982322462663802,,,16.0,30.0,0.001,40.0,,,,,,,
als|factors=16;epochs=30;regularisation=0.01;alpha=1.0|frac=0.25,luxury_beauty,als,0.25,2,0.032449132793906,0.057299603779335004,,,16.0,30.0,0.01,1.0,,,,,,,
als|factors=16;epochs=30;regularisation=0.01;alpha=10.0|frac=0.25,luxury_beauty,als,0.25,2,0.099965544727643,0.18500457177689703,,,16.0,30.0,0.01,10.0,,,,,,,
als|factors=16;epochs=30;regularisation=0.01;alpha=40.0|frac=0.25,luxury_beauty,als,0.25,2,0.09708831085880901,0.180128009753124,,,16.0,30.0,0.01,40.0,,,,,,,
als|factors=16;epochs=30;regularisation=0.1;alpha=1.0|frac=0.25,luxury_beauty,als,0.25,2,0.032651038719419004,0.057909174032307005,,,16.0,30.0,0.1,1.0,,,,,,,
als|factors=16;epochs=30;regularisation=0.1;alpha=10.0|frac=0.25,luxury_beauty,als,0.25,2,0.099294740977045,0.18500457177689703,,,16.0,30.0,0.1,10.0,,,,,,,
als|factors=16;epochs=30;regularisation=0.1;alpha=40.0|frac=0.25,luxury_beauty,als,0.25,2,0.09735600031426,0.181042365132581,,,16.0,30.0,0.1,40.0,,,,,,,
als|factors=32;epochs=5;regularisation=0.001;alpha=1.0|frac=0.25,luxury_beauty,als,0.25,2,0.025733055076488,0.04998476074367501,,,32.0,5.0,0.001,1.0,,,,,,,
als|factors=32;epochs=5;regularisation=0.001;alpha=10.0|frac=0.25,luxury_beauty,als,0.25,2,0.068790109608689,0.16336482779640302,,,32.0,5.0,0.001,10.0,,,,,,,
als|factors=32;epochs=5;regularisation=0.001;alpha=40.0|frac=0.25,luxury_beauty,als,0.25,2,0.098179755070465,0.16397439804937503,,,32.0,5.0,0.001,40.0,,,,,,,
als|factors=32;epochs=5;regularisation=0.01;alpha=1.0|frac=0.25,luxury_beauty,als,0.25,2,0.025712999004936003,0.050289545870161004,,,32.0,5.0,0.01,1.0,,,,,,,
als|factors=32;epochs=5;regularisation=0.01;alpha=10.0|frac=0.25,luxury_beauty,als,0.25,2,0.06974490580381901,0.16427918317586102,,,32.0,5.0,0.01,10.0,,,,,,,
als|factors=32;epochs=5;regularisation=0.01;alpha=40.0|frac=0.25,luxury_beauty,als,0.25,2,0.08227538140464201,0.163060042669917,,,32.0,5.0,0.01,40.0,,,,,,,
als|factors=32;epochs=5;regularisation=0.1;alpha=1.0|frac=0.25,luxury_beauty,als,0.25,2,0.026815810510040002,0.051203901249619,,,32.0,5.0,0.1,1.0,,,,,,,
als|factors=32;epochs=5;regularisation=0.1;alpha=10.0|frac=0.25,luxury_beauty,als,0.25,2,0.066385833367693,0.166412679061261,,,32.0,5.0,0.1,10.0,,,,,,,
als|factors=32;epochs=5;regularisation=0.1;alpha=40.0|frac=0.25,luxury_beauty,als,0.25,2,0.07224029917904,0.15879305089911602,,,32.0,5.0,0.1,40.0,,,,,,,
als|factors=32;epochs=15;regularisation=0.001;alpha=1.0|frac=0.25,luxury_beauty,als,0.25,2,0.032823829529536004,0.055775678146906,,,32.0,15.0,0.001,1.0,,,,,,,
als|factors=32;epochs=15;regularisation=0.001;alpha=10.0|frac=0.25,luxury_beauty,als,0.25,2,0.08179813778427801,0.174032307223407,,,32.0,15.0,0.001,10.0,,,,,,,
als|factors=32;epochs=15;regularisation=0.001;alpha=40.0|frac=0.25,luxury_beauty,als,0.25,2,0.091724600416796,0.17464187747637902,,,32.0,15.0,0.001,40.0,,,,,,,
als|factors=32;epochs=15;regularisation=0.01;alpha=1.0|frac=0.25,luxury_beauty,als,0.25,2,0.032740126406953,0.055470893020420006,,,32.0,15.0,0.01,1.0,,,,,,,
als|factors=32;epochs=15;regularisation=0.01;alpha=10.0|frac=0.25,luxury_beauty,als,0.25,2,0.07695644273275301,0.174032307223407,,,32.0,15.0,0.01,10.0,,,,,,,
als|factors=32;epochs=15;regularisation=0.01;alpha=40.0|frac=0.25,luxury_beauty,als,0.25,2,0.091763965280725,0.17464187747637902,,,32.0,15.0,0.01,40.0,,,,,,,
als|factors=32;epochs=15;regularisation=0.1;alpha=1.0|frac=0.25,luxury_beauty,als,0.25,2,0.032448609466879004,0.055470893020420006,,,32.0,15.0,0.1,1.0,,,,,,,
als|factors=32;epochs=15;regularisation=0.1;alpha=10.0|frac=0.25,luxury_beauty,als,0.25,2,0.07713804895352601,0.174337092349893,,,32.0,15.0,0.1,10.0,,,,,,,
als|factors=32;epochs=15;regularisation=0.1;alpha=40.0|frac=0.25,luxury_beauty,als,0.25,2,0.107256108745732,0.17738494361475102,,,32.0,15.0,0.1,40.0,,,,,,,
als|factors=32;epochs=30;regularisation=0.001;alpha=1.0|frac=0.25,luxury_beauty,als,0.25,2,0.033472549640179004,0.056385248399878005,,,32.0,30.0,0.001,1.0,,,,,,,
als|factors=32;epochs=30;regularisation=0.001;alpha=10.0|frac=0.25,luxury_beauty,als,0.25,2,0.084432793381221,0.176775373361779,,,32.0,30.0,0.001,10.0,,,,,,,
als|factors=32;epochs=30;regularisation=0.001;alpha=40.0|frac=0.25,luxury_beauty,als,0.25,2,0.09255927352127001,0.17555623285583602,,,32.0,30.0,0.001,40.0,,,,,,,
als|factors=32;epochs=30;regularisation=0.01;alpha=1.0|frac=0.25,luxury_beauty,als,0.25,2,0.033370150975847,0.05608046327339201,,,32.0,30.0,0.01,1.0,,,,,,,
als|factors=32;epochs=30;regularisation=0.01;alpha=10.0|frac=0.25,luxury_beauty,als,0.25,2,0.08512943020727301,0.17890886924718002,,,32.0,30.0,0.01,10.0,,,,,,,
als|factors=32;epochs=30;regularisation=0.01;alpha=40.0|frac=0.25,luxury_beauty,als,0.25,2,0.09371995907104301,0.17890886924718002,,,32.0,30.0,0.01,40.0,,,,,,,
als|factors=32;epochs=30;regularisation=0.1;alpha=1.0|frac=0.25,luxury_beauty,als,0.25,2,0.033133191731136005,0.05608046327339201,,,32.0,30.0,0.1,1.0,,,,,,,
als|factors=32;epochs=30;regularisation=0.1;alpha=10.0|frac=0.25,luxury_beauty,als,0.25,2,0.082030651626604,0.182871075891496,,,32.0,30.0,0.1,10.0,,,,,,,
als|factors=32;epochs=30;regularisation=0.1;alpha=40.0|frac=0.25,luxury_beauty,als,0.25,2,0.094637094215474,0.17890886924718002,,,32.0,30.0,0.1,40.0,,,,,,,
als|factors=64;epochs=5;regularisation=0.001;alpha=1.0|frac=0.25,luxury_beauty,als,0.25,2,0.022626003116519,0.042060347455044,,,64.0,5.0,0.001,1.0,,,,,,,
als|factors=64;epochs=5;regularisation=0.001;alpha=10.0|frac=0.25,luxury_beauty,als,0.25,2,0.029764219337580004,0.04998476074367501,,,64.0,5.0,0.001,10.0,,,,,,,
als|factors=64;epochs=5;regularisation=0.001;alpha=40.0|frac=0.25,luxury_beauty,als,0.25,2,0.073606835495715,0.16427918317586102,,,64.0,5.0,0.001,40.0,,,,,,,
als|factors=64;epochs=5;regularisation=0.01;alpha=1.0|frac=0.25,luxury_beauty,als,0.25,2,0.022601980288267,0.042060347455044,,,64.0,5.0,0.01,1.0,,,,,,,
als|factors=64;epochs=5;regularisation=0.01;alpha=10.0|frac=0.25,luxury_beauty,als,0.25,2,0.029074971816211003,0.049375190490704005,,,64.0,5.0,0.01,10.0,,,,,,,
als|factors=64;epochs=5;regularisation=0.01;alpha=40.0|frac=0.25,luxury_beauty,als,0.25,2,0.072363016964454,0.16245047241694602,,,64.0,5.0,0.01,40.0,,,,,,,
als|factors=64;epochs=5;regularisation=0.1;alpha=1.0|frac=0.25,luxury_beauty,als,0.25,2,0.021545681770763003,0.039317281316671004,,,64.0,5.0,0.1,1.0,,,,,,,
als|factors=64;epochs=5;regularisation=0.1;alpha=10.0|frac=0.25,luxury_beauty,als,0.25,2,0.028763034495303003,0.049375190490704005,,,64.0,5.0,0.1,10.0,,,,,,,
als|factors=64;epochs=5;regularisation=0.1;alpha=40.0|frac=0.25,luxury_beauty,als,0.25,2,0.025129945188564002,0.043584273087473,,,64.0,5.0,0.1,40.0,,,,,,,
als|factors=64;epochs=15;regularisation=0.001;alpha=1.0|frac=0.25,luxury_beauty,als,0.25,2,0.026436769903174003,0.04754647973178901,,,64.0,15.0,0.001,1.0,,,,,,,
als|factors=64;epochs=15;regularisation=0.001;alpha=10.0|frac=0.25,luxury_beauty,als,0.25,2,0.035284320289142,0.060652240170679,,,64.0,15.0,0.001,10.0,,,,,,,
als|factors=64;epochs=15;regularisation=0.001;alpha=40.0|frac=0.25,luxury_beauty,als,0.25,2,0.078267043458146,0.17311795184395,,,64.0,15.0,0.001,40.0,,,,,,,
als|factors=64;epochs=15;regularisation=0.01;alpha=1.0|frac=0.25,luxury_beauty,als,0.25,2,0.026348914727287003,0.047241694605303,,,64.0,15.0,0.01,1.0,,,,,,,
als|factors=64;epochs=15;regularisation=0.01;alpha=10.0|frac=0.25,luxury_beauty,als,0.25,2,0.035630969554005,0.060957025297165006,,,64.0,15.0,0.01,10.0,,,,,,,
als|factors=64;epochs=15;regularisation=0.01;alpha=40.0|frac=0.25,luxury_beauty,als,0.25,2,0.07769320806523401,0.17189881133800602,,,64.0,15.0,0.01,40.0,,,,,,,
als|factors=64;epochs=15;regularisation=0.1;alpha=1.0|frac=0.25,luxury_beauty,als,0.25,2,0.026298887995577003,0.047241694605303,,,64.0,15.0,0.1,1.0,,,,,,,
als|factors=64;epochs=15;regularisation=0.1;alpha=10.0|frac=0.25,luxury_beauty,als,0.25,2,0.035069621196079,0.059737884791222,,,64.0,15.0,0.1,10.0,,,,,,,
als|factors=64;epochs=15;regularisation=0.1;alpha=40.0|frac=0.25,luxury_beauty,als,0.25,2,0.07600602658614401,0.16854617494666202,,,64.0,15.0,0.1,40.0,,,,,,,
als|factors=64;epochs=30;regularisation=0.001;alpha=1.0|frac=0.25,luxury_beauty,als,0.25,2,0.028496446224965003,0.046632124352331,,,64.0,30.0,0.001,1.0,,,,,,,
als|factors=64;epochs=30;regularisation=0.001;alpha=10.0|frac=0.25,luxury_beauty,als,0.25,2,0.035759946141458006,0.060957025297165006,,,64.0,30.0,0.001,10.0,,,,,,,
als|factors=64;epochs=30;regularisation=0.001;alpha=40.0|frac=0.25,luxury_beauty,als,0.25,2,0.07769726530511101,0.17098445595854903,,,64.0,30.0,0.001,40.0,,,,,,,
als|factors=64;epochs=30;regularisation=0.01;alpha=1.0|frac=0.25,luxury_beauty,als,0.25,2,0.028570066458556004,0.046632124352331,,,64.0,30.0,0.01,1.0,,,,,,,
als|factors=64;epochs=30;regularisation=0.01;alpha=10.0|frac=0.25,luxury_beauty,als,0.25,2,0.035281973275925,0.06004266991770801,,,64.0,30.0,0.01,10.0,,,,,,,
als|factors=64;epochs=30;regularisation=0.01;alpha=40.0|frac=0.25,luxury_beauty,als,0.25,2,0.077508678846555,0.17159402621152,,,64.0,30.0,0.01,40.0,,,,,,,
als|factors=64;epochs=30;regularisation=0.1;alpha=1.0|frac=0.25,luxury_beauty,als,0.25,2,0.028186286205222,0.046327339225845005,,,64.0,30.0,0.1,1.0,,,,,,,
als|factors=64;epochs=30;regularisation=0.1;alpha=10.0|frac=0.25,luxury_beauty,als,0.25,2,0.034799070862038005,0.05851874428527801,,,64.0,30.0,0.1,10.0,,,,,,,
als|factors=64;epochs=30;regularisation=0.1;alpha=40.0|frac=0.25,luxury_beauty,als,0.25,2,0.07794373675150401,0.17281316671746402,,,64.0,30.0,0.1,40.0,,,,,,,
als|factors=128;epochs=5;regularisation=0.001;alpha=1.0|frac=0.25,luxury_beauty,als,0.25,2,0.018182137603367,0.032002438281011,,,128.0,5.0,0.001,1.0,,,,,,,
als|factors=128;epochs=5;regularisation=0.001;alpha=10.0|frac=0.25,luxury_beauty,als,0.25,2,0.028222475090435004,0.047851264858274005,,,128.0,5.0,0.001,10.0,,,,,,,
als|factors=128;epochs=5;regularisation=0.001;alpha=40.0|frac=0.25,luxury_beauty,als,0.25,2,0.028852302412499004,0.046936909478817006,,,128.0,5.0,0.001,40.0,,,,,,,
als|factors=128;epochs=5;regularisation=0.01;alpha=1.0|frac=0.25,luxury_beauty,als,0.25,2,0.018084711266770002,0.031697653154526,,,128.0,5.0,0.01,1.0,,,,,,,
als|factors=128;epochs=5;regularisation=0.01;alpha=10.0|frac=0.25,luxury_beauty,als,0.25,2,0.027912945989871003,0.047241694605303,,,128.0,5.0,0.01,10.0,,,,,,,
als|factors=128;epochs=5;regularisation=0.01;alpha=40.0|frac=0.25,luxury_beauty,als,0.25,2,0.027371562122591002,0.044803413593416004,,,128.0,5.0,0.01,40.0,,,,,,,
als|factors=128;epochs=5;regularisation=0.1;alpha=1.0|frac=0.25,luxury_beauty,als,0.25,2,0.017660894684660002,0.030478512648582003,,,128.0,5.0,0.1,1.0,,,,,,,
als|factors=128;epochs=5;regularisation=0.1;alpha=10.0|frac=0.25,luxury_beauty,als,0.25,2,0.025696380847038004,0.045108198719902,,,128.0,5.0,0.1,10.0,,,,,,,
als|factors=128;epochs=5;regularisation=0.1;alpha=40.0|frac=0.25,luxury_beauty,als,0.25,2,0.024140757821949,0.040536421822615,,,128.0,5.0,0.1,40.0,,,,,,,
als|factors=128;epochs=15;regularisation=0.001;alpha=1.0|frac=0.25,luxury_beauty,als,0.25,2,0.019897172370267002,0.036269430051813004,,,128.0,15.0,0.001,1.0,,,,,,,
als|factors=128;epochs=15;regularisation=0.001;alpha=10.0|frac=0.25,luxury_beauty,als,0.25,2,0.028165384050579,0.04754647973178901,,,128.0,15.0,0.001,10.0,,,,,,,
als|factors=128;epochs=15;regularisation=0.001;alpha=40.0|frac=0.25,luxury_beauty,als,0.25,2,0.029789259855043004,0.050594330996647,,,128.0,15.0,0.001,40.0,,,,,,,
als|factors=128;epochs=15;regularisation=0.01;alpha=1.0|frac=0.25,luxury_beauty,als,0.25,2,0.019734049462259002,0.035659859798841,,,128.0,15.0,0.01,1.0,,,,,,,
als|factors=128;epochs=15;regularisation=0.01;alpha=10.0|frac=0.25,luxury_beauty,als,0.25,2,0.027982668539493,0.046936909478817006,,,128.0,15.0,0.01,10.0,,,,,,,
als|factors=128;epochs=15;regularisation=0.01;alpha=40.0|frac=0.25,luxury_beauty,als,0.25,2,0.028857439360815,0.049679975617189,,,128.0,15.0,0.01,40.0,,,,,,,
als|factors=128;epochs=15;regularisation=0.1;alpha=1.0|frac=0.25,luxury_beauty,als,0.25,2,0.019690762680142002,0.035659859798841,,,128.0,15.0,0.1,1.0,,,,,,,
als|factors=128;epochs=15;regularisation=0.1;alpha=10.0|frac=0.25,luxury_beauty,als,0.25,2,0.02760757870107,0.046327339225845005,,,128.0,15.0,0.1,10.0,,,,,,,
als|factors=128;epochs=15;regularisation=0.1;alpha=40.0|frac=0.25,luxury_beauty,als,0.25,2,0.027254201331485,0.046327339225845005,,,128.0,15.0,0.1,40.0,,,,,,,
als|factors=128;epochs=30;regularisation=0.001;alpha=1.0|frac=0.25,luxury_beauty,als,0.25,2,0.020469403365356003,0.037793355684242004,,,128.0,30.0,0.001,1.0,,,,,,,
als|factors=128;epochs=30;regularisation=0.001;alpha=10.0|frac=0.25,luxury_beauty,als,0.25,2,0.030605315857098,0.053642182261505,,,128.0,30.0,0.001,10.0,,,,,,,
als|factors=128;epochs=30;regularisation=0.001;alpha=40.0|frac=0.25,luxury_beauty,als,0.25,2,0.033714322783454,0.05851874428527801,,,128.0,30.0,0.001,40.0,,,,,,,
als|factors=128;epochs=30;regularisation=0.01;alpha=1.0|frac=0.25,luxury_beauty,als,0.25,2,0.020250720187246003,0.03718378543127,,,128.0,30.0,0.01,1.0,,,,,,,
als|factors=128;epochs=30;regularisation=0.01;alpha=10.0|frac=0.25,luxury_beauty,als,0.25,2,0.030440813802126,0.053337397135019005,,,128.0,30.0,0.01,10.0,,,,,,,
als|factors=128;epochs=30;regularisation=0.01;alpha=40.0|frac=0.25,luxury_beauty,als,0.25,2,0.032455364905917,0.05699481865284901,,,128.0,30.0,0.01,40.0,,,,,,,
als|factors=128;epochs=30;regularisation=0.1;alpha=1.0|frac=0.25,luxury_beauty,als,0.25,2,0.020150936709181,0.036574215178299,,,128.0,30.0,0.1,1.0,,,,,,,
als|factors=128;epochs=30;regularisation=0.1;alpha=10.0|frac=0.25,luxury_beauty,als,0.25,2,0.030421054848922,0.053337397135019005,,,128.0,30.0,0.1,10.0,,,,,,,
als|factors=128;epochs=30;regularisation=0.1;alpha=40.0|frac=0.25,luxury_beauty,als,0.25,2,0.030722103471533,0.051813471502590004,,,128.0,30.0,0.1,40.0,,,,,,,
als|factors=16;epochs=5;regularisation=0.001;alpha=1.0|frac=0.5,luxury_beauty,als,0.5,2,0.09847237616939501,0.178604084120694,,,16.0,5.0,0.001,1.0,,,,,,,
als|factors=16;epochs=5;regularisation=0.001;alpha=10.0|frac=0.5,luxury_beauty,als,0.5,2,0.11325695481653401,0.202986894239561,,,16.0,5.0,0.001,10.0,,,,,,,
als|factors=16;epochs=5;regularisation=0.001;alpha=40.0|frac=0.5,luxury_beauty,als,0.5,2,0.10811490501548601,0.19902468759524503,,,16.0,5.0,0.001,40.0,,,,,,,
als|factors=16;epochs=5;regularisation=0.01;alpha=1.0|frac=0.5,luxury_beauty,als,0.5,2,0.098502044936459,0.178604084120694,,,16.0,5.0,0.01,1.0,,,,,,,
als|factors=16;epochs=5;regularisation=0.01;alpha=10.0|frac=0.5,luxury_beauty,als,0.5,2,0.11339394843764801,0.202986894239561,,,16.0,5.0,0.01,10.0,,,,,,,
als|factors=16;epochs=5;regularisation=0.01;alpha=40.0|frac=0.5,luxury_beauty,als,0.5,2,0.10923530495915901,0.19932947272173102,,,16.0,5.0,0.01,40.0,,,,,,,
als|factors=16;epochs=5;regularisation=0.1;alpha=1.0|frac=0.5,luxury_beauty,als,0.5,2,0.098435236071648,0.17829929899420902,,,16.0,5.0,0.1,1.0,,,,,,,
als|factors=16;epochs=5;regularisation=0.1;alpha=10.0|frac=0.5,luxury_beauty,als,0.5,2,0.112436966141309,0.20268210911307502,,,16.0,5.0,0.1,10.0,,,,,,,
als|factors=16;epochs=5;regularisation=0.1;alpha=40.0|frac=0.5,luxury_beauty,als,0.5,2,0.109862038380291,0.20085339835416002,,,16.0,5.0,0.1,40.0,,,,,,,
als|factors=16;epochs=15;regularisation=0.001;alpha=1.0|frac=0.5,luxury_beauty,als,0.5,2,0.10247292696168,0.19049070405364202,,,16.0,15.0,0.001,1.0,,,,,,,
als|factors=16;epochs=15;regularisation=0.001;alpha=10.0|frac=0.5,luxury_beauty,als,0.5,2,0.12077505913585601,0.22340749771411103,,,16.0,15.0,0.001,10.0,,,,,,,
als|factors=16;epochs=15;regularisation=0.001;alpha=40.0|frac=0.5,luxury_beauty,als,0.5,2,0.125494159402145,0.23407497714111503,,,16.0,15.0,0.001,40.0,,,,,,,
als|factors=16;epochs=15;regularisation=0.01;alpha=1.0|frac=0.5,luxury_beauty,als,0.5,2,0.102490683326191,0.19049070405364202,,,16.0,15.0,0.01,1.0,,,,,,,
als|factors=16;epochs=15;regularisation=0.01;alpha=10.0|frac=0.5,luxury_beauty,als,0.5,2,0.12100527740568101,0.22371228284059702,,,16.0,15.0,0.01,10.0,,,,,,,
als|factors=16;epochs=15;regularisation=0.01;alpha=40.0|frac=0.5,luxury_beauty,als,0.5,2,0.125587081717269,0.23346540688814302,,,16.0,15.0,0.01,40.0,,,,,,,
als|factors=16;epochs=15;regularisation=0.1;alpha=1.0|frac=0.5,luxury_beauty,als,0.5,2,0.10271046631975601,0.190795489180128,,,16.0,15.0,0.1,1.0,,,,,,,
als|factors=16;epochs=15;regularisation=0.1;alpha=10.0|frac=0.5,luxury_beauty,als,0.5,2,0.12092637344821901,0.22371228284059702,,,16.0,15.0,0.1,10.0,,,,,,,
als|factors=16;epochs=15;regularisation=0.1;alpha=40.0|frac=0.5,luxury_beauty,als,0.5,2,0.12699463960391302,0.23072234074977102,,,16.0,15.0,0.1,40.0,,,,,,,
als|factors=16;epochs=30;regularisation=0.001;alpha=1.0|frac=0.5,luxury_beauty,als,0.5,2,0.10126049649106901,0.194148125571472,,,16.0,30.0,0.001,1.0,,,,,,,
als|factors=16;epochs=30;regularisation=0.001;alpha=10.0|frac=0.5,luxury_beauty,als,0.5,2,0.122715227549141,0.23163669612922802,,,16.0,30.0,0.001,10.0,,,,,,,
als|factors=16;epochs=30;regularisation=0.001;alpha=40.0|frac=0.5,luxury_beauty,als,0.5,2,0.127560388414835,0.23834196891191703,,,16.0,30.0,0.001,40.0,,,,,,,
als|factors=16;epochs=30;regularisation=0.01;alpha=1.0|frac=0.5,luxury_beauty,als,0.5,2,0.101094773280128,0.19384334044498602,,,16.0,30.0,0.01,1.0,,,,,,,
als|factors=16;epochs=30;regularisation=0.01;alpha=10.0|frac=0.5,luxury_beauty,als,0.5,2,0.12277249013578401,0.231941481255714,,,16.0,30.0,0.01,10.0,,,,,,,
als|factors=16;epochs=30;regularisation=0.01;alpha=40.0|frac=0.5,luxury_beauty,als,0.5,2,0.119851288163278,0.23681804327948702,,,16.0,30.0,0.01,40.0,,,,,,,
als|factors=16;epochs=30;regularisation=0.1;alpha=1.0|frac=0.5,luxury_beauty,als,0.5,2,0.10103563179444501,0.1935385553185,,,16.0,30.0,0.1,1.0,,,,,,,
als|factors=16;epochs=30;regularisation=0.1;alpha=10.0|frac=0.5,luxury_beauty,als,0.5,2,0.122423091957192,0.231027125876257,,,16.0,30.0,0.1,10.0,,,,,,,
als|factors=16;epochs=30;regularisation=0.1;alpha=40.0|frac=0.5,luxury_beauty,als,0.5,2,0.11954039447957102,0.236208473026516,,,16.0,30.0,0.1,40.0,,,,,,,
als|factors=32;epochs=5;regularisation=0.001;alpha=1.0|frac=0.5,luxury_beauty,als,0.5,2,0.10498959949074901,0.18683328253581202,,,32.0,5.0,0.001,1.0,,,,,,,
als|factors=32;epochs=5;regularisation=0.001;alpha=10.0|frac=0.5,luxury_beauty,als,0.5,2,0.1204455572555,0.21639743980493703,,,32.0,5.0,0.001,10.0,,,,,,,
als|factors=32;epochs=5;regularisation=0.001;alpha=40.0|frac=0.5,luxury_beauty,als,0.5,2,0.11715782498487301,0.21152087778116402,,,32.0,5.0,0.001,40.0,,,,,,,
als|factors=32;epochs=5;regularisation=0.01;alpha=1.0|frac=0.5,luxury_beauty,als,0.5,2,0.10505887992801301,0.187138067662298,,,32.0,5.0,0.01,1.0,,,,,,,
als|factors=32;epochs=5;regularisation=0.01;alpha=10.0|frac=0.5,luxury_beauty,als,0.5,2,0.12066003983869301,0.21639743980493703,,,32.0,5.0,0.01,10.0,,,,,,,
als|factors=32;epochs=5;regularisation=0.01;alpha=40.0|frac=0.5,luxury_beauty,als,0.5,2,0.11713446378117101,0.21152087778116402,,,32.0,5.0,0.01,40.0,,,,,,,
als|factors=32;epochs=5;regularisation=0.1;alpha=1.0|frac=0.5,luxury_beauty,als,0.5,2,0.10508031762475901,0.18774763791526902,,,32.0,5.0,0.1,1.0,,,,,,,
als|factors=32;epochs=5;regularisation=0.1;alpha=10.0|frac=0.5,luxury_beauty,als,0.5,2,0.12010152954965,0.21578786955196502,,,32.0,5.0,0.1,10.0,,,,,,,
als|factors=32;epochs=5;regularisation=0.1;alpha=40.0|frac=0.5,luxury_beauty,als,0.5,2,0.117010309235668,0.21121609265467803,,,32.0,5.0,0.1,40.0,,,,,,,
als|factors=32;epochs=15;regularisation=0.001;alpha=1.0|frac=0.5,luxury_beauty,als,0.5,2,0.10656390108427201,0.191709844559585,,,32.0,15.0,0.001,1.0,,,,,,,
als|factors=32;epochs=15;regularisation=0.001;alpha=10.0|frac=0.5,luxury_beauty,als,0.5,2,0.126404937314508,0.236208473026516,,,32.0,15.0,0.001,10.0,,,,,,,
als|factors=32;epochs=15;regularisation=0.001;alpha=40.0|frac=0.5,luxury_beauty,als,0.5,2,0.12918754761839701,0.23437976226760102,,,32.0,15.0,0.001,40.0,,,,,,,
als|factors=32;epochs=15;regularisation=0.01;alpha=1.0|frac=0.5,luxury_beauty,als,0.5,2,0.106650957241203,0.19201462968607103,,,32.0,15.0,0.01,1.0,,,,,,,
als|factors=32;epochs=15;regularisation=0.01;alpha=10.0|frac=0.5,luxury_beauty,als,0.5,2,0.126650344347318,0.23651325815300203,,,32.0,15.0,0.01,10.0,,,,,,,
als|factors=32;epochs=15;regularisation=0.01;alpha=40.0|frac=0.5,luxury_beauty,als,0.5,2,0.12968073345196102,0.23498933252057302,,,32.0,15.0,0.01,40.0,,,,,,,
als|factors=32;epochs=15;regularisation=0.1;alpha=1.0|frac=0.5,luxury_beauty,als,0.5,2,0.10636617498920001,0.191709844559585,,,32.0,15.0,0.1,1.0,,,,,,,
als|factors=32;epochs=15;regularisation=0.1;alpha=10.0|frac=0.5,luxury_beauty,als,0.5,2,0.126733229331902,0.23529411764705802,,,32.0,15.0,0.1,10.0,,,,,,,
als|factors=32;epochs=15;regularisation=0.1;alpha=40.0|frac=0.5,luxury_beauty,als,0.5,2,0.13016967559519202,0.23529411764705802,,,32.0,15.0,0.1,40.0,,,,,,,
als|factors=32;epochs=30;regularisation=0.001;alpha=1.0|frac=0.5,luxury_beauty,als,0.5,2,0.108021526435133,0.194452910697957,,,32.0,30.0,0.001,1.0,,,,,,,
als|factors=32;epochs=30;regularisation=0.001;alpha=10.0|frac=0.5,luxury_beauty,als,0.5,2,0.125544429640079,0.23742761353245903,,,32.0,30.0,0.001,10.0,,,,,,,
als|factors=32;epochs=30;regularisation=0.001;alpha=40.0|frac=0.5,luxury_beauty,als,0.5,2,0.130005339775458,0.23925632429137403,,,32.0,30.0,0.001,40.0,,,,,,,
als|factors=32;epochs=30;regularisation=0.01;alpha=1.0|frac=0.5,luxury_beauty,als,0.5,2,0.10825550088593401,0.195367266077415,,,32.0,30.0,0.01,1.0,,,,,,,
als|factors=32;epochs=30;regularisation=0.01;alpha=10.0|frac=0.5,luxury_beauty,als,0.5,2,0.126029678562496,0.23864675403840202,,,32.0,30.0,0.01,10.0,,,,,,,
als|factors=32;epochs=30;regularisation=0.01;alpha=40.0|frac=0.5,luxury_beauty,als,0.5,2,0.130940328733328,0.239865894544346,,,32.0,30.0,0.01,40.0,,,,,,,
als|factors=32;epochs=30;regularisation=0.1;alpha=1.0|frac=0.5,luxury_beauty,als,0.5,2,0.10835642819299501,0.196281621456872,,,32.0,30.0,0.1,1.0,,,,,,,
als|factors=32;epochs=30;regularisation=0.1;alpha=10.0|frac=0.5,luxury_beauty,als,0.5,2,0.126041207396199,0.23956110941786002,,,32.0,30.0,0.1,10.0,,,,,,,
als|factors=32;epochs=30;regularisation=0.1;alpha=40.0|frac=0.5,luxury_beauty,als,0.5,2,0.13152890703372402,0.238951539164888,,,32.0,30.0,0.1,40.0,,,,,,,
als|factors=64;epochs=5;regularisation=0.001;alpha=1.0|frac=0.5,luxury_beauty,als,0.5,2,0.05750777778770701,0.085035050289545,,,64.0,5.0,0.001,1.0,,,,,,,
als|factors=64;epochs=5;regularisation=0.001;alpha=10.0|frac=0.5,luxury_beauty,als,0.5,2,0.12159749607506101,0.22645534897896902,,,64.0,5.0,0.001,10.0,,,,,,,
als|factors=64;epochs=5;regularisation=0.001;alpha=40.0|frac=0.5,luxury_beauty,als,0.5,2,0.11792353977005501,0.21944529106979502,,,64.0,5.0,0.001,40.0,,,,,,,
als|factors=64;epochs=5;regularisation=0.01;alpha=1.0|frac=0.5,luxury_beauty,als,0.5,2,0.058312410527162004,0.085339835416031,,,64.0,5.0,0.01,1.0,,,,,,,
als|factors=64;epochs=5;regularisation=0.01;alpha=10.0|frac=0.5,luxury_beauty,als,0.5,2,0.11865443876515201,0.21731179518439503,,,64.0,5.0,0.01,10.0,,,,,,,
als|factors=64;epochs=5;regularisation=0.01;alpha=40.0|frac=0.5,luxury_beauty,als,0.5,2,0.118469729102189,0.22035964644925302,,,64.0,5.0,0.01,40.0,,,,,,,
als|factors=64;epochs=5;regularisation=0.1;alpha=1.0|frac=0.5,luxury_beauty,als,0.5,2,0.058092877720256,0.08473026516306001,,,64.0,5.0,0.1,1.0,,,,,,,
als|factors=64;epochs=5;regularisation=0.1;alpha=10.0|frac=0.5,luxury_beauty,als,0.5,2,0.11718864334343301,0.212740018287107,,,64.0,5.0,0.1,10.0,,,,,,,
als|factors=64;epochs=5;regularisation=0.1;alpha=40.0|frac=0.5,luxury_beauty,als,0.5,2,0.11406253659770602,0.21578786955196502,,,64.0,5.0,0.1,40.0,,,,,,,
als|factors=64;epochs=15;regularisation=0.001;alpha=1.0|frac=0.5,luxury_beauty,als,0.5,2,0.060978162969186005,0.09509295946357801,,,64.0,15.0,0.001,1.0,,,,,,,
als|factors=64;epochs=15;regularisation=0.001;alpha=10.0|frac=0.5,luxury_beauty,als,0.5,2,0.12472056277057302,0.22706491923194103,,,64.0,15.0,0.001,10.0,,,,,,,
als|factors=64;epochs=15;regularisation=0.001;alpha=40.0|frac=0.5,luxury_beauty,als,0.5,2,0.12498777086236601,0.23346540688814302,,,64.0,15.0,0.001,40.0,,,,,,,
als|factors=64;epochs=15;regularisation=0.01;alpha=1.0|frac=0.5,luxury_beauty,als,0.5,2,0.060929704035453,0.09509295946357801,,,64.0,15.0,0.01,1.0,,,,,,,
als|factors=64;epochs=15;regularisation=0.01;alpha=10.0|frac=0.5,luxury_beauty,als,0.5,2,0.12389941777893301,0.22554099359951202,,,64.0,15.0,0.01,10.0,,,,,,,
als|factors=64;epochs=15;regularisation=0.01;alpha=40.0|frac=0.5,luxury_beauty,als,0.5,2,0.124014276751208,0.23437976226760102,,,64.0,15.0,0.01,40.0,,,,,,,
als|factors=64;epochs=15;regularisation=0.1;alpha=1.0|frac=0.5,luxury_beauty,als,0.5,2,0.060923244301302006,0.09509295946357801,,,64.0,15.0,0.1,1.0,,,,,,,
als|factors=64;epochs=15;regularisation=0.1;alpha=10.0|frac=0.5,luxury_beauty,als,0.5,2,0.12364585798482501,0.22493142334654,,,64.0,15.0,0.1,10.0,,,,,,,
als|factors=64;epochs=15;regularisation=0.1;alpha=40.0|frac=0.5,luxury_beauty,als,0.5,2,0.12046247073527301,0.22706491923194103,,,64.0,15.0,0.1,40.0,,,,,,,
als|factors=64;epochs=30;regularisation=0.001;alpha=1.0|frac=0.5,luxury_beauty,als,0.5,2,0.09893101403949801,0.20268210911307502,,,64.0,30.0,0.001,1.0,,,,,,,
als|factors=64;epochs=30;regularisation=0.001;alpha=10.0|frac=0.5,luxury_beauty,als,0.5,2,0.12287336090488,0.22371228284059702,,,64.0,30.0,0.001,10.0,,,,,,,
als|factors=64;epochs=30;regularisation=0.001;alpha=40.0|frac=0.5,luxury_beauty,als,0.5,2,0.12500222483619902,0.23651325815300203,,,64.0,30.0,0.001,40.0,,,,,,,
als|factors=64;epochs=30;regularisation=0.01;alpha=1.0|frac=0.5,luxury_beauty,als,0.5,2,0.098844989782866,0.202377323986589,,,64.0,30.0,0.01,1.0,,,,,,,
als|factors=64;epochs=30;regularisation=0.01;alpha=10.0|frac=0.5,luxury_beauty,als,0.5,2,0.122716932884825,0.22371228284059702,,,64.0,30.0,0.01,10.0,,,,,,,
als|factors=64;epochs=30;regularisation=0.01;alpha=40.0|frac=0.5,luxury_beauty,als,0.5,2,0.12416395253663601,0.234684547394087,,,64.0,30.0,0.01,40.0,,,,,,,
als|factors=64;epochs=30;regularisation=0.1;alpha=1.0|frac=0.5,luxury_beauty,als,0.5,2,0.102327110215364,0.202986894239561,,,64.0,30.0,0.1,1.0,,,,,,,
als|factors=64;epochs=30;regularisation=0.1;alpha=10.0|frac=0.5,luxury_beauty,als,0.5,2,0.12271791908022901,0.22371228284059702,,,64.0,30.0,0.1,10.0,,,,,,,
als|factors=64;epochs=30;regularisation=0.1;alpha=40.0|frac=0.5,luxury_beauty,als,0.5,2,0.12381599650922401,0.23437976226760102,,,64.0,30.0,0.1,40.0,,,,,,,
als|factors=128;epochs=5;regularisation=0.001;alpha=1.0|frac=0.5,luxury_beauty,als,0.5,2,0.05635616387889401,0.09692167022249301,,,128.0,5.0,0.001,1.0,,,,,,,
als|factors=128;epochs=5;regularisation=0.001;alpha=10.0|frac=0.5,luxury_beauty,als,0.5,2,0.112729953104873,0.205729960377933,,,128.0,5.0,0.001,10.0,,,,,,,
als|factors=128;epochs=5;regularisation=0.001;alpha=40.0|frac=0.5,luxury_beauty,als,0.5,2,0.108783678618196,0.20420603474550403,,,128.0,5.0,0.001,40.0,,,,,,,
als|factors=128;epochs=5;regularisation=0.01;alpha=1.0|frac=0.5,luxury_beauty,als,0.5,2,0.056228853347187004,0.09692167022249301,,,128.0,5.0,0.01,1.0,,,,,,,
als|factors=128;epochs=5;regularisation=0.01;alpha=10.0|frac=0.5,luxury_beauty,als,0.5,2,0.112225222775021,0.205729960377933,,,128.0,5.0,0.01,10.0,,,,,,,
als|factors=128;epochs=5;regularisation=0.01;alpha=40.0|frac=0.5,luxury_beauty,als,0.5,2,0.10770200719775701,0.202377323986589,,,128.0,5.0,0.01,40.0,,,,,,,
als|factors=128;epochs=5;regularisation=0.1;alpha=1.0|frac=0.5,luxury_beauty,als,0.5,2,0.05605716876465901,0.09661688509600701,,,128.0,5.0,0.1,1.0,,,,,,,
als|factors=128;epochs=5;regularisation=0.1;alpha=10.0|frac=0.5,luxury_beauty,als,0.5,2,0.11120754341765501,0.20542517525144702,,,128.0,5.0,0.1,10.0,,,,,,,
als|factors=128;epochs=5;regularisation=0.1;alpha=40.0|frac=0.5,luxury_beauty,als,0.5,2,0.10431657495947101,0.19719597683633003,,,128.0,5.0,0.1,40.0,,,,,,,
als|factors=128;epochs=15;regularisation=0.001;alpha=1.0|frac=0.5,luxury_beauty,als,0.5,2,0.058828782843035006,0.102407802499238,,,128.0,15.0,0.001,1.0,,,,,,,
als|factors=128;epochs=15;regularisation=0.001;alpha=10.0|frac=0.5,luxury_beauty,als,0.5,2,0.11481846339138702,0.21182566290765,,,128.0,15.0,0.001,10.0,,,,,,,
als|factors=128;epochs=15;regularisation=0.001;alpha=40.0|frac=0.5,luxury_beauty,als,0.5,2,0.112966122911515,0.21060652240170602,,,128.0,15.0,0.001,40.0,,,,,,,
als|factors=128;epochs=15;regularisation=0.01;alpha=1.0|frac=0.5,luxury_beauty,als,0.5,2,0.05861777800013201,0.10210301737275201,,,128.0,15.0,0.01,1.0,,,,,,,
als|factors=128;epochs=15;regularisation=0.01;alpha=10.0|frac=0.5,luxury_beauty,als,0.5,2,0.11420580735152501,0.20969216702224902,,,128.0,15.0,0.01,10.0,,,,,,,
als|factors=128;epochs=15;regularisation=0.01;alpha=40.0|frac=0.5,luxury_beauty,als,0.5,2,0.11259343126784001,0.209387381895763,,,128.0,15.0,0.01,40.0,,,,,,,
als|factors=128;epochs=15;regularisation=0.1;alpha=1.0|frac=0.5,luxury_beauty,als,0.5,2,0.058659959751048006,0.10149344711978,,,128.0,15.0,0.1,1.0,,,,,,,
als|factors=128;epochs=15;regularisation=0.1;alpha=10.0|frac=0.5,luxury_beauty,als,0.5,2,0.11446656055642701,0.20969216702224902,,,128.0,15.0,0.1,10.0,,,,,,,
als|factors=128;epochs=15;regularisation=0.1;alpha=40.0|frac=0.5,luxury_beauty,als,0.5,2,0.11106172160493201,0.206644315757391,,,128.0,15.0,0.1,40.0,,,,,,,
als|factors=128;epochs=30;regularisation=0.001;alpha=1.0|frac=0.5,luxury_beauty,als,0.5,2,0.05710836449666801,0.097531240475464,,,128.0,30.0,0.001,1.0,,,,,,,
als|factors=128;epochs=30;regularisation=0.001;alpha=10.0|frac=0.5,luxury_beauty,als,0.5,2,0.11434415438861001,0.21030173727522003,,,128.0,30.0,0.001,10.0,,,,,,,
als|factors=128;epochs=30;regularisation=0.001;alpha=40.0|frac=0.5,luxury_beauty,als,0.5,2,0.112279804099183,0.20786345626333402,,,128.0,30.0,0.001,40.0,,,,,,,
als|factors=128;epochs=30;regularisation=0.01;alpha=1.0|frac=0.5,luxury_beauty,als,0.5,2,0.057165164195943,0.097531240475464,,,128.0,30.0,0.01,1.0,,,,,,,
als|factors=128;epochs=30;regularisation=0.01;alpha=10.0|frac=0.5,luxury_beauty,als,0.5,2,0.11403241192212801,0.209387381895763,,,128.0,30.0,0.01,10.0,,,,,,,
als|factors=128;epochs=30;regularisation=0.01;alpha=40.0|frac=0.5,luxury_beauty,als,0.5,2,0.11139995210023701,0.20816824138982,,,128.0,30.0,0.01,40.0,,,,,,,
als|factors=128;epochs=30;regularisation=0.1;alpha=1.0|frac=0.5,luxury_beauty,als,0.5,2,0.057303748897448006,0.098140810728436,,,128.0,30.0,0.1,1.0,,,,,,,
als|factors=128;epochs=30;regularisation=0.1;alpha=10.0|frac=0.5,luxury_beauty,als,0.5,2,0.113914903483757,0.209082596769277,,,128.0,30.0,0.1,10.0,,,,,,,
als|factors=128;epochs=30;regularisation=0.1;alpha=40.0|frac=0.5,luxury_beauty,als,0.5,2,0.11142307807729501,0.20786345626333402,,,128.0,30.0,0.1,40.0,,,,,,,
als|factors=16;epochs=5;regularisation=0.001;alpha=1.0|frac=1.0,luxury_beauty,als,1.0,2,0.135159846946577,0.223102712587625,,,16.0,5.0,0.001,1.0,,,,,,,
als|factors=16;epochs=5;regularisation=0.001;alpha=10.0|frac=1.0,luxury_beauty,als,1.0,2,0.142663860450297,0.234684547394087,,,16.0,5.0,0.001,10.0,,,,,,,
als|factors=16;epochs=5;regularisation=0.001;alpha=40.0|frac=1.0,luxury_beauty,als,1.0,2,0.14103729110257301,0.23651325815300203,,,16.0,5.0,0.001,40.0,,,,,,,
als|factors=16;epochs=5;regularisation=0.01;alpha=1.0|frac=1.0,luxury_beauty,als,1.0,2,0.135272334068317,0.223102712587625,,,16.0,5.0,0.01,1.0,,,,,,,
als|factors=16;epochs=5;regularisation=0.01;alpha=10.0|frac=1.0,luxury_beauty,als,1.0,2,0.142955594676644,0.23498933252057302,,,16.0,5.0,0.01,10.0,,,,,,,
als|factors=16;epochs=5;regularisation=0.01;alpha=40.0|frac=1.0,luxury_beauty,als,1.0,2,0.143013071903063,0.23956110941786002,,,16.0,5.0,0.01,40.0,,,,,,,
als|factors=16;epochs=5;regularisation=0.1;alpha=1.0|frac=1.0,luxury_beauty,als,1.0,2,0.135512447721114,0.22340749771411103,,,16.0,5.0,0.1,1.0,,,,,,,
als|factors=16;epochs=5;regularisation=0.1;alpha=10.0|frac=1.0,luxury_beauty,als,1.0,2,0.14358494081599601,0.235598902773544,,,16.0,5.0,0.1,10.0,,,,,,,
als|factors=16;epochs=5;regularisation=0.1;alpha=40.0|frac=1.0,luxury_beauty,als,1.0,2,0.144456680710877,0.24047546479731702,,,16.0,5.0,0.1,40.0,,,,,,,
als|factors=16;epochs=15;regularisation=0.001;alpha=1.0|frac=1.0,luxury_beauty,als,1.0,2,0.137611780226812,0.22950320024382803,,,16.0,15.0,0.001,1.0,,,,,,,
als|factors=16;epochs=15;regularisation=0.001;alpha=10.0|frac=1.0,luxury_beauty,als,1.0,2,0.14527642908850402,0.24443767144163303,,,16.0,15.0,0.001,10.0,,,,,,,
als|factors=16;epochs=15;regularisation=0.001;alpha=40.0|frac=1.0,luxury_beauty,als,1.0,2,0.148903975039054,0.24809509295946303,,,16.0,15.0,0.001,40.0,,,,,,,
als|factors=16;epochs=15;regularisation=0.01;alpha=1.0|frac=1.0,luxury_beauty,als,1.0,2,0.137590651472796,0.22950320024382803,,,16.0,15.0,0.01,1.0,,,,,,,
als|factors=16;epochs=15;regularisation=0.01;alpha=10.0|frac=1.0,luxury_beauty,als,1.0,2,0.14573826643658802,0.24565681194757602,,,16.0,15.0,0.01,10.0,,,,,,,
als|factors=16;epochs=15;regularisation=0.01;alpha=40.0|frac=1.0,luxury_beauty,als,1.0,2,0.149819025198473,0.25053337397135,,,16.0,15.0,0.01,40.0,,,,,,,
als|factors=16;epochs=15;regularisation=0.1;alpha=1.0|frac=1.0,luxury_beauty,als,1.0,2,0.137591053395062,0.229198415117342,,,16.0,15.0,0.1,1.0,,,,,,,
als|factors=16;epochs=15;regularisation=0.1;alpha=10.0|frac=1.0,luxury_beauty,als,1.0,2,0.145658307617466,0.245047241694605,,,16.0,15.0,0.1,10.0,,,,,,,
als|factors=16;epochs=15;regularisation=0.1;alpha=40.0|frac=1.0,luxury_beauty,als,1.0,2,0.150194430047282,0.25205729960377904,,,16.0,15.0,0.1,40.0,,,,,,,
als|factors=16;epochs=30;regularisation=0.001;alpha=1.0|frac=1.0,luxury_beauty,als,1.0,2,0.137349740657533,0.22950320024382803,,,16.0,30.0,0.001,1.0,,,,,,,
als|factors=16;epochs=30;regularisation=0.001;alpha=10.0|frac=1.0,luxury_beauty,als,1.0,2,0.145240228117575,0.24443767144163303,,,16.0,30.0,0.001,10.0,,,,,,,
als|factors=16;epochs=30;regularisation=0.001;alpha=40.0|frac=1.0,luxury_beauty,als,1.0,2,0.150391935440107,0.253276440109722,,,16.0,30.0,0.001,40.0,,,,,,,
als|factors=16;epochs=30;regularisation=0.01;alpha=1.0|frac=1.0,luxury_beauty,als,1.0,2,0.1373388747577,0.22950320024382803,,,16.0,30.0,0.01,1.0,,,,,,,
als|factors=16;epochs=30;regularisation=0.01;alpha=10.0|frac=1.0,luxury_beauty,als,1.0,2,0.14517298259827002,0.24382810118866202,,,16.0,30.0,0.01,10.0,,,,,,,
als|factors=16;epochs=30;regularisation=0.01;alpha=40.0|frac=1.0,luxury_beauty,als,1.0,2,0.15073119751876002,0.253276440109722,,,16.0,30.0,0.01,40.0,,,,,,,
als|factors=16;epochs=30;regularisation=0.1;alpha=1.0|frac=1.0,luxury_beauty,als,1.0,2,0.13731230122006702,0.22980798537031302,,,16.0,30.0,0.1,1.0,,,,,,,
als|factors=16;epochs=30;regularisation=0.1;alpha=10.0|frac=1.0,luxury_beauty,als,1.0,2,0.145513557572821,0.24382810118866202,,,16.0,30.0,0.1,10.0,,,,,,,
als|factors=16;epochs=30;regularisation=0.1;alpha=40.0|frac=1.0,luxury_beauty,als,1.0,2,0.15068525709788,0.25266686985675,,,16.0,30.0,0.1,40.0,,,,,,,
als|factors=32;epochs=5;regularisation=0.001;alpha=1.0|frac=1.0,luxury_beauty,als,1.0,2,0.14179259886306902,0.231027125876257,,,32.0,5.0,0.001,1.0,,,,,,,
als|factors=32;epochs=5;regularisation=0.001;alpha=10.0|frac=1.0,luxury_beauty,als,1.0,2,0.15276190652500102,0.255409935995123,,,32.0,5.0,0.001,10.0,,,,,,,
als|factors=32;epochs=5;regularisation=0.001;alpha=40.0|frac=1.0,luxury_beauty,als,1.0,2,0.148927822668794,0.251447729350807,,,32.0,5.0,0.001,40.0,,,,,,,
als|factors=32;epochs=5;regularisation=0.01;alpha=1.0|frac=1.0,luxury_beauty,als,1.0,2,0.141833933846125,0.231027125876257,,,32.0,5.0,0.01,1.0,,,,,,,
als|factors=32;epochs=5;regularisation=0.01;alpha=10.0|frac=1.0,luxury_beauty,als,1.0,2,0.15262291106783202,0.255105150868637,,,32.0,5.0,0.01,10.0,,,,,,,
als|factors=32;epochs=5;regularisation=0.01;alpha=40.0|frac=1.0,luxury_beauty,als,1.0,2,0.151434049885597,0.253276440109722,,,32.0,5.0,0.01,40.0,,,,,,,
als|factors=32;epochs=5;regularisation=0.1;alpha=1.0|frac=1.0,luxury_beauty,als,1.0,2,0.141731963061442,0.231027125876257,,,32.0,5.0,0.1,1.0,,,,,,,
als|factors=32;epochs=5;regularisation=0.1;alpha=10.0|frac=1.0,luxury_beauty,als,1.0,2,0.152898334544807,0.25480036574215104,,,32.0,5.0,0.1,10.0,,,,,,,
als|factors=32;epochs=5;regularisation=0.1;alpha=40.0|frac=1.0,luxury_beauty,als,1.0,2,0.151467974371535,0.250838159097836,,,32.0,5.0,0.1,40.0,,,,,,,
als|factors=32;epochs=15;regularisation=0.001;alpha=1.0|frac=1.0,luxury_beauty,als,1.0,2,0.14737732187208402,0.242608960682718,,,32.0,15.0,0.001,1.0,,,,,,,
als|factors=32;epochs=15;regularisation=0.001;alpha=10.0|frac=1.0,luxury_beauty,als,1.0,2,0.155238248809165,0.261200853398354,,,32.0,15.0,0.001,10.0,,,,,,,
als|factors=32;epochs=15;regularisation=0.001;alpha=40.0|frac=1.0,luxury_beauty,als,1.0,2,0.156044270387993,0.263029564157269,,,32.0,15.0,0.001,40.0,,,,,,,
als|factors=32;epochs=15;regularisation=0.01;alpha=1.0|frac=1.0,luxury_beauty,als,1.0,2,0.14720982765659202,0.24199939042974702,,,32.0,15.0,0.01,1.0,,,,,,,
als|factors=32;epochs=15;regularisation=0.01;alpha=10.0|frac=1.0,luxury_beauty,als,1.0,2,0.15480064630044602,0.25998171289241,,,32.0,15.0,0.01,10.0,,,,,,,
als|factors=32;epochs=15;regularisation=0.01;alpha=40.0|frac=1.0,luxury_beauty,als,1.0,2,0.157140888925027,0.26363913441024,,,32.0,15.0,0.01,40.0,,,,,,,
als|factors=32;epochs=15;regularisation=0.1;alpha=1.0|frac=1.0,luxury_beauty,als,1.0,2,0.147137785462498,0.24230417555623202,,,32.0,15.0,0.1,1.0,,,,,,,
als|factors=32;epochs=15;regularisation=0.1;alpha=10.0|frac=1.0,luxury_beauty,als,1.0,2,0.154821825880636,0.26150563852484,,,32.0,15.0,0.1,10.0,,,,,,,
als|factors=32;epochs=15;regularisation=0.1;alpha=40.0|frac=1.0,luxury_beauty,als,1.0,2,0.158681522092766,0.263943919536726,,,32.0,15.0,0.1,40.0,,,,,,,
als|factors=32;epochs=30;regularisation=0.001;alpha=1.0|frac=1.0,luxury_beauty,als,1.0,2,0.14814525648799,0.245961597074062,,,32.0,30.0,0.001,1.0,,,,,,,
als|factors=32;epochs=30;regularisation=0.001;alpha=10.0|frac=1.0,luxury_beauty,als,1.0,2,0.156087945217206,0.263943919536726,,,32.0,30.0,0.001,10.0,,,,,,,
als|factors=32;epochs=30;regularisation=0.001;alpha=40.0|frac=1.0,luxury_beauty,als,1.0,2,0.15896799714540702,0.26516306004266904,,,32.0,30.0,0.001,40.0,,,,,,,
als|factors=32;epochs=30;regularisation=0.01;alpha=1.0|frac=1.0,luxury_beauty,als,1.0,2,0.148522648090663,0.24687595245352,,,32.0,30.0,0.01,1.0,,,,,,,
als|factors=32;epochs=30;regularisation=0.01;alpha=10.0|frac=1.0,luxury_beauty,als,1.0,2,0.15613220857603302,0.26363913441024,,,32.0,30.0,0.01,10.0,,,,,,,
als|factors=32;epochs=30;regularisation=0.01;alpha=40.0|frac=1.0,luxury_beauty,als,1.0,2,0.159021417216744,0.26607741542212704,,,32.0,30.0,0.01,40.0,,,,,,,
als|factors=32;epochs=30;regularisation=0.1;alpha=1.0|frac=1.0,luxury_beauty,als,1.0,2,0.148405432521437,0.24657116732703402,,,32.0,30.0,0.1,1.0,,,,,,,
als|factors=32;epochs=30;regularisation=0.1;alpha=10.0|frac=1.0,luxury_beauty,als,1.0,2,0.15618712950698702,0.263943919536726,,,32.0,30.0,0.1,10.0,,,,,,,
als|factors=32;epochs=30;regularisation=0.1;alpha=40.0|frac=1.0,luxury_beauty,als,1.0,2,0.158857961596816,0.26516306004266904,,,32.0,30.0,0.1,40.0,,,,,,,
als|factors=64;epochs=5;regularisation=0.001;alpha=1.0|frac=1.0,luxury_beauty,als,1.0,2,0.14681724012660502,0.24108503505028903,,,64.0,5.0,0.001,1.0,,,,,,,
als|factors=64;epochs=5;regularisation=0.001;alpha=10.0|frac=1.0,luxury_beauty,als,1.0,2,0.15426788274446301,0.257238646754038,,,64.0,5.0,0.001,10.0,,,,,,,
als|factors=64;epochs=5;regularisation=0.001;alpha=40.0|frac=1.0,luxury_beauty,als,1.0,2,0.153782923014207,0.254495580615665,,,64.0,5.0,0.001,40.0,,,,,,,
als|factors=64;epochs=5;regularisation=0.01;alpha=1.0|frac=1.0,luxury_beauty,als,1.0,2,0.14693849809289702,0.24108503505028903,,,64.0,5.0,0.01,1.0,,,,,,,
als|factors=64;epochs=5;regularisation=0.01;alpha=10.0|frac=1.0,luxury_beauty,als,1.0,2,0.154170696099155,0.256933861627552,,,64.0,5.0,0.01,10.0,,,,,,,
als|factors=64;epochs=5;regularisation=0.01;alpha=40.0|frac=1.0,luxury_beauty,als,1.0,2,0.15298313925092902,0.25480036574215104,,,64.0,5.0,0.01,40.0,,,,,,,
als|factors=64;epochs=5;regularisation=0.1;alpha=1.0|frac=1.0,luxury_beauty,als,1.0,2,0.14675468266677302,0.24047546479731702,,,64.0,5.0,0.1,1.0,,,,,,,
als|factors=64;epochs=5;regularisation=0.1;alpha=10.0|frac=1.0,luxury_beauty,als,1.0,2,0.15415213441907602,0.25754343188052403,,,64.0,5.0,0.1,10.0,,,,,,,
als|factors=64;epochs=5;regularisation=0.1;alpha=40.0|frac=1.0,luxury_beauty,als,1.0,2,0.15233841970515802,0.25297165498323604,,,64.0,5.0,0.1,40.0,,,,,,,
als|factors=64;epochs=15;regularisation=0.001;alpha=1.0|frac=1.0,luxury_beauty,als,1.0,2,0.14923211316357202,0.24809509295946303,,,64.0,15.0,0.001,1.0,,,,,,,
als|factors=64;epochs=15;regularisation=0.001;alpha=10.0|frac=1.0,luxury_beauty,als,1.0,2,0.15736488659222903,0.262724779030783,,,64.0,15.0,0.001,10.0,,,,,,,
als|factors=64;epochs=15;regularisation=0.001;alpha=40.0|frac=1.0,luxury_beauty,als,1.0,2,0.158584614000086,0.265772630295641,,,64.0,15.0,0.001,40.0,,,,,,,
als|factors=64;epochs=15;regularisation=0.01;alpha=1.0|frac=1.0,luxury_beauty,als,1.0,2,0.149055538151685,0.24748552270649102,,,64.0,15.0,0.01,1.0,,,,,,,
als|factors=64;epochs=15;regularisation=0.01;alpha=10.0|frac=1.0,luxury_beauty,als,1.0,2,0.15715907736257,0.262115208777811,,,64.0,15.0,0.01,10.0,,,,,,,
als|factors=64;epochs=15;regularisation=0.01;alpha=40.0|frac=1.0,luxury_beauty,als,1.0,2,0.15773590716361402,0.263029564157269,,,64.0,15.0,0.01,40.0,,,,,,,
als|factors=64;epochs=15;regularisation=0.1;alpha=1.0|frac=1.0,luxury_beauty,als,1.0,2,0.14932203393099502,0.24809509295946303,,,64.0,15.0,0.1,1.0,,,,,,,
als|factors=64;epochs=15;regularisation=0.1;alpha=10.0|frac=1.0,luxury_beauty,als,1.0,2,0.157296243758625,0.261810423651325,,,64.0,15.0,0.1,10.0,,,,,,,
als|factors=64;epochs=15;regularisation=0.1;alpha=40.0|frac=1.0,luxury_beauty,als,1.0,2,0.158283254754982,0.26241999390429704,,,64.0,15.0,0.1,40.0,,,,,,,
als|factors=64;epochs=30;regularisation=0.001;alpha=1.0|frac=1.0,luxury_beauty,als,1.0,2,0.14935366387113,0.248704663212435,,,64.0,30.0,0.001,1.0,,,,,,,
als|factors=64;epochs=30;regularisation=0.001;alpha=10.0|frac=1.0,luxury_beauty,als,1.0,2,0.15691284950707002,0.26150563852484,,,64.0,30.0,0.001,10.0,,,,,,,
als|factors=64;epochs=30;regularisation=0.001;alpha=40.0|frac=1.0,luxury_beauty,als,1.0,2,0.15789168967765002,0.26699177080158404,,,64.0,30.0,0.001,40.0,,,,,,,
als|factors=64;epochs=30;regularisation=0.01;alpha=1.0|frac=1.0,luxury_beauty,als,1.0,2,0.149333705125855,0.248704663212435,,,64.0,30.0,0.01,1.0,,,,,,,
als|factors=64;epochs=30;regularisation=0.01;alpha=10.0|frac=1.0,luxury_beauty,als,1.0,2,0.15714480268171802,0.261810423651325,,,64.0,30.0,0.01,10.0,,,,,,,
als|factors=64;epochs=30;regularisation=0.01;alpha=40.0|frac=1.0,luxury_beauty,als,1.0,2,0.15756033253474602,0.26424870466321204,,,64.0,30.0,0.01,40.0,,,,,,,
als|factors=64;epochs=30;regularisation=0.1;alpha=1.0|frac=1.0,luxury_beauty,als,1.0,2,0.14925983822417802,0.24809509295946303,,,64.0,30.0,0.1,1.0,,,,,,,
als|factors=64;epochs=30;regularisation=0.1;alpha=10.0|frac=1.0,luxury_beauty,als,1.0,2,0.15711757172770602,0.26241999390429704,,,64.0,30.0,0.1,10.0,,,,,,,
als|factors=64;epochs=30;regularisation=0.1;alpha=40.0|frac=1.0,luxury_beauty,als,1.0,2,0.156493174638095,0.262115208777811,,,64.0,30.0,0.1,40.0,,,,,,,
als|factors=128;epochs=5;regularisation=0.001;alpha=1.0|frac=1.0,luxury_beauty,als,1.0,2,0.132160838688497,0.23681804327948702,,,128.0,5.0,0.001,1.0,,,,,,,
als|factors=128;epochs=5;regularisation=0.001;alpha=10.0|frac=1.0,luxury_beauty,als,1.0,2,0.151802786584074,0.25266686985675,,,128.0,5.0,0.001,10.0,,,,,,,
als|factors=128;epochs=5;regularisation=0.001;alpha=40.0|frac=1.0,luxury_beauty,als,1.0,2,0.150561525740285,0.25022858884486404,,,128.0,5.0,0.001,40.0,,,,,,,
als|factors=128;epochs=5;regularisation=0.01;alpha=1.0|frac=1.0,luxury_beauty,als,1.0,2,0.132082692237198,0.23681804327948702,,,128.0,5.0,0.01,1.0,,,,,,,
als|factors=128;epochs=5;regularisation=0.01;alpha=10.0|frac=1.0,luxury_beauty,als,1.0,2,0.151647450485974,0.25205729960377904,,,128.0,5.0,0.01,10.0,,,,,,,
als|factors=128;epochs=5;regularisation=0.01;alpha=40.0|frac=1.0,luxury_beauty,als,1.0,2,0.14831098117677102,0.245961597074062,,,128.0,5.0,0.01,40.0,,,,,,,
als|factors=128;epochs=5;regularisation=0.1;alpha=1.0|frac=1.0,luxury_beauty,als,1.0,2,0.131947939357033,0.23651325815300203,,,128.0,5.0,0.1,1.0,,,,,,,
als|factors=128;epochs=5;regularisation=0.1;alpha=10.0|frac=1.0,luxury_beauty,als,1.0,2,0.150041417132617,0.24839987808594902,,,128.0,5.0,0.1,10.0,,,,,,,
als|factors=128;epochs=5;regularisation=0.1;alpha=40.0|frac=1.0,luxury_beauty,als,1.0,2,0.14421888024905302,0.23864675403840202,,,128.0,5.0,0.1,40.0,,,,,,,
als|factors=128;epochs=15;regularisation=0.001;alpha=1.0|frac=1.0,luxury_beauty,als,1.0,2,0.13036788178244102,0.23255105150868602,,,128.0,15.0,0.001,1.0,,,,,,,
als|factors=128;epochs=15;regularisation=0.001;alpha=10.0|frac=1.0,luxury_beauty,als,1.0,2,0.14965859976072102,0.24900944833892102,,,128.0,15.0,0.001,10.0,,,,,,,
als|factors=128;epochs=15;regularisation=0.001;alpha=40.0|frac=1.0,luxury_beauty,als,1.0,2,0.14864787241753102,0.24839987808594902,,,128.0,15.0,0.001,40.0,,,,,,,
als|factors=128;epochs=15;regularisation=0.01;alpha=1.0|frac=1.0,luxury_beauty,als,1.0,2,0.13037849797713702,0.23316062176165803,,,128.0,15.0,0.01,1.0,,,,,,,
als|factors=128;epochs=15;regularisation=0.01;alpha=10.0|frac=1.0,luxury_beauty,als,1.0,2,0.149057242250648,0.248704663212435,,,128.0,15.0,0.01,10.0,,,,,,,
als|factors=128;epochs=15;regularisation=0.01;alpha=40.0|frac=1.0,luxury_beauty,als,1.0,2,0.146898881236209,0.24687595245352,,,128.0,15.0,0.01,40.0,,,,,,,
als|factors=128;epochs=15;regularisation=0.1;alpha=1.0|frac=1.0,luxury_beauty,als,1.0,2,0.130498500517737,0.233770192014629,,,128.0,15.0,0.1,1.0,,,,,,,
als|factors=128;epochs=15;regularisation=0.1;alpha=10.0|frac=1.0,luxury_beauty,als,1.0,2,0.14886494304081702,0.24900944833892102,,,128.0,15.0,0.1,10.0,,,,,,,
als|factors=128;epochs=15;regularisation=0.1;alpha=40.0|frac=1.0,luxury_beauty,als,1.0,2,0.145357097092877,0.24626638220054803,,,128.0,15.0,0.1,40.0,,,,,,,
als|factors=128;epochs=30;regularisation=0.001;alpha=1.0|frac=1.0,luxury_beauty,als,1.0,2,0.130027382900702,0.23133191100274303,,,128.0,30.0,0.001,1.0,,,,,,,
als|factors=128;epochs=30;regularisation=0.001;alpha=10.0|frac=1.0,luxury_beauty,als,1.0,2,0.14951070805112102,0.24900944833892102,,,128.0,30.0,0.001,10.0,,,,,,,
als|factors=128;epochs=30;regularisation=0.001;alpha=40.0|frac=1.0,luxury_beauty,als,1.0,2,0.14716251376681,0.245047241694605,,,128.0,30.0,0.001,40.0,,,,,,,
als|factors=128;epochs=30;regularisation=0.01;alpha=1.0|frac=1.0,luxury_beauty,als,1.0,2,0.13000423490573101,0.23133191100274303,,,128.0,30.0,0.01,1.0,,,,,,,
als|factors=128;epochs=30;regularisation=0.01;alpha=10.0|frac=1.0,luxury_beauty,als,1.0,2,0.148944617555231,0.24809509295946303,,,128.0,30.0,0.01,10.0,,,,,,,
als|factors=128;epochs=30;regularisation=0.01;alpha=40.0|frac=1.0,luxury_beauty,als,1.0,2,0.14547988861243003,0.245047241694605,,,128.0,30.0,0.01,40.0,,,,,,,
als|factors=128;epochs=30;regularisation=0.1;alpha=1.0|frac=1.0,luxury_beauty,als,1.0,2,0.12987574773667002,0.23133191100274303,,,128.0,30.0,0.1,1.0,,,,,,,
als|factors=128;epochs=30;regularisation=0.1;alpha=10.0|frac=1.0,luxury_beauty,als,1.0,2,0.148924072438467,0.24839987808594902,,,128.0,30.0,0.1,10.0,,,,,,,
als|factors=128;epochs=30;regularisation=0.1;alpha=40.0|frac=1.0,luxury_beauty,als,1.0,2,0.143969401137706,0.24352331606217603,,,128.0,30.0,0.1,40.0,,,,,,,
multvae|latent=32;hidden=200;epochs=10;dropout=0.0|frac=0.25,luxury_beauty,multvae,0.25,2,0.07470187886155301,0.178604084120694,,,,,,,32.0,200.0,10.0,0.0,,,
multvae|latent=32;hidden=200;epochs=10;dropout=0.5|frac=0.25,luxury_beauty,multvae,0.25,2,0.026943759502997003,0.058213959158793,,,,,,,32.0,200.0,10.0,0.5,,,
multvae|latent=32;hidden=200;epochs=20;dropout=0.0|frac=0.25,luxury_beauty,multvae,0.25,2,0.026984860330433003,0.04754647973178901,,,,,,,32.0,200.0,20.0,0.0,,,
multvae|latent=32;hidden=200;epochs=20;dropout=0.5|frac=0.25,luxury_beauty,multvae,0.25,2,0.031725025952374,0.07071014934471101,,,,,,,32.0,200.0,20.0,0.5,,,
multvae|latent=32;hidden=600;epochs=10;dropout=0.0|frac=0.25,luxury_beauty,multvae,0.25,2,0.060050756340937005,0.164583968302346,,,,,,,32.0,600.0,10.0,0.0,,,
multvae|latent=32;hidden=600;epochs=10;dropout=0.5|frac=0.25,luxury_beauty,multvae,0.25,2,0.030631265467901004,0.07010057909174,,,,,,,32.0,600.0,10.0,0.5,,,
multvae|latent=32;hidden=600;epochs=20;dropout=0.0|frac=0.25,luxury_beauty,multvae,0.25,2,0.07396393079095501,0.157573910393172,,,,,,,32.0,600.0,20.0,0.0,,,
multvae|latent=32;hidden=600;epochs=20;dropout=0.5|frac=0.25,luxury_beauty,multvae,0.25,2,0.029692327814304004,0.065224017067967,,,,,,,32.0,600.0,20.0,0.5,,,
multvae|latent=64;hidden=200;epochs=10;dropout=0.0|frac=0.25,luxury_beauty,multvae,0.25,2,0.028669506408102,0.056690033526363,,,,,,,64.0,200.0,10.0,0.0,,,
multvae|latent=64;hidden=200;epochs=10;dropout=0.5|frac=0.25,luxury_beauty,multvae,0.25,2,0.028601479669394,0.061871380676622005,,,,,,,64.0,200.0,10.0,0.5,,,
multvae|latent=64;hidden=200;epochs=20;dropout=0.0|frac=0.25,luxury_beauty,multvae,0.25,2,0.07850133748980201,0.160926546784516,,,,,,,64.0,200.0,20.0,0.0,,,
multvae|latent=64;hidden=200;epochs=20;dropout=0.5|frac=0.25,luxury_beauty,multvae,0.25,2,0.063234318008281,0.17738494361475102,,,,,,,64.0,200.0,20.0,0.5,,,
multvae|latent=64;hidden=600;epochs=10;dropout=0.0|frac=0.25,luxury_beauty,multvae,0.25,2,0.084253833024722,0.17128924108503502,,,,,,,64.0,600.0,10.0,0.0,,,
multvae|latent=64;hidden=600;epochs=10;dropout=0.5|frac=0.25,luxury_beauty,multvae,0.25,2,0.030610693862215002,0.066138372447424,,,,,,,64.0,600.0,10.0,0.5,,,
multvae|latent=64;hidden=600;epochs=20;dropout=0.0|frac=0.25,luxury_beauty,multvae,0.25,2,0.028744782523477,0.050594330996647,,,,,,,64.0,600.0,20.0,0.0,,,
multvae|latent=64;hidden=600;epochs=20;dropout=0.5|frac=0.25,luxury_beauty,multvae,0.25,2,0.025668907003734,0.052727826882048,,,,,,,64.0,600.0,20.0,0.5,,,
multvae|latent=128;hidden=200;epochs=10;dropout=0.0|frac=0.25,luxury_beauty,multvae,0.25,2,0.071279744853046,0.17372752209692102,,,,,,,128.0,200.0,10.0,0.0,,,
multvae|latent=128;hidden=200;epochs=10;dropout=0.5|frac=0.25,luxury_beauty,multvae,0.25,2,0.031765768340055005,0.07253886010362601,,,,,,,128.0,200.0,10.0,0.5,,,
multvae|latent=128;hidden=200;epochs=20;dropout=0.0|frac=0.25,luxury_beauty,multvae,0.25,2,0.025935699932032003,0.04998476074367501,,,,,,,128.0,200.0,20.0,0.0,,,
multvae|latent=128;hidden=200;epochs=20;dropout=0.5|frac=0.25,luxury_beauty,multvae,0.25,2,0.030947827070017003,0.069491008838768,,,,,,,128.0,200.0,20.0,0.5,,,
multvae|latent=128;hidden=600;epochs=10;dropout=0.0|frac=0.25,luxury_beauty,multvae,0.25,2,0.08496254701809601,0.16793660469369,,,,,,,128.0,600.0,10.0,0.0,,,
multvae|latent=128;hidden=600;epochs=10;dropout=0.5|frac=0.25,luxury_beauty,multvae,0.25,2,0.033263948817102006,0.07253886010362601,,,,,,,128.0,600.0,10.0,0.5,,,
multvae|latent=128;hidden=600;epochs=20;dropout=0.0|frac=0.25,luxury_beauty,multvae,0.25,2,0.07394280319295,0.157573910393172,,,,,,,128.0,600.0,20.0,0.0,,,
multvae|latent=128;hidden=600;epochs=20;dropout=0.5|frac=0.25,luxury_beauty,multvae,0.25,2,0.026945341690745,0.057909174032307005,,,,,,,128.0,600.0,20.0,0.5,,,
multvae|latent=32;hidden=200;epochs=10;dropout=0.0|frac=0.5,luxury_beauty,multvae,0.5,2,0.09409138327123101,0.199634257848217,,,,,,,32.0,200.0,10.0,0.0,,,
multvae|latent=32;hidden=200;epochs=10;dropout=0.5|frac=0.5,luxury_beauty,multvae,0.5,2,0.084802600948261,0.19993904297470202,,,,,,,32.0,200.0,10.0,0.5,,,
multvae|latent=32;hidden=200;epochs=20;dropout=0.0|frac=0.5,luxury_beauty,multvae,0.5,2,0.10978684347586401,0.203291679366046,,,,,,,32.0,200.0,20.0,0.0,,,
multvae|latent=32;hidden=200;epochs=20;dropout=0.5|frac=0.5,luxury_beauty,multvae,0.5,2,0.09947216787653501,0.201158183480646,,,,,,,32.0,200.0,20.0,0.5,,,
multvae|latent=32;hidden=600;epochs=10;dropout=0.0|frac=0.5,luxury_beauty,multvae,0.5,2,0.110534901263497,0.20176775373361702,,,,,,,32.0,600.0,10.0,0.0,,,
multvae|latent=32;hidden=600;epochs=10;dropout=0.5|frac=0.5,luxury_beauty,multvae,0.5,2,0.100419726878857,0.21030173727522003,,,,,,,32.0,600.0,10.0,0.5,,,
multvae|latent=32;hidden=600;epochs=20;dropout=0.0|frac=0.5,luxury_beauty,multvae,0.5,2,0.105197720558185,0.19750076196281602,,,,,,,32.0,600.0,20.0,0.0,,,
multvae|latent=32;hidden=600;epochs=20;dropout=0.5|frac=0.5,luxury_beauty,multvae,0.5,2,0.09422433652181901,0.20786345626333402,,,,,,,32.0,600.0,20.0,0.5,,,
multvae|latent=64;hidden=200;epochs=10;dropout=0.0|frac=0.5,luxury_beauty,multvae,0.5,2,0.09653903748738,0.19902468759524503,,,,,,,64.0,200.0,10.0,0.0,,,
multvae|latent=64;hidden=200;epochs=10;dropout=0.5|frac=0.5,luxury_beauty,multvae,0.5,2,0.069085536540754,0.18530935690338302,,,,,,,64.0,200.0,10.0,0.5,,,
multvae|latent=64;hidden=200;epochs=20;dropout=0.0|frac=0.5,luxury_beauty,multvae,0.5,2,0.11392507160996601,0.20633953063090502,,,,,,,64.0,200.0,20.0,0.0,,,
multvae|latent=64;hidden=200;epochs=20;dropout=0.5|frac=0.5,luxury_beauty,multvae,0.5,2,0.09635694152089201,0.19750076196281602,,,,,,,64.0,200.0,20.0,0.5,,,
multvae|latent=64;hidden=600;epochs=10;dropout=0.0|frac=0.5,luxury_beauty,multvae,0.5,2,0.11529287892339701,0.214568729046022,,,,,,,64.0,600.0,10.0,0.0,,,
multvae|latent=64;hidden=600;epochs=10;dropout=0.5|frac=0.5,luxury_beauty,multvae,0.5,2,0.100725966443881,0.203901249619018,,,,,,,64.0,600.0,10.0,0.5,,,
multvae|latent=64;hidden=600;epochs=20;dropout=0.0|frac=0.5,luxury_beauty,multvae,0.5,2,0.10801722781408701,0.205729960377933,,,,,,,64.0,600.0,20.0,0.0,,,
multvae|latent=64;hidden=600;epochs=20;dropout=0.5|frac=0.5,luxury_beauty,multvae,0.5,2,0.091113130021161,0.21182566290765,,,,,,,64.0,600.0,20.0,0.5,,,
multvae|latent=128;hidden=200;epochs=10;dropout=0.0|frac=0.5,luxury_beauty,multvae,0.5,2,0.09489320026335901,0.18622371228284001,,,,,,,128.0,200.0,10.0,0.0,,,
multvae|latent=128;hidden=200;epochs=10;dropout=0.5|frac=0.5,luxury_beauty,multvae,0.5,2,0.068748855071079,0.18591892715635402,,,,,,,128.0,200.0,10.0,0.5,,,
multvae|latent=128;hidden=200;epochs=20;dropout=0.0|frac=0.5,luxury_beauty,multvae,0.5,2,0.113430259129821,0.213654373666565,,,,,,,128.0,200.0,20.0,0.0,,,
multvae|latent=128;hidden=200;epochs=20;dropout=0.5|frac=0.5,luxury_beauty,multvae,0.5,2,0.10029539404415101,0.19750076196281602,,,,,,,128.0,200.0,20.0,0.5,,,
multvae|latent=128;hidden=600;epochs=10;dropout=0.0|frac=0.5,luxury_beauty,multvae,0.5,2,0.11123421763508001,0.20451081987199002,,,,,,,128.0,600.0,10.0,0.0,,,
multvae|latent=128;hidden=600;epochs=10;dropout=0.5|frac=0.5,luxury_beauty,multvae,0.5,2,0.093597667795817,0.20359646449253202,,,,,,,128.0,600.0,10.0,0.5,,,
multvae|latent=128;hidden=600;epochs=20;dropout=0.0|frac=0.5,luxury_beauty,multvae,0.5,2,0.10901636664926301,0.20816824138982,,,,,,,128.0,600.0,20.0,0.0,,,
multvae|latent=128;hidden=600;epochs=20;dropout=0.5|frac=0.5,luxury_beauty,multvae,0.5,2,0.09193380586331101,0.21152087778116402,,,,,,,128.0,600.0,20.0,0.5,,,
multvae|latent=32;hidden=200;epochs=10;dropout=0.0|frac=1.0,luxury_beauty,multvae,1.0,2,0.14299389498991402,0.238951539164888,,,,,,,32.0,200.0,10.0,0.0,,,
multvae|latent=32;hidden=200;epochs=10;dropout=0.5|frac=1.0,luxury_beauty,multvae,1.0,2,0.131687460680175,0.22645534897896902,,,,,,,32.0,200.0,10.0,0.5,,,
multvae|latent=32;hidden=200;epochs=20;dropout=0.0|frac=1.0,luxury_beauty,multvae,1.0,2,0.15099567925686802,0.25114294422432104,,,,,,,32.0,200.0,20.0,0.0,,,
multvae|latent=32;hidden=200;epochs=20;dropout=0.5|frac=1.0,luxury_beauty,multvae,1.0,2,0.141857007385041,0.23498933252057302,,,,,,,32.0,200.0,20.0,0.5,,,
multvae|latent=32;hidden=600;epochs=10;dropout=0.0|frac=1.0,luxury_beauty,multvae,1.0,2,0.14778868563422,0.24839987808594902,,,,,,,32.0,600.0,10.0,0.0,,,
multvae|latent=32;hidden=600;epochs=10;dropout=0.5|frac=1.0,luxury_beauty,multvae,1.0,2,0.14434598258713602,0.24687595245352,,,,,,,32.0,600.0,10.0,0.5,,,
multvae|latent=32;hidden=600;epochs=20;dropout=0.0|frac=1.0,luxury_beauty,multvae,1.0,2,0.1432427561123,0.24535202682109103,,,,,,,32.0,600.0,20.0,0.0,,,
multvae|latent=32;hidden=600;epochs=20;dropout=0.5|frac=1.0,luxury_beauty,multvae,1.0,2,0.149690840882826,0.25022858884486404,,,,,,,32.0,600.0,20.0,0.5,,,
multvae|latent=64;hidden=200;epochs=10;dropout=0.0|frac=1.0,luxury_beauty,multvae,1.0,2,0.14367342413144402,0.23925632429137403,,,,,,,64.0,200.0,10.0,0.0,,,
multvae|latent=64;hidden=200;epochs=10;dropout=0.5|frac=1.0,luxury_beauty,multvae,1.0,2,0.12449330972741601,0.21426394391953602,,,,,,,64.0,200.0,10.0,0.5,,,
multvae|latent=64;hidden=200;epochs=20;dropout=0.0|frac=1.0,luxury_beauty,multvae,1.0,2,0.145702177407143,0.24138982017677502,,,,,,,64.0,200.0,20.0,0.0,,,
multvae|latent=64;hidden=200;epochs=20;dropout=0.5|frac=1.0,luxury_beauty,multvae,1.0,2,0.143781600644334,0.240780249923803,,,,,,,64.0,200.0,20.0,0.5,,,
multvae|latent=64;hidden=600;epochs=10;dropout=0.0|frac=1.0,luxury_beauty,multvae,1.0,2,0.15415461089378502,0.256019506248095,,,,,,,64.0,600.0,10.0,0.0,,,
multvae|latent=64;hidden=600;epochs=10;dropout=0.5|frac=1.0,luxury_beauty,multvae,1.0,2,0.14058059350528201,0.23742761353245903,,,,,,,64.0,600.0,10.0,0.5,,,
multvae|latent=64;hidden=600;epochs=20;dropout=0.0|frac=1.0,luxury_beauty,multvae,1.0,2,0.134230211607517,0.24718073758000603,,,,,,,64.0,600.0,20.0,0.0,,,
multvae|latent=64;hidden=600;epochs=20;dropout=0.5|frac=1.0,luxury_beauty,multvae,1.0,2,0.148819146526618,0.24809509295946303,,,,,,,64.0,600.0,20.0,0.5,,,
multvae|latent=128;hidden=200;epochs=10;dropout=0.0|frac=1.0,luxury_beauty,multvae,1.0,2,0.13818364157981602,0.234684547394087,,,,,,,128.0,200.0,10.0,0.0,,,
multvae|latent=128;hidden=200;epochs=10;dropout=0.5|frac=1.0,luxury_beauty,multvae,1.0,2,0.10518375312951601,0.22005486132276703,,,,,,,128.0,200.0,10.0,0.5,,,
multvae|latent=128;hidden=200;epochs=20;dropout=0.0|frac=1.0,luxury_beauty,multvae,1.0,2,0.151809411887417,0.25266686985675,,,,,,,128.0,200.0,20.0,0.0,,,
multvae|latent=128;hidden=200;epochs=20;dropout=0.5|frac=1.0,luxury_beauty,multvae,1.0,2,0.142613783654333,0.236208473026516,,,,,,,128.0,200.0,20.0,0.5,,,
multvae|latent=128;hidden=600;epochs=10;dropout=0.0|frac=1.0,luxury_beauty,multvae,1.0,2,0.150344111701883,0.251752514477293,,,,,,,128.0,600.0,10.0,0.0,,,
multvae|latent=128;hidden=600;epochs=10;dropout=0.5|frac=1.0,luxury_beauty,multvae,1.0,2,0.14677055001612502,0.24992380371837802,,,,,,,128.0,600.0,10.0,0.5,,,
multvae|latent=128;hidden=600;epochs=20;dropout=0.0|frac=1.0,luxury_beauty,multvae,1.0,2,0.14376666875295901,0.240780249923803,,,,,,,128.0,600.0,20.0,0.0,,,
multvae|latent=128;hidden=600;epochs=20;dropout=0.5|frac=1.0,luxury_beauty,multvae,1.0,2,0.13817318561529202,0.256933861627552,,,,,,,128.0,600.0,20.0,0.5,,,
als|factors=16;epochs=5;regularisation=0.001;alpha=1.0|frac=0.25,software,als,0.25,2,0.020177455899041002,0.042413381123058,,,16.0,5.0,0.001,1.0,,,,,,,
als|factors=16;epochs=5;regularisation=0.001;alpha=10.0|frac=0.25,software,als,0.25,2,0.023633770917789003,0.046594982078853,,,16.0,5.0,0.001,10.0,,,,,,,
als|factors=16;epochs=5;regularisation=0.001;alpha=40.0|frac=0.25,software,als,0.25,2,0.022519183357556,0.048984468339307,,,16.0,5.0,0.001,40.0,,,,,,,
als|factors=16;epochs=5;regularisation=0.01;alpha=1.0|frac=0.25,software,als,0.25,2,0.020152486487309003,0.042413381123058,,,16.0,5.0,0.01,1.0,,,,,,,
als|factors=16;epochs=5;regularisation=0.01;alpha=10.0|frac=0.25,software,als,0.25,2,0.023569633005708003,0.046594982078853,,,16.0,5.0,0.01,10.0,,,,,,,
als|factors=16;epochs=5;regularisation=0.01;alpha=40.0|frac=0.25,software,als,0.25,2,0.022744505873428,0.048984468339307,,,16.0,5.0,0.01,40.0,,,,,,,
als|factors=16;epochs=5;regularisation=0.1;alpha=1.0|frac=0.25,software,als,0.25,2,0.020286341236288002,0.043010752688172005,,,16.0,5.0,0.1,1.0,,,,,,,
als|factors=16;epochs=5;regularisation=0.1;alpha=10.0|frac=0.25,software,als,0.25,2,0.023817761893596003,0.046594982078853,,,16.0,5.0,0.1,10.0,,,,,,,
als|factors=16;epochs=5;regularisation=0.1;alpha=40.0|frac=0.25,software,als,0.25,2,0.023368157815846002,0.048387096774193006,,,16.0,5.0,0.1,40.0,,,,,,,
als|factors=16;epochs=15;regularisation=0.001;alpha=1.0|frac=0.25,software,als,0.25,2,0.024039075643397002,0.050776583034647,,,16.0,15.0,0.001,1.0,,,,,,,
als|factors=16;epochs=15;regularisation=0.001;alpha=10.0|frac=0.25,software,als,0.25,2,0.029381657604945002,0.058542413381123,,,16.0,15.0,0.001,10.0,,,,,,,
als|factors=16;epochs=15;regularisation=0.001;alpha=40.0|frac=0.25,software,als,0.25,2,0.029278502101574,0.057347670250896,,,16.0,15.0,0.001,40.0,,,,,,,
als|factors=16;epochs=15;regularisation=0.01;alpha=1.0|frac=0.25,software,als,0.25,2,0.024257809236346004,0.051373954599761004,,,16.0,15.0,0.01,1.0,,,,,,,
als|factors=16;epochs=15;regularisation=0.01;alpha=10.0|frac=0.25,software,als,0.25,2,0.029753543042255002,0.05913978494623601,,,16.0,15.0,0.01,10.0,,,,,,,
als|factors=16;epochs=15;regularisation=0.01;alpha=40.0|frac=0.25,software,als,0.25,2,0.029020031897153003,0.055555555555555004,,,16.0,15.0,0.01,40.0,,,,,,,
als|factors=16;epochs=15;regularisation=0.1;alpha=1.0|frac=0.25,software,als,0.25,2,0.024262607445231003,0.051373954599761004,,,16.0,15.0,0.1,1.0,,,,,,,
als|factors=16;epochs=15;regularisation=0.1;alpha=10.0|frac=0.25,software,als,0.25,2,0.029684315204842004,0.058542413381123,,,16.0,15.0,0.1,10.0,,,,,,,
als|factors=16;epochs=15;regularisation=0.1;alpha=40.0|frac=0.25,software,als,0.25,2,0.028828803898528002,0.05495818399044201,,,16.0,15.0,0.1,40.0,,,,,,,
als|factors=16;epochs=30;regularisation=0.001;alpha=1.0|frac=0.25,software,als,0.25,2,0.02330532771392,0.051971326164874,,,16.0,30.0,0.001,1.0,,,,,,,
als|factors=16;epochs=30;regularisation=0.001;alpha=10.0|frac=0.25,software,als,0.25,2,0.02997605199959,0.060931899641577005,,,16.0,30.0,0.001,10.0,,,,,,,
als|factors=16;epochs=30;regularisation=0.001;alpha=40.0|frac=0.25,software,als,0.25,2,0.029831178351187003,0.055555555555555004,,,16.0,30.0,0.001,40.0,,,,,,,
als|factors=16;epochs=30;regularisation=0.01;alpha=1.0|frac=0.25,software,als,0.25,2,0.023225333571029003,0.051971326164874,,,16.0,30.0,0.01,1.0,,,,,,,
als|factors=16;epochs=30;regularisation=0.01;alpha=10.0|frac=0.25,software,als,0.25,2,0.029873375352633003,0.06033452807646301,,,16.0,30.0,0.01,10.0,,,,,,,
als|factors=16;epochs=30;regularisation=0.01;alpha=40.0|frac=0.25,software,als,0.25,2,0.030234626981417004,0.055555555555555004,,,16.0,30.0,0.01,40.0,,,,,,,
als|factors=16;epochs=30;regularisation=0.1;alpha=1.0|frac=0.25,software,als,0.25,2,0.023291325790564,0.051971326164874,,,16.0,30.0,0.1,1.0,,,,,,,
als|factors=16;epochs=30;regularisation=0.1;alpha=10.0|frac=0.25,software,als,0.25,2,0.029737496292371,0.060931899641577005,,,16.0,30.0,0.1,10.0,,,,,,,
als|factors=16;epochs=30;regularisation=0.1;alpha=40.0|frac=0.25,software,als,0.25,2,0.029939332226911003,0.054360812425328,,,16.0,30.0,0.1,40.0,,,,,,,
als|factors=32;epochs=5;regularisation=0.001;alpha=1.0|frac=0.25,software,als,0.25,2,0.025168241336488,0.048984468339307,,,32.0,5.0,0.001,1.0,,,,,,,
als|factors=32;epochs=5;regularisation=0.001;alpha=10.0|frac=0.25,software,als,0.25,2,0.024896942336767,0.045997610513739004,,,32.0,5.0,0.001,10.0,,,,,,,
als|factors=32;epochs=5;regularisation=0.001;alpha=40.0|frac=0.25,software,als,0.25,2,0.025135522589158,0.048984468339307,,,32.0,5.0,0.001,40.0,,,,,,,
als|factors=32;epochs=5;regularisation=0.01;alpha=1.0|frac=0.25,software,als,0.25,2,0.025022436709046,0.048984468339307,,,32.0,5.0,0.01,1.0,,,,,,,
als|factors=32;epochs=5;regularisation=0.01;alpha=10.0|frac=0.25,software,als,0.25,2,0.024659324452245,0.044802867383512,,,32.0,5.0,0.01,10.0,,,,,,,
als|factors=32;epochs=5;regularisation=0.01;alpha=40.0|frac=0.25,software,als,0.25,2,0.025434443667801003,0.048984468339307,,,32.0,5.0,0.01,40.0,,,,,,,
als|factors=32;epochs=5;regularisation=0.1;alpha=1.0|frac=0.25,software,als,0.25,2,0.024688625784365002,0.04778972520908,,,32.0,5.0,0.1,1.0,,,,,,,
als|factors=32;epochs=5;regularisation=0.1;alpha=10.0|frac=0.25,software,als,0.25,2,0.025537914972134004,0.04540023894862601,,,32.0,5.0,0.1,10.0,,,,,,,
als|factors=32;epochs=5;regularisation=0.1;alpha=40.0|frac=0.25,software,als,0.25,2,0.024889541825577,0.04778972520908,,,32.0,5.0,0.1,40.0,,,,,,,
als|factors=32;epochs=15;regularisation=0.001;alpha=1.0|frac=0.25,software,als,0.25,2,0.028722743093397004,0.05615292712066901,,,32.0,15.0,0.001,1.0,,,,,,,
als|factors=32;epochs=15;regularisation=0.001;alpha=10.0|frac=0.25,software,als,0.25,2,0.031810502050829005,0.062126642771804005,,,32.0,15.0,0.001,10.0,,,,,,,
als|factors=32;epochs=15;regularisation=0.001;alpha=40.0|frac=0.25,software,als,0.25,2,0.030127250208452003,0.057347670250896,,,32.0,15.0,0.001,40.0,,,,,,,
als|factors=32;epochs=15;regularisation=0.01;alpha=1.0|frac=0.25,software,als,0.25,2,0.028696564030769003,0.05615292712066901,,,32.0,15.0,0.01,1.0,,,,,,,
als|factors=32;epochs=15;regularisation=0.01;alpha=10.0|frac=0.25,software,als,0.25,2,0.031915118997769006,0.062724014336917,,,32.0,15.0,0.01,10.0,,,,,,,
als|factors=32;epochs=15;regularisation=0.01;alpha=40.0|frac=0.25,software,als,0.25,2,0.030360672377741003,0.056750298685782005,,,32.0,15.0,0.01,40.0,,,,,,,
als|factors=32;epochs=15;regularisation=0.1;alpha=1.0|frac=0.25,software,als,0.25,2,0.028163718157408,0.056750298685782005,,,32.0,15.0,0.1,1.0,,,,,,,
als|factors=32;epochs=15;regularisation=0.1;alpha=10.0|frac=0.25,software,als,0.25,2,0.031578244490843004,0.062126642771804005,,,32.0,15.0,0.1,10.0,,,,,,,
als|factors=32;epochs=15;regularisation=0.1;alpha=40.0|frac=0.25,software,als,0.25,2,0.031044619402164002,0.057347670250896,,,32.0,15.0,0.1,40.0,,,,,,,
als|factors=32;epochs=30;regularisation=0.001;alpha=1.0|frac=0.25,software,als,0.25,2,0.030611411248939003,0.060931899641577005,,,32.0,30.0,0.001,1.0,,,,,,,
als|factors=32;epochs=30;regularisation=0.001;alpha=10.0|frac=0.25,software,als,0.25,2,0.030337223541386002,0.058542413381123,,,32.0,30.0,0.001,10.0,,,,,,,
als|factors=32;epochs=30;regularisation=0.001;alpha=40.0|frac=0.25,software,als,0.25,2,0.031497577218273,0.057347670250896,,,32.0,30.0,0.001,40.0,,,,,,,
als|factors=32;epochs=30;regularisation=0.01;alpha=1.0|frac=0.25,software,als,0.25,2,0.030611411248939003,0.060931899641577005,,,32.0,30.0,0.01,1.0,,,,,,,
als|factors=32;epochs=30;regularisation=0.01;alpha=10.0|frac=0.25,software,als,0.25,2,0.030366689533565003,0.058542413381123,,,32.0,30.0,0.01,10.0,,,,,,,
als|factors=32;epochs=30;regularisation=0.01;alpha=40.0|frac=0.25,software,als,0.25,2,0.031146224922396003,0.05495818399044201,,,32.0,30.0,0.01,40.0,,,,,,,
als|factors=32;epochs=30;regularisation=0.1;alpha=1.0|frac=0.25,software,als,0.25,2,0.03076426878821,0.06152927120669,,,32.0,30.0,0.1,1.0,,,,,,,
als|factors=32;epochs=30;regularisation=0.1;alpha=10.0|frac=0.25,software,als,0.25,2,0.030621889651516004,0.05913978494623601,,,32.0,30.0,0.1,10.0,,,,,,,
als|factors=32;epochs=30;regularisation=0.1;alpha=40.0|frac=0.25,software,als,0.25,2,0.031416967006199004,0.05615292712066901,,,32.0,30.0,0.1,40.0,,,,,,,
als|factors=64;epochs=5;regularisation=0.001;alpha=1.0|frac=0.25,software,als,0.25,2,0.028757446573593002,0.050179211469534,,,64.0,5.0,0.001,1.0,,,,,,,
als|factors=64;epochs=5;regularisation=0.001;alpha=10.0|frac=0.25,software,als,0.25,2,0.030047164304455,0.055555555555555004,,,64.0,5.0,0.001,10.0,,,,,,,
als|factors=64;epochs=5;regularisation=0.001;alpha=40.0|frac=0.25,software,als,0.25,2,0.029275309920681003,0.05615292712066901,,,64.0,5.0,0.001,40.0,,,,,,,
als|factors=64;epochs=5;regularisation=0.01;alpha=1.0|frac=0.25,software,als,0.25,2,0.028953525017344002,0.050179211469534,,,64.0,5.0,0.01,1.0,,,,,,,
als|factors=64;epochs=5;regularisation=0.01;alpha=10.0|frac=0.25,software,als,0.25,2,0.030426564800895003,0.055555555555555004,,,64.0,5.0,0.01,10.0,,,,,,,
als|factors=64;epochs=5;regularisation=0.01;alpha=40.0|frac=0.25,software,als,0.25,2,0.028651608620707,0.053166069295101,,,64.0,5.0,0.01,40.0,,,,,,,
als|factors=64;epochs=5;regularisation=0.1;alpha=1.0|frac=0.25,software,als,0.25,2,0.028939860827515002,0.050179211469534,,,64.0,5.0,0.1,1.0,,,,,,,
als|factors=64;epochs=5;regularisation=0.1;alpha=10.0|frac=0.25,software,als,0.25,2,0.029993153462464003,0.053763440860215006,,,64.0,5.0,0.1,10.0,,,,,,,
als|factors=64;epochs=5;regularisation=0.1;alpha=40.0|frac=0.25,software,als,0.25,2,0.028603894450796002,0.053763440860215006,,,64.0,5.0,0.1,40.0,,,,,,,
als|factors=64;epochs=15;regularisation=0.001;alpha=1.0|frac=0.25,software,als,0.25,2,0.030030389415485,0.054360812425328,,,64.0,15.0,0.001,1.0,,,,,,,
als|factors=64;epochs=15;regularisation=0.001;alpha=10.0|frac=0.25,software,als,0.25,2,0.032106745614369,0.05913978494623601,,,64.0,15.0,0.001,10.0,,,,,,,
als|factors=64;epochs=15;regularisation=0.001;alpha=40.0|frac=0.25,software,als,0.25,2,0.031650807639076003,0.06033452807646301,,,64.0,15.0,0.001,40.0,,,,,,,
als|factors=64;epochs=15;regularisation=0.01;alpha=1.0|frac=0.25,software,als,0.25,2,0.029785213617701003,0.054360812425328,,,64.0,15.0,0.01,1.0,,,,,,,
als|factors=64;epochs=15;regularisation=0.01;alpha=10.0|frac=0.25,software,als,0.25,2,0.032102180452142005,0.05913978494623601,,,64.0,15.0,0.01,10.0,,,,,,,
als|factors=64;epochs=15;regularisation=0.01;alpha=40.0|frac=0.25,software,als,0.25,2,0.030704769622028002,0.059737156511350004,,,64.0,15.0,0.01,40.0,,,,,,,
als|factors=64;epochs=15;regularisation=0.1;alpha=1.0|frac=0.25,software,als,0.25,2,0.029936619437227002,0.054360812425328,,,64.0,15.0,0.1,1.0,,,,,,,
als|factors=64;epochs=15;regularisation=0.1;alpha=10.0|frac=0.25,software,als,0.25,2,0.031378004337676,0.06033452807646301,,,64.0,15.0,0.1,10.0,,,,,,,
als|factors=64;epochs=15;regularisation=0.1;alpha=40.0|frac=0.25,software,als,0.25,2,0.031638381994391,0.062126642771804005,,,64.0,15.0,0.1,40.0,,,,,,,
als|factors=64;epochs=30;regularisation=0.001;alpha=1.0|frac=0.25,software,als,0.25,2,0.066942632591255,0.17741935483870902,,,64.0,30.0,0.001,1.0,,,,,,,
als|factors=64;epochs=30;regularisation=0.001;alpha=10.0|frac=0.25,software,als,0.25,2,0.030624727493905,0.058542413381123,,,64.0,30.0,0.001,10.0,,,,,,,
als|factors=64;epochs=30;regularisation=0.001;alpha=40.0|frac=0.25,software,als,0.25,2,0.031359832562614,0.06152927120669,,,64.0,30.0,0.001,40.0,,,,,,,
als|factors=64;epochs=30;regularisation=0.01;alpha=1.0|frac=0.25,software,als,0.25,2,0.06694727522348401,0.17741935483870902,,,64.0,30.0,0.01,1.0,,,,,,,
als|factors=64;epochs=30;regularisation=0.01;alpha=10.0|frac=0.25,software,als,0.25,2,0.030557418057921,0.05913978494623601,,,64.0,30.0,0.01,10.0,,,,,,,
als|factors=64;epochs=30;regularisation=0.01;alpha=40.0|frac=0.25,software,als,0.25,2,0.031808328097152005,0.063321385902031,,,64.0,30.0,0.01,40.0,,,,,,,
als|factors=64;epochs=30;regularisation=0.1;alpha=1.0|frac=0.25,software,als,0.25,2,0.066957949331338,0.17741935483870902,,,64.0,30.0,0.1,1.0,,,,,,,
als|factors=64;epochs=30;regularisation=0.1;alpha=10.0|frac=0.25,software,als,0.25,2,0.030648653845488004,0.059737156511350004,,,64.0,30.0,0.1,10.0,,,,,,,
als|factors=64;epochs=30;regularisation=0.1;alpha=40.0|frac=0.25,software,als,0.25,2,0.032059442944108,0.06152927120669,,,64.0,30.0,0.1,40.0,,,,,,,
als|factors=128;epochs=5;regularisation=0.001;alpha=1.0|frac=0.25,software,als,0.25,2,0.025094278189969003,0.043608124253285,,,128.0,5.0,0.001,1.0,,,,,,,
als|factors=128;epochs=5;regularisation=0.001;alpha=10.0|frac=0.25,software,als,0.25,2,0.027095376718976,0.047192353643966005,,,128.0,5.0,0.001,10.0,,,,,,,
als|factors=128;epochs=5;regularisation=0.001;alpha=40.0|frac=0.25,software,als,0.25,2,0.024313357397422002,0.04540023894862601,,,128.0,5.0,0.001,40.0,,,,,,,
als|factors=128;epochs=5;regularisation=0.01;alpha=1.0|frac=0.25,software,als,0.25,2,0.024904353107197002,0.043010752688172005,,,128.0,5.0,0.01,1.0,,,,,,,
als|factors=128;epochs=5;regularisation=0.01;alpha=10.0|frac=0.25,software,als,0.25,2,0.02674547815846,0.046594982078853,,,128.0,5.0,0.01,10.0,,,,,,,
als|factors=128;epochs=5;regularisation=0.01;alpha=40.0|frac=0.25,software,als,0.25,2,0.023794129487186,0.044802867383512,,,128.0,5.0,0.01,40.0,,,,,,,
als|factors=128;epochs=5;regularisation=0.1;alpha=1.0|frac=0.25,software,als,0.25,2,0.024936776543316,0.043010752688172005,,,128.0,5.0,0.1,1.0,,,,,,,
als|factors=128;epochs=5;regularisation=0.1;alpha=10.0|frac=0.25,software,als,0.25,2,0.026269455954494002,0.045997610513739004,,,128.0,5.0,0.1,10.0,,,,,,,
als|factors=128;epochs=5;regularisation=0.1;alpha=40.0|frac=0.25,software,als,0.25,2,0.023112866206129002,0.041218637992831,,,128.0,5.0,0.1,40.0,,,,,,,
als|factors=128;epochs=15;regularisation=0.001;alpha=1.0|frac=0.25,software,als,0.25,2,0.026448449275234,0.048984468339307,,,128.0,15.0,0.001,1.0,,,,,,,
als|factors=128;epochs=15;regularisation=0.001;alpha=10.0|frac=0.25,software,als,0.25,2,0.026380768395217,0.04778972520908,,,128.0,15.0,0.001,10.0,,,,,,,
als|factors=128;epochs=15;regularisation=0.001;alpha=40.0|frac=0.25,software,als,0.25,2,0.026299370695723003,0.04778972520908,,,128.0,15.0,0.001,40.0,,,,,,,
als|factors=128;epochs=15;regularisation=0.01;alpha=1.0|frac=0.25,software,als,0.25,2,0.026747135057791003,0.048984468339307,,,128.0,15.0,0.01,1.0,,,,,,,
als|factors=128;epochs=15;regularisation=0.01;alpha=10.0|frac=0.25,software,als,0.25,2,0.026181108166240002,0.047192353643966005,,,128.0,15.0,0.01,10.0,,,,,,,
als|factors=128;epochs=15;regularisation=0.01;alpha=40.0|frac=0.25,software,als,0.25,2,0.026001050342521002,0.04778972520908,,,128.0,15.0,0.01,40.0,,,,,,,
als|factors=128;epochs=15;regularisation=0.1;alpha=1.0|frac=0.25,software,als,0.25,2,0.026325698367063003,0.048984468339307,,,128.0,15.0,0.1,1.0,,,,,,,
als|factors=128;epochs=15;regularisation=0.1;alpha=10.0|frac=0.25,software,als,0.25,2,0.026002543801164003,0.046594982078853,,,128.0,15.0,0.1,10.0,,,,,,,
als|factors=128;epochs=15;regularisation=0.1;alpha=40.0|frac=0.25,software,als,0.25,2,0.025180536249603,0.047192353643966005,,,128.0,15.0,0.1,40.0,,,,,,,
als|factors=128;epochs=30;regularisation=0.001;alpha=1.0|frac=0.25,software,als,0.25,2,0.026970327171981,0.051373954599761004,,,128.0,30.0,0.001,1.0,,,,,,,
als|factors=128;epochs=30;regularisation=0.001;alpha=10.0|frac=0.25,software,als,0.25,2,0.025345494039119003,0.04778972520908,,,128.0,30.0,0.001,10.0,,,,,,,
als|factors=128;epochs=30;regularisation=0.001;alpha=40.0|frac=0.25,software,als,0.25,2,0.027458685959356,0.050776583034647,,,128.0,30.0,0.001,40.0,,,,,,,
als|factors=128;epochs=30;regularisation=0.01;alpha=1.0|frac=0.25,software,als,0.25,2,0.026953136526237,0.051373954599761004,,,128.0,30.0,0.01,1.0,,,,,,,
als|factors=128;epochs=30;regularisation=0.01;alpha=10.0|frac=0.25,software,als,0.25,2,0.025787074465694,0.04958183990442001,,,128.0,30.0,0.01,10.0,,,,,,,
als|factors=128;epochs=30;regularisation=0.01;alpha=40.0|frac=0.25,software,als,0.25,2,0.026863139364233003,0.04958183990442001,,,128.0,30.0,0.01,40.0,,,,,,,
als|factors=128;epochs=30;regularisation=0.1;alpha=1.0|frac=0.25,software,als,0.25,2,0.027033573778110002,0.051373954599761004,,,128.0,30.0,0.1,1.0,,,,,,,
als|factors=128;epochs=30;regularisation=0.1;alpha=10.0|frac=0.25,software,als,0.25,2,0.02548075998657,0.048984468339307,,,128.0,30.0,0.1,10.0,,,,,,,
als|factors=128;epochs=30;regularisation=0.1;alpha=40.0|frac=0.25,software,als,0.25,2,0.026588983561103,0.04958183990442001,,,128.0,30.0,0.1,40.0,,,,,,,
als|factors=16;epochs=5;regularisation=0.001;alpha=1.0|frac=0.5,software,als,0.5,2,0.029634994309817003,0.059737156511350004,,,16.0,5.0,0.001,1.0,,,,,,,
als|factors=16;epochs=5;regularisation=0.001;alpha=10.0|frac=0.5,software,als,0.5,2,0.033973700153326,0.06989247311827901,,,16.0,5.0,0.001,10.0,,,,,,,
als|factors=16;epochs=5;regularisation=0.001;alpha=40.0|frac=0.5,software,als,0.5,2,0.032416746271553006,0.06929510155316601,,,16.0,5.0,0.001,40.0,,,,,,,
als|factors=16;epochs=5;regularisation=0.01;alpha=1.0|frac=0.5,software,als,0.5,2,0.029550264060116002,0.059737156511350004,,,16.0,5.0,0.01,1.0,,,,,,,
als|factors=16;epochs=5;regularisation=0.01;alpha=10.0|frac=0.5,software,als,0.5,2,0.034009523639686005,0.06989247311827901,,,16.0,5.0,0.01,10.0,,,,,,,
als|factors=16;epochs=5;regularisation=0.01;alpha=40.0|frac=0.5,software,als,0.5,2,0.032804694277418,0.07168458781362,,,16.0,5.0,0.01,40.0,,,,,,,
als|factors=16;epochs=5;regularisation=0.1;alpha=1.0|frac=0.5,software,als,0.5,2,0.029555305262417002,0.059737156511350004,,,16.0,5.0,0.1,1.0,,,,,,,
als|factors=16;epochs=5;regularisation=0.1;alpha=10.0|frac=0.5,software,als,0.5,2,0.034362573787953,0.07168458781362,,,16.0,5.0,0.1,10.0,,,,,,,
als|factors=16;epochs=5;regularisation=0.1;alpha=40.0|frac=0.5,software,als,0.5,2,0.033044337037872004,0.071087216248506,,,16.0,5.0,0.1,40.0,,,,,,,
als|factors=16;epochs=15;regularisation=0.001;alpha=1.0|frac=0.5,software,als,0.5,2,0.033145998997670005,0.06929510155316601,,,16.0,15.0,0.001,1.0,,,,,,,
als|factors=16;epochs=15;regularisation=0.001;alpha=10.0|frac=0.5,software,als,0.5,2,0.090657669209974,0.19832735961768203,,,16.0,15.0,0.001,10.0,,,,,,,
als|factors=16;epochs=15;regularisation=0.001;alpha=40.0|frac=0.5,software,als,0.5,2,0.042889801621323005,0.09080047789725201,,,16.0,15.0,0.001,40.0,,,,,,,
als|factors=16;epochs=15;regularisation=0.01;alpha=1.0|frac=0.5,software,als,0.5,2,0.03316355507277,0.06929510155316601,,,16.0,15.0,0.01,1.0,,,,,,,
als|factors=16;epochs=15;regularisation=0.01;alpha=10.0|frac=0.5,software,als,0.5,2,0.098900216706859,0.197132616487455,,,16.0,15.0,0.01,10.0,,,,,,,
als|factors=16;epochs=15;regularisation=0.01;alpha=40.0|frac=0.5,software,als,0.5,2,0.042970563206977,0.089605734767025,,,16.0,15.0,0.01,40.0,,,,,,,
als|factors=16;epochs=15;regularisation=0.1;alpha=1.0|frac=0.5,software,als,0.5,2,0.033164615919773,0.06929510155316601,,,16.0,15.0,0.1,1.0,,,,,,,
als|factors=16;epochs=15;regularisation=0.1;alpha=10.0|frac=0.5,software,als,0.5,2,0.09918588240556,0.19772998805256803,,,16.0,15.0,0.1,10.0,,,,,,,
als|factors=16;epochs=15;regularisation=0.1;alpha=40.0|frac=0.5,software,als,0.5,2,0.041134947052078,0.08602150537634401,,,16.0,15.0,0.1,40.0,,,,,,,
als|factors=16;epochs=30;regularisation=0.001;alpha=1.0|frac=0.5,software,als,0.5,2,0.031882036751771,0.065710872162485,,,16.0,30.0,0.001,1.0,,,,,,,
als|factors=16;epochs=30;regularisation=0.001;alpha=10.0|frac=0.5,software,als,0.5,2,0.101170638692957,0.20310633213859003,,,16.0,30.0,0.001,10.0,,,,,,,
als|factors=16;epochs=30;regularisation=0.001;alpha=40.0|frac=0.5,software,als,0.5,2,0.04282520499899,0.090203106332138,,,16.0,30.0,0.001,40.0,,,,,,,
als|factors=16;epochs=30;regularisation=0.01;alpha=1.0|frac=0.5,software,als,0.5,2,0.031969083806492,0.065710872162485,,,16.0,30.0,0.01,1.0,,,,,,,
als|factors=16;epochs=30;regularisation=0.01;alpha=10.0|frac=0.5,software,als,0.5,2,0.102037899872417,0.20549581839904402,,,16.0,30.0,0.01,10.0,,,,,,,
als|factors=16;epochs=30;regularisation=0.01;alpha=40.0|frac=0.5,software,als,0.5,2,0.042345511716321005,0.087813620071684,,,16.0,30.0,0.01,40.0,,,,,,,
als|factors=16;epochs=30;regularisation=0.1;alpha=1.0|frac=0.5,software,als,0.5,2,0.032074896587208,0.066308243727598,,,16.0,30.0,0.1,1.0,,,,,,,
als|factors=16;epochs=30;regularisation=0.1;alpha=10.0|frac=0.5,software,als,0.5,2,0.101414099354936,0.20489844683393002,,,16.0,30.0,0.1,10.0,,,,,,,
als|factors=16;epochs=30;regularisation=0.1;alpha=40.0|frac=0.5,software,als,0.5,2,0.040569046211423,0.08661887694145701,,,16.0,30.0,0.1,40.0,,,,,,,
als|factors=32;epochs=5;regularisation=0.001;alpha=1.0|frac=0.5,software,als,0.5,2,0.038702019175876005,0.07467144563918701,,,32.0,5.0,0.001,1.0,,,,,,,
als|factors=32;epochs=5;regularisation=0.001;alpha=10.0|frac=0.5,software,als,0.5,2,0.09261652291933001,0.200716845878136,,,32.0,5.0,0.001,10.0,,,,,,,
als|factors=32;epochs=5;regularisation=0.001;alpha=40.0|frac=0.5,software,als,0.5,2,0.038284469422824,0.076463560334528,,,32.0,5.0,0.001,40.0,,,,,,,
als|factors=32;epochs=5;regularisation=0.01;alpha=1.0|frac=0.5,software,als,0.5,2,0.038765961199653004,0.07467144563918701,,,32.0,5.0,0.01,1.0,,,,,,,
als|factors=32;epochs=5;regularisation=0.01;alpha=10.0|frac=0.5,software,als,0.5,2,0.10063532530869401,0.20011947431302202,,,32.0,5.0,0.01,10.0,,,,,,,
als|factors=32;epochs=5;regularisation=0.01;alpha=40.0|frac=0.5,software,als,0.5,2,0.038412573398535,0.076463560334528,,,32.0,5.0,0.01,40.0,,,,,,,
als|factors=32;epochs=5;regularisation=0.1;alpha=1.0|frac=0.5,software,als,0.5,2,0.039313035118227,0.07526881720430101,,,32.0,5.0,0.1,1.0,,,,,,,
als|factors=32;epochs=5;regularisation=0.1;alpha=10.0|frac=0.5,software,als,0.5,2,0.09935811594695801,0.19772998805256803,,,32.0,5.0,0.1,10.0,,,,,,,
als|factors=32;epochs=5;regularisation=0.1;alpha=40.0|frac=0.5,software,als,0.5,2,0.037950672557400006,0.076463560334528,,,32.0,5.0,0.1,40.0,,,,,,,
als|factors=32;epochs=15;regularisation=0.001;alpha=1.0|frac=0.5,software,als,0.5,2,0.040084079281298,0.077060931899641,,,32.0,15.0,0.001,1.0,,,,,,,
als|factors=32;epochs=15;regularisation=0.001;alpha=10.0|frac=0.5,software,als,0.5,2,0.10658052196035,0.212066905615292,,,32.0,15.0,0.001,10.0,,,,,,,
als|factors=32;epochs=15;regularisation=0.001;alpha=40.0|frac=0.5,software,als,0.5,2,0.10541326025726201,0.213261648745519,,,32.0,15.0,0.001,40.0,,,,,,,
als|factors=32;epochs=15;regularisation=0.01;alpha=1.0|frac=0.5,software,als,0.5,2,0.04008272357862,0.077060931899641,,,32.0,15.0,0.01,1.0,,,,,,,
als|factors=32;epochs=15;regularisation=0.01;alpha=10.0|frac=0.5,software,als,0.5,2,0.10650195861413801,0.212066905615292,,,32.0,15.0,0.01,10.0,,,,,,,
als|factors=32;epochs=15;regularisation=0.01;alpha=40.0|frac=0.5,software,als,0.5,2,0.10533467426767601,0.212664277180406,,,32.0,15.0,0.01,40.0,,,,,,,
als|factors=32;epochs=15;regularisation=0.1;alpha=1.0|frac=0.5,software,als,0.5,2,0.039954530355589005,0.076463560334528,,,32.0,15.0,0.1,1.0,,,,,,,
als|factors=32;epochs=15;regularisation=0.1;alpha=10.0|frac=0.5,software,als,0.5,2,0.10665470049023301,0.212664277180406,,,32.0,15.0,0.1,10.0,,,,,,,
als|factors=32;epochs=15;regularisation=0.1;alpha=40.0|frac=0.5,software,als,0.5,2,0.10488285636252401,0.21146953405017901,,,32.0,15.0,0.1,40.0,,,,,,,
als|factors=32;epochs=30;regularisation=0.001;alpha=1.0|frac=0.5,software,als,0.5,2,0.040954530869805,0.07825567502986801,,,32.0,30.0,0.001,1.0,,,,,,,
als|factors=32;epochs=30;regularisation=0.001;alpha=10.0|frac=0.5,software,als,0.5,2,0.10705277868795501,0.213261648745519,,,32.0,30.0,0.001,10.0,,,,,,,
als|factors=32;epochs=30;regularisation=0.001;alpha=40.0|frac=0.5,software,als,0.5,2,0.106060145747721,0.213261648745519,,,32.0,30.0,0.001,40.0,,,,,,,
als|factors=32;epochs=30;regularisation=0.01;alpha=1.0|frac=0.5,software,als,0.5,2,0.040983965699102,0.07825567502986801,,,32.0,30.0,0.01,1.0,,,,,,,
als|factors=32;epochs=30;regularisation=0.01;alpha=10.0|frac=0.5,software,als,0.5,2,0.10698966898484301,0.212664277180406,,,32.0,30.0,0.01,10.0,,,,,,,
als|factors=32;epochs=30;regularisation=0.01;alpha=40.0|frac=0.5,software,als,0.5,2,0.10545562890667101,0.212066905615292,,,32.0,30.0,0.01,40.0,,,,,,,
als|factors=32;epochs=30;regularisation=0.1;alpha=1.0|frac=0.5,software,als,0.5,2,0.04087047389706,0.078853046594982,,,32.0,30.0,0.1,1.0,,,,,,,
als|factors=32;epochs=30;regularisation=0.1;alpha=10.0|frac=0.5,software,als,0.5,2,0.107313858954359,0.212664277180406,,,32.0,30.0,0.1,10.0,,,,,,,
als|factors=32;epochs=30;regularisation=0.1;alpha=40.0|frac=0.5,software,als,0.5,2,0.10539812435207001,0.212664277180406,,,32.0,30.0,0.1,40.0,,,,,,,
als|factors=64;epochs=5;regularisation=0.001;alpha=1.0|frac=0.5,software,als,0.5,2,0.039093130393635,0.075866188769414,,,64.0,5.0,0.001,1.0,,,,,,,
als|factors=64;epochs=5;regularisation=0.001;alpha=10.0|frac=0.5,software,als,0.5,2,0.040124557934534004,0.081242532855436,,,64.0,5.0,0.001,10.0,,,,,,,
als|factors=64;epochs=5;regularisation=0.001;alpha=40.0|frac=0.5,software,als,0.5,2,0.038316279824806,0.079450418160095,,,64.0,5.0,0.001,40.0,,,,,,,
als|factors=64;epochs=5;regularisation=0.01;alpha=1.0|frac=0.5,software,als,0.5,2,0.03937932992379,0.075866188769414,,,64.0,5.0,0.01,1.0,,,,,,,
als|factors=64;epochs=5;regularisation=0.01;alpha=10.0|frac=0.5,software,als,0.5,2,0.040065386087612,0.08064516129032201,,,64.0,5.0,0.01,10.0,,,,,,,
als|factors=64;epochs=5;regularisation=0.01;alpha=40.0|frac=0.5,software,als,0.5,2,0.038948577010206,0.079450418160095,,,64.0,5.0,0.01,40.0,,,,,,,
als|factors=64;epochs=5;regularisation=0.1;alpha=1.0|frac=0.5,software,als,0.5,2,0.038997971615123,0.07467144563918701,,,64.0,5.0,0.1,1.0,,,,,,,
als|factors=64;epochs=5;regularisation=0.1;alpha=10.0|frac=0.5,software,als,0.5,2,0.039408372766855,0.079450418160095,,,64.0,5.0,0.1,10.0,,,,,,,
als|factors=64;epochs=5;regularisation=0.1;alpha=40.0|frac=0.5,software,als,0.5,2,0.037811797555918,0.075866188769414,,,64.0,5.0,0.1,40.0,,,,,,,
als|factors=64;epochs=15;regularisation=0.001;alpha=1.0|frac=0.5,software,als,0.5,2,0.041623235919216,0.07825567502986801,,,64.0,15.0,0.001,1.0,,,,,,,
als|factors=64;epochs=15;regularisation=0.001;alpha=10.0|frac=0.5,software,als,0.5,2,0.045235104251392,0.08841099163679801,,,64.0,15.0,0.001,10.0,,,,,,,
als|factors=64;epochs=15;regularisation=0.001;alpha=40.0|frac=0.5,software,als,0.5,2,0.104695000699734,0.206690561529271,,,64.0,15.0,0.001,40.0,,,,,,,
als|factors=64;epochs=15;regularisation=0.01;alpha=1.0|frac=0.5,software,als,0.5,2,0.041622245645893,0.07825567502986801,,,64.0,15.0,0.01,1.0,,,,,,,
als|factors=64;epochs=15;regularisation=0.01;alpha=10.0|frac=0.5,software,als,0.5,2,0.045618713293269005,0.090203106332138,,,64.0,15.0,0.01,10.0,,,,,,,
als|factors=64;epochs=15;regularisation=0.01;alpha=40.0|frac=0.5,software,als,0.5,2,0.043342299347078006,0.084229390681003,,,64.0,15.0,0.01,40.0,,,,,,,
als|factors=64;epochs=15;regularisation=0.1;alpha=1.0|frac=0.5,software,als,0.5,2,0.042150472014631006,0.08004778972520901,,,64.0,15.0,0.1,1.0,,,,,,,
als|factors=64;epochs=15;regularisation=0.1;alpha=10.0|frac=0.5,software,als,0.5,2,0.04547068258327901,0.08900836320191101,,,64.0,15.0,0.1,10.0,,,,,,,
als|factors=64;epochs=15;regularisation=0.1;alpha=40.0|frac=0.5,software,als,0.5,2,0.043698782390614005,0.08363201911589001,,,64.0,15.0,0.1,40.0,,,,,,,
als|factors=64;epochs=30;regularisation=0.001;alpha=1.0|frac=0.5,software,als,0.5,2,0.042171318956502,0.08064516129032201,,,64.0,30.0,0.001,1.0,,,,,,,
als|factors=64;epochs=30;regularisation=0.001;alpha=10.0|frac=0.5,software,als,0.5,2,0.045637019123652006,0.08841099163679801,,,64.0,30.0,0.001,10.0,,,,,,,
als|factors=64;epochs=30;regularisation=0.001;alpha=40.0|frac=0.5,software,als,0.5,2,0.10609585252299901,0.21027479091995202,,,64.0,30.0,0.001,40.0,,,,,,,
als|factors=64;epochs=30;regularisation=0.01;alpha=1.0|frac=0.5,software,als,0.5,2,0.042199239039412,0.08064516129032201,,,64.0,30.0,0.01,1.0,,,,,,,
als|factors=64;epochs=30;regularisation=0.01;alpha=10.0|frac=0.5,software,als,0.5,2,0.045232596038482,0.08661887694145701,,,64.0,30.0,0.01,10.0,,,,,,,
als|factors=64;epochs=30;regularisation=0.01;alpha=40.0|frac=0.5,software,als,0.5,2,0.045752713486458006,0.08661887694145701,,,64.0,30.0,0.01,40.0,,,,,,,
als|factors=64;epochs=30;regularisation=0.1;alpha=1.0|frac=0.5,software,als,0.5,2,0.041950481456401005,0.08064516129032201,,,64.0,30.0,0.1,1.0,,,,,,,
als|factors=64;epochs=30;regularisation=0.1;alpha=10.0|frac=0.5,software,als,0.5,2,0.04530425125912001,0.08661887694145701,,,64.0,30.0,0.1,10.0,,,,,,,
als|factors=64;epochs=30;regularisation=0.1;alpha=40.0|frac=0.5,software,als,0.5,2,0.046100184797717006,0.089605734767025,,,64.0,30.0,0.1,40.0,,,,,,,
als|factors=128;epochs=5;regularisation=0.001;alpha=1.0|frac=0.5,software,als,0.5,2,0.037999739735467004,0.07825567502986801,,,128.0,5.0,0.001,1.0,,,,,,,
als|factors=128;epochs=5;regularisation=0.001;alpha=10.0|frac=0.5,software,als,0.5,2,0.038459728251599004,0.08064516129032201,,,128.0,5.0,0.001,10.0,,,,,,,
als|factors=128;epochs=5;regularisation=0.001;alpha=40.0|frac=0.5,software,als,0.5,2,0.037228414829309005,0.078853046594982,,,128.0,5.0,0.001,40.0,,,,,,,
als|factors=128;epochs=5;regularisation=0.01;alpha=1.0|frac=0.5,software,als,0.5,2,0.038037124275335,0.077060931899641,,,128.0,5.0,0.01,1.0,,,,,,,
als|factors=128;epochs=5;regularisation=0.01;alpha=10.0|frac=0.5,software,als,0.5,2,0.039303109338694006,0.08064516129032201,,,128.0,5.0,0.01,10.0,,,,,,,
als|factors=128;epochs=5;regularisation=0.01;alpha=40.0|frac=0.5,software,als,0.5,2,0.036624410181704,0.075866188769414,,,128.0,5.0,0.01,40.0,,,,,,,
als|factors=128;epochs=5;regularisation=0.1;alpha=1.0|frac=0.5,software,als,0.5,2,0.037587922911871005,0.075866188769414,,,128.0,5.0,0.1,1.0,,,,,,,
als|factors=128;epochs=5;regularisation=0.1;alpha=10.0|frac=0.5,software,als,0.5,2,0.038415221415368,0.07765830346475501,,,128.0,5.0,0.1,10.0,,,,,,,
als|factors=128;epochs=5;regularisation=0.1;alpha=40.0|frac=0.5,software,als,0.5,2,0.035472874703488005,0.07228195937873301,,,128.0,5.0,0.1,40.0,,,,,,,
als|factors=128;epochs=15;regularisation=0.001;alpha=1.0|frac=0.5,software,als,0.5,2,0.038089228450071004,0.075866188769414,,,128.0,15.0,0.001,1.0,,,,,,,
als|factors=128;epochs=15;regularisation=0.001;alpha=10.0|frac=0.5,software,als,0.5,2,0.039275446902186005,0.08004778972520901,,,128.0,15.0,0.001,10.0,,,,,,,
als|factors=128;epochs=15;regularisation=0.001;alpha=40.0|frac=0.5,software,als,0.5,2,0.038367745572266,0.07765830346475501,,,128.0,15.0,0.001,40.0,,,,,,,
als|factors=128;epochs=15;regularisation=0.01;alpha=1.0|frac=0.5,software,als,0.5,2,0.037871033773547,0.07526881720430101,,,128.0,15.0,0.01,1.0,,,,,,,
als|factors=128;epochs=15;regularisation=0.01;alpha=10.0|frac=0.5,software,als,0.5,2,0.039709611363579006,0.08064516129032201,,,128.0,15.0,0.01,10.0,,,,,,,
als|factors=128;epochs=15;regularisation=0.01;alpha=40.0|frac=0.5,software,als,0.5,2,0.03863297554482,0.077060931899641,,,128.0,15.0,0.01,40.0,,,,,,,
als|factors=128;epochs=15;regularisation=0.1;alpha=1.0|frac=0.5,software,als,0.5,2,0.038041904754354004,0.075866188769414,,,128.0,15.0,0.1,1.0,,,,,,,
als|factors=128;epochs=15;regularisation=0.1;alpha=10.0|frac=0.5,software,als,0.5,2,0.039362516481701006,0.079450418160095,,,128.0,15.0,0.1,10.0,,,,,,,
als|factors=128;epochs=15;regularisation=0.1;alpha=40.0|frac=0.5,software,als,0.5,2,0.037623759669906005,0.07347670250896,,,128.0,15.0,0.1,40.0,,,,,,,
als|factors=128;epochs=30;regularisation=0.001;alpha=1.0|frac=0.5,software,als,0.5,2,0.038589120034674004,0.07825567502986801,,,128.0,30.0,0.001,1.0,,,,,,,
als|factors=128;epochs=30;regularisation=0.001;alpha=10.0|frac=0.5,software,als,0.5,2,0.037784017972533,0.075866188769414,,,128.0,30.0,0.001,10.0,,,,,,,
als|factors=128;epochs=30;regularisation=0.001;alpha=40.0|frac=0.5,software,als,0.5,2,0.038239718099354,0.076463560334528,,,128.0,30.0,0.001,40.0,,,,,,,
als|factors=128;epochs=30;regularisation=0.01;alpha=1.0|frac=0.5,software,als,0.5,2,0.038723953156101006,0.078853046594982,,,128.0,30.0,0.01,1.0,,,,,,,
als|factors=128;epochs=30;regularisation=0.01;alpha=10.0|frac=0.5,software,als,0.5,2,0.037481143457131,0.07526881720430101,,,128.0,30.0,0.01,10.0,,,,,,,
als|factors=128;epochs=30;regularisation=0.01;alpha=40.0|frac=0.5,software,als,0.5,2,0.037119385313599006,0.07526881720430101,,,128.0,30.0,0.01,40.0,,,,,,,
als|factors=128;epochs=30;regularisation=0.1;alpha=1.0|frac=0.5,software,als,0.5,2,0.038611931685095004,0.07825567502986801,,,128.0,30.0,0.1,1.0,,,,,,,
als|factors=128;epochs=30;regularisation=0.1;alpha=10.0|frac=0.5,software,als,0.5,2,0.037502608763264,0.07467144563918701,,,128.0,30.0,0.1,10.0,,,,,,,
als|factors=128;epochs=30;regularisation=0.1;alpha=40.0|frac=0.5,software,als,0.5,2,0.036561224411742005,0.072879330943847,,,128.0,30.0,0.1,40.0,,,,,,,
als|factors=16;epochs=5;regularisation=0.001;alpha=1.0|frac=1.0,software,als,1.0,2,0.11276339859494801,0.195340501792114,,,16.0,5.0,0.001,1.0,,,,,,,
als|factors=16;epochs=5;regularisation=0.001;alpha=10.0|frac=1.0,software,als,1.0,2,0.11015719697392101,0.19235364396654703,,,16.0,5.0,0.001,10.0,,,,,,,
als|factors=16;epochs=5;regularisation=0.001;alpha=40.0|frac=1.0,software,als,1.0,2,0.09505839375694601,0.190561529271206,,,16.0,5.0,0.001,40.0,,,,,,,
als|factors=16;epochs=5;regularisation=0.01;alpha=1.0|frac=1.0,software,als,1.0,2,0.112754775607421,0.195340501792114,,,16.0,5.0,0.01,1.0,,,,,,,
als|factors=16;epochs=5;regularisation=0.01;alpha=10.0|frac=1.0,software,als,1.0,2,0.11052046541917601,0.19235364396654703,,,16.0,5.0,0.01,10.0,,,,,,,
als|factors=16;epochs=5;regularisation=0.01;alpha=40.0|frac=1.0,software,als,1.0,2,0.11100511011504001,0.19115890083632,,,16.0,5.0,0.01,40.0,,,,,,,
als|factors=16;epochs=5;regularisation=0.1;alpha=1.0|frac=1.0,software,als,1.0,2,0.11263813864943001,0.195340501792114,,,16.0,5.0,0.1,1.0,,,,,,,
als|factors=16;epochs=5;regularisation=0.1;alpha=10.0|frac=1.0,software,als,1.0,2,0.11158009348857001,0.19414575866188702,,,16.0,5.0,0.1,10.0,,,,,,,
als|factors=16;epochs=5;regularisation=0.1;alpha=40.0|frac=1.0,software,als,1.0,2,0.11293178650895001,0.19474313022700102,,,16.0,5.0,0.1,40.0,,,,,,,
als|factors=16;epochs=15;regularisation=0.001;alpha=1.0|frac=1.0,software,als,1.0,2,0.115270016443674,0.19952210274790902,,,16.0,15.0,0.001,1.0,,,,,,,
als|factors=16;epochs=15;regularisation=0.001;alpha=10.0|frac=1.0,software,als,1.0,2,0.11670916308095101,0.20549581839904402,,,16.0,15.0,0.001,10.0,,,,,,,
als|factors=16;epochs=15;regularisation=0.001;alpha=40.0|frac=1.0,software,als,1.0,2,0.11732300882476801,0.20549581839904402,,,16.0,15.0,0.001,40.0,,,,,,,
als|factors=16;epochs=15;regularisation=0.01;alpha=1.0|frac=1.0,software,als,1.0,2,0.11504954437292801,0.19952210274790902,,,16.0,15.0,0.01,1.0,,,,,,,
als|factors=16;epochs=15;regularisation=0.01;alpha=10.0|frac=1.0,software,als,1.0,2,0.11697442922494501,0.20430107526881702,,,16.0,15.0,0.01,10.0,,,,,,,
als|factors=16;epochs=15;regularisation=0.01;alpha=40.0|frac=1.0,software,als,1.0,2,0.11756308109448801,0.20489844683393002,,,16.0,15.0,0.01,40.0,,,,,,,
als|factors=16;epochs=15;regularisation=0.1;alpha=1.0|frac=1.0,software,als,1.0,2,0.115062059245726,0.19952210274790902,,,16.0,15.0,0.1,1.0,,,,,,,
als|factors=16;epochs=15;regularisation=0.1;alpha=10.0|frac=1.0,software,als,1.0,2,0.11771438512440902,0.20549581839904402,,,16.0,15.0,0.1,10.0,,,,,,,
als|factors=16;epochs=15;regularisation=0.1;alpha=40.0|frac=1.0,software,als,1.0,2,0.11752875331619701,0.20489844683393002,,,16.0,15.0,0.1,40.0,,,,,,,
als|factors=16;epochs=30;regularisation=0.001;alpha=1.0|frac=1.0,software,als,1.0,2,0.11484049313935801,0.19892473118279502,,,16.0,30.0,0.001,1.0,,,,,,,
als|factors=16;epochs=30;regularisation=0.001;alpha=10.0|frac=1.0,software,als,1.0,2,0.11622582525171801,0.20370370370370303,,,16.0,30.0,0.001,10.0,,,,,,,
als|factors=16;epochs=30;regularisation=0.001;alpha=40.0|frac=1.0,software,als,1.0,2,0.101559976979208,0.20609318996415701,,,16.0,30.0,0.001,40.0,,,,,,,
als|factors=16;epochs=30;regularisation=0.01;alpha=1.0|frac=1.0,software,als,1.0,2,0.11499561617197501,0.19952210274790902,,,16.0,30.0,0.01,1.0,,,,,,,
als|factors=16;epochs=30;regularisation=0.01;alpha=10.0|frac=1.0,software,als,1.0,2,0.11657225268563001,0.20370370370370303,,,16.0,30.0,0.01,10.0,,,,,,,
als|factors=16;epochs=30;regularisation=0.01;alpha=40.0|frac=1.0,software,als,1.0,2,0.117852627888058,0.207287933094384,,,16.0,30.0,0.01,40.0,,,,,,,
als|factors=16;epochs=30;regularisation=0.1;alpha=1.0|frac=1.0,software,als,1.0,2,0.11493212749699601,0.19952210274790902,,,16.0,30.0,0.1,1.0,,,,,,,
als|factors=16;epochs=30;regularisation=0.1;alpha=10.0|frac=1.0,software,als,1.0,2,0.117062308500956,0.20430107526881702,,,16.0,30.0,0.1,10.0,,,,,,,
als|factors=16;epochs=30;regularisation=0.1;alpha=40.0|frac=1.0,software,als,1.0,2,0.117816456199526,0.20549581839904402,,,16.0,30.0,0.1,40.0,,,,,,,
als|factors=32;epochs=5;regularisation=0.001;alpha=1.0|frac=1.0,software,als,1.0,2,0.12031826716722101,0.212664277180406,,,32.0,5.0,0.001,1.0,,,,,,,
als|factors=32;epochs=5;regularisation=0.001;alpha=10.0|frac=1.0,software,als,1.0,2,0.12067550532196201,0.21146953405017901,,,32.0,5.0,0.001,10.0,,,,,,,
als|factors=32;epochs=5;regularisation=0.001;alpha=40.0|frac=1.0,software,als,1.0,2,0.12093235569994201,0.20489844683393002,,,32.0,5.0,0.001,40.0,,,,,,,
als|factors=32;epochs=5;regularisation=0.01;alpha=1.0|frac=1.0,software,als,1.0,2,0.12030759305936702,0.212664277180406,,,32.0,5.0,0.01,1.0,,,,,,,
als|factors=32;epochs=5;regularisation=0.01;alpha=10.0|frac=1.0,software,als,1.0,2,0.12053450952430901,0.21027479091995202,,,32.0,5.0,0.01,10.0,,,,,,,
als|factors=32;epochs=5;regularisation=0.01;alpha=40.0|frac=1.0,software,als,1.0,2,0.121485293830995,0.207287933094384,,,32.0,5.0,0.01,40.0,,,,,,,
als|factors=32;epochs=5;regularisation=0.1;alpha=1.0|frac=1.0,software,als,1.0,2,0.12042948912207901,0.213261648745519,,,32.0,5.0,0.1,1.0,,,,,,,
als|factors=32;epochs=5;regularisation=0.1;alpha=10.0|frac=1.0,software,als,1.0,2,0.12050542575666401,0.20967741935483802,,,32.0,5.0,0.1,10.0,,,,,,,
als|factors=32;epochs=5;regularisation=0.1;alpha=40.0|frac=1.0,software,als,1.0,2,0.123293536446616,0.21146953405017901,,,32.0,5.0,0.1,40.0,,,,,,,
als|factors=32;epochs=15;regularisation=0.001;alpha=1.0|frac=1.0,software,als,1.0,2,0.12032049218243701,0.21146953405017901,,,32.0,15.0,0.001,1.0,,,,,,,
als|factors=32;epochs=15;regularisation=0.001;alpha=10.0|frac=1.0,software,als,1.0,2,0.12361995475112302,0.21565113500597302,,,32.0,15.0,0.001,10.0,,,,,,,
als|factors=32;epochs=15;regularisation=0.001;alpha=40.0|frac=1.0,software,als,1.0,2,0.125277425020724,0.218637992831541,,,32.0,15.0,0.001,40.0,,,,,,,
als|factors=32;epochs=15;regularisation=0.01;alpha=1.0|frac=1.0,software,als,1.0,2,0.12030472154297,0.21146953405017901,,,32.0,15.0,0.01,1.0,,,,,,,
als|factors=32;epochs=15;regularisation=0.01;alpha=10.0|frac=1.0,software,als,1.0,2,0.12478162792941501,0.218637992831541,,,32.0,15.0,0.01,10.0,,,,,,,
als|factors=32;epochs=15;regularisation=0.01;alpha=40.0|frac=1.0,software,als,1.0,2,0.124518610304787,0.21624850657108702,,,32.0,15.0,0.01,40.0,,,,,,,
als|factors=32;epochs=15;regularisation=0.1;alpha=1.0|frac=1.0,software,als,1.0,2,0.1202926234112,0.21146953405017901,,,32.0,15.0,0.1,1.0,,,,,,,
als|factors=32;epochs=15;regularisation=0.1;alpha=10.0|frac=1.0,software,als,1.0,2,0.12448697253385801,0.218637992831541,,,32.0,15.0,0.1,10.0,,,,,,,
als|factors=32;epochs=15;regularisation=0.1;alpha=40.0|frac=1.0,software,als,1.0,2,0.12432601467889101,0.21624850657108702,,,32.0,15.0,0.1,40.0,,,,,,,
als|factors=32;epochs=30;regularisation=0.001;alpha=1.0|frac=1.0,software,als,1.0,2,0.12021628114298301,0.21087216248506502,,,32.0,30.0,0.001,1.0,,,,,,,
als|factors=32;epochs=30;regularisation=0.001;alpha=10.0|frac=1.0,software,als,1.0,2,0.123192643994236,0.218040621266427,,,32.0,30.0,0.001,10.0,,,,,,,
als|factors=32;epochs=30;regularisation=0.001;alpha=40.0|frac=1.0,software,als,1.0,2,0.12339829866804801,0.21624850657108702,,,32.0,30.0,0.001,40.0,,,,,,,
als|factors=32;epochs=30;regularisation=0.01;alpha=1.0|frac=1.0,software,als,1.0,2,0.12019399396562501,0.21087216248506502,,,32.0,30.0,0.01,1.0,,,,,,,
als|factors=32;epochs=30;regularisation=0.01;alpha=10.0|frac=1.0,software,als,1.0,2,0.12323899040855502,0.218637992831541,,,32.0,30.0,0.01,10.0,,,,,,,
als|factors=32;epochs=30;regularisation=0.01;alpha=40.0|frac=1.0,software,als,1.0,2,0.12383185027241402,0.218040621266427,,,32.0,30.0,0.01,40.0,,,,,,,
als|factors=32;epochs=30;regularisation=0.1;alpha=1.0|frac=1.0,software,als,1.0,2,0.120302405031008,0.21087216248506502,,,32.0,30.0,0.1,1.0,,,,,,,
als|factors=32;epochs=30;regularisation=0.1;alpha=10.0|frac=1.0,software,als,1.0,2,0.12266159721114901,0.21624850657108702,,,32.0,30.0,0.1,10.0,,,,,,,
als|factors=32;epochs=30;regularisation=0.1;alpha=40.0|frac=1.0,software,als,1.0,2,0.12448404243548201,0.217443249701314,,,32.0,30.0,0.1,40.0,,,,,,,
als|factors=64;epochs=5;regularisation=0.001;alpha=1.0|frac=1.0,software,als,1.0,2,0.12030118856169801,0.21146953405017901,,,64.0,5.0,0.001,1.0,,,,,,,
als|factors=64;epochs=5;regularisation=0.001;alpha=10.0|frac=1.0,software,als,1.0,2,0.12419185986269,0.21684587813620002,,,64.0,5.0,0.001,10.0,,,,,,,
als|factors=64;epochs=5;regularisation=0.001;alpha=40.0|frac=1.0,software,als,1.0,2,0.12412126981917601,0.21087216248506502,,,64.0,5.0,0.001,40.0,,,,,,,
als|factors=64;epochs=5;regularisation=0.01;alpha=1.0|frac=1.0,software,als,1.0,2,0.120099794208762,0.21087216248506502,,,64.0,5.0,0.01,1.0,,,,,,,
als|factors=64;epochs=5;regularisation=0.01;alpha=10.0|frac=1.0,software,als,1.0,2,0.124189873045963,0.21684587813620002,,,64.0,5.0,0.01,10.0,,,,,,,
als|factors=64;epochs=5;regularisation=0.01;alpha=40.0|frac=1.0,software,als,1.0,2,0.12471640804474601,0.21087216248506502,,,64.0,5.0,0.01,40.0,,,,,,,
als|factors=64;epochs=5;regularisation=0.1;alpha=1.0|frac=1.0,software,als,1.0,2,0.120209438540884,0.21146953405017901,,,64.0,5.0,0.1,1.0,,,,,,,
als|factors=64;epochs=5;regularisation=0.1;alpha=10.0|frac=1.0,software,als,1.0,2,0.12347708267180502,0.21385902031063303,,,64.0,5.0,0.1,10.0,,,,,,,
als|factors=64;epochs=5;regularisation=0.1;alpha=40.0|frac=1.0,software,als,1.0,2,0.12321143211506301,0.20967741935483802,,,64.0,5.0,0.1,40.0,,,,,,,
als|factors=64;epochs=15;regularisation=0.001;alpha=1.0|frac=1.0,software,als,1.0,2,0.12083634661486801,0.21087216248506502,,,64.0,15.0,0.001,1.0,,,,,,,
als|factors=64;epochs=15;regularisation=0.001;alpha=10.0|frac=1.0,software,als,1.0,2,0.12729470621419,0.223416965352449,,,64.0,15.0,0.001,10.0,,,,,,,
als|factors=64;epochs=15;regularisation=0.001;alpha=40.0|frac=1.0,software,als,1.0,2,0.12538879223388502,0.22222222222222202,,,64.0,15.0,0.001,40.0,,,,,,,
als|factors=64;epochs=15;regularisation=0.01;alpha=1.0|frac=1.0,software,als,1.0,2,0.12080634277359802,0.21087216248506502,,,64.0,15.0,0.01,1.0,,,,,,,
als|factors=64;epochs=15;regularisation=0.01;alpha=10.0|frac=1.0,software,als,1.0,2,0.12713261676193702,0.224014336917562,,,64.0,15.0,0.01,10.0,,,,,,,
als|factors=64;epochs=15;regularisation=0.01;alpha=40.0|frac=1.0,software,als,1.0,2,0.12612146895905302,0.224014336917562,,,64.0,15.0,0.01,40.0,,,,,,,
als|factors=64;epochs=15;regularisation=0.1;alpha=1.0|frac=1.0,software,als,1.0,2,0.12040542599555101,0.20967741935483802,,,64.0,15.0,0.1,1.0,,,,,,,
als|factors=64;epochs=15;regularisation=0.1;alpha=10.0|frac=1.0,software,als,1.0,2,0.12652814944492502,0.223416965352449,,,64.0,15.0,0.1,10.0,,,,,,,
als|factors=64;epochs=15;regularisation=0.1;alpha=40.0|frac=1.0,software,als,1.0,2,0.12558708514459002,0.22162485065710802,,,64.0,15.0,0.1,40.0,,,,,,,
als|factors=64;epochs=30;regularisation=0.001;alpha=1.0|frac=1.0,software,als,1.0,2,0.120016670314704,0.20908004778972503,,,64.0,30.0,0.001,1.0,,,,,,,
als|factors=64;epochs=30;regularisation=0.001;alpha=10.0|frac=1.0,software,als,1.0,2,0.126498934495884,0.224014336917562,,,64.0,30.0,0.001,10.0,,,,,,,
als|factors=64;epochs=30;regularisation=0.001;alpha=40.0|frac=1.0,software,als,1.0,2,0.126211494802665,0.22461170848267603,,,64.0,30.0,0.001,40.0,,,,,,,
als|factors=64;epochs=30;regularisation=0.01;alpha=1.0|frac=1.0,software,als,1.0,2,0.12001015377681301,0.20908004778972503,,,64.0,30.0,0.01,1.0,,,,,,,
als|factors=64;epochs=30;regularisation=0.01;alpha=10.0|frac=1.0,software,als,1.0,2,0.126598195221989,0.22520908004778903,,,64.0,30.0,0.01,10.0,,,,,,,
als|factors=64;epochs=30;regularisation=0.01;alpha=40.0|frac=1.0,software,als,1.0,2,0.12638731478815002,0.22580645161290303,,,64.0,30.0,0.01,40.0,,,,,,,
als|factors=64;epochs=30;regularisation=0.1;alpha=1.0|frac=1.0,software,als,1.0,2,0.12034317433411401,0.21027479091995202,,,64.0,30.0,0.1,1.0,,,,,,,
als|factors=64;epochs=30;regularisation=0.1;alpha=10.0|frac=1.0,software,als,1.0,2,0.1256946641609,0.224014336917562,,,64.0,30.0,0.1,10.0,,,,,,,
als|factors=64;epochs=30;regularisation=0.1;alpha=40.0|frac=1.0,software,als,1.0,2,0.125764591310038,0.223416965352449,,,64.0,30.0,0.1,40.0,,,,,,,
als|factors=128;epochs=5;regularisation=0.001;alpha=1.0|frac=1.0,software,als,1.0,2,0.10576003853628901,0.21983273596176803,,,128.0,5.0,0.001,1.0,,,,,,,
als|factors=128;epochs=5;regularisation=0.001;alpha=10.0|frac=1.0,software,als,1.0,2,0.12914460076776002,0.21983273596176803,,,128.0,5.0,0.001,10.0,,,,,,,
als|factors=128;epochs=5;regularisation=0.001;alpha=40.0|frac=1.0,software,als,1.0,2,0.12671859434253002,0.21445639187574603,,,128.0,5.0,0.001,40.0,,,,,,,
als|factors=128;epochs=5;regularisation=0.01;alpha=1.0|frac=1.0,software,als,1.0,2,0.105688458793755,0.219235364396654,,,128.0,5.0,0.01,1.0,,,,,,,
als|factors=128;epochs=5;regularisation=0.01;alpha=10.0|frac=1.0,software,als,1.0,2,0.129471048514085,0.21983273596176803,,,128.0,5.0,0.01,10.0,,,,,,,
als|factors=128;epochs=5;regularisation=0.01;alpha=40.0|frac=1.0,software,als,1.0,2,0.12675808915449402,0.21445639187574603,,,128.0,5.0,0.01,40.0,,,,,,,
als|factors=128;epochs=5;regularisation=0.1;alpha=1.0|frac=1.0,software,als,1.0,2,0.10573674329875501,0.219235364396654,,,128.0,5.0,0.1,1.0,,,,,,,
als|factors=128;epochs=5;regularisation=0.1;alpha=10.0|frac=1.0,software,als,1.0,2,0.128649908665941,0.218040621266427,,,128.0,5.0,0.1,10.0,,,,,,,
als|factors=128;epochs=5;regularisation=0.1;alpha=40.0|frac=1.0,software,als,1.0,2,0.1269010741371,0.21445639187574603,,,128.0,5.0,0.1,40.0,,,,,,,
als|factors=128;epochs=15;regularisation=0.001;alpha=1.0|frac=1.0,software,als,1.0,2,0.09635827898768601,0.218040621266427,,,128.0,15.0,0.001,1.0,,,,,,,
als|factors=128;epochs=15;regularisation=0.001;alpha=10.0|frac=1.0,software,als,1.0,2,0.127093913511263,0.22043010752688103,,,128.0,15.0,0.001,10.0,,,,,,,
als|factors=128;epochs=15;regularisation=0.001;alpha=40.0|frac=1.0,software,als,1.0,2,0.126742795670844,0.21565113500597302,,,128.0,15.0,0.001,40.0,,,,,,,
als|factors=128;epochs=15;regularisation=0.01;alpha=1.0|frac=1.0,software,als,1.0,2,0.09657638146658601,0.218637992831541,,,128.0,15.0,0.01,1.0,,,,,,,
als|factors=128;epochs=15;regularisation=0.01;alpha=10.0|frac=1.0,software,als,1.0,2,0.126446301104075,0.217443249701314,,,128.0,15.0,0.01,10.0,,,,,,,
als|factors=128;epochs=15;regularisation=0.01;alpha=40.0|frac=1.0,software,als,1.0,2,0.12585844675902902,0.213261648745519,,,128.0,15.0,0.01,40.0,,,,,,,
als|factors=128;epochs=15;regularisation=0.1;alpha=1.0|frac=1.0,software,als,1.0,2,0.09667072062330101,0.219235364396654,,,128.0,15.0,0.1,1.0,,,,,,,
als|factors=128;epochs=15;regularisation=0.1;alpha=10.0|frac=1.0,software,als,1.0,2,0.12724369397368301,0.21983273596176803,,,128.0,15.0,0.1,10.0,,,,,,,
als|factors=128;epochs=15;regularisation=0.1;alpha=40.0|frac=1.0,software,als,1.0,2,0.126585657201103,0.21565113500597302,,,128.0,15.0,0.1,40.0,,,,,,,
als|factors=128;epochs=30;regularisation=0.001;alpha=1.0|frac=1.0,software,als,1.0,2,0.095688718820937,0.21445639187574603,,,128.0,30.0,0.001,1.0,,,,,,,
als|factors=128;epochs=30;regularisation=0.001;alpha=10.0|frac=1.0,software,als,1.0,2,0.127319737300972,0.22043010752688103,,,128.0,30.0,0.001,10.0,,,,,,,
als|factors=128;epochs=30;regularisation=0.001;alpha=40.0|frac=1.0,software,als,1.0,2,0.12675479185642702,0.21505376344086002,,,128.0,30.0,0.001,40.0,,,,,,,
als|factors=128;epochs=30;regularisation=0.01;alpha=1.0|frac=1.0,software,als,1.0,2,0.09602340292851601,0.21565113500597302,,,128.0,30.0,0.01,1.0,,,,,,,
als|factors=128;epochs=30;regularisation=0.01;alpha=10.0|frac=1.0,software,als,1.0,2,0.127498438569065,0.22102747909199502,,,128.0,30.0,0.01,10.0,,,,,,,
als|factors=128;epochs=30;regularisation=0.01;alpha=40.0|frac=1.0,software,als,1.0,2,0.126699413137029,0.21565113500597302,,,128.0,30.0,0.01,40.0,,,,,,,
als|factors=128;epochs=30;regularisation=0.1;alpha=1.0|frac=1.0,software,als,1.0,2,0.09685105745529501,0.218637992831541,,,128.0,30.0,0.1,1.0,,,,,,,
als|factors=128;epochs=30;regularisation=0.1;alpha=10.0|frac=1.0,software,als,1.0,2,0.128094979288667,0.22222222222222202,,,128.0,30.0,0.1,10.0,,,,,,,
als|factors=128;epochs=30;regularisation=0.1;alpha=40.0|frac=1.0,software,als,1.0,2,0.126955794621679,0.21505376344086002,,,128.0,30.0,0.1,40.0,,,,,,,
multvae|latent=32;hidden=200;epochs=10;dropout=0.0|frac=0.25,software,multvae,0.25,2,0.013867883941819,0.031063321385902003,,,,,,,32.0,200.0,10.0,0.0,,,
multvae|latent=32;hidden=200;epochs=10;dropout=0.5|frac=0.25,software,multvae,0.25,2,0.012714104134442001,0.029868578255675002,,,,,,,32.0,200.0,10.0,0.5,,,
multvae|latent=32;hidden=200;epochs=20;dropout=0.0|frac=0.25,software,multvae,0.25,2,0.014216316696379001,0.031063321385902003,,,,,,,32.0,200.0,20.0,0.0,,,
multvae|latent=32;hidden=200;epochs=20;dropout=0.5|frac=0.25,software,multvae,0.25,2,0.013861930529705002,0.032855436081242,,,,,,,32.0,200.0,20.0,0.5,,,
multvae|latent=32;hidden=600;epochs=10;dropout=0.0|frac=0.25,software,multvae,0.25,2,0.011693911939628002,0.027479091995221003,,,,,,,32.0,600.0,10.0,0.0,,,
multvae|latent=32;hidden=600;epochs=10;dropout=0.5|frac=0.25,software,multvae,0.25,2,0.013842725755507001,0.032855436081242,,,,,,,32.0,600.0,10.0,0.5,,,
multvae|latent=32;hidden=600;epochs=20;dropout=0.0|frac=0.25,software,multvae,0.25,2,0.019991924507511003,0.039426523297491,,,,,,,32.0,600.0,20.0,0.0,,,
multvae|latent=32;hidden=600;epochs=20;dropout=0.5|frac=0.25,software,multvae,0.25,2,0.018656737121526,0.040621266427718,,,,,,,32.0,600.0,20.0,0.5,,,
multvae|latent=64;hidden=200;epochs=10;dropout=0.0|frac=0.25,software,multvae,0.25,2,0.012006823956045002,0.027479091995221003,,,,,,,64.0,200.0,10.0,0.0,,,
multvae|latent=64;hidden=200;epochs=10;dropout=0.5|frac=0.25,software,multvae,0.25,2,0.011371792157264,0.027479091995221003,,,,,,,64.0,200.0,10.0,0.5,,,
multvae|latent=64;hidden=200;epochs=20;dropout=0.0|frac=0.25,software,multvae,0.25,2,0.017253802753521,0.034647550776583005,,,,,,,64.0,200.0,20.0,0.0,,,
multvae|latent=64;hidden=200;epochs=20;dropout=0.5|frac=0.25,software,multvae,0.25,2,0.013544600887301,0.030465949820788003,,,,,,,64.0,200.0,20.0,0.5,,,
multvae|latent=64;hidden=600;epochs=10;dropout=0.0|frac=0.25,software,multvae,0.25,2,0.018666287748923,0.039426523297491,,,,,,,64.0,600.0,10.0,0.0,,,
multvae|latent=64;hidden=600;epochs=10;dropout=0.5|frac=0.25,software,multvae,0.25,2,0.015278485388267002,0.03584229390681,,,,,,,64.0,600.0,10.0,0.5,,,
multvae|latent=64;hidden=600;epochs=20;dropout=0.0|frac=0.25,software,multvae,0.25,2,0.024313714995478002,0.042413381123058,,,,,,,64.0,600.0,20.0,0.0,,,
multvae|latent=64;hidden=600;epochs=20;dropout=0.5|frac=0.25,software,multvae,0.25,2,0.019517025377459002,0.044205495818399006,,,,,,,64.0,600.0,20.0,0.5,,,
multvae|latent=128;hidden=200;epochs=10;dropout=0.0|frac=0.25,software,multvae,0.25,2,0.013818377046545,0.033452807646356005,,,,,,,128.0,200.0,10.0,0.0,,,
multvae|latent=128;hidden=200;epochs=10;dropout=0.5|frac=0.25,software,multvae,0.25,2,0.014660174374411002,0.03584229390681,,,,,,,128.0,200.0,10.0,0.5,,,
multvae|latent=128;hidden=200;epochs=20;dropout=0.0|frac=0.25,software,multvae,0.25,2,0.016158623757098003,0.034647550776583005,,,,,,,128.0,200.0,20.0,0.0,,,
multvae|latent=128;hidden=200;epochs=20;dropout=0.5|frac=0.25,software,multvae,0.25,2,0.014805445506598002,0.034050179211469,,,,,,,128.0,200.0,20.0,0.5,,,
multvae|latent=128;hidden=600;epochs=10;dropout=0.0|frac=0.25,software,multvae,0.25,2,0.014814941843506001,0.032855436081242,,,,,,,128.0,600.0,10.0,0.0,,,
multvae|latent=128;hidden=600;epochs=10;dropout=0.5|frac=0.25,software,multvae,0.25,2,0.013353070440940001,0.032855436081242,,,,,,,128.0,600.0,10.0,0.5,,,
multvae|latent=128;hidden=600;epochs=20;dropout=0.0|frac=0.25,software,multvae,0.25,2,0.025775719259994,0.04778972520908,,,,,,,128.0,600.0,20.0,0.0,,,
multvae|latent=128;hidden=600;epochs=20;dropout=0.5|frac=0.25,software,multvae,0.25,2,0.02122524031434,0.04958183990442001,,,,,,,128.0,600.0,20.0,0.5,,,
multvae|latent=32;hidden=200;epochs=10;dropout=0.0|frac=0.5,software,multvae,0.5,2,0.019826322430151002,0.039426523297491,,,,,,,32.0,200.0,10.0,0.0,,,
multvae|latent=32;hidden=200;epochs=10;dropout=0.5|frac=0.5,software,multvae,0.5,2,0.011619047929363,0.027479091995221003,,,,,,,32.0,200.0,10.0,0.5,,,
multvae|latent=32;hidden=200;epochs=20;dropout=0.0|frac=0.5,software,multvae,0.5,2,0.031417092284224,0.068697729988052,,,,,,,32.0,200.0,20.0,0.0,,,
multvae|latent=32;hidden=200;epochs=20;dropout=0.5|frac=0.5,software,multvae,0.5,2,0.023666204264916002,0.050776583034647,,,,,,,32.0,200.0,20.0,0.5,,,
multvae|latent=32;hidden=600;epochs=10;dropout=0.0|frac=0.5,software,multvae,0.5,2,0.026154480251704002,0.05495818399044201,,,,,,,32.0,600.0,10.0,0.0,,,
multvae|latent=32;hidden=600;epochs=10;dropout=0.5|frac=0.5,software,multvae,0.5,2,0.021492813900202003,0.04958183990442001,,,,,,,32.0,600.0,10.0,0.5,,,
multvae|latent=32;hidden=600;epochs=20;dropout=0.0|frac=0.5,software,multvae,0.5,2,0.07725557655382101,0.185185185185185,,,,,,,32.0,600.0,20.0,0.0,,,
multvae|latent=32;hidden=600;epochs=20;dropout=0.5|frac=0.5,software,multvae,0.5,2,0.034961827791546,0.076463560334528,,,,,,,32.0,600.0,20.0,0.5,,,
multvae|latent=64;hidden=200;epochs=10;dropout=0.0|frac=0.5,software,multvae,0.5,2,0.015584273249254002,0.034647550776583005,,,,,,,64.0,200.0,10.0,0.0,,,
multvae|latent=64;hidden=200;epochs=10;dropout=0.5|frac=0.5,software,multvae,0.5,2,0.011787255832911,0.028673835125448,,,,,,,64.0,200.0,10.0,0.5,,,
multvae|latent=64;hidden=200;epochs=20;dropout=0.0|frac=0.5,software,multvae,0.5,2,0.032986797340245004,0.065113500597371,,,,,,,64.0,200.0,20.0,0.0,,,
multvae|latent=64;hidden=200;epochs=20;dropout=0.5|frac=0.5,software,multvae,0.5,2,0.026860579038929,0.056750298685782005,,,,,,,64.0,200.0,20.0,0.5,,,
multvae|latent=64;hidden=600;epochs=10;dropout=0.0|frac=0.5,software,multvae,0.5,2,0.029244851610236003,0.06033452807646301,,,,,,,64.0,600.0,10.0,0.0,,,
multvae|latent=64;hidden=600;epochs=10;dropout=0.5|frac=0.5,software,multvae,0.5,2,0.024174599889846,0.055555555555555004,,,,,,,64.0,600.0,10.0,0.5,,,
multvae|latent=64;hidden=600;epochs=20;dropout=0.0|frac=0.5,software,multvae,0.5,2,0.0837202879065,0.19295101553166003,,,,,,,64.0,600.0,20.0,0.0,,,
multvae|latent=64;hidden=600;epochs=20;dropout=0.5|frac=0.5,software,multvae,0.5,2,0.030303151489754,0.06690561529271201,,,,,,,64.0,600.0,20.0,0.5,,,
multvae|latent=128;hidden=200;epochs=10;dropout=0.0|frac=0.5,software,multvae,0.5,2,0.015936931747738,0.035244922341696,,,,,,,128.0,200.0,10.0,0.0,,,
multvae|latent=128;hidden=200;epochs=10;dropout=0.5|frac=0.5,software,multvae,0.5,2,0.014094340487211001,0.032258064516129004,,,,,,,128.0,200.0,10.0,0.5,,,
multvae|latent=128;hidden=200;epochs=20;dropout=0.0|frac=0.5,software,multvae,0.5,2,0.07914744064843901,0.17264038231780102,,,,,,,128.0,200.0,20.0,0.0,,,
multvae|latent=128;hidden=200;epochs=20;dropout=0.5|frac=0.5,software,multvae,0.5,2,0.026354331261574004,0.055555555555555004,,,,,,,128.0,200.0,20.0,0.5,,,
multvae|latent=128;hidden=600;epochs=10;dropout=0.0|frac=0.5,software,multvae,0.5,2,0.067534620308696,0.18100358422939,,,,,,,128.0,600.0,10.0,0.0,,,
multvae|latent=128;hidden=600;epochs=10;dropout=0.5|frac=0.5,software,multvae,0.5,2,0.022351251857233002,0.048984468339307,,,,,,,128.0,600.0,10.0,0.5,,,
multvae|latent=128;hidden=600;epochs=20;dropout=0.0|frac=0.5,software,multvae,0.5,2,0.100988375773985,0.202508960573476,,,,,,,128.0,600.0,20.0,0.0,,,
multvae|latent=128;hidden=600;epochs=20;dropout=0.5|frac=0.5,software,multvae,0.5,2,0.035536928581828005,0.08004778972520901,,,,,,,128.0,600.0,20.0,0.5,,,
multvae|latent=32;hidden=200;epochs=10;dropout=0.0|frac=1.0,software,multvae,1.0,2,0.076921219363502,0.17264038231780102,,,,,,,32.0,200.0,10.0,0.0,,,
multvae|latent=32;hidden=200;epochs=10;dropout=0.5|frac=1.0,software,multvae,1.0,2,0.059082199066612,0.16129032258064502,,,,,,,32.0,200.0,10.0,0.5,,,
multvae|latent=32;hidden=200;epochs=20;dropout=0.0|frac=1.0,software,multvae,1.0,2,0.115864567481173,0.19952210274790902,,,,,,,32.0,200.0,20.0,0.0,,,
multvae|latent=32;hidden=200;epochs=20;dropout=0.5|frac=1.0,software,multvae,1.0,2,0.10874085650758401,0.18817204301075202,,,,,,,32.0,200.0,20.0,0.5,,,
multvae|latent=32;hidden=600;epochs=10;dropout=0.0|frac=1.0,software,multvae,1.0,2,0.116765527369818,0.19892473118279502,,,,,,,32.0,600.0,10.0,0.0,,,
multvae|latent=32;hidden=600;epochs=10;dropout=0.5|frac=1.0,software,multvae,1.0,2,0.10835132025506501,0.185185185185185,,,,,,,32.0,600.0,10.0,0.5,,,
multvae|latent=32;hidden=600;epochs=20;dropout=0.0|frac=1.0,software,multvae,1.0,2,0.123497840095521,0.21505376344086002,,,,,,,32.0,600.0,20.0,0.0,,,
multvae|latent=32;hidden=600;epochs=20;dropout=0.5|frac=1.0,software,multvae,1.0,2,0.11936085420026601,0.212066905615292,,,,,,,32.0,600.0,20.0,0.5,,,
multvae|latent=64;hidden=200;epochs=10;dropout=0.0|frac=1.0,software,multvae,1.0,2,0.10064490332167701,0.17144563918757402,,,,,,,64.0,200.0,10.0,0.0,,,
multvae|latent=64;hidden=200;epochs=10;dropout=0.5|frac=1.0,software,multvae,1.0,2,0.059504050067231,0.16069295101553102,,,,,,,64.0,200.0,10.0,0.5,,,
multvae|latent=64;hidden=200;epochs=20;dropout=0.0|frac=1.0,software,multvae,1.0,2,0.118458041224671,0.21027479091995202,,,,,,,64.0,200.0,20.0,0.0,,,
multvae|latent=64;hidden=200;epochs=20;dropout=0.5|frac=1.0,software,multvae,1.0,2,0.106509103048672,0.18160095579450403,,,,,,,64.0,200.0,20.0,0.5,,,
multvae|latent=64;hidden=600;epochs=10;dropout=0.0|frac=1.0,software,multvae,1.0,2,0.11751189560905001,0.20370370370370303,,,,,,,64.0,600.0,10.0,0.0,,,
multvae|latent=64;hidden=600;epochs=10;dropout=0.5|frac=1.0,software,multvae,1.0,2,0.111109001539479,0.190561529271206,,,,,,,64.0,600.0,10.0,0.5,,,
multvae|latent=64;hidden=600;epochs=20;dropout=0.0|frac=1.0,software,multvae,1.0,2,0.128709661768486,0.222819593787335,,,,,,,64.0,600.0,20.0,0.0,,,
multvae|latent=64;hidden=600;epochs=20;dropout=0.5|frac=1.0,software,multvae,1.0,2,0.12071595634346101,0.20908004778972503,,,,,,,64.0,600.0,20.0,0.5,,,
multvae|latent=128;hidden=200;epochs=10;dropout=0.0|frac=1.0,software,multvae,1.0,2,0.06454358319176501,0.175627240143369,,,,,,,128.0,200.0,10.0,0.0,,,
multvae|latent=128;hidden=200;epochs=10;dropout=0.5|frac=1.0,software,multvae,1.0,2,0.018052981281696003,0.038829151732377006,,,,,,,128.0,200.0,10.0,0.5,,,
multvae|latent=128;hidden=200;epochs=20;dropout=0.0|frac=1.0,software,multvae,1.0,2,0.11495022783403401,0.19832735961768203,,,,,,,128.0,200.0,20.0,0.0,,,
multvae|latent=128;hidden=200;epochs=20;dropout=0.5|frac=1.0,software,multvae,1.0,2,0.11174048809369401,0.195340501792114,,,,,,,128.0,200.0,20.0,0.5,,,
multvae|latent=128;hidden=600;epochs=10;dropout=0.0|frac=1.0,software,multvae,1.0,2,0.11421623922993601,0.19952210274790902,,,,,,,128.0,600.0,10.0,0.0,,,
multvae|latent=128;hidden=600;epochs=10;dropout=0.5|frac=1.0,software,multvae,1.0,2,0.105819976562546,0.179808841099163,,,,,,,128.0,600.0,10.0,0.5,,,
multvae|latent=128;hidden=600;epochs=20;dropout=0.0|frac=1.0,software,multvae,1.0,2,0.122327328769518,0.212066905615292,,,,,,,128.0,600.0,20.0,0.0,,,
multvae|latent=128;hidden=600;epochs=20;dropout=0.5|frac=1.0,software,multvae,1.0,2,0.11667672434401201,0.201911589008363,,,,,,,128.0,600.0,20.0,0.5,,,
als|factors=16;epochs=5;regularisation=0.001;alpha=1.0|frac=0.25,gift_cards,als,0.25,2,0.075424838682263,0.138084632516703,,,16.0,5.0,0.001,1.0,,,,,,,
als|factors=16;epochs=5;regularisation=0.001;alpha=10.0|frac=0.25,gift_cards,als,0.25,2,0.071086991820518,0.135857461024498,,,16.0,5.0,0.001,10.0,,,,,,,
als|factors=16;epochs=5;regularisation=0.001;alpha=40.0|frac=0.25,gift_cards,als,0.25,2,0.067107114162287,0.124721603563474,,,16.0,5.0,0.001,40.0,,,,,,,
als|factors=16;epochs=5;regularisation=0.01;alpha=1.0|frac=0.25,gift_cards,als,0.25,2,0.074778688768598,0.135857461024498,,,16.0,5.0,0.01,1.0,,,,,,,
als|factors=16;epochs=5;regularisation=0.01;alpha=10.0|frac=0.25,gift_cards,als,0.25,2,0.07048308477581501,0.135857461024498,,,16.0,5.0,0.01,10.0,,,,,,,
als|factors=16;epochs=5;regularisation=0.01;alpha=40.0|frac=0.25,gift_cards,als,0.25,2,0.061041385096674006,0.118040089086859,,,16.0,5.0,0.01,40.0,,,,,,,
als|factors=16;epochs=5;regularisation=0.1;alpha=1.0|frac=0.25,gift_cards,als,0.25,2,0.075358394081163,0.138084632516703,,,16.0,5.0,0.1,1.0,,,,,,,
als|factors=16;epochs=5;regularisation=0.1;alpha=10.0|frac=0.25,gift_cards,als,0.25,2,0.068825584824481,0.138084632516703,,,16.0,5.0,0.1,10.0,,,,,,,
als|factors=16;epochs=5;regularisation=0.1;alpha=40.0|frac=0.25,gift_cards,als,0.25,2,0.060141079097990005,0.129175946547884,,,16.0,5.0,0.1,40.0,,,,,,,
als|factors=16;epochs=15;regularisation=0.001;alpha=1.0|frac=0.25,gift_cards,als,0.25,2,0.076705180054406,0.15812917594654702,,,16.0,15.0,0.001,1.0,,,,,,,
als|factors=16;epochs=15;regularisation=0.001;alpha=10.0|frac=0.25,gift_cards,als,0.25,2,0.075155350780059,0.138084632516703,,,16.0,15.0,0.001,10.0,,,,,,,
als|factors=16;epochs=15;regularisation=0.001;alpha=40.0|frac=0.25,gift_cards,als,0.25,2,0.07603274993737501,0.140311804008908,,,16.0,15.0,0.001,40.0,,,,,,,
als|factors=16;epochs=15;regularisation=0.01;alpha=1.0|frac=0.25,gift_cards,als,0.25,2,0.075874717280606,0.15590200445434302,,,16.0,15.0,0.01,1.0,,,,,,,
als|factors=16;epochs=15;regularisation=0.01;alpha=10.0|frac=0.25,gift_cards,als,0.25,2,0.07635080848702,0.140311804008908,,,16.0,15.0,0.01,10.0,,,,,,,
als|factors=16;epochs=15;regularisation=0.01;alpha=40.0|frac=0.25,gift_cards,als,0.25,2,0.072698409852016,0.135857461024498,,,16.0,15.0,0.01,40.0,,,,,,,
als|factors=16;epochs=15;regularisation=0.1;alpha=1.0|frac=0.25,gift_cards,als,0.25,2,0.07740767690906601,0.16035634743875202,,,16.0,15.0,0.1,1.0,,,,,,,
als|factors=16;epochs=15;regularisation=0.1;alpha=10.0|frac=0.25,gift_cards,als,0.25,2,0.07775574650603001,0.14253897550111302,,,16.0,15.0,0.1,10.0,,,,,,,
als|factors=16;epochs=15;regularisation=0.1;alpha=40.0|frac=0.25,gift_cards,als,0.25,2,0.073846208696681,0.138084632516703,,,16.0,15.0,0.1,40.0,,,,,,,
als|factors=16;epochs=30;regularisation=0.001;alpha=1.0|frac=0.25,gift_cards,als,0.25,2,0.08118173201943801,0.16035634743875202,,,16.0,30.0,0.001,1.0,,,,,,,
als|factors=16;epochs=30;regularisation=0.001;alpha=10.0|frac=0.25,gift_cards,als,0.25,2,0.073634452355088,0.140311804008908,,,16.0,30.0,0.001,10.0,,,,,,,
als|factors=16;epochs=30;regularisation=0.001;alpha=40.0|frac=0.25,gift_cards,als,0.25,2,0.07766290002524301,0.15144766146993302,,,16.0,30.0,0.001,40.0,,,,,,,
als|factors=16;epochs=30;regularisation=0.01;alpha=1.0|frac=0.25,gift_cards,als,0.25,2,0.079079159738196,0.15590200445434302,,,16.0,30.0,0.01,1.0,,,,,,,
als|factors=16;epochs=30;regularisation=0.01;alpha=10.0|frac=0.25,gift_cards,als,0.25,2,0.073853743371128,0.140311804008908,,,16.0,30.0,0.01,10.0,,,,,,,
als|factors=16;epochs=30;regularisation=0.01;alpha=40.0|frac=0.25,gift_cards,als,0.25,2,0.076948623976738,0.14476614699331802,,,16.0,30.0,0.01,40.0,,,,,,,
als|factors=16;epochs=30;regularisation=0.1;alpha=1.0|frac=0.25,gift_cards,als,0.25,2,0.08045268045954901,0.15812917594654702,,,16.0,30.0,0.1,1.0,,,,,,,
als|factors=16;epochs=30;regularisation=0.1;alpha=10.0|frac=0.25,gift_cards,als,0.25,2,0.079545058248531,0.15590200445434302,,,16.0,30.0,0.1,10.0,,,,,,,
als|factors=16;epochs=30;regularisation=0.1;alpha=40.0|frac=0.25,gift_cards,als,0.25,2,0.075688257342582,0.14253897550111302,,,16.0,30.0,0.1,40.0,,,,,,,
als|factors=32;epochs=5;regularisation=0.001;alpha=1.0|frac=0.25,gift_cards,als,0.25,2,0.058882867851047,0.126948775055679,,,32.0,5.0,0.001,1.0,,,,,,,
als|factors=32;epochs=5;regularisation=0.001;alpha=10.0|frac=0.25,gift_cards,als,0.25,2,0.061827525918583,0.131403118040089,,,32.0,5.0,0.001,10.0,,,,,,,
als|factors=32;epochs=5;regularisation=0.001;alpha=40.0|frac=0.25,gift_cards,als,0.25,2,0.06069594013055501,0.122494432071269,,,32.0,5.0,0.001,40.0,,,,,,,
als|factors=32;epochs=5;regularisation=0.01;alpha=1.0|frac=0.25,gift_cards,als,0.25,2,0.058403095143473006,0.124721603563474,,,32.0,5.0,0.01,1.0,,,,,,,
als|factors=32;epochs=5;regularisation=0.01;alpha=10.0|frac=0.25,gift_cards,als,0.25,2,0.06193677621904001,0.133630289532294,,,32.0,5.0,0.01,10.0,,,,,,,
als|factors=32;epochs=5;regularisation=0.01;alpha=40.0|frac=0.25,gift_cards,als,0.25,2,0.052038433208306006,0.10690423162583501,,,32.0,5.0,0.01,40.0,,,,,,,
als|factors=32;epochs=5;regularisation=0.1;alpha=1.0|frac=0.25,gift_cards,als,0.25,2,0.057875035543973004,0.122494432071269,,,32.0,5.0,0.1,1.0,,,,,,,
als|factors=32;epochs=5;regularisation=0.1;alpha=10.0|frac=0.25,gift_cards,als,0.25,2,0.06384918666859901,0.135857461024498,,,32.0,5.0,0.1,10.0,,,,,,,
als|factors=32;epochs=5;regularisation=0.1;alpha=40.0|frac=0.25,gift_cards,als,0.25,2,0.046479721600807,0.10022271714922001,,,32.0,5.0,0.1,40.0,,,,,,,
als|factors=32;epochs=15;regularisation=0.001;alpha=1.0|frac=0.25,gift_cards,als,0.25,2,0.06028011322854301,0.133630289532294,,,32.0,15.0,0.001,1.0,,,,,,,
als|factors=32;epochs=15;regularisation=0.001;alpha=10.0|frac=0.25,gift_cards,als,0.25,2,0.06038674847586101,0.126948775055679,,,32.0,15.0,0.001,10.0,,,,,,,
als|factors=32;epochs=15;regularisation=0.001;alpha=40.0|frac=0.25,gift_cards,als,0.25,2,0.06490956899295701,0.140311804008908,,,32.0,15.0,0.001,40.0,,,,,,,
als|factors=32;epochs=15;regularisation=0.01;alpha=1.0|frac=0.25,gift_cards,als,0.25,2,0.059494755738889,0.131403118040089,,,32.0,15.0,0.01,1.0,,,,,,,
als|factors=32;epochs=15;regularisation=0.01;alpha=10.0|frac=0.25,gift_cards,als,0.25,2,0.057777126531252006,0.11581291759465401,,,32.0,15.0,0.01,10.0,,,,,,,
als|factors=32;epochs=15;regularisation=0.01;alpha=40.0|frac=0.25,gift_cards,als,0.25,2,0.059778814689321,0.124721603563474,,,32.0,15.0,0.01,40.0,,,,,,,
als|factors=32;epochs=15;regularisation=0.1;alpha=1.0|frac=0.25,gift_cards,als,0.25,2,0.061004012816657,0.135857461024498,,,32.0,15.0,0.1,1.0,,,,,,,
als|factors=32;epochs=15;regularisation=0.1;alpha=10.0|frac=0.25,gift_cards,als,0.25,2,0.059615968790492004,0.122494432071269,,,32.0,15.0,0.1,10.0,,,,,,,
als|factors=32;epochs=15;regularisation=0.1;alpha=40.0|frac=0.25,gift_cards,als,0.25,2,0.058126888455945006,0.122494432071269,,,32.0,15.0,0.1,40.0,,,,,,,
als|factors=32;epochs=30;regularisation=0.001;alpha=1.0|frac=0.25,gift_cards,als,0.25,2,0.048705074192116005,0.10913140311804001,,,32.0,30.0,0.001,1.0,,,,,,,
als|factors=32;epochs=30;regularisation=0.001;alpha=10.0|frac=0.25,gift_cards,als,0.25,2,0.06281139959147601,0.126948775055679,,,32.0,30.0,0.001,10.0,,,,,,,
als|factors=32;epochs=30;regularisation=0.001;alpha=40.0|frac=0.25,gift_cards,als,0.25,2,0.06281995475424901,0.129175946547884,,,32.0,30.0,0.001,40.0,,,,,,,
als|factors=32;epochs=30;regularisation=0.01;alpha=1.0|frac=0.25,gift_cards,als,0.25,2,0.049251268124141004,0.11135857461024501,,,32.0,30.0,0.01,1.0,,,,,,,
als|factors=32;epochs=30;regularisation=0.01;alpha=10.0|frac=0.25,gift_cards,als,0.25,2,0.06071950578600201,0.120267260579064,,,32.0,30.0,0.01,10.0,,,,,,,
als|factors=32;epochs=30;regularisation=0.01;alpha=40.0|frac=0.25,gift_cards,als,0.25,2,0.059881653648500004,0.122494432071269,,,32.0,30.0,0.01,40.0,,,,,,,
als|factors=32;epochs=30;regularisation=0.1;alpha=1.0|frac=0.25,gift_cards,als,0.25,2,0.048106921558581005,0.10690423162583501,,,32.0,30.0,0.1,1.0,,,,,,,
als|factors=32;epochs=30;regularisation=0.1;alpha=10.0|frac=0.25,gift_cards,als,0.25,2,0.06109884880949901,0.120267260579064,,,32.0,30.0,0.1,10.0,,,,,,,
als|factors=32;epochs=30;regularisation=0.1;alpha=40.0|frac=0.25,gift_cards,als,0.25,2,0.059344915328188,0.120267260579064,,,32.0,30.0,0.1,40.0,,,,,,,
als|factors=64;epochs=5;regularisation=0.001;alpha=1.0|frac=0.25,gift_cards,als,0.25,2,0.027362338937160002,0.053452115812917006,,,64.0,5.0,0.001,1.0,,,,,,,
als|factors=64;epochs=5;regularisation=0.001;alpha=10.0|frac=0.25,gift_cards,als,0.25,2,0.037637778242633,0.086859688195991,,,64.0,5.0,0.001,10.0,,,,,,,
als|factors=64;epochs=5;regularisation=0.001;alpha=40.0|frac=0.25,gift_cards,als,0.25,2,0.039244275931525005,0.089086859688195,,,64.0,5.0,0.001,40.0,,,,,,,
als|factors=64;epochs=5;regularisation=0.01;alpha=1.0|frac=0.25,gift_cards,als,0.25,2,0.027265628951179004,0.053452115812917006,,,64.0,5.0,0.01,1.0,,,,,,,
als|factors=64;epochs=5;regularisation=0.01;alpha=10.0|frac=0.25,gift_cards,als,0.25,2,0.036999806115416006,0.084632516703786,,,64.0,5.0,0.01,10.0,,,,,,,
als|factors=64;epochs=5;regularisation=0.01;alpha=40.0|frac=0.25,gift_cards,als,0.25,2,0.032344753123592,0.069042316258351,,,64.0,5.0,0.01,40.0,,,,,,,
als|factors=64;epochs=5;regularisation=0.1;alpha=1.0|frac=0.25,gift_cards,als,0.25,2,0.027358177513662003,0.053452115812917006,,,64.0,5.0,0.1,1.0,,,,,,,
als|factors=64;epochs=5;regularisation=0.1;alpha=10.0|frac=0.25,gift_cards,als,0.25,2,0.038301420119557006,0.086859688195991,,,64.0,5.0,0.1,10.0,,,,,,,
als|factors=64;epochs=5;regularisation=0.1;alpha=40.0|frac=0.25,gift_cards,als,0.25,2,0.033461647661161005,0.069042316258351,,,64.0,5.0,0.1,40.0,,,,,,,
als|factors=64;epochs=15;regularisation=0.001;alpha=1.0|frac=0.25,gift_cards,als,0.25,2,0.038275403804465,0.086859688195991,,,64.0,15.0,0.001,1.0,,,,,,,
als|factors=64;epochs=15;regularisation=0.001;alpha=10.0|frac=0.25,gift_cards,als,0.25,2,0.038294465496984,0.08240534521158101,,,64.0,15.0,0.001,10.0,,,,,,,
als|factors=64;epochs=15;regularisation=0.001;alpha=40.0|frac=0.25,gift_cards,als,0.25,2,0.036560006417362005,0.08017817371937601,,,64.0,15.0,0.001,40.0,,,,,,,
als|factors=64;epochs=15;regularisation=0.01;alpha=1.0|frac=0.25,gift_cards,als,0.25,2,0.036871205592004005,0.08240534521158101,,,64.0,15.0,0.01,1.0,,,,,,,
als|factors=64;epochs=15;regularisation=0.01;alpha=10.0|frac=0.25,gift_cards,als,0.25,2,0.035643552594073,0.071269487750556,,,64.0,15.0,0.01,10.0,,,,,,,
als|factors=64;epochs=15;regularisation=0.01;alpha=40.0|frac=0.25,gift_cards,als,0.25,2,0.037099149224923,0.08017817371937601,,,64.0,15.0,0.01,40.0,,,,,,,
als|factors=64;epochs=15;regularisation=0.1;alpha=1.0|frac=0.25,gift_cards,als,0.25,2,0.03766916926568,0.08240534521158101,,,64.0,15.0,0.1,1.0,,,,,,,
als|factors=64;epochs=15;regularisation=0.1;alpha=10.0|frac=0.25,gift_cards,als,0.25,2,0.036914861604335006,0.07349665924276101,,,64.0,15.0,0.1,10.0,,,,,,,
als|factors=64;epochs=15;regularisation=0.1;alpha=40.0|frac=0.25,gift_cards,als,0.25,2,0.036033747345247,0.07795100222717101,,,64.0,15.0,0.1,40.0,,,,,,,
als|factors=64;epochs=30;regularisation=0.001;alpha=1.0|frac=0.25,gift_cards,als,0.25,2,0.037270177789296005,0.08240534521158101,,,64.0,30.0,0.001,1.0,,,,,,,
als|factors=64;epochs=30;regularisation=0.001;alpha=10.0|frac=0.25,gift_cards,als,0.25,2,0.03938464748348,0.086859688195991,,,64.0,30.0,0.001,10.0,,,,,,,
als|factors=64;epochs=30;regularisation=0.001;alpha=40.0|frac=0.25,gift_cards,als,0.25,2,0.039328895555507004,0.086859688195991,,,64.0,30.0,0.001,40.0,,,,,,,
als|factors=64;epochs=30;regularisation=0.01;alpha=1.0|frac=0.25,gift_cards,als,0.25,2,0.03635691042307,0.08240534521158101,,,64.0,30.0,0.01,1.0,,,,,,,
als|factors=64;epochs=30;regularisation=0.01;alpha=10.0|frac=0.25,gift_cards,als,0.25,2,0.039856597957551004,0.086859688195991,,,64.0,30.0,0.01,10.0,,,,,,,
als|factors=64;epochs=30;regularisation=0.01;alpha=40.0|frac=0.25,gift_cards,als,0.25,2,0.038205719107804,0.08240534521158101,,,64.0,30.0,0.01,40.0,,,,,,,
als|factors=64;epochs=30;regularisation=0.1;alpha=1.0|frac=0.25,gift_cards,als,0.25,2,0.040219041239142,0.089086859688195,,,64.0,30.0,0.1,1.0,,,,,,,
als|factors=64;epochs=30;regularisation=0.1;alpha=10.0|frac=0.25,gift_cards,als,0.25,2,0.040266608254116,0.089086859688195,,,64.0,30.0,0.1,10.0,,,,,,,
als|factors=64;epochs=30;regularisation=0.1;alpha=40.0|frac=0.25,gift_cards,als,0.25,2,0.039156159745935004,0.08240534521158101,,,64.0,30.0,0.1,40.0,,,,,,,
als|factors=128;epochs=5;regularisation=0.001;alpha=1.0|frac=0.25,gift_cards,als,0.25,2,0.036830068782298005,0.08240534521158101,,,128.0,5.0,0.001,1.0,,,,,,,
als|factors=128;epochs=5;regularisation=0.001;alpha=10.0|frac=0.25,gift_cards,als,0.25,2,0.045247839257094004,0.09576837416481,,,128.0,5.0,0.001,10.0,,,,,,,
als|factors=128;epochs=5;regularisation=0.001;alpha=40.0|frac=0.25,gift_cards,als,0.25,2,0.047413646305723006,0.0913140311804,,,128.0,5.0,0.001,40.0,,,,,,,
als|factors=128;epochs=5;regularisation=0.01;alpha=1.0|frac=0.25,gift_cards,als,0.25,2,0.034301571618066004,0.07572383073496601,,,128.0,5.0,0.01,1.0,,,,,,,
als|factors=128;epochs=5;regularisation=0.01;alpha=10.0|frac=0.25,gift_cards,als,0.25,2,0.06176379479421801,0.11135857461024501,,,128.0,5.0,0.01,10.0,,,,,,,
als|factors=128;epochs=5;regularisation=0.01;alpha=40.0|frac=0.25,gift_cards,als,0.25,2,0.07225047714759801,0.140311804008908,,,128.0,5.0,0.01,40.0,,,,,,,
als|factors=128;epochs=5;regularisation=0.1;alpha=1.0|frac=0.25,gift_cards,als,0.25,2,0.038807469434663004,0.08240534521158101,,,128.0,5.0,0.1,1.0,,,,,,,
als|factors=128;epochs=5;regularisation=0.1;alpha=10.0|frac=0.25,gift_cards,als,0.25,2,0.05344764060926201,0.097995545657015,,,128.0,5.0,0.1,10.0,,,,,,,
als|factors=128;epochs=5;regularisation=0.1;alpha=40.0|frac=0.25,gift_cards,als,0.25,2,0.066556206449483,0.124721603563474,,,128.0,5.0,0.1,40.0,,,,,,,
als|factors=128;epochs=15;regularisation=0.001;alpha=1.0|frac=0.25,gift_cards,als,0.25,2,0.033059749049048,0.08017817371937601,,,128.0,15.0,0.001,1.0,,,,,,,
als|factors=128;epochs=15;regularisation=0.001;alpha=10.0|frac=0.25,gift_cards,als,0.25,2,0.055052287530629004,0.10467706013363001,,,128.0,15.0,0.001,10.0,,,,,,,
als|factors=128;epochs=15;regularisation=0.001;alpha=40.0|frac=0.25,gift_cards,als,0.25,2,0.05229059998886,0.0913140311804,,,128.0,15.0,0.001,40.0,,,,,,,
als|factors=128;epochs=15;regularisation=0.01;alpha=1.0|frac=0.25,gift_cards,als,0.25,2,0.031786974767071,0.071269487750556,,,128.0,15.0,0.01,1.0,,,,,,,
als|factors=128;epochs=15;regularisation=0.01;alpha=10.0|frac=0.25,gift_cards,als,0.25,2,0.043948918978684005,0.089086859688195,,,128.0,15.0,0.01,10.0,,,,,,,
als|factors=128;epochs=15;regularisation=0.01;alpha=40.0|frac=0.25,gift_cards,als,0.25,2,0.06083513336608801,0.122494432071269,,,128.0,15.0,0.01,40.0,,,,,,,
als|factors=128;epochs=15;regularisation=0.1;alpha=1.0|frac=0.25,gift_cards,als,0.25,2,0.055745228624057,0.122494432071269,,,128.0,15.0,0.1,1.0,,,,,,,
als|factors=128;epochs=15;regularisation=0.1;alpha=10.0|frac=0.25,gift_cards,als,0.25,2,0.041380222948260006,0.09576837416481,,,128.0,15.0,0.1,10.0,,,,,,,
als|factors=128;epochs=15;regularisation=0.1;alpha=40.0|frac=0.25,gift_cards,als,0.25,2,0.05778612717052901,0.10244988864142501,,,128.0,15.0,0.1,40.0,,,,,,,
als|factors=128;epochs=30;regularisation=0.001;alpha=1.0|frac=0.25,gift_cards,als,0.25,2,0.033952673378837006,0.07795100222717101,,,128.0,30.0,0.001,1.0,,,,,,,
als|factors=128;epochs=30;regularisation=0.001;alpha=10.0|frac=0.25,gift_cards,als,0.25,2,0.049144264324225,0.093541202672605,,,128.0,30.0,0.001,10.0,,,,,,,
als|factors=128;epochs=30;regularisation=0.001;alpha=40.0|frac=0.25,gift_cards,als,0.25,2,0.053774309354491005,0.10022271714922001,,,128.0,30.0,0.001,40.0,,,,,,,
als|factors=128;epochs=30;regularisation=0.01;alpha=1.0|frac=0.25,gift_cards,als,0.25,2,0.034624617712492,0.084632516703786,,,128.0,30.0,0.01,1.0,,,,,,,
als|factors=128;epochs=30;regularisation=0.01;alpha=10.0|frac=0.25,gift_cards,als,0.25,2,0.029415692487694003,0.07349665924276101,,,128.0,30.0,0.01,10.0,,,,,,,
als|factors=128;epochs=30;regularisation=0.01;alpha=40.0|frac=0.25,gift_cards,als,0.25,2,0.046921950402147,0.093541202672605,,,128.0,30.0,0.01,40.0,,,,,,,
als|factors=128;epochs=30;regularisation=0.1;alpha=1.0|frac=0.25,gift_cards,als,0.25,2,0.056987821028098004,0.120267260579064,,,128.0,30.0,0.1,1.0,,,,,,,
als|factors=128;epochs=30;regularisation=0.1;alpha=10.0|frac=0.25,gift_cards,als,0.25,2,0.042879665072880005,0.09576837416481,,,128.0,30.0,0.1,10.0,,,,,,,
als|factors=128;epochs=30;regularisation=0.1;alpha=40.0|frac=0.25,gift_cards,als,0.25,2,0.042657495160035,0.08240534521158101,,,128.0,30.0,0.1,40.0,,,,,,,
als|factors=16;epochs=5;regularisation=0.001;alpha=1.0|frac=0.5,gift_cards,als,0.5,2,0.08234440674953601,0.15812917594654702,,,16.0,5.0,0.001,1.0,,,,,,,
als|factors=16;epochs=5;regularisation=0.001;alpha=10.0|frac=0.5,gift_cards,als,0.5,2,0.09299926582939501,0.189309576837416,,,16.0,5.0,0.001,10.0,,,,,,,
als|factors=16;epochs=5;regularisation=0.001;alpha=40.0|frac=0.5,gift_cards,als,0.5,2,0.09883816830175901,0.195991091314031,,,16.0,5.0,0.001,40.0,,,,,,,
als|factors=16;epochs=5;regularisation=0.01;alpha=1.0|frac=0.5,gift_cards,als,0.5,2,0.08084426306492301,0.15367483296213802,,,16.0,5.0,0.01,1.0,,,,,,,
als|factors=16;epochs=5;regularisation=0.01;alpha=10.0|frac=0.5,gift_cards,als,0.5,2,0.09335370639673701,0.193763919821826,,,16.0,5.0,0.01,10.0,,,,,,,
als|factors=16;epochs=5;regularisation=0.01;alpha=40.0|frac=0.5,gift_cards,als,0.5,2,0.09267099491720501,0.184855233853006,,,16.0,5.0,0.01,40.0,,,,,,,
als|factors=16;epochs=5;regularisation=0.1;alpha=1.0|frac=0.5,gift_cards,als,0.5,2,0.079087870926524,0.14922048997772802,,,16.0,5.0,0.1,1.0,,,,,,,
als|factors=16;epochs=5;regularisation=0.1;alpha=10.0|frac=0.5,gift_cards,als,0.5,2,0.09550617026151301,0.193763919821826,,,16.0,5.0,0.1,10.0,,,,,,,
als|factors=16;epochs=5;regularisation=0.1;alpha=40.0|frac=0.5,gift_cards,als,0.5,2,0.08887385617808101,0.180400890868596,,,16.0,5.0,0.1,40.0,,,,,,,
als|factors=16;epochs=15;regularisation=0.001;alpha=1.0|frac=0.5,gift_cards,als,0.5,2,0.08326390113394701,0.182628062360801,,,16.0,15.0,0.001,1.0,,,,,,,
als|factors=16;epochs=15;regularisation=0.001;alpha=10.0|frac=0.5,gift_cards,als,0.5,2,0.094643073286456,0.191536748329621,,,16.0,15.0,0.001,10.0,,,,,,,
als|factors=16;epochs=15;regularisation=0.001;alpha=40.0|frac=0.5,gift_cards,als,0.5,2,0.10267298967770201,0.20935412026726002,,,16.0,15.0,0.001,40.0,,,,,,,
als|factors=16;epochs=15;regularisation=0.01;alpha=1.0|frac=0.5,gift_cards,als,0.5,2,0.083789754695046,0.184855233853006,,,16.0,15.0,0.01,1.0,,,,,,,
als|factors=16;epochs=15;regularisation=0.01;alpha=10.0|frac=0.5,gift_cards,als,0.5,2,0.093392780653684,0.191536748329621,,,16.0,15.0,0.01,10.0,,,,,,,
als|factors=16;epochs=15;regularisation=0.01;alpha=40.0|frac=0.5,gift_cards,als,0.5,2,0.09792810791532701,0.20267260579064503,,,16.0,15.0,0.01,40.0,,,,,,,
als|factors=16;epochs=15;regularisation=0.1;alpha=1.0|frac=0.5,gift_cards,als,0.5,2,0.084093019359794,0.184855233853006,,,16.0,15.0,0.1,1.0,,,,,,,
als|factors=16;epochs=15;regularisation=0.1;alpha=10.0|frac=0.5,gift_cards,als,0.5,2,0.09333558665204901,0.189309576837416,,,16.0,15.0,0.1,10.0,,,,,,,
als|factors=16;epochs=15;regularisation=0.1;alpha=40.0|frac=0.5,gift_cards,als,0.5,2,0.097705720774012,0.191536748329621,,,16.0,15.0,0.1,40.0,,,,,,,
als|factors=16;epochs=30;regularisation=0.001;alpha=1.0|frac=0.5,gift_cards,als,0.5,2,0.08985361297700101,0.195991091314031,,,16.0,30.0,0.001,1.0,,,,,,,
als|factors=16;epochs=30;regularisation=0.001;alpha=10.0|frac=0.5,gift_cards,als,0.5,2,0.096908881486943,0.19821826280623603,,,16.0,30.0,0.001,10.0,,,,,,,
als|factors=16;epochs=30;regularisation=0.001;alpha=40.0|frac=0.5,gift_cards,als,0.5,2,0.100048909510346,0.193763919821826,,,16.0,30.0,0.001,40.0,,,,,,,
als|factors=16;epochs=30;regularisation=0.01;alpha=1.0|frac=0.5,gift_cards,als,0.5,2,0.088507932853188,0.193763919821826,,,16.0,30.0,0.01,1.0,,,,,,,
als|factors=16;epochs=30;regularisation=0.01;alpha=10.0|frac=0.5,gift_cards,als,0.5,2,0.09481630094234501,0.193763919821826,,,16.0,30.0,0.01,10.0,,,,,,,
als|factors=16;epochs=30;regularisation=0.01;alpha=40.0|frac=0.5,gift_cards,als,0.5,2,0.09671037436419201,0.187082405345211,,,16.0,30.0,0.01,40.0,,,,,,,
als|factors=16;epochs=30;regularisation=0.1;alpha=1.0|frac=0.5,gift_cards,als,0.5,2,0.08919717331714601,0.195991091314031,,,16.0,30.0,0.1,1.0,,,,,,,
als|factors=16;epochs=30;regularisation=0.1;alpha=10.0|frac=0.5,gift_cards,als,0.5,2,0.097113832566703,0.20267260579064503,,,16.0,30.0,0.1,10.0,,,,,,,
als|factors=16;epochs=30;regularisation=0.1;alpha=40.0|frac=0.5,gift_cards,als,0.5,2,0.09955243920414601,0.20044543429844003,,,16.0,30.0,0.1,40.0,,,,,,,
als|factors=32;epochs=5;regularisation=0.001;alpha=1.0|frac=0.5,gift_cards,als,0.5,2,0.07408760864298601,0.14699331848552302,,,32.0,5.0,0.001,1.0,,,,,,,
als|factors=32;epochs=5;regularisation=0.001;alpha=10.0|frac=0.5,gift_cards,als,0.5,2,0.07594371723052501,0.16035634743875202,,,32.0,5.0,0.001,10.0,,,,,,,
als|factors=32;epochs=5;regularisation=0.001;alpha=40.0|frac=0.5,gift_cards,als,0.5,2,0.077678184678903,0.169265033407572,,,32.0,5.0,0.001,40.0,,,,,,,
als|factors=32;epochs=5;regularisation=0.01;alpha=1.0|frac=0.5,gift_cards,als,0.5,2,0.075253005995062,0.14699331848552302,,,32.0,5.0,0.01,1.0,,,,,,,
als|factors=32;epochs=5;regularisation=0.01;alpha=10.0|frac=0.5,gift_cards,als,0.5,2,0.075915352482816,0.15367483296213802,,,32.0,5.0,0.01,10.0,,,,,,,
als|factors=32;epochs=5;regularisation=0.01;alpha=40.0|frac=0.5,gift_cards,als,0.5,2,0.069845461761256,0.14922048997772802,,,32.0,5.0,0.01,40.0,,,,,,,
als|factors=32;epochs=5;regularisation=0.1;alpha=1.0|frac=0.5,gift_cards,als,0.5,2,0.075549000696234,0.14922048997772802,,,32.0,5.0,0.1,1.0,,,,,,,
als|factors=32;epochs=5;regularisation=0.1;alpha=10.0|frac=0.5,gift_cards,als,0.5,2,0.078610453367892,0.15367483296213802,,,32.0,5.0,0.1,10.0,,,,,,,
als|factors=32;epochs=5;regularisation=0.1;alpha=40.0|frac=0.5,gift_cards,als,0.5,2,0.06656675623791501,0.14476614699331802,,,32.0,5.0,0.1,40.0,,,,,,,
als|factors=32;epochs=15;regularisation=0.001;alpha=1.0|frac=0.5,gift_cards,als,0.5,2,0.07797969719443801,0.15590200445434302,,,32.0,15.0,0.001,1.0,,,,,,,
als|factors=32;epochs=15;regularisation=0.001;alpha=10.0|frac=0.5,gift_cards,als,0.5,2,0.07652703910528101,0.15367483296213802,,,32.0,15.0,0.001,10.0,,,,,,,
als|factors=32;epochs=15;regularisation=0.001;alpha=40.0|frac=0.5,gift_cards,als,0.5,2,0.071866822860033,0.14476614699331802,,,32.0,15.0,0.001,40.0,,,,,,,
als|factors=32;epochs=15;regularisation=0.01;alpha=1.0|frac=0.5,gift_cards,als,0.5,2,0.079431000445999,0.16035634743875202,,,32.0,15.0,0.01,1.0,,,,,,,
als|factors=32;epochs=15;regularisation=0.01;alpha=10.0|frac=0.5,gift_cards,als,0.5,2,0.07792062510399701,0.16035634743875202,,,32.0,15.0,0.01,10.0,,,,,,,
als|factors=32;epochs=15;regularisation=0.01;alpha=40.0|frac=0.5,gift_cards,als,0.5,2,0.074458488618054,0.14922048997772802,,,32.0,15.0,0.01,40.0,,,,,,,
als|factors=32;epochs=15;regularisation=0.1;alpha=1.0|frac=0.5,gift_cards,als,0.5,2,0.08102056692666301,0.16258351893095702,,,32.0,15.0,0.1,1.0,,,,,,,
als|factors=32;epochs=15;regularisation=0.1;alpha=10.0|frac=0.5,gift_cards,als,0.5,2,0.07912880857651901,0.16481069042316202,,,32.0,15.0,0.1,10.0,,,,,,,
als|factors=32;epochs=15;regularisation=0.1;alpha=40.0|frac=0.5,gift_cards,als,0.5,2,0.07742427844789801,0.15812917594654702,,,32.0,15.0,0.1,40.0,,,,,,,
als|factors=32;epochs=30;regularisation=0.001;alpha=1.0|frac=0.5,gift_cards,als,0.5,2,0.090837293330341,0.178173719376391,,,32.0,30.0,0.001,1.0,,,,,,,
als|factors=32;epochs=30;regularisation=0.001;alpha=10.0|frac=0.5,gift_cards,als,0.5,2,0.07914319960466601,0.16703786191536701,,,32.0,30.0,0.001,10.0,,,,,,,
als|factors=32;epochs=30;regularisation=0.001;alpha=40.0|frac=0.5,gift_cards,als,0.5,2,0.077297533036951,0.16035634743875202,,,32.0,30.0,0.001,40.0,,,,,,,
als|factors=32;epochs=30;regularisation=0.01;alpha=1.0|frac=0.5,gift_cards,als,0.5,2,0.08869742402931301,0.173719376391982,,,32.0,30.0,0.01,1.0,,,,,,,
als|factors=32;epochs=30;regularisation=0.01;alpha=10.0|frac=0.5,gift_cards,als,0.5,2,0.07920295473698001,0.16703786191536701,,,32.0,30.0,0.01,10.0,,,,,,,
als|factors=32;epochs=30;regularisation=0.01;alpha=40.0|frac=0.5,gift_cards,als,0.5,2,0.07963937024105801,0.16703786191536701,,,32.0,30.0,0.01,40.0,,,,,,,
als|factors=32;epochs=30;regularisation=0.1;alpha=1.0|frac=0.5,gift_cards,als,0.5,2,0.08988822151957501,0.175946547884187,,,32.0,30.0,0.1,1.0,,,,,,,
als|factors=32;epochs=30;regularisation=0.1;alpha=10.0|frac=0.5,gift_cards,als,0.5,2,0.07948399876614401,0.16481069042316202,,,32.0,30.0,0.1,10.0,,,,,,,
als|factors=32;epochs=30;regularisation=0.1;alpha=40.0|frac=0.5,gift_cards,als,0.5,2,0.081601607963453,0.175946547884187,,,32.0,30.0,0.1,40.0,,,,,,,
als|factors=64;epochs=5;regularisation=0.001;alpha=1.0|frac=0.5,gift_cards,als,0.5,2,0.059002672448537005,0.120267260579064,,,64.0,5.0,0.001,1.0,,,,,,,
als|factors=64;epochs=5;regularisation=0.001;alpha=10.0|frac=0.5,gift_cards,als,0.5,2,0.06396288920394501,0.131403118040089,,,64.0,5.0,0.001,10.0,,,,,,,
als|factors=64;epochs=5;regularisation=0.001;alpha=40.0|frac=0.5,gift_cards,als,0.5,2,0.065042209506167,0.133630289532294,,,64.0,5.0,0.001,40.0,,,,,,,
als|factors=64;epochs=5;regularisation=0.01;alpha=1.0|frac=0.5,gift_cards,als,0.5,2,0.059020330004886004,0.120267260579064,,,64.0,5.0,0.01,1.0,,,,,,,
als|factors=64;epochs=5;regularisation=0.01;alpha=10.0|frac=0.5,gift_cards,als,0.5,2,0.065221431137596,0.133630289532294,,,64.0,5.0,0.01,10.0,,,,,,,
als|factors=64;epochs=5;regularisation=0.01;alpha=40.0|frac=0.5,gift_cards,als,0.5,2,0.06211204100647601,0.124721603563474,,,64.0,5.0,0.01,40.0,,,,,,,
als|factors=64;epochs=5;regularisation=0.1;alpha=1.0|frac=0.5,gift_cards,als,0.5,2,0.058613516294998,0.118040089086859,,,64.0,5.0,0.1,1.0,,,,,,,
als|factors=64;epochs=5;regularisation=0.1;alpha=10.0|frac=0.5,gift_cards,als,0.5,2,0.06157451238927301,0.126948775055679,,,64.0,5.0,0.1,10.0,,,,,,,
als|factors=64;epochs=5;regularisation=0.1;alpha=40.0|frac=0.5,gift_cards,als,0.5,2,0.061152894291562,0.124721603563474,,,64.0,5.0,0.1,40.0,,,,,,,
als|factors=64;epochs=15;regularisation=0.001;alpha=1.0|frac=0.5,gift_cards,als,0.5,2,0.06136610620405,0.124721603563474,,,64.0,15.0,0.001,1.0,,,,,,,
als|factors=64;epochs=15;regularisation=0.001;alpha=10.0|frac=0.5,gift_cards,als,0.5,2,0.06619364521311501,0.133630289532294,,,64.0,15.0,0.001,10.0,,,,,,,
als|factors=64;epochs=15;regularisation=0.001;alpha=40.0|frac=0.5,gift_cards,als,0.5,2,0.065240691580197,0.129175946547884,,,64.0,15.0,0.001,40.0,,,,,,,
als|factors=64;epochs=15;regularisation=0.01;alpha=1.0|frac=0.5,gift_cards,als,0.5,2,0.06051747498851601,0.124721603563474,,,64.0,15.0,0.01,1.0,,,,,,,
als|factors=64;epochs=15;regularisation=0.01;alpha=10.0|frac=0.5,gift_cards,als,0.5,2,0.06826642151172001,0.138084632516703,,,64.0,15.0,0.01,10.0,,,,,,,
als|factors=64;epochs=15;regularisation=0.01;alpha=40.0|frac=0.5,gift_cards,als,0.5,2,0.065278537811923,0.133630289532294,,,64.0,15.0,0.01,40.0,,,,,,,
als|factors=64;epochs=15;regularisation=0.1;alpha=1.0|frac=0.5,gift_cards,als,0.5,2,0.060415205642784006,0.124721603563474,,,64.0,15.0,0.1,1.0,,,,,,,
als|factors=64;epochs=15;regularisation=0.1;alpha=10.0|frac=0.5,gift_cards,als,0.5,2,0.067852450575314,0.138084632516703,,,64.0,15.0,0.1,10.0,,,,,,,
als|factors=64;epochs=15;regularisation=0.1;alpha=40.0|frac=0.5,gift_cards,als,0.5,2,0.06655495253221,0.140311804008908,,,64.0,15.0,0.1,40.0,,,,,,,
als|factors=64;epochs=30;regularisation=0.001;alpha=1.0|frac=0.5,gift_cards,als,0.5,2,0.06024184748197001,0.129175946547884,,,64.0,30.0,0.001,1.0,,,,,,,
als|factors=64;epochs=30;regularisation=0.001;alpha=10.0|frac=0.5,gift_cards,als,0.5,2,0.069786273736906,0.140311804008908,,,64.0,30.0,0.001,10.0,,,,,,,
als|factors=64;epochs=30;regularisation=0.001;alpha=40.0|frac=0.5,gift_cards,als,0.5,2,0.06820115008362501,0.133630289532294,,,64.0,30.0,0.001,40.0,,,,,,,
als|factors=64;epochs=30;regularisation=0.01;alpha=1.0|frac=0.5,gift_cards,als,0.5,2,0.060919279361125005,0.131403118040089,,,64.0,30.0,0.01,1.0,,,,,,,
als|factors=64;epochs=30;regularisation=0.01;alpha=10.0|frac=0.5,gift_cards,als,0.5,2,0.069001170347606,0.140311804008908,,,64.0,30.0,0.01,10.0,,,,,,,
als|factors=64;epochs=30;regularisation=0.01;alpha=40.0|frac=0.5,gift_cards,als,0.5,2,0.07040370154456001,0.140311804008908,,,64.0,30.0,0.01,40.0,,,,,,,
als|factors=64;epochs=30;regularisation=0.1;alpha=1.0|frac=0.5,gift_cards,als,0.5,2,0.06176520910368301,0.131403118040089,,,64.0,30.0,0.1,1.0,,,,,,,
als|factors=64;epochs=30;regularisation=0.1;alpha=10.0|frac=0.5,gift_cards,als,0.5,2,0.069773173920849,0.14253897550111302,,,64.0,30.0,0.1,10.0,,,,,,,
als|factors=64;epochs=30;regularisation=0.1;alpha=40.0|frac=0.5,gift_cards,als,0.5,2,0.068755828758484,0.138084632516703,,,64.0,30.0,0.1,40.0,,,,,,,
als|factors=128;epochs=5;regularisation=0.001;alpha=1.0|frac=0.5,gift_cards,als,0.5,2,0.028894495463794002,0.064587973273942,,,128.0,5.0,0.001,1.0,,,,,,,
als|factors=128;epochs=5;regularisation=0.001;alpha=10.0|frac=0.5,gift_cards,als,0.5,2,0.037542289546384,0.07795100222717101,,,128.0,5.0,0.001,10.0,,,,,,,
als|factors=128;epochs=5;regularisation=0.001;alpha=40.0|frac=0.5,gift_cards,als,0.5,2,0.049212487984774005,0.097995545657015,,,128.0,5.0,0.001,40.0,,,,,,,
als|factors=128;epochs=5;regularisation=0.01;alpha=1.0|frac=0.5,gift_cards,als,0.5,2,0.028806231882848,0.064587973273942,,,128.0,5.0,0.01,1.0,,,,,,,
als|factors=128;epochs=5;regularisation=0.01;alpha=10.0|frac=0.5,gift_cards,als,0.5,2,0.037668021522064006,0.08017817371937601,,,128.0,5.0,0.01,10.0,,,,,,,
als|factors=128;epochs=5;regularisation=0.01;alpha=40.0|frac=0.5,gift_cards,als,0.5,2,0.060935849615217,0.118040089086859,,,128.0,5.0,0.01,40.0,,,,,,,
als|factors=128;epochs=5;regularisation=0.1;alpha=1.0|frac=0.5,gift_cards,als,0.5,2,0.03862942343416,0.086859688195991,,,128.0,5.0,0.1,1.0,,,,,,,
als|factors=128;epochs=5;regularisation=0.1;alpha=10.0|frac=0.5,gift_cards,als,0.5,2,0.038096038895864,0.08240534521158101,,,128.0,5.0,0.1,10.0,,,,,,,
als|factors=128;epochs=5;regularisation=0.1;alpha=40.0|frac=0.5,gift_cards,als,0.5,2,0.057314362768235004,0.11358574610244901,,,128.0,5.0,0.1,40.0,,,,,,,
als|factors=128;epochs=15;regularisation=0.001;alpha=1.0|frac=0.5,gift_cards,als,0.5,2,0.026258582553447003,0.057906458797327004,,,128.0,15.0,0.001,1.0,,,,,,,
als|factors=128;epochs=15;regularisation=0.001;alpha=10.0|frac=0.5,gift_cards,als,0.5,2,0.032118236603186,0.07572383073496601,,,128.0,15.0,0.001,10.0,,,,,,,
als|factors=128;epochs=15;regularisation=0.001;alpha=40.0|frac=0.5,gift_cards,als,0.5,2,0.03986239283086,0.086859688195991,,,128.0,15.0,0.001,40.0,,,,,,,
als|factors=128;epochs=15;regularisation=0.01;alpha=1.0|frac=0.5,gift_cards,als,0.5,2,0.027468583955485,0.062360801781737,,,128.0,15.0,0.01,1.0,,,,,,,
als|factors=128;epochs=15;regularisation=0.01;alpha=10.0|frac=0.5,gift_cards,als,0.5,2,0.026876911609330003,0.060133630289532,,,128.0,15.0,0.01,10.0,,,,,,,
als|factors=128;epochs=15;regularisation=0.01;alpha=40.0|frac=0.5,gift_cards,als,0.5,2,0.036256833957129,0.07349665924276101,,,128.0,15.0,0.01,40.0,,,,,,,
als|factors=128;epochs=15;regularisation=0.1;alpha=1.0|frac=0.5,gift_cards,als,0.5,2,0.042667356656076,0.10022271714922001,,,128.0,15.0,0.1,1.0,,,,,,,
als|factors=128;epochs=15;regularisation=0.1;alpha=10.0|frac=0.5,gift_cards,als,0.5,2,0.029328355245741,0.064587973273942,,,128.0,15.0,0.1,10.0,,,,,,,
als|factors=128;epochs=15;regularisation=0.1;alpha=40.0|frac=0.5,gift_cards,als,0.5,2,0.03578849028407,0.069042316258351,,,128.0,15.0,0.1,40.0,,,,,,,
als|factors=128;epochs=30;regularisation=0.001;alpha=1.0|frac=0.5,gift_cards,als,0.5,2,0.027944937647941002,0.060133630289532,,,128.0,30.0,0.001,1.0,,,,,,,
als|factors=128;epochs=30;regularisation=0.001;alpha=10.0|frac=0.5,gift_cards,als,0.5,2,0.026334234626360004,0.057906458797327004,,,128.0,30.0,0.001,10.0,,,,,,,
als|factors=128;epochs=30;regularisation=0.001;alpha=40.0|frac=0.5,gift_cards,als,0.5,2,0.038618139692641,0.08240534521158101,,,128.0,30.0,0.001,40.0,,,,,,,
als|factors=128;epochs=30;regularisation=0.01;alpha=1.0|frac=0.5,gift_cards,als,0.5,2,0.028803024475187,0.062360801781737,,,128.0,30.0,0.01,1.0,,,,,,,
als|factors=128;epochs=30;regularisation=0.01;alpha=10.0|frac=0.5,gift_cards,als,0.5,2,0.026290921560272,0.057906458797327004,,,128.0,30.0,0.01,10.0,,,,,,,
als|factors=128;epochs=30;regularisation=0.01;alpha=40.0|frac=0.5,gift_cards,als,0.5,2,0.030623548471287003,0.066815144766147,,,128.0,30.0,0.01,40.0,,,,,,,
als|factors=128;epochs=30;regularisation=0.1;alpha=1.0|frac=0.5,gift_cards,als,0.5,2,0.045974386929883,0.10467706013363001,,,128.0,30.0,0.1,1.0,,,,,,,
als|factors=128;epochs=30;regularisation=0.1;alpha=10.0|frac=0.5,gift_cards,als,0.5,2,0.032131575540699,0.07349665924276101,,,128.0,30.0,0.1,10.0,,,,,,,
als|factors=128;epochs=30;regularisation=0.1;alpha=40.0|frac=0.5,gift_cards,als,0.5,2,0.030680323803295002,0.064587973273942,,,128.0,30.0,0.1,40.0,,,,,,,
als|factors=16;epochs=5;regularisation=0.001;alpha=1.0|frac=1.0,gift_cards,als,1.0,2,0.099316537874524,0.20712694877505503,,,16.0,5.0,0.001,1.0,,,,,,,
als|factors=16;epochs=5;regularisation=0.001;alpha=10.0|frac=1.0,gift_cards,als,1.0,2,0.110180655685103,0.23385300668151401,,,16.0,5.0,0.001,10.0,,,,,,,
als|factors=16;epochs=5;regularisation=0.001;alpha=40.0|frac=1.0,gift_cards,als,1.0,2,0.116037265865641,0.242761692650334,,,16.0,5.0,0.001,40.0,,,,,,,
als|factors=16;epochs=5;regularisation=0.01;alpha=1.0|frac=1.0,gift_cards,als,1.0,2,0.09993457197966801,0.20935412026726002,,,16.0,5.0,0.01,1.0,,,,,,,
als|factors=16;epochs=5;regularisation=0.01;alpha=10.0|frac=1.0,gift_cards,als,1.0,2,0.11276624854372101,0.236080178173719,,,16.0,5.0,0.01,10.0,,,,,,,
als|factors=16;epochs=5;regularisation=0.01;alpha=40.0|frac=1.0,gift_cards,als,1.0,2,0.11069525066705001,0.22494432071269402,,,16.0,5.0,0.01,40.0,,,,,,,
als|factors=16;epochs=5;regularisation=0.1;alpha=1.0|frac=1.0,gift_cards,als,1.0,2,0.10000470860202101,0.20935412026726002,,,16.0,5.0,0.1,1.0,,,,,,,
als|factors=16;epochs=5;regularisation=0.1;alpha=10.0|frac=1.0,gift_cards,als,1.0,2,0.11477733147777601,0.242761692650334,,,16.0,5.0,0.1,10.0,,,,,,,
als|factors=16;epochs=5;regularisation=0.1;alpha=40.0|frac=1.0,gift_cards,als,1.0,2,0.10685024987573201,0.22494432071269402,,,16.0,5.0,0.1,40.0,,,,,,,
als|factors=16;epochs=15;regularisation=0.001;alpha=1.0|frac=1.0,gift_cards,als,1.0,2,0.106034294736476,0.21603563474387502,,,16.0,15.0,0.001,1.0,,,,,,,
als|factors=16;epochs=15;regularisation=0.001;alpha=10.0|frac=1.0,gift_cards,als,1.0,2,0.118990870773108,0.249443207126948,,,16.0,15.0,0.001,10.0,,,,,,,
als|factors=16;epochs=15;regularisation=0.001;alpha=40.0|frac=1.0,gift_cards,als,1.0,2,0.1116580568641,0.22939866369710402,,,16.0,15.0,0.001,40.0,,,,,,,
als|factors=16;epochs=15;regularisation=0.01;alpha=1.0|frac=1.0,gift_cards,als,1.0,2,0.104130460400288,0.21158129175946502,,,16.0,15.0,0.01,1.0,,,,,,,
als|factors=16;epochs=15;regularisation=0.01;alpha=10.0|frac=1.0,gift_cards,als,1.0,2,0.12081863872150701,0.253897550111358,,,16.0,15.0,0.01,10.0,,,,,,,
als|factors=16;epochs=15;regularisation=0.01;alpha=40.0|frac=1.0,gift_cards,als,1.0,2,0.117756476155789,0.25167037861915303,,,16.0,15.0,0.01,40.0,,,,,,,
als|factors=16;epochs=15;regularisation=0.1;alpha=1.0|frac=1.0,gift_cards,als,1.0,2,0.103891237954568,0.20935412026726002,,,16.0,15.0,0.1,1.0,,,,,,,
als|factors=16;epochs=15;regularisation=0.1;alpha=10.0|frac=1.0,gift_cards,als,1.0,2,0.117584575279984,0.242761692650334,,,16.0,15.0,0.1,10.0,,,,,,,
als|factors=16;epochs=15;regularisation=0.1;alpha=40.0|frac=1.0,gift_cards,als,1.0,2,0.118746815936451,0.242761692650334,,,16.0,15.0,0.1,40.0,,,,,,,
als|factors=16;epochs=30;regularisation=0.001;alpha=1.0|frac=1.0,gift_cards,als,1.0,2,0.10975972282379401,0.22717149220489902,,,16.0,30.0,0.001,1.0,,,,,,,
als|factors=16;epochs=30;regularisation=0.001;alpha=10.0|frac=1.0,gift_cards,als,1.0,2,0.11498671888095101,0.244988864142538,,,16.0,30.0,0.001,10.0,,,,,,,
als|factors=16;epochs=30;regularisation=0.001;alpha=40.0|frac=1.0,gift_cards,als,1.0,2,0.12354695381998201,0.267260579064588,,,16.0,30.0,0.001,40.0,,,,,,,
als|factors=16;epochs=30;regularisation=0.01;alpha=1.0|frac=1.0,gift_cards,als,1.0,2,0.109879763023266,0.22939866369710402,,,16.0,30.0,0.01,1.0,,,,,,,
als|factors=16;epochs=30;regularisation=0.01;alpha=10.0|frac=1.0,gift_cards,als,1.0,2,0.115851792162711,0.247216035634743,,,16.0,30.0,0.01,10.0,,,,,,,
als|factors=16;epochs=30;regularisation=0.01;alpha=40.0|frac=1.0,gift_cards,als,1.0,2,0.12900376026489302,0.273942093541202,,,16.0,30.0,0.01,40.0,,,,,,,
als|factors=16;epochs=30;regularisation=0.1;alpha=1.0|frac=1.0,gift_cards,als,1.0,2,0.11037691150999202,0.22939866369710402,,,16.0,30.0,0.1,1.0,,,,,,,
als|factors=16;epochs=30;regularisation=0.1;alpha=10.0|frac=1.0,gift_cards,als,1.0,2,0.11551583755677401,0.247216035634743,,,16.0,30.0,0.1,10.0,,,,,,,
als|factors=16;epochs=30;regularisation=0.1;alpha=40.0|frac=1.0,gift_cards,als,1.0,2,0.118315406532079,0.244988864142538,,,16.0,30.0,0.1,40.0,,,,,,,
als|factors=32;epochs=5;regularisation=0.001;alpha=1.0|frac=1.0,gift_cards,als,1.0,2,0.09896119330467301,0.20044543429844003,,,32.0,5.0,0.001,1.0,,,,,,,
als|factors=32;epochs=5;regularisation=0.001;alpha=10.0|frac=1.0,gift_cards,als,1.0,2,0.093078361829595,0.182628062360801,,,32.0,5.0,0.001,10.0,,,,,,,
als|factors=32;epochs=5;regularisation=0.001;alpha=40.0|frac=1.0,gift_cards,als,1.0,2,0.09472454313091201,0.184855233853006,,,32.0,5.0,0.001,40.0,,,,,,,
als|factors=32;epochs=5;regularisation=0.01;alpha=1.0|frac=1.0,gift_cards,als,1.0,2,0.09973455090497801,0.20712694877505503,,,32.0,5.0,0.01,1.0,,,,,,,
als|factors=32;epochs=5;regularisation=0.01;alpha=10.0|frac=1.0,gift_cards,als,1.0,2,0.08975791875128501,0.173719376391982,,,32.0,5.0,0.01,10.0,,,,,,,
als|factors=32;epochs=5;regularisation=0.01;alpha=40.0|frac=1.0,gift_cards,als,1.0,2,0.09057634317671401,0.180400890868596,,,32.0,5.0,0.01,40.0,,,,,,,
als|factors=32;epochs=5;regularisation=0.1;alpha=1.0|frac=1.0,gift_cards,als,1.0,2,0.09947152838285701,0.20489977728285003,,,32.0,5.0,0.1,1.0,,,,,,,
als|factors=32;epochs=5;regularisation=0.1;alpha=10.0|frac=1.0,gift_cards,als,1.0,2,0.094628215521576,0.184855233853006,,,32.0,5.0,0.1,10.0,,,,,,,
als|factors=32;epochs=5;regularisation=0.1;alpha=40.0|frac=1.0,gift_cards,als,1.0,2,0.08238488458338901,0.15812917594654702,,,32.0,5.0,0.1,40.0,,,,,,,
als|factors=32;epochs=15;regularisation=0.001;alpha=1.0|frac=1.0,gift_cards,als,1.0,2,0.10026450353668401,0.193763919821826,,,32.0,15.0,0.001,1.0,,,,,,,
als|factors=32;epochs=15;regularisation=0.001;alpha=10.0|frac=1.0,gift_cards,als,1.0,2,0.095048377015328,0.193763919821826,,,32.0,15.0,0.001,10.0,,,,,,,
als|factors=32;epochs=15;regularisation=0.001;alpha=40.0|frac=1.0,gift_cards,als,1.0,2,0.091352407250315,0.180400890868596,,,32.0,15.0,0.001,40.0,,,,,,,
als|factors=32;epochs=15;regularisation=0.01;alpha=1.0|frac=1.0,gift_cards,als,1.0,2,0.10115337689484401,0.193763919821826,,,32.0,15.0,0.01,1.0,,,,,,,
als|factors=32;epochs=15;regularisation=0.01;alpha=10.0|frac=1.0,gift_cards,als,1.0,2,0.09663235435703901,0.193763919821826,,,32.0,15.0,0.01,10.0,,,,,,,
als|factors=32;epochs=15;regularisation=0.01;alpha=40.0|frac=1.0,gift_cards,als,1.0,2,0.097297353529481,0.184855233853006,,,32.0,15.0,0.01,40.0,,,,,,,
als|factors=32;epochs=15;regularisation=0.1;alpha=1.0|frac=1.0,gift_cards,als,1.0,2,0.098555216437385,0.191536748329621,,,32.0,15.0,0.1,1.0,,,,,,,
als|factors=32;epochs=15;regularisation=0.1;alpha=10.0|frac=1.0,gift_cards,als,1.0,2,0.10002988220910501,0.20267260579064503,,,32.0,15.0,0.1,10.0,,,,,,,
als|factors=32;epochs=15;regularisation=0.1;alpha=40.0|frac=1.0,gift_cards,als,1.0,2,0.09289329339122701,0.180400890868596,,,32.0,15.0,0.1,40.0,,,,,,,
als|factors=32;epochs=30;regularisation=0.001;alpha=1.0|frac=1.0,gift_cards,als,1.0,2,0.10235543565068,0.19821826280623603,,,32.0,30.0,0.001,1.0,,,,,,,
als|factors=32;epochs=30;regularisation=0.001;alpha=10.0|frac=1.0,gift_cards,als,1.0,2,0.09473735372423701,0.182628062360801,,,32.0,30.0,0.001,10.0,,,,,,,
als|factors=32;epochs=30;regularisation=0.001;alpha=40.0|frac=1.0,gift_cards,als,1.0,2,0.09343330991245101,0.189309576837416,,,32.0,30.0,0.001,40.0,,,,,,,
als|factors=32;epochs=30;regularisation=0.01;alpha=1.0|frac=1.0,gift_cards,als,1.0,2,0.10317403934933801,0.19821826280623603,,,32.0,30.0,0.01,1.0,,,,,,,
als|factors=32;epochs=30;regularisation=0.01;alpha=10.0|frac=1.0,gift_cards,als,1.0,2,0.09685629790196501,0.191536748329621,,,32.0,30.0,0.01,10.0,,,,,,,
als|factors=32;epochs=30;regularisation=0.01;alpha=40.0|frac=1.0,gift_cards,als,1.0,2,0.09166366281539501,0.182628062360801,,,32.0,30.0,0.01,40.0,,,,,,,
als|factors=32;epochs=30;regularisation=0.1;alpha=1.0|frac=1.0,gift_cards,als,1.0,2,0.10395152841534201,0.20267260579064503,,,32.0,30.0,0.1,1.0,,,,,,,
als|factors=32;epochs=30;regularisation=0.1;alpha=10.0|frac=1.0,gift_cards,als,1.0,2,0.09456947462381901,0.193763919821826,,,32.0,30.0,0.1,10.0,,,,,,,
als|factors=32;epochs=30;regularisation=0.1;alpha=40.0|frac=1.0,gift_cards,als,1.0,2,0.09309555972983001,0.193763919821826,,,32.0,30.0,0.1,40.0,,,,,,,
als|factors=64;epochs=5;regularisation=0.001;alpha=1.0|frac=1.0,gift_cards,als,1.0,2,0.071329544735287,0.14253897550111302,,,64.0,5.0,0.001,1.0,,,,,,,
als|factors=64;epochs=5;regularisation=0.001;alpha=10.0|frac=1.0,gift_cards,als,1.0,2,0.08359038679460301,0.16035634743875202,,,64.0,5.0,0.001,10.0,,,,,,,
als|factors=64;epochs=5;regularisation=0.001;alpha=40.0|frac=1.0,gift_cards,als,1.0,2,0.08574812690113001,0.171492204899777,,,64.0,5.0,0.001,40.0,,,,,,,
als|factors=64;epochs=5;regularisation=0.01;alpha=1.0|frac=1.0,gift_cards,als,1.0,2,0.07072779440842801,0.14253897550111302,,,64.0,5.0,0.01,1.0,,,,,,,
als|factors=64;epochs=5;regularisation=0.01;alpha=10.0|frac=1.0,gift_cards,als,1.0,2,0.08040797699198701,0.15590200445434302,,,64.0,5.0,0.01,10.0,,,,,,,
als|factors=64;epochs=5;regularisation=0.01;alpha=40.0|frac=1.0,gift_cards,als,1.0,2,0.07490808952974501,0.15367483296213802,,,64.0,5.0,0.01,40.0,,,,,,,
als|factors=64;epochs=5;regularisation=0.1;alpha=1.0|frac=1.0,gift_cards,als,1.0,2,0.072236961386858,0.14922048997772802,,,64.0,5.0,0.1,1.0,,,,,,,
als|factors=64;epochs=5;regularisation=0.1;alpha=10.0|frac=1.0,gift_cards,als,1.0,2,0.074262038733862,0.15144766146993302,,,64.0,5.0,0.1,10.0,,,,,,,
als|factors=64;epochs=5;regularisation=0.1;alpha=40.0|frac=1.0,gift_cards,als,1.0,2,0.068016943295731,0.14253897550111302,,,64.0,5.0,0.1,40.0,,,,,,,
als|factors=64;epochs=15;regularisation=0.001;alpha=1.0|frac=1.0,gift_cards,als,1.0,2,0.07355894179425601,0.16035634743875202,,,64.0,15.0,0.001,1.0,,,,,,,
als|factors=64;epochs=15;regularisation=0.001;alpha=10.0|frac=1.0,gift_cards,als,1.0,2,0.077630433130371,0.15367483296213802,,,64.0,15.0,0.001,10.0,,,,,,,
als|factors=64;epochs=15;regularisation=0.001;alpha=40.0|frac=1.0,gift_cards,als,1.0,2,0.077336952205526,0.15812917594654702,,,64.0,15.0,0.001,40.0,,,,,,,
als|factors=64;epochs=15;regularisation=0.01;alpha=1.0|frac=1.0,gift_cards,als,1.0,2,0.074308184737642,0.16258351893095702,,,64.0,15.0,0.01,1.0,,,,,,,
als|factors=64;epochs=15;regularisation=0.01;alpha=10.0|frac=1.0,gift_cards,als,1.0,2,0.075139417146171,0.14922048997772802,,,64.0,15.0,0.01,10.0,,,,,,,
als|factors=64;epochs=15;regularisation=0.01;alpha=40.0|frac=1.0,gift_cards,als,1.0,2,0.07086450757642701,0.14476614699331802,,,64.0,15.0,0.01,40.0,,,,,,,
als|factors=64;epochs=15;regularisation=0.1;alpha=1.0|frac=1.0,gift_cards,als,1.0,2,0.072949479918211,0.15812917594654702,,,64.0,15.0,0.1,1.0,,,,,,,
als|factors=64;epochs=15;regularisation=0.1;alpha=10.0|frac=1.0,gift_cards,als,1.0,2,0.073205579945831,0.15144766146993302,,,64.0,15.0,0.1,10.0,,,,,,,
als|factors=64;epochs=15;regularisation=0.1;alpha=40.0|frac=1.0,gift_cards,als,1.0,2,0.068555891262342,0.14253897550111302,,,64.0,15.0,0.1,40.0,,,,,,,
als|factors=64;epochs=30;regularisation=0.001;alpha=1.0|frac=1.0,gift_cards,als,1.0,2,0.072755812490726,0.15590200445434302,,,64.0,30.0,0.001,1.0,,,,,,,
als|factors=64;epochs=30;regularisation=0.001;alpha=10.0|frac=1.0,gift_cards,als,1.0,2,0.076309156475984,0.15812917594654702,,,64.0,30.0,0.001,10.0,,,,,,,
als|factors=64;epochs=30;regularisation=0.001;alpha=40.0|frac=1.0,gift_cards,als,1.0,2,0.075030876700045,0.15144766146993302,,,64.0,30.0,0.001,40.0,,,,,,,
als|factors=64;epochs=30;regularisation=0.01;alpha=1.0|frac=1.0,gift_cards,als,1.0,2,0.07148317469295,0.15144766146993302,,,64.0,30.0,0.01,1.0,,,,,,,
als|factors=64;epochs=30;regularisation=0.01;alpha=10.0|frac=1.0,gift_cards,als,1.0,2,0.073899759453287,0.15144766146993302,,,64.0,30.0,0.01,10.0,,,,,,,
als|factors=64;epochs=30;regularisation=0.01;alpha=40.0|frac=1.0,gift_cards,als,1.0,2,0.077793812641548,0.15590200445434302,,,64.0,30.0,0.01,40.0,,,,,,,
als|factors=64;epochs=30;regularisation=0.1;alpha=1.0|frac=1.0,gift_cards,als,1.0,2,0.07229135953514901,0.15367483296213802,,,64.0,30.0,0.1,1.0,,,,,,,
als|factors=64;epochs=30;regularisation=0.1;alpha=10.0|frac=1.0,gift_cards,als,1.0,2,0.0733503927719,0.15144766146993302,,,64.0,30.0,0.1,10.0,,,,,,,
als|factors=64;epochs=30;regularisation=0.1;alpha=40.0|frac=1.0,gift_cards,als,1.0,2,0.07093706585994401,0.14699331848552302,,,64.0,30.0,0.1,40.0,,,,,,,
als|factors=128;epochs=5;regularisation=0.001;alpha=1.0|frac=1.0,gift_cards,als,1.0,2,0.036756793519790006,0.08017817371937601,,,128.0,5.0,0.001,1.0,,,,,,,
als|factors=128;epochs=5;regularisation=0.001;alpha=10.0|frac=1.0,gift_cards,als,1.0,2,0.038113662532845004,0.08017817371937601,,,128.0,5.0,0.001,10.0,,,,,,,
als|factors=128;epochs=5;regularisation=0.001;alpha=40.0|frac=1.0,gift_cards,als,1.0,2,0.041188375413678,0.0913140311804,,,128.0,5.0,0.001,40.0,,,,,,,
als|factors=128;epochs=5;regularisation=0.01;alpha=1.0|frac=1.0,gift_cards,als,1.0,2,0.038702106760201006,0.08240534521158101,,,128.0,5.0,0.01,1.0,,,,,,,
als|factors=128;epochs=5;regularisation=0.01;alpha=10.0|frac=1.0,gift_cards,als,1.0,2,0.040510332236713006,0.086859688195991,,,128.0,5.0,0.01,10.0,,,,,,,
als|factors=128;epochs=5;regularisation=0.01;alpha=40.0|frac=1.0,gift_cards,als,1.0,2,0.052096642388317,0.10913140311804001,,,128.0,5.0,0.01,40.0,,,,,,,
als|factors=128;epochs=5;regularisation=0.1;alpha=1.0|frac=1.0,gift_cards,als,1.0,2,0.040816414558545004,0.089086859688195,,,128.0,5.0,0.1,1.0,,,,,,,
als|factors=128;epochs=5;regularisation=0.1;alpha=10.0|frac=1.0,gift_cards,als,1.0,2,0.048786189743582,0.10467706013363001,,,128.0,5.0,0.1,10.0,,,,,,,
als|factors=128;epochs=5;regularisation=0.1;alpha=40.0|frac=1.0,gift_cards,als,1.0,2,0.06613061156800801,0.14253897550111302,,,128.0,5.0,0.1,40.0,,,,,,,
als|factors=128;epochs=15;regularisation=0.001;alpha=1.0|frac=1.0,gift_cards,als,1.0,2,0.036137111518204,0.066815144766147,,,128.0,15.0,0.001,1.0,,,,,,,
als|factors=128;epochs=15;regularisation=0.001;alpha=10.0|frac=1.0,gift_cards,als,1.0,2,0.037854894892186006,0.069042316258351,,,128.0,15.0,0.001,10.0,,,,,,,
als|factors=128;epochs=15;regularisation=0.001;alpha=40.0|frac=1.0,gift_cards,als,1.0,2,0.042855436037211,0.084632516703786,,,128.0,15.0,0.001,40.0,,,,,,,
als|factors=128;epochs=15;regularisation=0.01;alpha=1.0|frac=1.0,gift_cards,als,1.0,2,0.036964594721332004,0.066815144766147,,,128.0,15.0,0.01,1.0,,,,,,,
als|factors=128;epochs=15;regularisation=0.01;alpha=10.0|frac=1.0,gift_cards,als,1.0,2,0.041498504228349005,0.07572383073496601,,,128.0,15.0,0.01,10.0,,,,,,,
als|factors=128;epochs=15;regularisation=0.01;alpha=40.0|frac=1.0,gift_cards,als,1.0,2,0.042058301015973,0.084632516703786,,,128.0,15.0,0.01,40.0,,,,,,,
als|factors=128;epochs=15;regularisation=0.1;alpha=1.0|frac=1.0,gift_cards,als,1.0,2,0.041512313188798,0.08240534521158101,,,128.0,15.0,0.1,1.0,,,,,,,
als|factors=128;epochs=15;regularisation=0.1;alpha=10.0|frac=1.0,gift_cards,als,1.0,2,0.040696704672469004,0.071269487750556,,,128.0,15.0,0.1,10.0,,,,,,,
als|factors=128;epochs=15;regularisation=0.1;alpha=40.0|frac=1.0,gift_cards,als,1.0,2,0.037402713773359006,0.07349665924276101,,,128.0,15.0,0.1,40.0,,,,,,,
als|factors=128;epochs=30;regularisation=0.001;alpha=1.0|frac=1.0,gift_cards,als,1.0,2,0.037699196161863,0.071269487750556,,,128.0,30.0,0.001,1.0,,,,,,,
als|factors=128;epochs=30;regularisation=0.001;alpha=10.0|frac=1.0,gift_cards,als,1.0,2,0.035789952108734,0.069042316258351,,,128.0,30.0,0.001,10.0,,,,,,,
als|factors=128;epochs=30;regularisation=0.001;alpha=40.0|frac=1.0,gift_cards,als,1.0,2,0.038404123585724,0.07795100222717101,,,128.0,30.0,0.001,40.0,,,,,,,
als|factors=128;epochs=30;regularisation=0.01;alpha=1.0|frac=1.0,gift_cards,als,1.0,2,0.038375142058165,0.07349665924276101,,,128.0,30.0,0.01,1.0,,,,,,,
als|factors=128;epochs=30;regularisation=0.01;alpha=10.0|frac=1.0,gift_cards,als,1.0,2,0.038159769097827,0.07349665924276101,,,128.0,30.0,0.01,10.0,,,,,,,
als|factors=128;epochs=30;regularisation=0.01;alpha=40.0|frac=1.0,gift_cards,als,1.0,2,0.037137759242791,0.07572383073496601,,,128.0,30.0,0.01,40.0,,,,,,,
als|factors=128;epochs=30;regularisation=0.1;alpha=1.0|frac=1.0,gift_cards,als,1.0,2,0.039514473786656006,0.07572383073496601,,,128.0,30.0,0.1,1.0,,,,,,,
als|factors=128;epochs=30;regularisation=0.1;alpha=10.0|frac=1.0,gift_cards,als,1.0,2,0.040476282765855,0.07572383073496601,,,128.0,30.0,0.1,10.0,,,,,,,
als|factors=128;epochs=30;regularisation=0.1;alpha=40.0|frac=1.0,gift_cards,als,1.0,2,0.035454533167064005,0.066815144766147,,,128.0,30.0,0.1,40.0,,,,,,,
multvae|latent=32;hidden=200;epochs=10;dropout=0.0|frac=0.25,gift_cards,multvae,0.25,2,0.08354530314317801,0.20267260579064503,,,,,,,32.0,200.0,10.0,0.0,,,
multvae|latent=32;hidden=200;epochs=10;dropout=0.5|frac=0.25,gift_cards,multvae,0.25,2,0.09068066479399,0.22048997772828502,,,,,,,32.0,200.0,10.0,0.5,,,
multvae|latent=32;hidden=200;epochs=20;dropout=0.0|frac=0.25,gift_cards,multvae,0.25,2,0.07944826568592801,0.178173719376391,,,,,,,32.0,200.0,20.0,0.0,,,
multvae|latent=32;hidden=200;epochs=20;dropout=0.5|frac=0.25,gift_cards,multvae,0.25,2,0.08180395113860901,0.189309576837416,,,,,,,32.0,200.0,20.0,0.5,,,
multvae|latent=32;hidden=600;epochs=10;dropout=0.0|frac=0.25,gift_cards,multvae,0.25,2,0.07011826275512001,0.15367483296213802,,,,,,,32.0,600.0,10.0,0.0,,,
multvae|latent=32;hidden=600;epochs=10;dropout=0.5|frac=0.25,gift_cards,multvae,0.25,2,0.080090497294619,0.169265033407572,,,,,,,32.0,600.0,10.0,0.5,,,
multvae|latent=32;hidden=600;epochs=20;dropout=0.0|frac=0.25,gift_cards,multvae,0.25,2,0.07293322326768001,0.15812917594654702,,,,,,,32.0,600.0,20.0,0.0,,,
multvae|latent=32;hidden=600;epochs=20;dropout=0.5|frac=0.25,gift_cards,multvae,0.25,2,0.10025068593028301,0.22717149220489902,,,,,,,32.0,600.0,20.0,0.5,,,
multvae|latent=64;hidden=200;epochs=10;dropout=0.0|frac=0.25,gift_cards,multvae,0.25,2,0.084142108875131,0.189309576837416,,,,,,,64.0,200.0,10.0,0.0,,,
multvae|latent=64;hidden=200;epochs=10;dropout=0.5|frac=0.25,gift_cards,multvae,0.25,2,0.076889915204236,0.169265033407572,,,,,,,64.0,200.0,10.0,0.5,,,
multvae|latent=64;hidden=200;epochs=20;dropout=0.0|frac=0.25,gift_cards,multvae,0.25,2,0.08476415865011,0.187082405345211,,,,,,,64.0,200.0,20.0,0.0,,,
multvae|latent=64;hidden=200;epochs=20;dropout=0.5|frac=0.25,gift_cards,multvae,0.25,2,0.08405021676103401,0.19821826280623603,,,,,,,64.0,200.0,20.0,0.5,,,
multvae|latent=64;hidden=600;epochs=10;dropout=0.0|frac=0.25,gift_cards,multvae,0.25,2,0.086804743725489,0.19821826280623603,,,,,,,64.0,600.0,10.0,0.0,,,
multvae|latent=64;hidden=600;epochs=10;dropout=0.5|frac=0.25,gift_cards,multvae,0.25,2,0.07922690044500101,0.16035634743875202,,,,,,,64.0,600.0,10.0,0.5,,,
multvae|latent=64;hidden=600;epochs=20;dropout=0.0|frac=0.25,gift_cards,multvae,0.25,2,0.10029716735711501,0.195991091314031,,,,,,,64.0,600.0,20.0,0.0,,,
multvae|latent=64;hidden=600;epochs=20;dropout=0.5|frac=0.25,gift_cards,multvae,0.25,2,0.091524453579143,0.20267260579064503,,,,,,,64.0,600.0,20.0,0.5,,,
multvae|latent=128;hidden=200;epochs=10;dropout=0.0|frac=0.25,gift_cards,multvae,0.25,2,0.061636660073863,0.14253897550111302,,,,,,,128.0,200.0,10.0,0.0,,,
multvae|latent=128;hidden=200;epochs=10;dropout=0.5|frac=0.25,gift_cards,multvae,0.25,2,0.060429661901217006,0.135857461024498,,,,,,,128.0,200.0,10.0,0.5,,,
multvae|latent=128;hidden=200;epochs=20;dropout=0.0|frac=0.25,gift_cards,multvae,0.25,2,0.06713940644669701,0.14922048997772802,,,,,,,128.0,200.0,20.0,0.0,,,
multvae|latent=128;hidden=200;epochs=20;dropout=0.5|frac=0.25,gift_cards,multvae,0.25,2,0.07019370829438801,0.15367483296213802,,,,,,,128.0,200.0,20.0,0.5,,,
multvae|latent=128;hidden=600;epochs=10;dropout=0.0|frac=0.25,gift_cards,multvae,0.25,2,0.07528585283035501,0.16481069042316202,,,,,,,128.0,600.0,10.0,0.0,,,
multvae|latent=128;hidden=600;epochs=10;dropout=0.5|frac=0.25,gift_cards,multvae,0.25,2,0.07897923403154,0.178173719376391,,,,,,,128.0,600.0,10.0,0.5,,,
multvae|latent=128;hidden=600;epochs=20;dropout=0.0|frac=0.25,gift_cards,multvae,0.25,2,0.08752690356983801,0.184855233853006,,,,,,,128.0,600.0,20.0,0.0,,,
multvae|latent=128;hidden=600;epochs=20;dropout=0.5|frac=0.25,gift_cards,multvae,0.25,2,0.10647466428518601,0.23385300668151401,,,,,,,128.0,600.0,20.0,0.5,,,
multvae|latent=32;hidden=200;epochs=10;dropout=0.0|frac=0.5,gift_cards,multvae,0.5,2,0.065637356064787,0.135857461024498,,,,,,,32.0,200.0,10.0,0.0,,,
multvae|latent=32;hidden=200;epochs=10;dropout=0.5|frac=0.5,gift_cards,multvae,0.5,2,0.076157009960774,0.178173719376391,,,,,,,32.0,200.0,10.0,0.5,,,
multvae|latent=32;hidden=200;epochs=20;dropout=0.0|frac=0.5,gift_cards,multvae,0.5,2,0.10345418643804401,0.21826280623608002,,,,,,,32.0,200.0,20.0,0.0,,,
multvae|latent=32;hidden=200;epochs=20;dropout=0.5|frac=0.5,gift_cards,multvae,0.5,2,0.085365721599304,0.187082405345211,,,,,,,32.0,200.0,20.0,0.5,,,
multvae|latent=32;hidden=600;epochs=10;dropout=0.0|frac=0.5,gift_cards,multvae,0.5,2,0.09407053130514201,0.20712694877505503,,,,,,,32.0,600.0,10.0,0.0,,,
multvae|latent=32;hidden=600;epochs=10;dropout=0.5|frac=0.5,gift_cards,multvae,0.5,2,0.09226790557610201,0.195991091314031,,,,,,,32.0,600.0,10.0,0.5,,,
multvae|latent=32;hidden=600;epochs=20;dropout=0.0|frac=0.5,gift_cards,multvae,0.5,2,0.11014557232703001,0.25167037861915303,,,,,,,32.0,600.0,20.0,0.0,,,
multvae|latent=32;hidden=600;epochs=20;dropout=0.5|frac=0.5,gift_cards,multvae,0.5,2,0.134901198602276,0.287305122494432,,,,,,,32.0,600.0,20.0,0.5,,,
multvae|latent=64;hidden=200;epochs=10;dropout=0.0|frac=0.5,gift_cards,multvae,0.5,2,0.082608534197758,0.178173719376391,,,,,,,64.0,200.0,10.0,0.0,,,
multvae|latent=64;hidden=200;epochs=10;dropout=0.5|frac=0.5,gift_cards,multvae,0.5,2,0.07754647138682301,0.173719376391982,,,,,,,64.0,200.0,10.0,0.5,,,
multvae|latent=64;hidden=200;epochs=20;dropout=0.0|frac=0.5,gift_cards,multvae,0.5,2,0.10852150431785501,0.242761692650334,,,,,,,64.0,200.0,20.0,0.0,,,
multvae|latent=64;hidden=200;epochs=20;dropout=0.5|frac=0.5,gift_cards,multvae,0.5,2,0.087806652813703,0.184855233853006,,,,,,,64.0,200.0,20.0,0.5,,,
multvae|latent=64;hidden=600;epochs=10;dropout=0.0|frac=0.5,gift_cards,multvae,0.5,2,0.096815181604816,0.21158129175946502,,,,,,,64.0,600.0,10.0,0.0,,,
multvae|latent=64;hidden=600;epochs=10;dropout=0.5|frac=0.5,gift_cards,multvae,0.5,2,0.08388603160157701,0.15367483296213802,,,,,,,64.0,600.0,10.0,0.5,,,
multvae|latent=64;hidden=600;epochs=20;dropout=0.0|frac=0.5,gift_cards,multvae,0.5,2,0.13300070896930302,0.269487750556792,,,,,,,64.0,600.0,20.0,0.0,,,
multvae|latent=64;hidden=600;epochs=20;dropout=0.5|frac=0.5,gift_cards,multvae,0.5,2,0.12476473996094702,0.26057906458797303,,,,,,,64.0,600.0,20.0,0.5,,,
multvae|latent=128;hidden=200;epochs=10;dropout=0.0|frac=0.5,gift_cards,multvae,0.5,2,0.067077326016138,0.14253897550111302,,,,,,,128.0,200.0,10.0,0.0,,,
multvae|latent=128;hidden=200;epochs=10;dropout=0.5|frac=0.5,gift_cards,multvae,0.5,2,0.072083551812817,0.15144766146993302,,,,,,,128.0,200.0,10.0,0.5,,,
multvae|latent=128;hidden=200;epochs=20;dropout=0.0|frac=0.5,gift_cards,multvae,0.5,2,0.08978544254390601,0.191536748329621,,,,,,,128.0,200.0,20.0,0.0,,,
multvae|latent=128;hidden=200;epochs=20;dropout=0.5|frac=0.5,gift_cards,multvae,0.5,2,0.079931538257066,0.173719376391982,,,,,,,128.0,200.0,20.0,0.5,,,
multvae|latent=128;hidden=600;epochs=10;dropout=0.0|frac=0.5,gift_cards,multvae,0.5,2,0.096392691617964,0.195991091314031,,,,,,,128.0,600.0,10.0,0.0,,,
multvae|latent=128;hidden=600;epochs=10;dropout=0.5|frac=0.5,gift_cards,multvae,0.5,2,0.093455556892249,0.193763919821826,,,,,,,128.0,600.0,10.0,0.5,,,
multvae|latent=128;hidden=600;epochs=20;dropout=0.0|frac=0.5,gift_cards,multvae,0.5,2,0.111733334618676,0.23385300668151401,,,,,,,128.0,600.0,20.0,0.0,,,
multvae|latent=128;hidden=600;epochs=20;dropout=0.5|frac=0.5,gift_cards,multvae,0.5,2,0.12372861475591401,0.253897550111358,,,,,,,128.0,600.0,20.0,0.5,,,
multvae|latent=32;hidden=200;epochs=10;dropout=0.0|frac=1.0,gift_cards,multvae,1.0,2,0.066815239543749,0.133630289532294,,,,,,,32.0,200.0,10.0,0.0,,,
multvae|latent=32;hidden=200;epochs=10;dropout=0.5|frac=1.0,gift_cards,multvae,1.0,2,0.06702686284819201,0.129175946547884,,,,,,,32.0,200.0,10.0,0.5,,,
multvae|latent=32;hidden=200;epochs=20;dropout=0.0|frac=1.0,gift_cards,multvae,1.0,2,0.13093435604949402,0.29398663697104604,,,,,,,32.0,200.0,20.0,0.0,,,
multvae|latent=32;hidden=200;epochs=20;dropout=0.5|frac=1.0,gift_cards,multvae,1.0,2,0.12652403964248501,0.278396436525612,,,,,,,32.0,200.0,20.0,0.5,,,
multvae|latent=32;hidden=600;epochs=10;dropout=0.0|frac=1.0,gift_cards,multvae,1.0,2,0.127444610038512,0.258351893095768,,,,,,,32.0,600.0,10.0,0.0,,,
multvae|latent=32;hidden=600;epochs=10;dropout=0.5|frac=1.0,gift_cards,multvae,1.0,2,0.115185980142312,0.236080178173719,,,,,,,32.0,600.0,10.0,0.5,,,
multvae|latent=32;hidden=600;epochs=20;dropout=0.0|frac=1.0,gift_cards,multvae,1.0,2,0.14865058237355303,0.30289532293986604,,,,,,,32.0,600.0,20.0,0.0,,,
multvae|latent=32;hidden=600;epochs=20;dropout=0.5|frac=1.0,gift_cards,multvae,1.0,2,0.13739633264137,0.291759465478841,,,,,,,32.0,600.0,20.0,0.5,,,
multvae|latent=64;hidden=200;epochs=10;dropout=0.0|frac=1.0,gift_cards,multvae,1.0,2,0.07181986889578801,0.140311804008908,,,,,,,64.0,200.0,10.0,0.0,,,
multvae|latent=64;hidden=200;epochs=10;dropout=0.5|frac=1.0,gift_cards,multvae,1.0,2,0.06700130215604201,0.133630289532294,,,,,,,64.0,200.0,10.0,0.5,,,
multvae|latent=64;hidden=200;epochs=20;dropout=0.0|frac=1.0,gift_cards,multvae,1.0,2,0.134831541873774,0.287305122494432,,,,,,,64.0,200.0,20.0,0.0,,,
multvae|latent=64;hidden=200;epochs=20;dropout=0.5|frac=1.0,gift_cards,multvae,1.0,2,0.12757911534782101,0.25612472160356303,,,,,,,64.0,200.0,20.0,0.5,,,
multvae|latent=64;hidden=600;epochs=10;dropout=0.0|frac=1.0,gift_cards,multvae,1.0,2,0.13334435851888102,0.291759465478841,,,,,,,64.0,600.0,10.0,0.0,,,
multvae|latent=64;hidden=600;epochs=10;dropout=0.5|frac=1.0,gift_cards,multvae,1.0,2,0.108620638401224,0.22048997772828502,,,,,,,64.0,600.0,10.0,0.5,,,
multvae|latent=64;hidden=600;epochs=20;dropout=0.0|frac=1.0,gift_cards,multvae,1.0,2,0.14544657130128202,0.31403118040089,,,,,,,64.0,600.0,20.0,0.0,,,
multvae|latent=64;hidden=600;epochs=20;dropout=0.5|frac=1.0,gift_cards,multvae,1.0,2,0.13605128326655,0.28507795100222705,,,,,,,64.0,600.0,20.0,0.5,,,
multvae|latent=128;hidden=200;epochs=10;dropout=0.0|frac=1.0,gift_cards,multvae,1.0,2,0.07029874225770001,0.135857461024498,,,,,,,128.0,200.0,10.0,0.0,,,
multvae|latent=128;hidden=200;epochs=10;dropout=0.5|frac=1.0,gift_cards,multvae,1.0,2,0.06830624305814101,0.135857461024498,,,,,,,128.0,200.0,10.0,0.5,,,
multvae|latent=128;hidden=200;epochs=20;dropout=0.0|frac=1.0,gift_cards,multvae,1.0,2,0.129363925550627,0.282850779510022,,,,,,,128.0,200.0,20.0,0.0,,,
multvae|latent=128;hidden=200;epochs=20;dropout=0.5|frac=1.0,gift_cards,multvae,1.0,2,0.121127700212212,0.25612472160356303,,,,,,,128.0,200.0,20.0,0.5,,,
multvae|latent=128;hidden=600;epochs=10;dropout=0.0|frac=1.0,gift_cards,multvae,1.0,2,0.11339055003002801,0.240534521158129,,,,,,,128.0,600.0,10.0,0.0,,,
multvae|latent=128;hidden=600;epochs=10;dropout=0.5|frac=1.0,gift_cards,multvae,1.0,2,0.111979055547511,0.22939866369710402,,,,,,,128.0,600.0,10.0,0.5,,,
multvae|latent=128;hidden=600;epochs=20;dropout=0.0|frac=1.0,gift_cards,multvae,1.0,2,0.134983832983851,0.278396436525612,,,,,,,128.0,600.0,20.0,0.0,,,
multvae|latent=128;hidden=600;epochs=20;dropout=0.5|frac=1.0,gift_cards,multvae,1.0,2,0.137375927333473,0.29398663697104604,,,,,,,128.0,600.0,20.0,0.5,,,
