config_id,dataset,family,data_fraction,itemknn.topk,itemknn.shrink,als.factors,als.epochs,als.regularisation,als.alpha,multvae.latent,multvae.hidden,multvae.epochs,multvae.dropout,markov.order,markov.smoothing,markov.decay,val_ndcg_at_10,val_recall_at_10,val_exposure_parity,train_cpu_seconds,train_wall_seconds,score_cpu_seconds,score_wall_seconds,select_cpu_seconds,serve_cpu_seconds_per_request,peak_rss_bytes,model_bytes,n_train_interactions,n_eval_users,val_ndcg_at_10_spread,val_recall_at_10_spread,val_exposure_parity_spread,train_cpu_seconds_spread,train_wall_seconds_spread,score_cpu_seconds_spread,score_wall_seconds_spread,select_cpu_seconds_spread,serve_cpu_seconds_per_request_spread,peak_rss_bytes_spread,model_bytes_spread,n_train_interactions_spread,n_eval_users_spread,n_seeds
popularity||frac=0.25,ml100k,popularity,0.25,,,,,,,,,,,,,,0.017457135751078,0.033934252386002,0.459243548957228,0.00011535622000700002,0.0001154263935,0.059895833333333,0.06193403333357601,0.036458333333333,0.00010217833156500001,371560448.0,10792.0,24706.0,943.0,0.0,0.0,0.0,0.0,0.0,0.0,0.0,0.0,0.0,0,0,0,0,1
popularity||frac=0.5,ml100k,popularity,0.5,,,,,,,,,,,,,,0.015602457754516002,0.037115588547189,0.630540827147401,0.000140323304894,0.00013603601257200002,0.0546875,0.05682803333183901,0.038194444444444,9.849622952751268e-05,373776384.0,10792.0,48939.0,943.0,0.0,0.0,0.0,0.0,0.0,0.0,0.0,0.0,0.0,0,0,0,0,1
popularity||frac=1.0,ml100k,popularity,1.0,,,,,,,,,,,,,,0.034210171566329,0.073170731707317,0.6057264050901371,0.00019183548189000003,0.00018204665438900002,0.057291666666666005,0.05826631666665501,0.036458333333333,9.94167550371156e-05,373837824.0,10792.0,97401.0,943.0,0.0,0.0,0.0,0.0,0.0,0.0,0.0,0.0,0.0,0,0,0,0,1
itemknn|topk=10;shrink=0.0|frac=0.25,ml100k,itemknn,0.25,10.0,0.0,,,,,,,,,,,,0.048863002604729006,0.093319194061505,0.537009544008483,0.11458333333333301,0.117874833333189,0.078125,0.076438774998678,0.034722222222222,0.000119668316248,388415488.0,14558408.0,24706.0,943.0,0.0,0.0,0.0,0.0,0.0,0.0,0.0,0.0,0.0,0,0,0,0,1
itemknn|topk=10;shrink=10.0|frac=0.25,ml100k,itemknn,0.25,10.0,10.0,,,,,,,,,,,,0.06320210109091301,0.12089077412513201,0.5845881937080241,0.119791666666666,0.117139999997258,0.078125,0.078259524998429,0.0390625,0.000124270943796,388415488.0,14558408.0,24706.0,943.0,0.0,0.0,0.0,0.0,0.0,0.0,0.0,0.0,0.0,0,0,0,0,1
itemknn|topk=10;shrink=100.0|frac=0.25,ml100k,itemknn,0.25,10.0,100.0,,,,,,,,,,,,0.059387322009361004,0.112407211028632,0.585966772711205,0.119791666666666,0.121111933335972,0.08203125,0.080137700002524,0.034722222222222,0.000123810681041,388419584.0,14558408.0,24706.0,943.0,0.0,0.0,0.0,0.0,0.0,0.0,0.0,0.0,0.0,0,0,0,0,1
itemknn|topk=50;shrink=0.0|frac=0.25,ml100k,itemknn,0.25,50.0,0.0,,,,,,,,,,,,0.054656191219298,0.100742311770943,0.552138564863909,0.119791666666666,0.11841253333356301,0.078125,0.079734550003195,0.036458333333333,0.000121509367267,388419584.0,14558408.0,24706.0,943.0,0.0,0.0,0.0,0.0,0.0,0.0,0.0,0.0,0.0,0,0,0,0,1
itemknn|topk=50;shrink=10.0|frac=0.25,ml100k,itemknn,0.25,50.0,10.0,,,,,,,,,,,,0.055893838140422,0.107104984093319,0.570625662778366,0.119791666666666,0.11833986666655001,0.078125,0.08027849999780301,0.036458333333333,0.000121509367267,388435968.0,14558408.0,24706.0,943.0,0.0,0.0,0.0,0.0,0.0,0.0,0.0,0.0,0.0,0,0,0,0,1
itemknn|topk=50;shrink=100.0|frac=0.25,ml100k,itemknn,0.25,50.0,100.0,,,,,,,,,,,,0.054888737162425004,0.104984093319194,0.5720042417815481,0.119791666666666,0.11792043333601501,0.078125,0.07945157500216701,0.036458333333333,0.000121509367267,388435968.0,14558408.0,24706.0,943.0,0.0,0.0,0.0,0.0,0.0,0.0,0.0,0.0,0.0,0,0,0,0,1
itemknn|topk=100;shrink=0.0|frac=0.25,ml100k,itemknn,0.25,100.0,0.0,,,,,,,,,,,,0.053314794318044006,0.100742311770943,0.5483916578296211,0.125,0.124066233334209,0.0859375,0.08509737499844,0.034722222222222,0.00012795304583400002,388440064.0,14558408.0,24706.0,943.0,0.0,0.0,0.0,0.0,0.0,0.0,0.0,0.0,0.0,0,0,0,0,1
itemknn|topk=100;shrink=10.0|frac=0.25,ml100k,itemknn,0.25,100.0,10.0,,,,,,,,,,,,0.054527777555416004,0.106044538706256,0.5616825733474721,0.119791666666666,0.11785566666609701,0.078125,0.08015102500212301,0.038194444444444,0.000123350418286,388440064.0,14558408.0,24706.0,943.0,0.0,0.0,0.0,0.0,0.0,0.0,0.0,0.0,0.0,0,0,0,0,1
itemknn|topk=100;shrink=100.0|frac=0.25,ml100k,itemknn,0.25,100.0,100.0,,,,,,,,,,,,0.053102911773505006,0.100742311770943,0.5580063626723221,0.109375,0.11821130000074201,0.078125,0.07838207500026301,0.036458333333333,0.000121509367267,388440064.0,14558408.0,24706.0,943.0,0.0,0.0,0.0,0.0,0.0,0.0,0.0,0.0,0.0,0,0,0,0,1
itemknn|topk=300;shrink=0.0|frac=0.25,ml100k,itemknn,0.25,300.0,0.0,,,,,,,,,,,,0.05320485296339401,0.109225874867444,0.544114528101802,0.13541666666666602,0.13864253333304002,0.08203125,0.08449952500086501,0.041015625,0.000130484490986,388440064.0,14558408.0,24706.0,943.0,0.0,0.0,0.0,0.0,0.0,0.0,0.0,0.0,0.0,0,0,0,0,1
itemknn|topk=300;shrink=10.0|frac=0.25,ml100k,itemknn,0.25,300.0,10.0,,,,,,,,,,,,0.056300182649652,0.107104984093319,0.555920820077766,0.125,0.12240586667030501,0.08984375,0.08971414999905301,0.044642857142857005,0.000142615702166,388456448.0,14558408.0,24706.0,943.0,0.0,0.0,0.0,0.0,0.0,0.0,0.0,0.0,0.0,0,0,0,0,1
itemknn|topk=300;shrink=100.0|frac=0.25,ml100k,itemknn,0.25,300.0,100.0,,,,,,,,,,,,0.053365670953336004,0.101802757158006,0.5549310710498401,0.130208333333333,0.131675233336864,0.0859375,0.084328249999089,0.04296875,0.000136698038176,388501504.0,14558408.0,24706.0,943.0,0.0,0.0,0.0,0.0,0.0,0.0,0.0,0.0,0.0,0,0,0,0,1
itemknn|topk=10;shrink=0.0|frac=0.5,ml100k,itemknn,0.5,10.0,0.0,,,,,,,,,,,,0.058132919405215006,0.11664899257688201,0.6201484623541881,0.15625,0.160267650004243,0.09765625,0.09686772499844601,0.0390625,0.00014498276776200001,388501504.0,14558408.0,48939.0,943.0,0.0,0.0,0.0,0.0,0.0,0.0,0.0,0.0,0.0,0,0,0,0,1
itemknn|topk=10;shrink=10.0|frac=0.5,ml100k,itemknn,0.5,10.0,10.0,,,,,,,,,,,,0.05966256229046701,0.12513255567338202,0.630540827147401,0.15625,0.161895499996414,0.09765625,0.09750847499890301,0.034722222222222,0.000140380140214,388501504.0,14558408.0,48939.0,943.0,0.0,0.0,0.0,0.0,0.0,0.0,0.0,0.0,0.0,0,0,0,0,1
itemknn|topk=10;shrink=100.0|frac=0.5,ml100k,itemknn,0.5,10.0,100.0,,,,,,,,,,,,0.050381060339735,0.09544008483563,0.5805938494167551,0.1640625,0.160822099998767,0.109375,0.10794450000200101,0.038194444444444,0.00015648933663200002,388501504.0,14558408.0,48939.0,943.0,0.0,0.0,0.0,0.0,0.0,0.0,0.0,0.0,0.0,0,0,0,0,1
itemknn|topk=50;shrink=0.0|frac=0.5,ml100k,itemknn,0.5,50.0,0.0,,,,,,,,,,,,0.053980750259560006,0.11876988335100701,0.607953340402969,0.171875,0.17077854999661202,0.09765625,0.099027625001326,0.036458333333333,0.00014222119123300002,388505600.0,14558408.0,48939.0,943.0,0.0,0.0,0.0,0.0,0.0,0.0,0.0,0.0,0.0,0,0,0,0,1
itemknn|topk=50;shrink=10.0|frac=0.5,ml100k,itemknn,0.5,50.0,10.0,,,,,,,,,,,,0.05408022393873801,0.112407211028632,0.600954400848356,0.1640625,0.16118424999876801,0.11458333333333301,0.12307086666502601,0.034722222222222,0.00015833038765100001,388505600.0,14558408.0,48939.0,943.0,0.0,0.0,0.0,0.0,0.0,0.0,0.0,0.0,0.0,0,0,0,0,1
itemknn|topk=50;shrink=100.0|frac=0.5,ml100k,itemknn,0.5,50.0,100.0,,,,,,,,,,,,0.05042105724088201,0.100742311770943,0.5690349946977731,0.1640625,0.164907450001919,0.09765625,0.09896864999973301,0.036458333333333,0.00014222119123300002,388521984.0,14558408.0,48939.0,943.0,0.0,0.0,0.0,0.0,0.0,0.0,0.0,0.0,0.0,0,0,0,0,1
itemknn|topk=100;shrink=0.0|frac=0.5,ml100k,itemknn,0.5,100.0,0.0,,,,,,,,,,,,0.050732250859643,0.109225874867444,0.602332979851537,0.15625,0.16161735000059702,0.104166666666666,0.09948033333542601,0.034722222222222,0.000147284081536,388521984.0,14558408.0,48939.0,943.0,0.0,0.0,0.0,0.0,0.0,0.0,0.0,0.0,0.0,0,0,0,0,1
itemknn|topk=100;shrink=10.0|frac=0.5,ml100k,itemknn,0.5,100.0,10.0,,,,,,,,,,,,0.051453990339097005,0.106044538706256,0.585860728172499,0.15625,0.159969050000654,0.09765625,0.09711112500008301,0.036458333333333,0.00014222119123300002,388526080.0,14558408.0,48939.0,943.0,0.0,0.0,0.0,0.0,0.0,0.0,0.0,0.0,0.0,0,0,0,0,1
itemknn|topk=100;shrink=100.0|frac=0.5,ml100k,itemknn,0.5,100.0,100.0,,,,,,,,,,,,0.050951112358406006,0.099681866383881,0.561611876988335,0.15625,0.162063800002215,0.09765625,0.09643370000048801,0.034722222222222,0.000140380140214,388526080.0,14558408.0,48939.0,943.0,0.0,0.0,0.0,0.0,0.0,0.0,0.0,0.0,0.0,0,0,0,0,1
itemknn|topk=300;shrink=0.0|frac=0.5,ml100k,itemknn,0.5,300.0,0.0,,,,,,,,,,,,0.053794916518299006,0.111346765641569,0.5916224814422051,0.1640625,0.160305799996422,0.09375000000000001,0.098535249999258,0.036458333333333,0.00013807882644000001,388542464.0,14558408.0,48939.0,943.0,0.0,0.0,0.0,0.0,0.0,0.0,0.0,0.0,0.0,0,0,0,0,1
itemknn|topk=300;shrink=10.0|frac=0.5,ml100k,itemknn,0.5,300.0,10.0,,,,,,,,,,,,0.05172846391406501,0.106044538706256,0.5904206433368681,0.1640625,0.15848064999590802,0.09765625,0.09991509999963401,0.036458333333333,0.00014222119123300002,388554752.0,14558408.0,48939.0,943.0,0.0,0.0,0.0,0.0,0.0,0.0,0.0,0.0,0.0,0,0,0,0,1
itemknn|topk=300;shrink=100.0|frac=0.5,ml100k,itemknn,0.5,300.0,100.0,,,,,,,,,,,,0.050544785464415,0.099681866383881,0.559349593495934,0.1640625,0.16050605000054902,0.09765625,0.099100424999051,0.036458333333333,0.00014222119123300002,388554752.0,14558408.0,48939.0,943.0,0.0,0.0,0.0,0.0,0.0,0.0,0.0,0.0,0.0,0,0,0,0,1
itemknn|topk=10;shrink=0.0|frac=1.0,ml100k,itemknn,1.0,10.0,0.0,,,,,,,,,,,,0.073827224517497,0.147401908801696,0.668151290208554,0.203125,0.21288759999879403,0.13541666666666602,0.133172366666258,0.0328125,0.000178397843761,389337088.0,14558408.0,97401.0,943.0,0.0,0.0,0.0,0.0,0.0,0.0,0.0,0.0,0.0,0,0,0,0,1
itemknn|topk=10;shrink=10.0|frac=1.0,ml100k,itemknn,1.0,10.0,10.0,,,,,,,,,,,,0.069391883212473,0.141039236479321,0.6727819017320601,0.2109375,0.21005699999659502,0.1796875,0.189861499995458,0.041015625,0.00023404361081600002,389337088.0,14558408.0,97401.0,943.0,0.0,0.0,0.0,0.0,0.0,0.0,0.0,0.0,0.0,0,0,0,0,1
itemknn|topk=10;shrink=100.0|frac=1.0,ml100k,itemknn,1.0,10.0,100.0,,,,,,,,,,,,0.064639157439457,0.12937433722163302,0.6611523506539411,0.21875000000000003,0.21632099999987903,0.130208333333333,0.13422553333415002,0.034374999999999996,0.00017453163662,389353472.0,14558408.0,97401.0,943.0,0.0,0.0,0.0,0.0,0.0,0.0,0.0,0.0,0.0,0,0,0,0,1
itemknn|topk=50;shrink=0.0|frac=1.0,ml100k,itemknn,1.0,50.0,0.0,,,,,,,,,,,,0.069899778672383,0.143160127253446,0.691940615058324,0.2109375,0.20782854999561,0.145833333333333,0.14752413333432401,0.044642857142857005,0.00020198959753500002,389353472.0,14558408.0,97401.0,943.0,0.0,0.0,0.0,0.0,0.0,0.0,0.0,0.0,0.0,0,0,0,0,1
itemknn|topk=50;shrink=10.0|frac=1.0,ml100k,itemknn,1.0,50.0,10.0,,,,,,,,,,,,0.06993487701498101,0.144220572640509,0.695546129374337,0.2265625,0.227274199998646,0.140625,0.144238199999866,0.041015625,0.000192619962884,389353472.0,14558408.0,97401.0,943.0,0.0,0.0,0.0,0.0,0.0,0.0,0.0,0.0,0.0,0,0,0,0,1
itemknn|topk=50;shrink=100.0|frac=1.0,ml100k,itemknn,1.0,50.0,100.0,,,,,,,,,,,,0.06067355217587601,0.12301166489925701,0.640155531990102,0.2109375,0.211792800000694,0.13541666666666602,0.13444549999743002,0.0328125,0.000178397843761,389353472.0,14558408.0,97401.0,943.0,0.0,0.0,0.0,0.0,0.0,0.0,0.0,0.0,0.0,0,0,0,0,1
itemknn|topk=100;shrink=0.0|frac=1.0,ml100k,itemknn,1.0,100.0,0.0,,,,,,,,,,,,0.06929315607743801,0.139978791092258,0.665464828561329,0.21875000000000003,0.218111400005,0.13541666666666602,0.133314766664019,0.0328125,0.000178397843761,389353472.0,14558408.0,97401.0,943.0,0.0,0.0,0.0,0.0,0.0,0.0,0.0,0.0,0.0,0,0,0,0,1
itemknn|topk=100;shrink=10.0|frac=1.0,ml100k,itemknn,1.0,100.0,10.0,,,,,,,,,,,,0.065907597450666,0.133616118769883,0.6588900671615411,0.21875000000000003,0.216669299996283,0.140625,0.141835899999326,0.036458333333333,0.000187787203958,389353472.0,14558408.0,97401.0,943.0,0.0,0.0,0.0,0.0,0.0,0.0,0.0,0.0,0.0,0,0,0,0,1
itemknn|topk=100;shrink=100.0|frac=1.0,ml100k,itemknn,1.0,100.0,100.0,,,,,,,,,,,,0.05802371960539401,0.11558854718981901,0.611947684694238,0.2109375,0.20464245000039202,0.15104166666666602,0.16856866666542603,0.0328125,0.00019496730293300002,389353472.0,14558408.0,97401.0,943.0,0.0,0.0,0.0,0.0,0.0,0.0,0.0,0.0,0.0,0,0,0,0,1
itemknn|topk=300;shrink=0.0|frac=1.0,ml100k,itemknn,1.0,300.0,0.0,,,,,,,,,,,,0.069552013233104,0.138918345705196,0.638918345705196,0.2109375,0.21181830000568802,0.140625,0.13756993333421,0.034722222222222,0.00018594615293900002,389353472.0,14558408.0,97401.0,943.0,0.0,0.0,0.0,0.0,0.0,0.0,0.0,0.0,0.0,0,0,0,0,1
itemknn|topk=300;shrink=10.0|frac=1.0,ml100k,itemknn,1.0,300.0,10.0,,,,,,,,,,,,0.068330400778009,0.136797454931071,0.6395546129374331,0.2265625,0.219549300003563,0.145833333333333,0.15016410000195402,0.034722222222222,0.000191469305997,389353472.0,14558408.0,97401.0,943.0,0.0,0.0,0.0,0.0,0.0,0.0,0.0,0.0,0.0,0,0,0,0,1
itemknn|topk=300;shrink=100.0|frac=1.0,ml100k,itemknn,1.0,300.0,100.0,,,,,,,,,,,,0.061089840673134006,0.12195121951219501,0.643831742665252,0.203125,0.20746919999510202,0.140625,0.137312133335702,0.034722222222222,0.00018594615293900002,389353472.0,14558408.0,97401.0,943.0,0.0,0.0,0.0,0.0,0.0,0.0,0.0,0.0,0.0,0,0,0,0,1
als|factors=16;epochs=5;regularisation=0.001;alpha=1.0|frac=0.25,ml100k,als,0.25,,,16.0,5.0,0.001,1.0,,,,,,,,0.055095176918672,0.108165429480381,0.5575821845174971,0.390625,0.391009300001314,0.0625,0.061695649999213,0.034374999999999996,0.000102730646871,389353472.0,293376.0,24706.0,943.0,0.004755009692047001,0.009544008483564001,0.016048073524214,0.203125,0.21314049999955398,0.017187499999999994,0.014809243333516998,0.006640625000000004,2.5268425237740178e-05,240701440,0,0,0,3
als|factors=16;epochs=5;regularisation=0.001;alpha=10.0|frac=0.25,ml100k,als,0.25,,,16.0,5.0,0.001,10.0,,,,,,,,0.057417943533455,0.11664899257688201,0.5709791445740541,0.359375,0.38347260000591604,0.0625,0.062584659998537,0.036458333333333,0.00010493990809400001,389353472.0,293376.0,24706.0,943.0,0.007866314799424005,0.006362672322376001,0.00646871686108097,0.1875,0.207084500000291,0.03125,0.028237683333525006,0.006249999999999999,3.976670201402544e-05,240701440,0,0,0,3
als|factors=16;epochs=5;regularisation=0.001;alpha=40.0|frac=0.25,ml100k,als,0.25,,,16.0,5.0,0.001,40.0,,,,,,,,0.04710741598349601,0.098621420996818,0.5783315659243551,0.390625,0.39377609999974,0.057291666666666005,0.05700739999997401,0.034722222222222,9.757570401790975e-05,389353472.0,293376.0,24706.0,943.0,0.0021450867317090033,0.009544008483563002,0.004701307882644001,0.046875000000000056,0.07347740000295805,0.005208333333333995,0.008211253333501992,0.0019097222222220003,7.548309178216682e-06,240701440,0,0,0,3
als|factors=16;epochs=5;regularisation=0.01;alpha=1.0|frac=0.25,ml100k,als,0.25,,,16.0,5.0,0.01,1.0,,,,,,,,0.055095176918672,0.108165429480381,0.5573700954400841,0.359375,0.367405899999994,0.057291666666666005,0.057438216666696004,0.034722222222222,9.757570401790975e-05,389353472.0,293376.0,24706.0,943.0,0.005108019848098999,0.010604453870626002,0.0158359844468009,0.03125,0.035619800000859014,0.0078125,0.004648540000865002,0.003645833333333001,4.418522445693164e-06,240697344,0,0,0,3
als|factors=16;epochs=5;regularisation=0.01;alpha=10.0|frac=0.25,ml100k,als,0.25,,,16.0,5.0,0.01,10.0,,,,,,,,0.057261983551716,0.11558854718981901,0.568752209261223,0.359375,0.35262369999963905,0.0546875,0.055516666666638,0.034722222222222,9.4814127489101e-05,389353472.0,293376.0,24706.0,943.0,0.007747406802848002,0.007423117709438001,0.006928243195476025,0.0625,0.063798800007134,0.005208333333333003,0.005945033333774004,0.0003472222222220059,5.891363260740175e-06,240697344,0,0,0,3
als|factors=16;epochs=5;regularisation=0.01;alpha=40.0|frac=0.25,ml100k,als,0.25,,,16.0,5.0,0.01,40.0,,,,,,,,0.046811212090568,0.09544008483563,0.580205019441498,0.359375,0.360795399999915,0.057291666666666005,0.05645550000000701,0.034722222222222,9.757570401790975e-05,389353472.0,293376.0,24706.0,943.0,0.002037278695570001,0.010604453870626002,0.010639802050193992,0.046875000000000056,0.043864200008100984,0.005208333333333003,0.005190333332090999,0.003645833333333001,9.389360197025446e-06,240697344,0,0,0,3
als|factors=16;epochs=5;regularisation=0.1;alpha=1.0|frac=0.25,ml100k,als,0.25,,,16.0,5.0,0.1,1.0,,,,,,,,0.054446517868201004,0.107104984093319,0.555178508306822,0.375,0.381512299994938,0.059895833333333,0.06023385000025801,0.034722222222222,0.000100337280546,389353472.0,293376.0,24706.0,943.0,0.004921842224935004,0.009544008483563002,0.016507599858607946,0.09375,0.11135779999995099,0.0,0.0007009333345050009,0.003645833333333001,3.866207139407928e-06,240697344,0,0,0,3
als|factors=16;epochs=5;regularisation=0.1;alpha=10.0|frac=0.25,ml100k,als,0.25,,,16.0,5.0,0.1,10.0,,,,,,,,0.058926270480572,0.11664899257688201,0.5729232944503351,0.359375,0.36367170000085003,0.057291666666666005,0.057354816666702,0.034722222222222,9.757570401790975e-05,389353472.0,293376.0,24706.0,943.0,0.007812400793989004,0.007423117709438001,0.013432308236126067,0.046875000000000056,0.059091900001476017,0.008333333333333998,0.009707733334290002,0.0019097222222220003,1.0862201013216684e-05,240697344,0,0,0,3
als|factors=16;epochs=5;regularisation=0.1;alpha=40.0|frac=0.25,ml100k,als,0.25,,,16.0,5.0,0.1,40.0,,,,,,,,0.045322385144415,0.098621420996818,0.576528808766348,0.375,0.380346899997675,0.057291666666666005,0.060141799998139005,0.034722222222222,9.757570401790975e-05,389353472.0,293376.0,24706.0,943.0,0.0016010829947680008,0.0031813361611880003,0.012195121951219079,0.03125,0.033494899999368,0.017187499999999994,0.017260856666629,0.006249999999999999,2.485418875902545e-05,240697344,0,0,0,3
als|factors=16;epochs=15;regularisation=0.001;alpha=1.0|frac=0.25,ml100k,als,0.25,,,16.0,15.0,0.001,1.0,,,,,,,,0.060843842633006004,0.11876988335100701,0.5645457758925411,1.140625,1.142161100000066,0.057291666666666005,0.05982284999966601,0.034722222222222,9.757570401790975e-05,389353472.0,293376.0,24706.0,943.0,0.004875939395300004,0.002120890774125986,0.002403676210674943,0.125,0.1166998000117021,0.005208333333333003,0.005069466666631002,0.011830357142857004,1.8068600717025443e-05,240697344,0,0,0,3
als|factors=16;epochs=15;regularisation=0.001;alpha=10.0|frac=0.25,ml100k,als,0.25,,,16.0,15.0,0.001,10.0,,,,,,,,0.056745127123314004,0.12301166489925701,0.565217391304347,1.140625,1.1574450000043721,0.0546875,0.059108383335114006,0.034722222222222,9.4814127489101e-05,389353472.0,293376.0,24706.0,943.0,0.004042308467744997,0.012725344644750017,0.01728525980911999,0.328125,0.3853132999997799,0.014062500000000006,0.013188506666604996,0.014062499999999999,2.982502651102545e-05,240697344,0,0,0,3
als|factors=16;epochs=15;regularisation=0.001;alpha=40.0|frac=0.25,ml100k,als,0.25,,,16.0,15.0,0.001,40.0,,,,,,,,0.050397438231848,0.104984093319194,0.5718981972428421,1.15625,1.158602499999688,0.0546875,0.056499300000041004,0.036458333333333,9.665517850830684e-05,389353472.0,293376.0,24706.0,943.0,0.0028456417037139997,0.005302226935313001,0.01710851891127607,0.40625,0.4137637000003451,0.0078125,0.005675783331753996,0.006249999999999999,9.389360197025446e-06,240697344,0,0,0,3
als|factors=16;epochs=15;regularisation=0.01;alpha=1.0|frac=0.25,ml100k,als,0.25,,,16.0,15.0,0.01,1.0,,,,,,,,0.061599724846481005,0.11770943796394401,0.5644397313538351,1.1875,1.235556299987365,0.059895833333333,0.060018766666568,0.034722222222222,0.000100337280546,389353472.0,293376.0,24706.0,943.0,0.0044063016077450015,0.002120890774125986,0.0031813361611869873,0.4375,0.45386219999909394,0.017187499999999994,0.01785599000022601,0.008246527777777998,2.6971397430899005e-05,240697344,0,0,0,3
als|factors=16;epochs=15;regularisation=0.01;alpha=10.0|frac=0.25,ml100k,als,0.25,,,16.0,15.0,0.01,10.0,,,,,,,,0.05734233964496901,0.12407211028632001,0.568151290208554,1.140625,1.141458099998999,0.059895833333333,0.06070683333139901,0.034722222222222,0.000100337280546,389353472.0,293376.0,24706.0,943.0,0.004456284081666005,0.012725344644751002,0.020431247790739016,0.53125,0.5336068999995409,0.0234375,0.023496933333377004,0.006640625000000004,3.189620890774017e-05,240697344,0,0,0,3
als|factors=16;epochs=15;regularisation=0.01;alpha=40.0|frac=0.25,ml100k,als,0.25,,,16.0,15.0,0.01,40.0,,,,,,,,0.050983208948192006,0.106044538706256,0.5761046306115231,1.15625,1.148978800003533,0.057291666666666005,0.06006825000076701,0.039930555555555004,0.00010309885707500001,389353472.0,293376.0,24706.0,943.0,0.0034519146166400033,0.004241781548250001,0.007564510427712001,1.046875,1.057914800000162,0.02734375,0.027306325000153994,0.010156249999999999,3.976670201402544e-05,240697344,0,0,0,3
als|factors=16;epochs=15;regularisation=0.1;alpha=1.0|frac=0.25,ml100k,als,0.25,,,16.0,15.0,0.1,1.0,,,,,,,,0.06091347968516601,0.11770943796394401,0.565323435843054,1.203125,1.198903900003642,0.0625,0.061384920001728,0.034374999999999996,0.000102730646871,389353472.0,293376.0,24706.0,943.0,0.003683427858099997,0.0021208907741250005,0.0025097207493819385,0.6875,0.6720070000005762,0.0026041666666669974,0.008325476666717006,0.005381944444444002,8.468834687407924e-06,240697344,0,0,0,3
als|factors=16;epochs=15;regularisation=0.1;alpha=10.0|frac=0.25,ml100k,als,0.25,,,16.0,15.0,0.1,10.0,,,,,,,,0.057054247811561,0.12407211028632001,0.5796747967479671,1.140625,1.1454250999959181,0.059895833333333,0.05653741666666601,0.034374999999999996,9.831212442559208e-05,389353472.0,293376.0,24706.0,943.0,0.0030864518246269956,0.010604453870626002,0.025627430187345035,0.203125,0.1974743000005219,0.0078125,0.005781066666410005,0.003645833333333001,1.0493990808740184e-05,240697344,0,0,0,3
als|factors=16;epochs=15;regularisation=0.1;alpha=40.0|frac=0.25,ml100k,als,0.25,,,16.0,15.0,0.1,40.0,,,,,,,,0.052873969667616004,0.110286320254506,0.576458112407211,1.0625,1.062408400001004,0.057291666666666005,0.05525594999994601,0.034722222222222,9.757570401790975e-05,389353472.0,293376.0,24706.0,943.0,0.005041417827963003,0.0021208907741250005,0.004171085189112023,0.203125,0.19937549999622206,0.005208333333333003,0.005364933333718,0.0019097222222220003,7.548309178025443e-06,240697344,0,0,0,3
als|factors=16;epochs=30;regularisation=0.001;alpha=1.0|frac=0.25,ml100k,als,0.25,,,16.0,30.0,0.001,1.0,,,,,,,,0.059885488024868004,0.12089077412513201,0.561117002474372,2.3125,2.323125800001435,0.059895833333333,0.06153883333414901,0.034722222222222,0.000100337280546,389353472.0,293376.0,24706.0,943.0,0.0015929403362230019,0.004241781548250001,0.021138211382114025,0.21875,0.20150230000081182,0.017187499999999994,0.01605588666677,0.0019097222222220003,2.0251561211025453e-05,240697344,0,0,0,3
als|factors=16;epochs=30;regularisation=0.001;alpha=10.0|frac=0.25,ml100k,als,0.25,,,16.0,30.0,0.001,10.0,,,,,,,,0.057780728901458,0.12301166489925701,0.5717921527041351,2.328125,2.33754300000146,0.057291666666666005,0.05644391666661801,0.03125,9.389360197949806e-05,389353472.0,293376.0,24706.0,943.0,0.0018714916392840036,0.00954400848356303,0.016260162601625994,0.453125,0.5209292000004102,0.005208333333333995,0.008266719998452,0.006628787878788001,1.2552620584761284e-05,240697344,0,0,0,3
als|factors=16;epochs=30;regularisation=0.001;alpha=40.0|frac=0.25,ml100k,als,0.25,,,16.0,30.0,0.001,40.0,,,,,,,,0.05498921522759401,0.11770943796394401,0.5664899257688231,2.125,2.12326209999992,0.057291666666666005,0.055372766666854006,0.0328125,9.555054789678333e-05,389353472.0,293376.0,24706.0,943.0,0.006107178641302002,0.010604453870625002,0.020077765995052066,0.265625,0.32408270000678385,0.005208333333333003,0.005048749998499004,0.006628787878788001,1.2552620584570031e-05,240697344,0,0,0,3
als|factors=16;epochs=30;regularisation=0.01;alpha=1.0|frac=0.25,ml100k,als,0.25,,,16.0,30.0,0.01,1.0,,,,,,,,0.05975350218375101,0.11983032873807,0.5614704842700601,2.109375,2.112443600000915,0.0546875,0.054927233333273005,0.0328125,9.278897136797456e-05,389353472.0,293376.0,24706.0,943.0,0.0015320730981489977,0.005302226935313001,0.01905266878755696,0.203125,0.2066449000017201,0.002604166666666005,0.005220299999867006,0.0034722222222220017,6.443678567220445e-06,240697344,0,0,0,3
als|factors=16;epochs=30;regularisation=0.01;alpha=10.0|frac=0.25,ml100k,als,0.25,,,16.0,30.0,0.01,10.0,,,,,,,,0.057252548286424,0.12407211028632001,0.573594909862142,2.109375,2.094829399999071,0.0546875,0.054562233333323,0.034374999999999996,9.168434075645105e-05,389353472.0,293376.0,24706.0,943.0,0.0021607003734590013,0.00742311770943703,0.014422057264050991,0.203125,0.20096149999108093,0.0078125,0.005875349999162997,0.004892676767677,1.0711569565570027e-05,240697344,0,0,0,3
als|factors=16;epochs=30;regularisation=0.01;alpha=40.0|frac=0.25,ml100k,als,0.25,,,16.0,30.0,0.01,40.0,,,,,,,,0.055278811689159005,0.11664899257688201,0.565075998586072,2.09375,2.093669499998213,0.0546875,0.054661566666860006,0.0328125,9.278897136797456e-05,389353472.0,293376.0,24706.0,943.0,0.0070779825800340035,0.014846235418875989,0.02771297278190199,0.140625,0.15974910001341414,0.0078125,0.005556279999351994,0.006628787878788001,1.5314197113570037e-05,240697344,0,0,0,3
als|factors=16;epochs=30;regularisation=0.1;alpha=1.0|frac=0.25,ml100k,als,0.25,,,16.0,30.0,0.1,1.0,,,,,,,,0.059454042186833006,0.11876988335100701,0.5628844114528101,2.171875,2.175505199999861,0.057291666666666005,0.057035016666683,0.0328125,9.389360197949806e-05,389353472.0,293376.0,24706.0,943.0,0.001417005421812001,0.004241781548251,0.015270413573700958,0.140625,0.144226899998102,0.0078125,0.004731033333155998,0.0015625000000000014,8.284729586025442e-06,240697344,0,0,0,3
als|factors=16;epochs=30;regularisation=0.1;alpha=10.0|frac=0.25,ml100k,als,0.25,,,16.0,30.0,0.1,10.0,,,,,,,,0.057693286109057,0.12725344644750702,0.572887946270767,2.171875,2.176790199999686,0.059895833333333,0.056451519999973006,0.034722222222222,9.791044056685627e-05,389353472.0,293376.0,24706.0,943.0,0.004876567726653999,0.006362672322375015,0.010887239307175056,0.1875,0.18123000000377898,0.0078125,0.004794983333037996,0.004892676767677,5.523153056899004e-06,240697344,0,0,0,3
als|factors=16;epochs=30;regularisation=0.1;alpha=40.0|frac=0.25,ml100k,als,0.25,,,16.0,30.0,0.1,40.0,,,,,,,,0.053699518071067,0.11346765641569401,0.571014492753623,2.09375,2.098194299999704,0.0546875,0.054549833333339,0.034722222222222,9.4814127489101e-05,389353472.0,293376.0,24706.0,943.0,0.004611229799497005,0.007423117709438001,0.015411806291976027,0.1875,0.1973287999917379,0.005208333333333003,0.0051628333339980015,0.0034722222222220017,9.205255095310697e-06,240697344,0,0,0,3
als|factors=32;epochs=5;regularisation=0.001;alpha=1.0|frac=0.25,ml100k,als,0.25,,,32.0,5.0,0.001,1.0,,,,,,,,0.065862472619428,0.130434782608695,0.58582537999293,0.5,0.505793499998617,0.057291666666666005,0.056804749999779004,0.0328125,9.555054789678333e-05,389353472.0,586752.0,24706.0,943.0,0.007006976909599998,0.010604453870625002,0.01438670908448303,0.078125,0.08079189999307301,0.0078125,0.0053340133323670005,0.004892676767677,1.3473146094570033e-05,240533504,0,0,0,3
als|factors=32;epochs=5;regularisation=0.001;alpha=10.0|frac=0.25,ml100k,als,0.25,,,32.0,5.0,0.001,10.0,,,,,,,,0.059564952663735,0.12301166489925701,0.580841286673736,0.484375,0.47999949999939406,0.057291666666666005,0.055956416666655004,0.0328125,9.444591728525983e-05,389353472.0,586752.0,24706.0,943.0,0.005862098480939999,0.012725344644751002,0.01385648639095105,0.07812499999999994,0.06649610000704398,0.0078125,0.004839323332574003,0.0045454545454549945,8.686413444761274e-06,240492544,0,0,0,3
als|factors=32;epochs=5;regularisation=0.001;alpha=40.0|frac=0.25,ml100k,als,0.25,,,32.0,5.0,0.001,40.0,,,,,,,,0.054927071156969,0.11558854718981901,0.5871332626369741,0.484375,0.48781639999970106,0.0546875,0.055474249999861,0.0328125,9.278897136797456e-05,389353472.0,586752.0,24706.0,943.0,0.008215241786091003,0.030752916224814006,0.017921527041356966,0.046875,0.05754080001133899,0.0078125,0.006141249998441997,0.0034722222222220017,1.1966831624310703e-05,240492544,0,0,0,3
als|factors=32;epochs=5;regularisation=0.01;alpha=1.0|frac=0.25,ml100k,als,0.25,,,32.0,5.0,0.01,1.0,,,,,,,,0.066208573956877,0.13149522799575802,0.584800282785436,0.484375,0.486787699999695,0.057291666666666005,0.057028166666668004,0.034722222222222,9.757570401790975e-05,389353472.0,586752.0,24706.0,943.0,0.0070218126730630034,0.010604453870625002,0.013467656415695028,0.046875,0.056512699998619964,0.010937500000000003,0.0063944733328150025,0.0019097222222220003,1.362377754202545e-05,240492544,0,0,0,3
als|factors=32;epochs=5;regularisation=0.01;alpha=10.0|frac=0.25,ml100k,als,0.25,,,32.0,5.0,0.01,10.0,,,,,,,,0.06012412333228501,0.12301166489925701,0.582962177447861,0.484375,0.48374359999979705,0.057291666666666005,0.056397050000062,0.0328125,9.389360197949806e-05,389353472.0,586752.0,24706.0,943.0,0.005919754316921995,0.011664899257688002,0.01654294803817591,0.046875,0.05796149998604899,0.005208333333333003,0.004908483332050004,0.0034722222222220017,7.548309178025443e-06,240488448,0,0,0,3
als|factors=32;epochs=5;regularisation=0.01;alpha=40.0|frac=0.25,ml100k,als,0.25,,,32.0,5.0,0.01,40.0,,,,,,,,0.053067407315954,0.109225874867444,0.5836691410392361,0.5,0.48890940000092004,0.057291666666666005,0.057566150000032006,0.034374999999999996,9.720749381406858e-05,389353472.0,586752.0,24706.0,943.0,0.007886657883211003,0.02757158006362699,0.012089077412512972,0.0625,0.06736640000053701,0.005208333333333003,0.003496083333781,0.0034722222222220017,9.205255095310697e-06,240488448,0,0,0,3
als|factors=32;epochs=5;regularisation=0.1;alpha=1.0|frac=0.25,ml100k,als,0.25,,,32.0,5.0,0.1,1.0,,,,,,,,0.066419141063009,0.13149522799575802,0.582573347472605,0.484375,0.48863959999835005,0.057291666666666005,0.055826200000107004,0.0328125,9.555054789678333e-05,389353472.0,586752.0,24706.0,943.0,0.006725883980179002,0.009544008483562988,0.014846235418876086,0.046875,0.06108119999544198,0.0078125,0.005262946667925997,0.0034722222222220017,1.1966831624310703e-05,240488448,0,0,0,3
als|factors=32;epochs=5;regularisation=0.1;alpha=10.0|frac=0.25,ml100k,als,0.25,,,32.0,5.0,0.1,10.0,,,,,,,,0.059324272290637005,0.12301166489925701,0.582396606574761,0.484375,0.48695649999899604,0.057291666666666005,0.056004949999987,0.0328125,9.555054789678333e-05,389353472.0,586752.0,24706.0,943.0,0.004088155830055,0.010604453870625002,0.008589607635206997,0.046875,0.04842139999982503,0.0,0.0037894666679669994,0.002982954545455,3.1632603875445984e-06,240488448,0,0,0,3
als|factors=32;epochs=5;regularisation=0.1;alpha=40.0|frac=0.25,ml100k,als,0.25,,,32.0,5.0,0.1,40.0,,,,,,,,0.05390042756937401,0.11558854718981901,0.57560975609756,0.484375,0.48663280000073406,0.057291666666666005,0.055800816666684,0.0328125,9.278897136797456e-05,389353472.0,586752.0,24706.0,943.0,0.009019496243706994,0.024390243902439004,0.010710498409332025,0.07812499999999994,0.08471919999237804,0.0078125,0.007622723334497997,0.004892676767677,1.071156956576128e-05,240488448,0,0,0,3
als|factors=32;epochs=15;regularisation=0.001;alpha=1.0|frac=0.25,ml100k,als,0.25,,,32.0,15.0,0.001,1.0,,,,,,,,0.07095395181419001,0.139978791092258,0.5778366914103921,1.4375,1.437661600000865,0.057291666666666005,0.05635346666682901,0.0328125,9.555054789678333e-05,389353472.0,586752.0,24706.0,943.0,0.0033978423162439875,0.008483563096500002,0.010286320254505932,0.171875,0.21109720000504195,0.005208333333333995,0.005447833333999001,0.004892676767677,1.071156956576128e-05,240488448,0,0,0,3
als|factors=32;epochs=15;regularisation=0.001;alpha=10.0|frac=0.25,ml100k,als,0.25,,,32.0,15.0,0.001,10.0,,,,,,,,0.06171040162272701,0.12089077412513201,0.578614351360905,1.453125,1.4410571000007621,0.0546875,0.055626349999935,0.0328125,9.278897136797456e-05,389353472.0,586752.0,24706.0,943.0,0.007490304802272994,0.013785790031813003,0.007352421350300009,0.25,0.26326999999855594,0.0078125,0.007847393335215003,0.0034722222222220017,1.1966831624310703e-05,240488448,0,0,0,3
als|factors=32;epochs=15;regularisation=0.001;alpha=40.0|frac=0.25,ml100k,als,0.25,,,32.0,15.0,0.001,40.0,,,,,,,,0.054647409801879,0.109225874867444,0.5779427359490981,1.484375,1.496212800000648,0.057291666666666005,0.056384283333197005,0.034722222222222,9.757570401790975e-05,389353472.0,586752.0,24706.0,943.0,0.012487979654209003,0.019088016967126004,0.010463061152350961,0.171875,0.20385119998900292,0.002604166666666005,0.0055274500008789945,0.0034722222222220017,6.443678567220445e-06,240488448,0,0,0,3
als|factors=32;epochs=15;regularisation=0.01;alpha=1.0|frac=0.25,ml100k,als,0.25,,,32.0,15.0,0.01,1.0,,,,,,,,0.070628465830239,0.141039236479321,0.578260869565217,1.46875,1.468646600000283,0.057291666666666005,0.05619473333338901,0.0328125,9.555054789678333e-05,389353472.0,586752.0,24706.0,943.0,0.002439861247075001,0.008483563096501001,0.00933191940615008,0.234375,0.2755380999901722,0.005208333333333995,0.008855933334113004,0.004892676767677,1.071156956576128e-05,240488448,0,0,0,3
als|factors=32;epochs=15;regularisation=0.01;alpha=10.0|frac=0.25,ml100k,als,0.25,,,32.0,15.0,0.01,10.0,,,,,,,,0.061247644910338,0.12089077412513201,0.57960410038883,1.4375,1.450440500000695,0.057291666666666005,0.056953216666670005,0.0328125,9.278897136797456e-05,389353472.0,586752.0,24706.0,943.0,0.006835302279246995,0.011664899257688016,0.007705903145987958,0.1875,0.1926524999930741,0.0078125,0.005952960001558996,0.004892676767677,1.071156956576128e-05,240488448,0,0,0,3
als|factors=32;epochs=15;regularisation=0.01;alpha=40.0|frac=0.25,ml100k,als,0.25,,,32.0,15.0,0.01,40.0,,,,,,,,0.05427302180870901,0.109225874867444,0.576528808766348,1.46875,1.477594800000133,0.0546875,0.055972200000041,0.0328125,9.278897136797456e-05,389353472.0,586752.0,24706.0,943.0,0.015774909137949995,0.026511134676565004,0.0069989395546129485,0.15625,0.16416300000128103,0.0078125,0.0049670800005819984,0.0015625000000000014,9.941675503310696e-06,240488448,0,0,0,3
als|factors=32;epochs=15;regularisation=0.1;alpha=1.0|frac=0.25,ml100k,als,0.25,,,32.0,15.0,0.1,1.0,,,,,,,,0.069849753565632,0.143160127253446,0.580558501237186,1.4375,1.443086499999481,0.057291666666666005,0.056776066666619,0.0328125,9.555054789678333e-05,389353472.0,586752.0,24706.0,943.0,0.003116513490613995,0.005302226935313015,0.006857546836337991,0.15625,0.16093199999795593,0.0078125,0.007660566665814994,0.004892676767677,1.3473146094570033e-05,240488448,0,0,0,3
als|factors=32;epochs=15;regularisation=0.1;alpha=10.0|frac=0.25,ml100k,als,0.25,,,32.0,15.0,0.1,10.0,,,,,,,,0.061163334002200004,0.11983032873807,0.574019088016967,1.4375,1.449471999999787,0.057291666666666005,0.056913933333362005,0.0328125,9.555054789678333e-05,389353472.0,586752.0,24706.0,943.0,0.006316496081401994,0.008483563096501001,0.012796041003887981,0.171875,0.2117404000055101,0.0026041666666669974,0.004265350001028997,0.0034722222222220017,6.443678566501944e-06,240463872,0,0,0,3
als|factors=32;epochs=15;regularisation=0.1;alpha=40.0|frac=0.25,ml100k,als,0.25,,,32.0,15.0,0.1,40.0,,,,,,,,0.055853580799166004,0.11558854718981901,0.5717921527041351,1.4375,1.44323230000009,0.057291666666666005,0.05571096666661401,0.0328125,9.555054789678333e-05,389353472.0,586752.0,24706.0,943.0,0.01567441616356901,0.023329798515377004,0.00791799222340095,0.140625,0.15151750000814013,0.002604166666666005,0.006098766667794998,0.004892676767677,7.949993037479776e-06,240463872,0,0,0,3
als|factors=32;epochs=30;regularisation=0.001;alpha=1.0|frac=0.25,ml100k,als,0.25,,,32.0,30.0,0.001,1.0,,,,,,,,0.071838450263929,0.143160127253446,0.578614351360905,2.875,2.873198400000547,0.0546875,0.055264066666723004,0.0328125,9.278897136797456e-05,389353472.0,586752.0,24706.0,943.0,0.003100050085402997,0.011664899257688016,0.005408271474019011,0.3125,0.334857999999258,0.005208333333333003,0.0048570166657860014,0.0034722222222220017,9.205255095310697e-06,240463872,0,0,0,3
als|factors=32;epochs=30;regularisation=0.001;alpha=10.0|frac=0.25,ml100k,als,0.25,,,32.0,30.0,0.001,10.0,,,,,,,,0.06422424426173301,0.126193001060445,0.5775185577942731,2.921875,2.9114049000004343,0.057291666666666005,0.056862466666643005,0.0328125,9.278897136797456e-05,389353472.0,586752.0,24706.0,943.0,0.0037269524117680003,0.006362672322375015,0.010604453870625918,0.515625,0.6012854000073271,0.005208333333333003,0.0045596833330520045,0.004892676767677,7.949993036761275e-06,240463872,0,0,0,3
als|factors=32;epochs=30;regularisation=0.001;alpha=40.0|frac=0.25,ml100k,als,0.25,,,32.0,30.0,0.001,40.0,,,,,,,,0.05910488414652901,0.11558854718981901,0.570696359137504,2.9375,2.958403200000248,0.0546875,0.055728350000057006,0.0328125,9.278897136797456e-05,389353472.0,586752.0,24706.0,943.0,0.007691713411112001,0.013785790031814002,0.018911276069282,0.296875,0.3101082999987739,0.005208333333333003,0.005163133332644003,0.0034722222222220017,9.205255095310697e-06,240463872,0,0,0,3
als|factors=32;epochs=30;regularisation=0.01;alpha=1.0|frac=0.25,ml100k,als,0.25,,,32.0,30.0,0.01,1.0,,,,,,,,0.071759479563012,0.143160127253446,0.578190173206079,2.890625,2.889438700000028,0.0546875,0.055743766666637,0.0328125,9.278897136797456e-05,389353472.0,586752.0,24706.0,943.0,0.0037258764660720034,0.012725344644751002,0.004948745139626065,0.328125,0.3431540000069617,0.0078125,0.007081676665742005,0.0034722222222220017,1.1966831624310703e-05,240463872,0,0,0,3
als|factors=32;epochs=30;regularisation=0.01;alpha=10.0|frac=0.25,ml100k,als,0.25,,,32.0,30.0,0.01,10.0,,,,,,,,0.06421472984606301,0.12407211028632001,0.57960410038883,2.890625,2.877977599999212,0.057291666666666005,0.056507500000103,0.0328125,9.278897136797456e-05,389353472.0,586752.0,24706.0,943.0,0.004426091648705999,0.0053022269353120155,0.0076705549664189965,0.296875,0.3241711999989998,0.0078125,0.0056657200007819986,0.004892676767677,1.071156956576128e-05,240463872,0,0,0,3
als|factors=32;epochs=30;regularisation=0.01;alpha=40.0|frac=0.25,ml100k,als,0.25,,,32.0,30.0,0.01,40.0,,,,,,,,0.058041826241623004,0.109225874867444,0.5743372216330851,2.90625,2.933696700001746,0.057291666666666005,0.056042966666609004,0.0328125,9.555054789678333e-05,389353472.0,586752.0,24706.0,943.0,0.006443058433010997,0.012725344644751002,0.007882644043830989,0.40625,0.4095694999905386,0.0026041666666669974,0.004138200000093996,0.0045454545454549945,7.581782833638619e-06,240463872,0,0,0,3
als|factors=32;epochs=30;regularisation=0.1;alpha=1.0|frac=0.25,ml100k,als,0.25,,,32.0,30.0,0.1,1.0,,,,,,,,0.072202953637077,0.144220572640509,0.5772004241781541,2.875,2.890866699999605,0.059895833333333,0.057679166666882005,0.03125,9.665517850830684e-05,389353472.0,586752.0,24706.0,943.0,0.0031257487579540028,0.011664899257688016,0.004171085189113022,0.421875,0.43366860000833185,0.0078125,0.006097550001337999,0.003124999999999996,1.1598621420310696e-05,240463872,0,0,0,3
als|factors=32;epochs=30;regularisation=0.1;alpha=10.0|frac=0.25,ml100k,als,0.25,,,32.0,30.0,0.1,10.0,,,,,,,,0.063820643542203,0.12407211028632001,0.5799929303640861,2.875,2.886494300000777,0.057291666666666005,0.05580631666665101,0.0328125,9.278897136797456e-05,389353472.0,586752.0,24706.0,943.0,0.00695693378106,0.011664899257689015,0.010710498409332025,0.34375,0.33797459999868806,0.0078125,0.004957416667214998,0.004892676767677,1.071156956576128e-05,240463872,0,0,0,3
als|factors=32;epochs=30;regularisation=0.1;alpha=40.0|frac=0.25,ml100k,als,0.25,,,32.0,30.0,0.1,40.0,,,,,,,,0.058915293579933005,0.11664899257688201,0.574796747967479,2.890625,2.900969199999963,0.057291666666666005,0.05705676666669501,0.0328125,9.555054789678333e-05,389353472.0,586752.0,24706.0,943.0,0.010068925282639002,0.013785790031814002,0.008660303994344032,0.359375,0.33762860000524597,0.005208333333333995,0.006394110001322999,0.0034722222222220017,9.20525509550195e-06,240463872,0,0,0,3
als|factors=64;epochs=5;regularisation=0.001;alpha=1.0|frac=0.25,ml100k,als,0.25,,,64.0,5.0,0.001,1.0,,,,,,,,0.058567553525966,0.11346765641569401,0.602014846235418,0.8437500000000001,0.8417152000001801,0.057291666666666005,0.057394083333141006,0.0328125,9.555054789678333e-05,389353472.0,1173504.0,24706.0,943.0,0.0024773586762290023,0.015906680805938003,0.01456344998232606,0.09375,0.10651940000388993,0.005208333333333995,0.005647380001256003,0.0034722222222220017,9.20525509550195e-06,239960064,0,0,0,3
als|factors=64;epochs=5;regularisation=0.001;alpha=10.0|frac=0.25,ml100k,als,0.25,,,64.0,5.0,0.001,10.0,,,,,,,,0.057436412348288,0.110286320254506,0.583103570166136,0.8437500000000001,0.840394900000319,0.057291666666666005,0.057467966666687006,0.0328125,9.555054789678333e-05,389353472.0,1173504.0,24706.0,943.0,0.007570680100199997,0.011664899257688002,0.014280664545776034,0.09374999999999989,0.09840839999287698,0.005208333333333995,0.005324233333157999,0.0034722222222220017,9.20525509550195e-06,239960064,0,0,0,3
als|factors=64;epochs=5;regularisation=0.001;alpha=40.0|frac=0.25,ml100k,als,0.25,,,64.0,5.0,0.001,40.0,,,,,,,,0.052405855401297004,0.102863202545068,0.581548250265111,0.859375,0.850804400000924,0.0625,0.061639540002215006,0.036458333333333,0.00010493990809400001,389353472.0,1173504.0,24706.0,943.0,0.005196367826982004,0.005302226935313001,0.003888299752562996,0.1406249999999999,0.167677800008733,0.005208333333333995,0.007308799999753,0.013139204545454999,1.9456561906761285e-05,239960064,0,0,0,3
als|factors=64;epochs=5;regularisation=0.01;alpha=1.0|frac=0.25,ml100k,als,0.25,,,64.0,5.0,0.01,1.0,,,,,,,,0.058906588994094004,0.114528101802757,0.6007069635913751,0.9062500000000001,0.9068999999999501,0.059895833333333,0.05880281666668401,0.0328125,9.831212442559208e-05,389353472.0,1173504.0,24706.0,943.0,0.0022050771400159985,0.014846235418876003,0.014209968186638,0.09374999999999989,0.10978529999147202,0.005208333333333995,0.004716046664695002,0.004892676767677,1.071156956576128e-05,239960064,0,0,0,3
als|factors=64;epochs=5;regularisation=0.01;alpha=10.0|frac=0.25,ml100k,als,0.25,,,64.0,5.0,0.01,10.0,,,,,,,,0.057237298178025,0.112407211028632,0.586037469070342,0.890625,0.909591700001328,0.059895833333333,0.058190466666625,0.034722222222222,0.000100337280546,389353472.0,1173504.0,24706.0,943.0,0.005551956416854999,0.010604453870625988,0.01152350653941403,0.109375,0.09172919998763995,0.0026041666666669974,0.004662899998038997,0.0019097222222220003,4.7867326492166765e-06,239960064,0,0,0,3
als|factors=64;epochs=5;regularisation=0.01;alpha=40.0|frac=0.25,ml100k,als,0.25,,,64.0,5.0,0.01,40.0,,,,,,,,0.052394831433634007,0.106044538706256,0.580134323082361,0.859375,0.8565228999996181,0.057291666666666005,0.05791221666671201,0.0328125,9.555054789678333e-05,389353472.0,1173504.0,24706.0,943.0,0.002337199631329001,0.0031813361611880003,0.011629551078119027,0.109375,0.106081499988249,0.005208333333333995,0.004612460000423001,0.0034722222222220017,9.20525509550195e-06,239960064,0,0,0,3
als|factors=64;epochs=5;regularisation=0.1;alpha=1.0|frac=0.25,ml100k,als,0.25,,,64.0,5.0,0.1,1.0,,,,,,,,0.05870423086938201,0.11346765641569401,0.5998232591021561,0.8437500000000001,0.852566699999442,0.057291666666666005,0.057811633333358,0.0328125,9.555054789678333e-05,389353472.0,1173504.0,24706.0,943.0,0.0023461076518810006,0.015906680805938003,0.018769883351007044,0.0625,0.08877740000025403,0.0078125,0.004280209998130002,0.002982954545455,1.1447989973570026e-05,239960064,0,0,0,3
als|factors=64;epochs=5;regularisation=0.1;alpha=10.0|frac=0.25,ml100k,als,0.25,,,64.0,5.0,0.1,10.0,,,,,,,,0.057420102749959005,0.11558854718981901,0.5882644043831741,0.8437500000000001,0.843393000001015,0.057291666666666005,0.057417766666655004,0.0328125,9.555054789678333e-05,389353472.0,1173504.0,24706.0,943.0,0.004307006325400001,0.007423117709437987,0.00611523506539402,0.125,0.11008109999647797,0.005208333333333995,0.005257803334521999,0.0034722222222220017,9.20525509550195e-06,239960064,0,0,0,3
als|factors=64;epochs=5;regularisation=0.1;alpha=40.0|frac=0.25,ml100k,als,0.25,,,64.0,5.0,0.1,40.0,,,,,,,,0.05182917228969101,0.104984093319194,0.584835630965005,0.859375,0.857115599999815,0.057291666666666005,0.057029333333351,0.0328125,9.555054789678333e-05,389353472.0,1173504.0,24706.0,943.0,0.004981829475676998,0.007423117709438001,0.005973842347118952,0.125,0.13442609999628996,0.0078125,0.0051217633357130005,0.0034722222222220017,1.1966831624310703e-05,239960064,0,0,0,3
als|factors=64;epochs=15;regularisation=0.001;alpha=1.0|frac=0.25,ml100k,als,0.25,,,64.0,15.0,0.001,1.0,,,,,,,,0.063279021472293,0.12725344644750702,0.5932484977023681,2.546875,2.55778459999965,0.057291666666666005,0.057202550000207006,0.0328125,9.555054789678333e-05,389353472.0,1173504.0,24706.0,943.0,0.0036564789175849988,0.012725344644750974,0.016436903499469024,0.28125,0.3009913999953828,0.0078125,0.005538593331281004,0.0034722222222220017,1.1966831624310703e-05,239960064,0,0,0,3
als|factors=64;epochs=15;regularisation=0.001;alpha=10.0|frac=0.25,ml100k,als,0.25,,,64.0,15.0,0.001,10.0,,,,,,,,0.064108426856709,0.12513255567338202,0.589749027925062,2.546875,2.545909900000424,0.057291666666666005,0.056851749999926,0.034374999999999996,9.720749381406858e-05,389353472.0,1173504.0,24706.0,943.0,0.002166630102453007,0.004241781548250015,0.017921527041357077,0.375,0.4313467000083624,0.008333333333333998,0.009256169999496001,0.004892676767677,1.4025461400761282e-05,239960064,0,0,0,3
als|factors=64;epochs=15;regularisation=0.001;alpha=40.0|frac=0.25,ml100k,als,0.25,,,64.0,15.0,0.001,40.0,,,,,,,,0.061430494125000006,0.12089077412513201,0.575008837044892,2.546875,2.54164370000035,0.057291666666666005,0.05755596666669201,0.0328125,9.555054789678333e-05,389353472.0,1173504.0,24706.0,943.0,0.005657109262271004,0.020148462354189017,0.03145987981618992,0.40625,0.456651100000272,0.011458333333334,0.009726409998195996,0.0069444444444440034,1.9515140803501947e-05,239960064,0,0,0,3
als|factors=64;epochs=15;regularisation=0.01;alpha=1.0|frac=0.25,ml100k,als,0.25,,,64.0,15.0,0.01,1.0,,,,,,,,0.06331151947879,0.12725344644750702,0.5933545422410741,2.5625,2.56422240000029,0.057291666666666005,0.057391733333361006,0.03125,9.389360197949806e-05,389353472.0,1173504.0,24706.0,943.0,0.0034145015971560055,0.011664899257688988,0.01587133262636997,0.375,0.4175101000000718,0.005208333333333995,0.005612476667252994,0.0034722222222220017,9.20525509550195e-06,239960064,0,0,0,3
als|factors=64;epochs=15;regularisation=0.01;alpha=10.0|frac=0.25,ml100k,als,0.25,,,64.0,15.0,0.01,10.0,,,,,,,,0.06463974914065701,0.12725344644750702,0.5866383881230111,2.546875,2.555311399999937,0.057291666666666005,0.057157549999980004,0.0328125,9.555054789678333e-05,389353472.0,1173504.0,24706.0,943.0,0.0029155661303059965,0.007423117709438001,0.022940968540119955,0.359375,0.35195230000135824,0.005208333333333995,0.006223970001580002,0.0034722222222220017,9.20525509550195e-06,239960064,0,0,0,3
als|factors=64;epochs=15;regularisation=0.01;alpha=40.0|frac=0.25,ml100k,als,0.25,,,64.0,15.0,0.01,40.0,,,,,,,,0.061584625147394004,0.11983032873807,0.575220926122304,2.546875,2.5469198000009783,0.057291666666666005,0.057853983333491,0.0328125,9.555054789678333e-05,389353472.0,1173504.0,24706.0,943.0,0.0032928379070980007,0.009544008483563002,0.03078826440438298,0.296875,0.2986647999969132,0.005208333333333995,0.0056782899982859986,0.004892676767677,1.071156956576128e-05,239960064,0,0,0,3
als|factors=64;epochs=15;regularisation=0.1;alpha=1.0|frac=0.25,ml100k,als,0.25,,,64.0,15.0,0.1,1.0,,,,,,,,0.06313401572520301,0.12725344644750702,0.5925415341109931,2.5625,2.55167369999981,0.057291666666666005,0.057603266666774004,0.0328125,9.555054789678333e-05,389353472.0,1173504.0,24706.0,943.0,0.004060547143942002,0.013785790031812989,0.012336514669494036,0.453125,0.45303620000049705,0.005208333333333995,0.010181356668106004,0.003124999999999996,8.837044891501944e-06,239960064,0,0,0,3
als|factors=64;epochs=15;regularisation=0.1;alpha=10.0|frac=0.25,ml100k,als,0.25,,,64.0,15.0,0.1,10.0,,,,,,,,0.064118747205767,0.126193001060445,0.5849770236832801,2.59375,2.594720200000665,0.059895833333333,0.060702933333232005,0.0328125,9.831212442559208e-05,389353472.0,1173504.0,24706.0,943.0,0.0017724997351050015,0.004241781548250001,0.0066101095793569264,0.46875,0.47292560000914774,0.01458333333333399,0.01592750666694201,0.0069444444444440034,2.282903263750195e-05,239960064,0,0,0,3
als|factors=64;epochs=15;regularisation=0.1;alpha=40.0|frac=0.25,ml100k,als,0.25,,,64.0,15.0,0.1,40.0,,,,,,,,0.060744065157387006,0.11664899257688201,0.5742665252739481,2.578125,2.574351200000819,0.057291666666666005,0.057740233333333,0.0328125,9.555054789678333e-05,389353472.0,1173504.0,24706.0,943.0,0.002199804461806003,0.011664899257688002,0.01873453517143897,0.421875,0.44386169999870617,0.008333333333333998,0.008571893333463997,0.005208333333333003,1.4360197949501955e-05,239960064,0,0,0,3
als|factors=64;epochs=30;regularisation=0.001;alpha=1.0|frac=0.25,ml100k,als,0.25,,,64.0,30.0,0.001,1.0,,,,,,,,0.063366940828166,0.126193001060445,0.595864262990455,5.078125,5.072481900000639,0.057291666666666005,0.056987066666503,0.0328125,9.555054789678333e-05,389353472.0,1173504.0,24706.0,943.0,0.0019814361126029995,0.010604453870625988,0.01078119476847006,0.890625,0.968228600004295,0.0026041666666669974,0.003505216666553998,0.0045454545454549945,7.581782833638619e-06,239960064,0,0,0,3
als|factors=64;epochs=30;regularisation=0.001;alpha=10.0|frac=0.25,ml100k,als,0.25,,,64.0,30.0,0.001,10.0,,,,,,,,0.063636899302233,0.12195121951219501,0.57080240367621,5.109375,5.122247699999207,0.0625,0.061059000000022005,0.0328125,0.000101073700954,389353472.0,1173504.0,24706.0,943.0,0.003306674204678006,0.004241781548250001,0.008766348533050916,0.6875,0.7797420000083548,0.005208333333333995,0.007039916667038994,0.0034722222222220017,9.20525509550195e-06,239960064,0,0,0,3
als|factors=64;epochs=30;regularisation=0.001;alpha=40.0|frac=0.25,ml100k,als,0.25,,,64.0,30.0,0.001,40.0,,,,,,,,0.060832404901443,0.11770943796394401,0.580523153057617,5.234375,5.238150600000154,0.059895833333333,0.05902608333326401,0.0328125,9.831212442559208e-05,389353472.0,1173504.0,24706.0,943.0,0.004209368202924009,0.005302226935313001,0.00862495581477496,2.390625,2.6148361999889858,0.017708333333333992,0.020537463334100996,0.013392857142857005,3.2981113972501956e-05,239960064,0,0,0,3
als|factors=64;epochs=30;regularisation=0.01;alpha=1.0|frac=0.25,ml100k,als,0.25,,,64.0,30.0,0.01,1.0,,,,,,,,0.06341117246135,0.126193001060445,0.596147048427005,5.25,5.235680199999479,0.057291666666666005,0.059545683333453,0.034722222222222,9.757570401790975e-05,389353472.0,1173504.0,24706.0,943.0,0.0016622102423339974,0.009544008483563002,0.011240721102863005,1.9375,2.05618590000131,0.008333333333333998,0.006905113335976008,0.005208333333333003,1.4360197949501955e-05,239960064,0,0,0,3
als|factors=64;epochs=30;regularisation=0.01;alpha=10.0|frac=0.25,ml100k,als,0.25,,,64.0,30.0,0.01,10.0,,,,,,,,0.063555888350297,0.12301166489925701,0.572675857193354,5.28125,5.289701900001091,0.059895833333333,0.059500500000012,0.0328125,9.555054789678333e-05,389353472.0,1173504.0,24706.0,943.0,0.005419875824865,0.010604453870625016,0.005867797808412956,1.9375,2.074690700001156,0.008333333333333998,0.007377386666364005,0.004892676767677,1.1263884871952503e-05,239960064,0,0,0,3
als|factors=64;epochs=30;regularisation=0.01;alpha=40.0|frac=0.25,ml100k,als,0.25,,,64.0,30.0,0.01,40.0,,,,,,,,0.062474045252548,0.12195121951219501,0.5806998939554611,5.25,5.260443499999383,0.057291666666666005,0.057513416666552006,0.034722222222222,9.757570401790975e-05,389353472.0,1173504.0,24706.0,943.0,0.0059832260819599956,0.008483563096500002,0.008589607635205998,1.859375,1.9297398999992774,0.017708333333333992,0.018437500000542006,0.009232954545454999,2.8569764451761282e-05,239960064,0,0,0,3
als|factors=64;epochs=30;regularisation=0.1;alpha=1.0|frac=0.25,ml100k,als,0.25,,,64.0,30.0,0.1,1.0,,,,,,,,0.06445984472728701,0.12725344644750702,0.599045599151643,5.203125,5.196802799999205,0.057291666666666005,0.058099866666604,0.034722222222222,9.757570401790975e-05,389353472.0,1173504.0,24706.0,943.0,0.001655685085545991,0.005302226935313015,0.015623895369388019,0.96875,1.0029966999982207,0.008333333333333998,0.008284456667266994,0.005208333333333003,1.4360197949501955e-05,239960064,0,0,0,3
als|factors=64;epochs=30;regularisation=0.1;alpha=10.0|frac=0.25,ml100k,als,0.25,,,64.0,30.0,0.1,10.0,,,,,,,,0.065310035169067,0.12301166489925701,0.573382820784729,5.140625,5.136371799999324,0.057291666666666005,0.057011699999975005,0.0328125,9.555054789678333e-05,389353472.0,1173504.0,24706.0,943.0,0.0037712057693729956,0.008483563096501015,0.011311417462000928,0.796875,0.8055831000028775,0.005208333333333995,0.006490979998671001,0.004892676767677,1.071156956576128e-05,239894528,0,0,0,3
als|factors=64;epochs=30;regularisation=0.1;alpha=40.0|frac=0.25,ml100k,als,0.25,,,64.0,30.0,0.1,40.0,,,,,,,,0.063091267204888,0.11983032873807,0.569176387416048,5.21875,5.225245899999209,0.059895833333333,0.058584549999977004,0.034722222222222,0.000100337280546,389353472.0,1173504.0,24706.0,943.0,0.0057602184610570095,0.008483563096500002,0.01148815835984407,0.640625,0.6569351000039205,0.0026041666666669974,0.006307369999421997,0.006628787878788001,9.791044055952505e-06,239894528,0,0,0,3
als|factors=128;epochs=5;regularisation=0.001;alpha=1.0|frac=0.25,ml100k,als,0.25,,,128.0,5.0,0.001,1.0,,,,,,,,0.05499255688645,0.102863202545068,0.597702368328031,2.375,2.3772525000003952,0.065625,0.066772040000068,0.0328125,0.000104387592788,389353472.0,2347008.0,24706.0,943.0,0.00029553417242299956,0.005302226935313001,0.007564510427713,1.015625,1.1865726000055474,0.008854166666667003,0.010989056667828997,0.006628787878788001,1.6418827724952494e-05,236339200,0,0,0,3
als|factors=128;epochs=5;regularisation=0.001;alpha=10.0|frac=0.25,ml100k,als,0.25,,,128.0,5.0,0.001,10.0,,,,,,,,0.058978393576877,0.110286320254506,0.575220926122304,2.375,2.372622400000182,0.0625,0.061371439999857,0.0328125,0.000101073700954,389353472.0,2347008.0,24706.0,943.0,0.009723350545725998,0.014846235418876003,0.018946624248850963,0.390625,0.42864620000136666,0.0062500000000000056,0.006031139999414001,0.004892676767677,1.1816200177143738e-05,235544576,0,0,0,3
als|factors=128;epochs=5;regularisation=0.001;alpha=40.0|frac=0.25,ml100k,als,0.25,,,128.0,5.0,0.001,40.0,,,,,,,,0.053681998771596004,0.099681866383881,0.568045245669847,2.34375,2.362984999999753,0.059895833333333,0.061434216666687004,0.0328125,9.996907034287735e-05,389353472.0,2347008.0,24706.0,943.0,0.004535318716032001,0.009544008483563002,0.024036762106750986,0.421875,0.418668999997863,0.008854166666667003,0.00739218333312,0.0015624999999999944,9.389360197407926e-06,235544576,0,0,0,3
als|factors=128;epochs=5;regularisation=0.01;alpha=1.0|frac=0.25,ml100k,als,0.25,,,128.0,5.0,0.01,1.0,,,,,,,,0.054971626944035006,0.102863202545068,0.5970661010957931,2.375,2.376787899998817,0.0625,0.06205176000003101,0.0328125,0.000101073700954,389353472.0,2347008.0,24706.0,943.0,0.0006164968353509978,0.006362672322376001,0.010498409331918923,0.28125,0.29316119999384727,0.005729166666667,0.005795443331544997,0.005208333333333003,1.1598621420693176e-05,235544576,0,0,0,3
als|factors=128;epochs=5;regularisation=0.01;alpha=10.0|frac=0.25,ml100k,als,0.25,,,128.0,5.0,0.01,10.0,,,,,,,,0.058847843175661003,0.109225874867444,0.5741604807352421,2.328125,2.333785400000124,0.0625,0.06226511999993801,0.0328125,0.000101073700954,389353472.0,2347008.0,24706.0,943.0,0.008863909962560007,0.010604453870626002,0.015694591728526053,0.296875,0.31249680000064517,0.008854166666667003,0.006496286665439006,0.005208333333333003,1.4912513254693163e-05,235544576,0,0,0,3
als|factors=128;epochs=5;regularisation=0.01;alpha=40.0|frac=0.25,ml100k,als,0.25,,,128.0,5.0,0.01,40.0,,,,,,,,0.051202226008501,0.09544008483563,0.56797454931071,2.34375,2.352024099998743,0.0625,0.061176320000231,0.0328125,0.000101073700954,385720320.0,2347008.0,24706.0,943.0,0.004042730006345002,0.012725344644751002,0.019547543301519976,0.328125,0.37531000000126413,0.005729166666667,0.009720146666844003,0.009765625,1.6431380345693165e-05,245137408,0,0,0,3
als|factors=128;epochs=5;regularisation=0.1;alpha=1.0|frac=0.25,ml100k,als,0.25,,,128.0,5.0,0.1,1.0,,,,,,,,0.055112608964065,0.101802757158006,0.599222340049487,2.359375,2.363267599999744,0.059895833333333,0.060646799999934005,0.0328125,9.831212442559208e-05,385720320.0,2347008.0,24706.0,943.0,0.0007965130002130019,0.003181336161187001,0.011099328384587936,0.265625,0.3628720999972752,0.0026041666666669974,0.005159546668087996,0.005381944444444002,8.468834687407924e-06,242868224,0,0,0,3
als|factors=128;epochs=5;regularisation=0.1;alpha=10.0|frac=0.25,ml100k,als,0.25,,,128.0,5.0,0.1,10.0,,,,,,,,0.058251498776561,0.108165429480381,0.576528808766348,2.375,2.383646099999168,0.0625,0.061877779999849,0.0328125,0.000101073700954,385720320.0,2347008.0,24706.0,943.0,0.007557367364158997,0.011664899257689001,0.016048073524214,0.203125,0.2914466999986871,0.005729166666667,0.007043446667618997,0.009765625,1.6431380345693165e-05,242868224,0,0,0,3
als|factors=128;epochs=5;regularisation=0.1;alpha=40.0|frac=0.25,ml100k,als,0.25,,,128.0,5.0,0.1,40.0,,,,,,,,0.05153414684828601,0.097560975609756,0.573382820784729,2.359375,2.367326699999466,0.0625,0.060522099999919005,0.0328125,9.831212442559208e-05,385720320.0,2347008.0,24706.0,943.0,0.005758798828650005,0.013785790031813003,0.017355956168258024,0.640625,0.7126322000053729,0.015104166666666995,0.020923739998580007,0.006628787878788001,2.028503486614373e-05,242802688,0,0,0,3
als|factors=128;epochs=15;regularisation=0.001;alpha=1.0|frac=0.25,ml100k,als,0.25,,,128.0,15.0,0.001,1.0,,,,,,,,0.054608295318777006,0.101802757158006,0.587663485330505,7.109375,7.109414999999899,0.0625,0.06214146000002001,0.0328125,0.000101073700954,385753088.0,2347008.0,24706.0,943.0,0.005178720460996995,0.0063626723223750015,0.012195121951218968,1.0625,1.1854453999912948,0.008854166666667003,0.014717959997808998,0.011830357142857004,2.1934807856407933e-05,242761728,0,0,0,3
als|factors=128;epochs=15;regularisation=0.001;alpha=10.0|frac=0.25,ml100k,als,0.25,,,128.0,15.0,0.001,10.0,,,,,,,,0.056236303207406,0.100742311770943,0.580311063980205,7.390625,7.4402202999999645,0.0625,0.061795079999956,0.0328125,9.94167550371156e-05,385753088.0,2347008.0,24706.0,943.0,0.0054460855717999995,0.004241781548250001,0.022693531283139,1.25,1.557224900006986,0.01458333333333399,0.010329033334104003,0.0034722222222220017,1.7489984682216687e-05,242757632,0,0,0,3
als|factors=128;epochs=15;regularisation=0.001;alpha=40.0|frac=0.25,ml100k,als,0.25,,,128.0,15.0,0.001,40.0,,,,,,,,0.055205069458634,0.097560975609756,0.57875574407918,7.03125,7.034243399999468,0.059895833333333,0.06071169999995601,0.0328125,9.94167550371156e-05,385753088.0,2347008.0,24706.0,943.0,0.004869930194627996,0.0031813361611880003,0.009225874867445083,0.171875,0.11122700000214536,0.0026041666666669974,0.0005766033348359942,0.003124999999999996,1.6569459172852678e-06,242757632,0,0,0,3
als|factors=128;epochs=15;regularisation=0.01;alpha=1.0|frac=0.25,ml100k,als,0.25,,,128.0,15.0,0.01,1.0,,,,,,,,0.053823878535815,0.100742311770943,0.588299752562743,7.015625,7.026800999999978,0.0625,0.062340120000044005,0.0328125,0.000101073700954,385753088.0,2347008.0,24706.0,943.0,0.0050979918411580005,0.007423117709438001,0.012265818310357002,0.296875,0.32332670000005237,0.0,0.00285264000122,0.005208333333333003,5.523153056884408e-06,242757632,0,0,0,3
als|factors=128;epochs=15;regularisation=0.01;alpha=10.0|frac=0.25,ml100k,als,0.25,,,128.0,15.0,0.01,10.0,,,,,,,,0.056684604708226005,0.100742311770943,0.582290562036055,7.03125,7.065209299999879,0.0625,0.063038700000015,0.0328125,0.000101073700954,385753088.0,2347008.0,24706.0,943.0,0.004924580126771001,0.0021208907741250005,0.015553199010249985,0.53125,0.5444569000046613,0.005729166666667,0.005254890001379006,0.0078125,1.4360197949693168e-05,242757632,0,0,0,3
als|factors=128;epochs=15;regularisation=0.01;alpha=40.0|frac=0.25,ml100k,als,0.25,,,128.0,15.0,0.01,40.0,,,,,,,,0.054788698126732004,0.099681866383881,0.5792506185931421,7.046875,7.043444000000818,0.059895833333333,0.060880050000074,0.0328125,9.831212442559208e-05,385753088.0,2347008.0,24706.0,943.0,0.006718775070911995,0.010604453870625002,0.0009190526687880007,0.640625,0.7769521999916833,0.0026041666666669974,0.002566103333553997,0.0034722222222220017,6.4436785666931705e-06,242757632,0,0,0,3
als|factors=128;epochs=15;regularisation=0.1;alpha=1.0|frac=0.25,ml100k,als,0.25,,,128.0,15.0,0.1,1.0,,,,,,,,0.05339089359199901,0.100742311770943,0.5885471898197241,7.03125,7.033141899999464,0.0625,0.062636960000054,0.0328125,0.000104387592788,385753088.0,2347008.0,24706.0,943.0,0.004792747194048,0.008483563096500002,0.012548603746907028,0.8125,0.8338069000069481,0.0031250000000000028,0.0014692999979160001,0.009765625,1.0355911982884398e-05,242757632,0,0,0,3
als|factors=128;epochs=15;regularisation=0.1;alpha=10.0|frac=0.25,ml100k,als,0.25,,,128.0,15.0,0.1,10.0,,,,,,,,0.053484418244514005,0.097560975609756,0.579816189466242,7.234375,7.258686999994097,0.0625,0.06449590000011,0.034722222222222,0.00010309885707500001,385753088.0,2347008.0,24706.0,943.0,0.004088761237480004,0.0021208907741250005,0.018275008837044915,0.609375,0.6584710000001905,0.005729166666667,0.003848430000546993,0.0034722222222220017,9.757570401693172e-06,242757632,0,0,0,3
als|factors=128;epochs=15;regularisation=0.1;alpha=40.0|frac=0.25,ml100k,als,0.25,,,128.0,15.0,0.1,40.0,,,,,,,,0.052872400989163,0.097560975609756,0.5768115942028981,6.984375,7.075906699999905,0.059895833333333,0.06121319999995901,0.0328125,9.831212442559208e-05,385753088.0,2347008.0,24706.0,943.0,0.005378796055354004,0.005302226935313001,0.012513255567337955,0.59375,0.6345314000027429,0.0026041666666669974,0.003235456664819003,0.0019097222222220003,4.78673264940793e-06,242757632,0,0,0,3
als|factors=128;epochs=30;regularisation=0.001;alpha=1.0|frac=0.25,ml100k,als,0.25,,,128.0,30.0,0.001,1.0,,,,,,,,0.055909563377397005,0.104984093319194,0.5927536231884051,13.9375,14.00198649999993,0.0625,0.061128100001951007,0.0328125,0.000101073700954,385753088.0,2347008.0,24706.0,943.0,0.003170284388595998,0.0063626723223750015,0.011594202898550954,0.984375,1.0413420000022597,0.0026041666666669974,0.0016538799999580023,0.0019097222222220003,4.78673264940793e-06,242757632,0,0,0,3
als|factors=128;epochs=30;regularisation=0.001;alpha=10.0|frac=0.25,ml100k,als,0.25,,,128.0,30.0,0.001,10.0,,,,,,,,0.056020223173754005,0.103923647932131,0.581477553905973,14.90625,14.981964299993706,0.0625,0.06132821999999501,0.034722222222222,0.00010309885707500001,385753088.0,2347008.0,24706.0,943.0,0.0016538678731889966,0.0063626723223750015,0.013750441852245054,1.0625,1.1915584999992461,0.0031250000000000028,0.005027399999743998,0.005208333333333003,8.83704489188441e-06,242757632,0,0,0,3
als|factors=128;epochs=30;regularisation=0.001;alpha=40.0|frac=0.25,ml100k,als,0.25,,,128.0,30.0,0.001,40.0,,,,,,,,0.054348379873416,0.101802757158006,0.569600565570873,13.984375,14.027559599999677,0.0625,0.063115339999967,0.034722222222222,0.00010309885707500001,385753088.0,2347008.0,24706.0,943.0,0.0022105338343650013,0.005302226935313001,0.012159773771650007,2.59375,2.8818877000103384,0.0062500000000000056,0.004515880001781998,0.0019097222222220003,8.65293979000001e-06,242757632,0,0,0,3
als|factors=128;epochs=30;regularisation=0.01;alpha=1.0|frac=0.25,ml100k,als,0.25,,,128.0,30.0,0.01,1.0,,,,,,,,0.055367681532042,0.103923647932131,0.5920466595970301,14.03125,14.043853900000613,0.0625,0.061683059999995,0.034374999999999996,0.000102730646871,385753088.0,2347008.0,24706.0,943.0,0.003467136986446004,0.0063626723223750015,0.010392364793213038,0.703125,0.7637730999922496,0.005729166666667,0.0014435000002020054,0.0034722222222220017,9.757570401693172e-06,242757632,0,0,0,3
als|factors=128;epochs=30;regularisation=0.01;alpha=10.0|frac=0.25,ml100k,als,0.25,,,128.0,30.0,0.01,10.0,,,,,,,,0.054618081401598004,0.103923647932131,0.5796747967479671,14.1875,14.271745700010797,0.0625,0.061410059999980005,0.034722222222222,0.00010309885707500001,385753088.0,2347008.0,24706.0,943.0,0.0020971632827929965,0.007423117709438001,0.012159773771651006,0.125,0.23768329999984417,0.0,0.0007679600013940011,0.0019097222222220003,2.025156121000007e-06,242757632,0,0,0,3
als|factors=128;epochs=30;regularisation=0.01;alpha=40.0|frac=0.25,ml100k,als,0.25,,,128.0,30.0,0.01,40.0,,,,,,,,0.054494725172196,0.098621420996818,0.5760692824319541,14.0,14.063753400000223,0.0625,0.06174536000180501,0.0328125,0.000101073700954,385753088.0,2347008.0,24706.0,943.0,0.0025461670243970003,0.003181336161187001,0.014068575468364042,0.328125,0.43108229999597825,0.0,0.0026493399999710024,0.0034722222222220017,3.6821020378844044e-06,242757632,0,0,0,3
als|factors=128;epochs=30;regularisation=0.1;alpha=1.0|frac=0.25,ml100k,als,0.25,,,128.0,30.0,0.1,1.0,,,,,,,,0.054943536236652005,0.102863202545068,0.5980558501237181,13.875,13.967114800000218,0.059895833333333,0.061502666666153005,0.0328125,0.000100337280546,385753088.0,2347008.0,24706.0,943.0,0.003785100322362997,0.005302226935313001,0.009225874867444972,0.234375,0.21124769999732962,0.005729166666667,0.0034598500000359994,0.0019097222222220003,6.075468362407924e-06,242757632,0,0,0,3
als|factors=128;epochs=30;regularisation=0.1;alpha=10.0|frac=0.25,ml100k,als,0.25,,,128.0,30.0,0.1,10.0,,,,,,,,0.054707397599968004,0.102863202545068,0.5806998939554611,13.875,13.913783899999999,0.0625,0.061762820000149,0.034722222222222,0.000101073700954,385753088.0,2347008.0,24706.0,943.0,0.0016928112993040006,0.0063626723223750015,0.012124425592082044,0.5,0.5009014999905048,0.0026041666666669974,0.0012723766657770016,0.003645833333333001,4.6026275480000095e-06,242757632,0,0,0,3
als|factors=128;epochs=30;regularisation=0.1;alpha=40.0|frac=0.25,ml100k,als,0.25,,,128.0,30.0,0.1,40.0,,,,,,,,0.053790367558461005,0.098621420996818,0.57532697066101,13.90625,14.00055539999994,0.0625,0.062285479999991004,0.0328125,0.000102730646871,385753088.0,2347008.0,24706.0,943.0,0.0034106407169179967,0.0031813361611880003,0.011134676564157009,0.375,0.37070729998958996,0.005729166666667,0.0025197100001599984,0.0015624999999999944,6.075468362407924e-06,242757632,0,0,0,3
als|factors=16;epochs=5;regularisation=0.001;alpha=1.0|frac=0.5,ml100k,als,0.5,,,16.0,5.0,0.001,1.0,,,,,,,,0.052676759033398,0.111346765641569,0.5888653234358431,0.375,0.381863299990072,0.057291666666666005,0.05686981666682701,0.034722222222222,9.757570401790975e-05,385753088.0,293376.0,48939.0,943.0,0.002284720392391998,0.004241781548250001,0.013891834570520012,0.0,0.014496000000690012,0.0026041666666669974,0.0018311666665339968,0.0019097222222220003,4.7867326492166765e-06,242757632,0,0,0,3
als|factors=16;epochs=5;regularisation=0.001;alpha=10.0|frac=0.5,ml100k,als,0.5,,,16.0,5.0,0.001,10.0,,,,,,,,0.051825598288584004,0.108165429480381,0.580452456698479,0.375,0.38407760000018204,0.057291666666666005,0.056601616666663,0.034722222222222,9.757570401790975e-05,385753088.0,293376.0,48939.0,943.0,0.001971377316974998,0.003181336161187001,0.017391304347825987,0.046875000000000056,0.023605899990797985,0.002604166666666005,0.0030698499980040053,0.0020833333333330067,4.970837751855776e-06,242757632,0,0,0,3
als|factors=16;epochs=5;regularisation=0.001;alpha=40.0|frac=0.5,ml100k,als,0.5,,,16.0,5.0,0.001,40.0,,,,,,,,0.046502214220909006,0.098621420996818,0.570837751855779,0.375,0.37874210000018105,0.057291666666666005,0.057741100000005006,0.034722222222222,9.94167550371156e-05,385753088.0,293376.0,48939.0,943.0,0.00897700908995,0.012725344644750003,0.018027571580062962,0.015625,0.015210800009299974,0.005208333333333003,0.005090749998695,0.003645833333333001,7.548309178025443e-06,242757632,0,0,0,3
als|factors=16;epochs=5;regularisation=0.01;alpha=1.0|frac=0.5,ml100k,als,0.5,,,16.0,5.0,0.01,1.0,,,,,,,,0.052692066436497,0.111346765641569,0.5882644043831741,0.375,0.38586960000020504,0.057291666666666005,0.05713898333336401,0.034722222222222,9.757570401790975e-05,385753088.0,293376.0,48939.0,943.0,0.001774641412723002,0.004241781548250001,0.01240721102863196,0.015625,0.012304400008361027,0.002604166666666005,0.0020186333325300024,0.0019097222222220003,4.786732649935191e-06,242757632,0,0,0,3
als|factors=16;epochs=5;regularisation=0.01;alpha=10.0|frac=0.5,ml100k,als,0.5,,,16.0,5.0,0.01,10.0,,,,,,,,0.05177871962196601,0.108165429480381,0.57875574407918,0.390625,0.389457099998253,0.057291666666666005,0.057215533333343005,0.034722222222222,9.555054789678333e-05,385753088.0,293376.0,48939.0,943.0,0.0021788985836219965,0.004241781548250001,0.01187698833510098,0.0,0.03958670000065401,0.002604166666666005,0.0030052999997379967,0.0019097222222220003,2.7615765288087525e-06,242757632,0,0,0,3
als|factors=16;epochs=5;regularisation=0.01;alpha=40.0|frac=0.5,ml100k,als,0.5,,,16.0,5.0,0.01,40.0,,,,,,,,0.047090453928009,0.099681866383881,0.569706610109579,0.375,0.37887279999995305,0.057291666666666005,0.057708750001135005,0.034722222222222,9.757570401790975e-05,385753088.0,293376.0,48939.0,943.0,0.008584316084143,0.012725344644751002,0.012477907387768994,0.015625,0.0020274999874340116,0.0,0.0026232500001699965,0.003645833333333001,3.866207140332278e-06,242757632,0,0,0,3
als|factors=16;epochs=5;regularisation=0.1;alpha=1.0|frac=0.5,ml100k,als,0.5,,,16.0,5.0,0.1,1.0,,,,,,,,0.052289418477065,0.111346765641569,0.585047720042417,0.375,0.387419099999988,0.057291666666666005,0.05657316666664201,0.0328125,9.555054789678333e-05,385753088.0,293376.0,48939.0,943.0,0.0020703037045359945,0.0021208907741259997,0.00936726758572004,0.015625,0.012854400003562028,0.002604166666666005,0.002411583334531002,0.0015624999999999944,4.41852244609402e-06,242757632,0,0,0,3
als|factors=16;epochs=5;regularisation=0.1;alpha=10.0|frac=0.5,ml100k,als,0.5,,,16.0,5.0,0.1,10.0,,,,,,,,0.05092192310974,0.108165429480381,0.581265464828561,0.375,0.37795619999997104,0.0546875,0.05617671666664101,0.034722222222222,9.4814127489101e-05,385753088.0,293376.0,48939.0,943.0,0.002759019638553996,0.005302226935313001,0.01922940968540099,0.015625,0.004892999993899028,0.002604166666666005,0.002068633332480002,0.0019097222222220003,4.786732649935191e-06,242757632,0,0,0,3
als|factors=16;epochs=5;regularisation=0.1;alpha=40.0|frac=0.5,ml100k,als,0.5,,,16.0,5.0,0.1,40.0,,,,,,,,0.046717425711596004,0.096500530222693,0.5666666666666661,0.375,0.380251200000202,0.057291666666666005,0.055924099998568004,0.034722222222222,9.757570401790975e-05,385753088.0,293376.0,48939.0,943.0,0.009881201735269997,0.015906680805939002,0.028914810887239017,0.031250000000000056,0.027871400001913016,0.0,0.0008909999999109977,0.0019097222222220003,2.025156121126425e-06,242757632,0,0,0,3
als|factors=16;epochs=15;regularisation=0.001;alpha=1.0|frac=0.5,ml100k,als,0.5,,,16.0,15.0,0.001,1.0,,,,,,,,0.053250049307,0.11558854718981901,0.588123011664899,1.140625,1.146778000000267,0.057291666666666005,0.055790466666621005,0.034722222222222,9.757570401790975e-05,385753088.0,293376.0,48939.0,943.0,0.001772213815399,0.007423117709438001,0.01869918699187001,0.03125,0.01716970000461493,0.0078125,0.006266590000389004,0.006249999999999999,1.4912513255025444e-05,242757632,0,0,0,3
als|factors=16;epochs=15;regularisation=0.001;alpha=10.0|frac=0.5,ml100k,als,0.5,,,16.0,15.0,0.001,10.0,,,,,,,,0.052950456431817006,0.111346765641569,0.56033934252386,1.203125,1.203754000000117,0.057291666666666005,0.056357333333304005,0.034722222222222,9.757570401790975e-05,385753088.0,293376.0,48939.0,943.0,0.005961786155497001,0.010604453870626002,0.01385648639095105,0.125,0.13422369999898298,0.002604166666666005,0.0014931166685220043,0.0003472222222220059,3.129786732649923e-06,242757632,0,0,0,3
als|factors=16;epochs=15;regularisation=0.001;alpha=40.0|frac=0.5,ml100k,als,0.5,,,16.0,15.0,0.001,40.0,,,,,,,,0.051828811560421004,0.107104984093319,0.5495934959349591,1.125,1.136292100010905,0.057291666666666005,0.057436566666713006,0.034722222222222,9.757570401790975e-05,385753088.0,293376.0,48939.0,943.0,0.005507108968237001,0.010604453870626002,0.014740190880169979,0.03125,0.02734900000041307,0.005208333333333003,0.003934399999403995,0.003645833333333001,9.389360197025446e-06,242757632,0,0,0,3
als|factors=16;epochs=15;regularisation=0.01;alpha=1.0|frac=0.5,ml100k,als,0.5,,,16.0,15.0,0.01,1.0,,,,,,,,0.05326535671009901,0.11558854718981901,0.58808766348533,1.15625,1.157792400001199,0.057291666666666005,0.05664395000106501,0.0328125,9.757570401790975e-05,385753088.0,293376.0,48939.0,943.0,0.001711294793418,0.007423117709438001,0.016967126193001003,0.0625,0.049347699999543915,0.0026041666666669974,0.0018672333333140043,0.0019097222222220003,2.7615765288087525e-06,242757632,0,0,0,3
als|factors=16;epochs=15;regularisation=0.01;alpha=10.0|frac=0.5,ml100k,als,0.5,,,16.0,15.0,0.01,10.0,,,,,,,,0.052424307193306006,0.111346765641569,0.562778366914104,1.15625,1.164408899989212,0.057291666666666005,0.056658249998387006,0.034722222222222,9.94167550371156e-05,385753088.0,293376.0,48939.0,943.0,0.005515812433030003,0.009544008483563002,0.016861081654295007,0.078125,0.08180679999986817,0.005208333333333003,0.003157683333407997,0.0017361111111110009,5.523153056899004e-06,242757632,0,0,0,3
als|factors=16;epochs=15;regularisation=0.01;alpha=40.0|frac=0.5,ml100k,als,0.5,,,16.0,15.0,0.01,40.0,,,,,,,,0.05214663202468801,0.107104984093319,0.5545068928950151,1.171875,1.173144300002604,0.057291666666666005,0.056178349999148,0.034722222222222,9.757570401790975e-05,385753088.0,293376.0,48939.0,943.0,0.005537369214021003,0.008483563096500002,0.012619300106044062,0.015625,0.01603890000114916,0.002604166666666005,0.0025608333332910044,0.0,2.7615765288087525e-06,242757632,0,0,0,3
als|factors=16;epochs=15;regularisation=0.1;alpha=1.0|frac=0.5,ml100k,als,0.5,,,16.0,15.0,0.1,1.0,,,,,,,,0.05373209317109601,0.11664899257688201,0.5866030399434421,1.140625,1.142586700007086,0.0546875,0.055760000000494005,0.034722222222222,9.665517850830684e-05,385753088.0,293376.0,48939.0,943.0,0.001997931569447997,0.009544008483563002,0.01926475786497006,0.0,0.002620199999454842,0.002604166666666005,0.0013898499999710004,0.0017361111111110009,2.7615765288087525e-06,242757632,0,0,0,3
als|factors=16;epochs=15;regularisation=0.1;alpha=10.0|frac=0.5,ml100k,als,0.5,,,16.0,15.0,0.1,10.0,,,,,,,,0.051682676466976,0.112407211028632,0.557440791799222,1.171875,1.170258500002091,0.057291666666666005,0.05700554999998501,0.034374999999999996,9.720749381406858e-05,385753088.0,293376.0,48939.0,943.0,0.005639295759231,0.007423117709438001,0.018133616118769957,0.0625,0.06465340000067887,0.002604166666666005,0.001550016666442,0.003645833333333001,6.627783669141044e-06,242757632,0,0,0,3
als|factors=16;epochs=15;regularisation=0.1;alpha=40.0|frac=0.5,ml100k,als,0.5,,,16.0,15.0,0.1,40.0,,,,,,,,0.05078621421290801,0.106044538706256,0.552916224814422,1.140625,1.143991999999798,0.0546875,0.055869216666678004,0.034722222222222,9.4814127489101e-05,385753088.0,293376.0,48939.0,943.0,0.0064510601965580006,0.007423117709438001,0.004453870625663048,0.03125,0.015790199995534993,0.002604166666666005,0.0014371666657100046,0.0019097222222220003,4.786732649935191e-06,242757632,0,0,0,3
als|factors=16;epochs=30;regularisation=0.001;alpha=1.0|frac=0.5,ml100k,als,0.5,,,16.0,30.0,0.001,1.0,,,,,,,,0.051974888410636,0.108165429480381,0.589749027925061,2.3125,2.317460300007951,0.057291666666666005,0.056549099999150004,0.034722222222222,9.757570401790975e-05,385753088.0,293376.0,48939.0,943.0,0.0029241657497139986,0.007423117709438001,0.018946624248851074,0.0625,0.04875360000050932,0.0,0.000535666666489,0.0019097222222220003,2.025156121126425e-06,242757632,0,0,0,3
als|factors=16;epochs=30;regularisation=0.001;alpha=10.0|frac=0.5,ml100k,als,0.5,,,16.0,30.0,0.001,10.0,,,,,,,,0.05591469799472801,0.11770943796394401,0.5619653587840221,2.328125,2.314352600000347,0.0546875,0.056073083333330005,0.0328125,9.278897136797456e-05,385753088.0,293376.0,48939.0,943.0,0.004272265204428,0.008483563096500002,0.015341109932837993,0.0625,0.0942165999931599,0.017187499999999994,0.015299343333329996,0.0019097222222220003,2.0251561211025453e-05,242757632,0,0,0,3
als|factors=16;epochs=30;regularisation=0.001;alpha=40.0|frac=0.5,ml100k,als,0.5,,,16.0,30.0,0.001,40.0,,,,,,,,0.051772201131621,0.108165429480381,0.544361965358784,2.34375,2.351708899994264,0.057291666666666005,0.05566331666667101,0.034374999999999996,9.720749381406858e-05,385753088.0,293376.0,48939.0,943.0,0.002702386702982,0.007423117709438001,0.013220219158713964,0.15625,0.1337839999996504,0.002604166666666005,0.0010141333341380024,0.0019097222222220003,4.786732649935191e-06,242757632,0,0,0,3
als|factors=16;epochs=30;regularisation=0.01;alpha=1.0|frac=0.5,ml100k,als,0.5,,,16.0,30.0,0.01,1.0,,,,,,,,0.051928415716215,0.108165429480381,0.589042064333686,2.296875,2.305478899999798,0.057291666666666005,0.05821988333324601,0.034722222222222,9.757570401790975e-05,385753088.0,293376.0,48939.0,943.0,0.0029976794739199966,0.007423117709438001,0.018840579710144967,0.015625,0.030775599997468372,0.0,0.0021866500011730045,0.0017361111111110009,1.841051019205853e-06,242757632,0,0,0,3
als|factors=16;epochs=30;regularisation=0.01;alpha=10.0|frac=0.5,ml100k,als,0.5,,,16.0,30.0,0.01,10.0,,,,,,,,0.055749992287219004,0.11770943796394401,0.562106751502297,2.28125,2.276430599999912,0.057291666666666005,0.05728953333406601,0.034722222222222,9.757570401790975e-05,385753088.0,293376.0,48939.0,943.0,0.003513541926097999,0.0063626723223750015,0.017886178861789004,0.046875,0.04493730000103913,0.005208333333333995,0.008429350000142,0.0017361111111110009,7.364204076090261e-06,242757632,0,0,0,3
als|factors=16;epochs=30;regularisation=0.01;alpha=40.0|frac=0.5,ml100k,als,0.5,,,16.0,30.0,0.01,40.0,,,,,,,,0.051399603237606006,0.109225874867444,0.5439024390243901,2.328125,2.317361400011577,0.057291666666666005,0.057294550000127,0.036458333333333,9.94167550371156e-05,385753088.0,293376.0,48939.0,943.0,0.004642507776095997,0.010604453870626002,0.02120890774125095,0.015625,0.03611730000011493,0.0026041666666669974,0.002930383334841996,0.003645833333333001,6.62778366821668e-06,242757632,0,0,0,3
als|factors=16;epochs=30;regularisation=0.1;alpha=1.0|frac=0.5,ml100k,als,0.5,,,16.0,30.0,0.1,1.0,,,,,,,,0.051489203427319004,0.109225874867444,0.589042064333686,2.34375,2.375529099999767,0.057291666666666005,0.057704083333343,0.038194444444444,0.000101257806056,385753088.0,293376.0,48939.0,943.0,0.0032620463075270015,0.008483563096500002,0.021668434075646004,0.09375,0.11161840001113932,0.0,0.0008678166668689979,0.004340277777777998,4.6026275470902555e-06,242757632,0,0,0,3
als|factors=16;epochs=30;regularisation=0.1;alpha=10.0|frac=0.5,ml100k,als,0.5,,,16.0,30.0,0.1,10.0,,,,,,,,0.053764098183392006,0.114528101802757,0.564369034994697,2.28125,2.276405300000988,0.059895833333333,0.059357450000031,0.036458333333333,0.00010217833156500001,385753088.0,293376.0,48939.0,943.0,0.0024115499958350037,0.004241781548250001,0.015517850830682023,0.609375,0.7465601999938367,0.0234375,0.019499633332391998,0.006293402777777998,3.1527998703899e-05,242757632,0,0,0,3
als|factors=16;epochs=30;regularisation=0.1;alpha=40.0|frac=0.5,ml100k,als,0.5,,,16.0,30.0,0.1,40.0,,,,,,,,0.050897707066357004,0.106044538706256,0.5496288441145281,2.296875,2.312950600000022,0.057291666666666005,0.057210283333309006,0.034722222222222,9.757570401790975e-05,385753088.0,293376.0,48939.0,943.0,0.005481011596540998,0.005302226935313001,0.01456344998232606,0.3125,0.32837679998920066,0.020312499999999997,0.018648860000031006,0.004340277777777998,2.614292447189901e-05,242757632,0,0,0,3
als|factors=32;epochs=5;regularisation=0.001;alpha=1.0|frac=0.5,ml100k,als,0.5,,,32.0,5.0,0.001,1.0,,,,,,,,0.056438379404731,0.12089077412513201,0.5911983032873801,0.53125,0.53194380000059,0.057291666666666005,0.057243083333332,0.034722222222222,9.757570401790975e-05,385753088.0,586752.0,48939.0,943.0,0.004054555406236997,0.012725344644751016,0.01689642983386297,0.109375,0.13653999999496602,0.020833333333333995,0.01949026666898101,0.0017361111111110009,2.3933663249090255e-05,242757632,0,0,0,3
als|factors=32;epochs=5;regularisation=0.001;alpha=10.0|frac=0.5,ml100k,als,0.5,,,32.0,5.0,0.001,10.0,,,,,,,,0.052225897537774006,0.109225874867444,0.585365853658536,0.546875,0.5383616999988591,0.057291666666666005,0.056891100000029005,0.034722222222222,9.94167550371156e-05,385753088.0,586752.0,48939.0,943.0,0.001946038820348002,0.0031813361611880003,0.007988688582537984,0.03125,0.03146590000551408,0.005208333333333003,0.0028471833332630037,0.003645833333333001,7.548309178025443e-06,242757632,0,0,0,3
als|factors=32;epochs=5;regularisation=0.001;alpha=40.0|frac=0.5,ml100k,als,0.5,,,32.0,5.0,0.001,40.0,,,,,,,,0.049412083625192005,0.100742311770943,0.578260869565217,0.546875,0.545802800000274,0.059895833333333,0.05847186666665,0.034722222222222,0.000100337280546,385753088.0,586752.0,48939.0,943.0,0.004852231474497003,0.015906680805938003,0.0052668787557449415,0.046875,0.03488239999933296,0.005208333333333995,0.0050278833329380004,0.006249999999999999,1.2150936726216678e-05,242757632,0,0,0,3
als|factors=32;epochs=5;regularisation=0.01;alpha=1.0|frac=0.5,ml100k,als,0.5,,,32.0,5.0,0.01,1.0,,,,,,,,0.05645732792705001,0.12089077412513201,0.59034994697773,0.53125,0.530936999999994,0.057291666666666005,0.058899516666618,0.034374999999999996,9.720749381406858e-05,385753088.0,586752.0,48939.0,943.0,0.003900495237677,0.011664899257688002,0.018310357016612988,0.03125,0.025302499998360983,0.005208333333333003,0.0038942166667459976,0.0015624999999999944,7.180098974902786e-06,242757632,0,0,0,3
als|factors=32;epochs=5;regularisation=0.01;alpha=10.0|frac=0.5,ml100k,als,0.5,,,32.0,5.0,0.01,10.0,,,,,,,,0.052482584968164006,0.108165429480381,0.584446800989749,0.53125,0.545535899999777,0.057291666666666005,0.057889433333305006,0.034722222222222,9.757570401790975e-05,385753088.0,586752.0,48939.0,943.0,0.0016331498617570064,0.0021208907741250005,0.002933898904206922,0.046875,0.028752899997926074,0.005208333333333003,0.0022006333326010027,0.0019097222222220003,7.548309178025443e-06,242757632,0,0,0,3
als|factors=32;epochs=5;regularisation=0.01;alpha=40.0|frac=0.5,ml100k,als,0.5,,,32.0,5.0,0.01,40.0,,,,,,,,0.049116826027295,0.103923647932131,0.580311063980205,0.5625,0.5548634000006131,0.0546875,0.057498133333335005,0.034722222222222,9.4814127489101e-05,385753088.0,586752.0,48939.0,943.0,0.004582304778219998,0.018027571580064003,0.003888299752562996,0.03125,0.029577700000573026,0.002604166666666005,0.004134900000888002,0.0019097222222220003,4.786732649935191e-06,242757632,0,0,0,3
als|factors=32;epochs=5;regularisation=0.1;alpha=1.0|frac=0.5,ml100k,als,0.5,,,32.0,5.0,0.1,1.0,,,,,,,,0.056998738132770004,0.12195121951219501,0.5902085542594551,0.53125,0.5341312999998991,0.059895833333333,0.059980000000602,0.034722222222222,0.00010217833156500001,385753088.0,586752.0,48939.0,943.0,0.004057758034997,0.012725344644751002,0.016825733474725935,0.0625,0.08344669999860399,0.0078125,0.0041867233334110035,0.0017361111111110009,8.28472958589901e-06,242757632,0,0,0,3
als|factors=32;epochs=5;regularisation=0.1;alpha=10.0|frac=0.5,ml100k,als,0.5,,,32.0,5.0,0.1,10.0,,,,,,,,0.053319946253735005,0.107104984093319,0.5844821491693171,0.53125,0.531981300000097,0.057291666666666005,0.05764085000070401,0.0328125,9.555054789678333e-05,385753088.0,586752.0,48939.0,943.0,0.002238401331385996,0.0010604453870620006,0.004878048780488031,0.03125,0.02075629999671902,0.0,0.003017000000000006,0.0019097222222220003,2.025156121126425e-06,242757632,0,0,0,3
als|factors=32;epochs=5;regularisation=0.1;alpha=40.0|frac=0.5,ml100k,als,0.5,,,32.0,5.0,0.1,40.0,,,,,,,,0.049373710050057,0.098621420996818,0.5762813715093671,0.59375,0.5874354999978091,0.0625,0.06179025999736001,0.034722222222222,0.00010309885707500001,385753088.0,586752.0,48939.0,943.0,0.004653585972023998,0.0063626723223750015,0.005019441498762989,0.140625,0.14312239999981102,0.011458333333334,0.010495749999972,0.006249999999999999,1.877872039521668e-05,242757632,0,0,0,3
als|factors=32;epochs=15;regularisation=0.001;alpha=1.0|frac=0.5,ml100k,als,0.5,,,32.0,15.0,0.001,1.0,,,,,,,,0.061114499479446006,0.12725344644750702,0.5844821491693171,1.625,1.646611500007566,0.057291666666666005,0.05710756666667201,0.034722222222222,9.757570401790975e-05,385753088.0,586752.0,48939.0,943.0,0.004171044805020001,0.014846235418876003,0.01364439731353806,0.953125,0.981041999998524,0.014062500000000006,0.014832100000210006,0.003645833333333001,1.877872039502544e-05,242757632,0,0,0,3
als|factors=32;epochs=15;regularisation=0.001;alpha=10.0|frac=0.5,ml100k,als,0.5,,,32.0,15.0,0.001,10.0,,,,,,,,0.05807779976314201,0.11876988335100701,0.580311063980205,1.9375,1.972818199996254,0.065625,0.06584326000011001,0.036458333333333,0.00010825379992900001,385753088.0,586752.0,48939.0,943.0,0.0034146432931370027,0.004241781548250986,0.015058324496288966,0.453125,0.45237569999972127,0.014062500000000006,0.012326496666749003,0.004340277777777998,1.951514080289901e-05,242757632,0,0,0,3
als|factors=32;epochs=15;regularisation=0.001;alpha=40.0|frac=0.5,ml100k,als,0.5,,,32.0,15.0,0.001,40.0,,,,,,,,0.05225809068584301,0.103923647932131,0.579498055850123,1.671875,1.6763027999986662,0.059895833333333,0.059479349998582,0.034722222222222,0.000100337280546,385753088.0,586752.0,48939.0,943.0,0.002642301787362994,0.0010604453870629998,0.013785790031813017,0.3125,0.32699129999946286,0.0234375,0.023630519999944997,0.010156249999999999,3.562433722102546e-05,242757632,0,0,0,3
als|factors=32;epochs=15;regularisation=0.01;alpha=1.0|frac=0.5,ml100k,als,0.5,,,32.0,15.0,0.01,1.0,,,,,,,,0.06075120753859901,0.126193001060445,0.5838458819370801,1.59375,1.601705299995956,0.059895833333333,0.058930416666650005,0.034722222222222,0.000100337280546,385753088.0,586752.0,48939.0,943.0,0.004279839198076001,0.014846235418876003,0.01385648639095094,0.21875,0.21569679999993285,0.005208333333333995,0.005435096666617997,0.003645833333333001,9.389360197216686e-06,242757632,0,0,0,3
als|factors=32;epochs=15;regularisation=0.01;alpha=10.0|frac=0.5,ml100k,als,0.5,,,32.0,15.0,0.01,10.0,,,,,,,,0.05771661661285601,0.11664899257688201,0.580770590314598,1.578125,1.58204409999962,0.057291666666666005,0.05660806666613401,0.036458333333333,9.665517850830684e-05,385753088.0,586752.0,48939.0,943.0,0.005040680984939996,0.010604453870626002,0.017497348886532094,0.171875,0.23076799999807918,0.010937500000000003,0.010563943333272,0.005381944444444002,1.4544303051216678e-05,242757632,0,0,0,3
als|factors=32;epochs=15;regularisation=0.01;alpha=40.0|frac=0.5,ml100k,als,0.5,,,32.0,15.0,0.01,40.0,,,,,,,,0.052343536489729,0.108165429480381,0.574301873453517,1.625,1.622869500002707,0.0546875,0.057284700000309004,0.034722222222222,9.4814127489101e-05,385753088.0,586752.0,48939.0,943.0,0.003635173626964,0.007423117709438001,0.01095793566631409,0.125,0.13696179999988,0.002604166666666005,0.002918150000066004,0.0017361111111110009,4.6026275480146056e-06,242757632,0,0,0,3
als|factors=32;epochs=15;regularisation=0.1;alpha=1.0|frac=0.5,ml100k,als,0.5,,,32.0,15.0,0.1,1.0,,,,,,,,0.06132471858604201,0.12831389183457,0.585648639095086,1.578125,1.581998199999361,0.057291666666666005,0.056430199998430006,0.034722222222222,9.555054789678333e-05,385753088.0,586752.0,48939.0,943.0,0.004770597127939993,0.01590668080593799,0.012796041003887981,0.125,0.12266389999649596,0.0078125,0.005509479999788999,0.003645833333333001,1.0125780604899014e-05,242757632,0,0,0,3
als|factors=32;epochs=15;regularisation=0.1;alpha=10.0|frac=0.5,ml100k,als,0.5,,,32.0,15.0,0.1,10.0,,,,,,,,0.05701534152377401,0.114528101802757,0.577341816896429,1.59375,1.591023299999506,0.059895833333333,0.056847500001216,0.034722222222222,0.000100337280546,385753088.0,586752.0,48939.0,943.0,0.007531760394049999,0.018027571580063018,0.01975963237893208,0.109375,0.09972390000712106,0.0026041666666669974,0.003116133333378998,0.0019097222222220003,4.7867326492166765e-06,242757632,0,0,0,3
als|factors=32;epochs=15;regularisation=0.1;alpha=40.0|frac=0.5,ml100k,als,0.5,,,32.0,15.0,0.1,40.0,,,,,,,,0.051775002272827005,0.107104984093319,0.578897136797455,1.640625,1.633687399997143,0.057291666666666005,0.057254049999755,0.034722222222222,9.757570401790975e-05,385753088.0,586752.0,48939.0,943.0,0.009424655607654,0.015906680805938003,0.007423117709437932,0.078125,0.09341430000085893,0.0078125,0.007798416666977004,0.005381944444444002,1.3991987745025442e-05,242757632,0,0,0,3
als|factors=32;epochs=30;regularisation=0.001;alpha=1.0|frac=0.5,ml100k,als,0.5,,,32.0,30.0,0.001,1.0,,,,,,,,0.060390895769798,0.12831389183457,0.585754683633792,3.359375,3.3678353999998762,0.057291666666666005,0.058429100000012,0.034722222222222,0.000100337280546,385753088.0,586752.0,48939.0,943.0,0.0013538931576480007,0.004241781548251,0.009791445740545024,0.25,0.24789709999822707,0.005208333333333003,0.002942466666960998,0.005381944444444002,8.468834688025445e-06,242757632,0,0,0,3
als|factors=32;epochs=30;regularisation=0.001;alpha=10.0|frac=0.5,ml100k,als,0.5,,,32.0,30.0,0.001,10.0,,,,,,,,0.057322959721748,0.11876988335100701,0.581442205726405,3.625,3.706419500000265,0.059895833333333,0.059685350000412,0.036458333333333,0.00010217833156500001,385753088.0,586752.0,48939.0,943.0,0.004200015360316001,0.009544008483563002,0.007953340402969022,0.5,0.5699023999950441,0.02734375,0.025164375000031998,0.016294642857142,4.627613240402545e-05,242757632,0,0,0,3
als|factors=32;epochs=30;regularisation=0.001;alpha=40.0|frac=0.5,ml100k,als,0.5,,,32.0,30.0,0.001,40.0,,,,,,,,0.05244458649398501,0.107104984093319,0.5704489218805231,3.5,3.585887099994579,0.06875,0.070010780000029,0.0390625,0.00011432926829200001,385753088.0,586752.0,48939.0,943.0,0.008093312019869,0.014846235418876003,0.010745846588900987,0.828125,0.8141276999995171,0.01458333333333399,0.017297996665850003,0.008203124999999999,2.416379462621668e-05,242757632,0,0,0,3
als|factors=32;epochs=30;regularisation=0.01;alpha=1.0|frac=0.5,ml100k,als,0.5,,,32.0,30.0,0.01,1.0,,,,,,,,0.060360280963602006,0.12831389183457,0.5850830682219861,3.453125,3.477734500003862,0.057291666666666005,0.05669953333320601,0.034722222222222,9.757570401790975e-05,385753088.0,586752.0,48939.0,943.0,0.0009847305390219968,0.004241781548251,0.008412866737362967,0.734375,0.7615571999986059,0.017187499999999994,0.013971940000070994,0.006249999999999999,2.485418875902545e-05,242757632,0,0,0,3
als|factors=32;epochs=30;regularisation=0.01;alpha=10.0|frac=0.5,ml100k,als,0.5,,,32.0,30.0,0.01,10.0,,,,,,,,0.057076492626561004,0.11983032873807,0.5809826793920111,3.21875,3.217205000000831,0.057291666666666005,0.056298300000586006,0.034722222222222,9.757570401790975e-05,385753088.0,586752.0,48939.0,943.0,0.004966625091779003,0.012725344644751002,0.007069635913750982,0.59375,0.6376805000099921,0.011458333333334,0.010286563333315,0.008203124999999999,2.084990279221668e-05,242757632,0,0,0,3
als|factors=32;epochs=30;regularisation=0.01;alpha=40.0|frac=0.5,ml100k,als,0.5,,,32.0,30.0,0.01,40.0,,,,,,,,0.05371682874448001,0.112407211028632,0.5727112053729231,3.234375,3.23625990000437,0.057291666666666005,0.057221733333487006,0.034722222222222,9.757570401790975e-05,385753088.0,586752.0,48939.0,943.0,0.005044056526358004,0.009544008483563002,0.0014492753623189802,0.59375,0.5809840999995681,0.005208333333333995,0.011207393334553,0.008203124999999999,1.4222119123216676e-05,242757632,0,0,0,3
als|factors=32;epochs=30;regularisation=0.1;alpha=1.0|frac=0.5,ml100k,als,0.5,,,32.0,30.0,0.1,1.0,,,,,,,,0.06050414781643901,0.12831389183457,0.5887592788971361,3.234375,3.228668099998685,0.057291666666666005,0.056777116665519003,0.034722222222222,9.757570401790975e-05,385753088.0,586752.0,48939.0,943.0,0.0017518865377650003,0.008483563096500002,0.004418522446093975,0.6875,0.7125441000089259,0.0078125,0.011984973333436996,0.004340277777777998,1.2887357133899006e-05,242757632,0,0,0,3
als|factors=32;epochs=30;regularisation=0.1;alpha=10.0|frac=0.5,ml100k,als,0.5,,,32.0,30.0,0.1,10.0,,,,,,,,0.057059190625315004,0.11664899257688201,0.578614351360905,3.21875,3.20962929999223,0.057291666666666005,0.057202883333957004,0.034722222222222,9.757570401790975e-05,385753088.0,586752.0,48939.0,943.0,0.006216830568727003,0.022269353128314004,0.0032166843407559487,0.734375,0.7512066000008422,0.014062500000000006,0.011942656666633994,0.006640625000000004,2.1954533403740177e-05,242757632,0,0,0,3
als|factors=32;epochs=30;regularisation=0.1;alpha=40.0|frac=0.5,ml100k,als,0.5,,,32.0,30.0,0.1,40.0,,,,,,,,0.052978654948485006,0.111346765641569,0.5743372216330851,3.34375,3.351749499997822,0.059895833333333,0.060331516668763005,0.034722222222222,0.000100337280546,385753088.0,586752.0,48939.0,943.0,0.004122219441016005,0.0031813361611880003,0.006574761399787965,0.609375,0.6528697999997348,0.011458333333334,0.010863136666649002,0.008203124999999999,2.084990279221668e-05,242757632,0,0,0,3
als|factors=64;epochs=5;regularisation=0.001;alpha=1.0|frac=0.5,ml100k,als,0.5,,,64.0,5.0,0.001,1.0,,,,,,,,0.058050993355737004,0.12301166489925701,0.598091198303287,0.9687500000000001,0.963926299999002,0.059895833333333,0.059711800000513,0.034722222222222,0.000100337280546,385753088.0,1173504.0,48939.0,943.0,0.0062683319857499975,0.008483563096501001,0.01601272534464504,0.265625,0.2583196999917159,0.011458333333334,0.010823296666663998,0.008203124999999999,2.084990279221668e-05,242413568,0,0,0,3
als|factors=64;epochs=5;regularisation=0.001;alpha=10.0|frac=0.5,ml100k,als,0.5,,,64.0,5.0,0.001,10.0,,,,,,,,0.052292830015021004,0.110286320254506,0.58780487804878,0.9687500000000001,0.976575500011676,0.059895833333333,0.059870616666557006,0.0328125,9.831212442559208e-05,385753088.0,1173504.0,48939.0,943.0,0.0074820618465580024,0.015906680805939002,0.02142099681866405,0.1875,0.1916044000004149,0.008854166666667003,0.011196280001240996,0.006249999999999999,1.601714386640793e-05,242409472,0,0,0,3
als|factors=64;epochs=5;regularisation=0.001;alpha=40.0|frac=0.5,ml100k,als,0.5,,,64.0,5.0,0.001,40.0,,,,,,,,0.046533829454428,0.103923647932131,0.5911276069282431,1.078125,1.081520699997781,0.06875,0.06640778000000801,0.036458333333333,0.000111567691763,385753088.0,1173504.0,48939.0,943.0,0.0039843983036469965,0.015906680805938003,0.009685401201837918,0.140625,0.15329879999990192,0.011458333333334,0.011123613333377996,0.006293402777777998,1.8824746671090254e-05,241999872,0,0,0,3
als|factors=64;epochs=5;regularisation=0.01;alpha=1.0|frac=0.5,ml100k,als,0.5,,,64.0,5.0,0.01,1.0,,,,,,,,0.058101016081637,0.12195121951219501,0.599045599151643,0.984375,0.9776153000002521,0.057291666666666005,0.05787571666587601,0.036458333333333,9.94167550371156e-05,385753088.0,1173504.0,48939.0,943.0,0.00687087321194501,0.007423117709438001,0.016154118062919998,0.2031249999999999,0.18713019999995606,0.011458333333334,0.013075046666804993,0.006249999999999999,1.877872039521668e-05,241971200,0,0,0,3
als|factors=64;epochs=5;regularisation=0.01;alpha=10.0|frac=0.5,ml100k,als,0.5,,,64.0,5.0,0.01,10.0,,,,,,,,0.052805964838332005,0.110286320254506,0.5866030399434421,0.9687500000000001,0.961062499991385,0.059895833333333,0.059169883332894004,0.034722222222222,0.000100337280546,385753088.0,1173504.0,48939.0,943.0,0.006523116020020994,0.013785790031813988,0.015906680805938045,0.25,0.24930069999845694,0.01458333333333399,0.014687519999764004,0.004340277777777998,2.0067456109090258e-05,241954816,0,0,0,3
als|factors=64;epochs=5;regularisation=0.01;alpha=40.0|frac=0.5,ml100k,als,0.5,,,64.0,5.0,0.01,40.0,,,,,,,,0.046236462354867,0.096500530222693,0.5931778013432311,1.015625,1.023210300001665,0.065625,0.063608339999336,0.034722222222222,0.00010641274891000001,385753088.0,1173504.0,48939.0,943.0,0.0053590139327940045,0.012725344644751002,0.012301166489924964,0.15625,0.1670916000002759,0.011979166666666992,0.010985713333411001,0.006249999999999999,1.933103570140793e-05,241954816,0,0,0,3
als|factors=64;epochs=5;regularisation=0.1;alpha=1.0|frac=0.5,ml100k,als,0.5,,,64.0,5.0,0.1,1.0,,,,,,,,0.059143001198895005,0.12407211028632001,0.601166489925768,0.9687500000000001,0.968943500003661,0.059895833333333,0.059145150000404004,0.034722222222222,0.000100337280546,385753088.0,1173504.0,48939.0,943.0,0.005690225037133005,0.010604453870625016,0.01527041357370107,0.171875,0.1769254000009829,0.011458333333334,0.010999859999750006,0.006293402777777998,1.8824746671090254e-05,241954816,0,0,0,3
als|factors=64;epochs=5;regularisation=0.1;alpha=10.0|frac=0.5,ml100k,als,0.5,,,64.0,5.0,0.1,10.0,,,,,,,,0.055156739441886,0.11770943796394401,0.585365853658536,1.0,0.9996148999925931,0.0625,0.060730040000635005,0.034722222222222,0.00010309885707500001,385753088.0,1173504.0,48939.0,943.0,0.00900066430602,0.013785790031814002,0.013785790031814016,0.265625,0.270541899999898,0.011979166666666992,0.012899473333284998,0.010156249999999999,2.3473400494407925e-05,241954816,0,0,0,3
als|factors=64;epochs=5;regularisation=0.1;alpha=40.0|frac=0.5,ml100k,als,0.5,,,64.0,5.0,0.1,40.0,,,,,,,,0.047908934639340005,0.099681866383881,0.595652173913043,0.984375,0.981369300003279,0.057291666666666005,0.05794481666665201,0.034374999999999996,9.720749381406858e-05,385753088.0,1173504.0,48939.0,943.0,0.0004886662414189946,0.0031813361611880003,0.0015553199010249763,0.21875,0.24040650000051778,0.01458333333333399,0.014230093332753005,0.006640625000000004,2.2506848708931426e-05,241954816,0,0,0,3
als|factors=64;epochs=15;regularisation=0.001;alpha=1.0|frac=0.5,ml100k,als,0.5,,,64.0,15.0,0.001,1.0,,,,,,,,0.060025849506532,0.114528101802757,0.598939554612937,2.890625,2.884705400007078,0.057291666666666005,0.057557333333534,0.0328125,9.555054789678333e-05,385753088.0,1173504.0,48939.0,943.0,0.0025180144140350066,0.0031813361611880003,0.005054789678331062,0.71875,0.7086282999994178,0.01458333333333399,0.014953193333501001,0.006249999999999999,2.2092612230216683e-05,241954816,0,0,0,3
als|factors=64;epochs=15;regularisation=0.001;alpha=10.0|frac=0.5,ml100k,als,0.5,,,64.0,15.0,0.001,10.0,,,,,,,,0.057437997650088,0.11346765641569401,0.583987274655355,2.875,2.877597500002593,0.059895833333333,0.059064466666692,0.034722222222222,0.000100337280546,385753088.0,1173504.0,48939.0,943.0,0.010766276323145002,0.015906680805939002,0.021314952279956945,0.46875,0.4710450000002311,0.0,0.00015516666735500284,0.0019097222222220003,2.025156120407924e-06,241954816,0,0,0,3
als|factors=64;epochs=15;regularisation=0.001;alpha=40.0|frac=0.5,ml100k,als,0.5,,,64.0,15.0,0.001,40.0,,,,,,,,0.051266728206291,0.111346765641569,0.582891481088724,2.96875,2.996951599999647,0.0625,0.063334660000055,0.036458333333333,0.00010825379992900001,385753088.0,1173504.0,48939.0,943.0,0.005925530900039,0.0063626723223750015,0.012760692824320019,0.234375,0.2472182999918009,0.0031250000000000028,0.002189720000752002,0.006510416666666997,6.903941322000001e-06,241954816,0,0,0,3
als|factors=64;epochs=15;regularisation=0.01;alpha=1.0|frac=0.5,ml100k,als,0.5,,,64.0,15.0,0.01,1.0,,,,,,,,0.060025849506532,0.114528101802757,0.60028278543655,3.265625,3.382630699998117,0.059895833333333,0.06390453333491,0.036458333333333,0.00010217833156500001,385753088.0,1173504.0,48939.0,943.0,0.002192953633830999,0.004241781548250001,0.004029692470837953,0.578125,0.5870033999990487,0.020833333333333995,0.020348058333487004,0.0026041666666669974,2.4854188758884408e-05,241954816,0,0,0,3
als|factors=64;epochs=15;regularisation=0.01;alpha=10.0|frac=0.5,ml100k,als,0.5,,,64.0,15.0,0.01,10.0,,,,,,,,0.05539812495995201,0.114528101802757,0.583068221986567,3.03125,3.023979799996596,0.0625,0.06292833999905201,0.038194444444444,0.000106780959113,385753088.0,1173504.0,48939.0,943.0,0.009215502165026007,0.011664899257689001,0.02283492400141407,0.90625,0.9833413000001201,0.020833333333333995,0.018892008333447,0.008203124999999999,3.079157829621667e-05,241954816,0,0,0,3
als|factors=64;epochs=15;regularisation=0.01;alpha=40.0|frac=0.5,ml100k,als,0.5,,,64.0,15.0,0.01,40.0,,,,,,,,0.052696313965060006,0.111346765641569,0.584234711912336,2.90625,2.917232799998601,0.059895833333333,0.05995841666663101,0.034374999999999996,9.996907034287735e-05,385753088.0,1173504.0,48939.0,943.0,0.00391834294737,0.006362672322376001,0.0076705549664189965,0.5,0.5182948999999999,0.005208333333333995,0.005232430001766,0.003645833333333001,9.389360197216686e-06,241954816,0,0,0,3
als|factors=64;epochs=15;regularisation=0.1;alpha=1.0|frac=0.5,ml100k,als,0.5,,,64.0,15.0,0.1,1.0,,,,,,,,0.05960597517585801,0.11664899257688201,0.601095793566631,3.15625,3.156952200000432,0.065625,0.064936099998885,0.038194444444444,0.000110094850948,385753088.0,1173504.0,48939.0,943.0,0.0025485667682800042,0.003181336161187001,0.0013432308236129842,0.296875,0.33725240000057966,0.01458333333333399,0.012292783333396007,0.0078125,2.374955814750195e-05,241954816,0,0,0,3
als|factors=64;epochs=15;regularisation=0.1;alpha=10.0|frac=0.5,ml100k,als,0.5,,,64.0,15.0,0.1,10.0,,,,,,,,0.055533633475427,0.11558854718981901,0.5815129020855421,3.671875,3.70391170000039,0.075,0.076726899997447,0.04296875,0.00012509941675500002,385753088.0,1173504.0,48939.0,943.0,0.009004397751820006,0.019088016967126004,0.020113114174620028,0.90625,0.9311324000045715,0.020833333333333995,0.020729250000044996,0.011830357142857004,3.463805988921669e-05,241954816,0,0,0,3
als|factors=64;epochs=15;regularisation=0.1;alpha=40.0|frac=0.5,ml100k,als,0.5,,,64.0,15.0,0.1,40.0,,,,,,,,0.05368159462930801,0.108165429480381,0.581336161187698,3.640625,3.747719100007089,0.06875,0.06890610000000301,0.034374999999999996,0.00010935843054,385753088.0,1173504.0,48939.0,943.0,0.004153277771288003,0.0021208907741250005,0.01350300459526399,1.125,1.1285377999997768,0.037760416666667,0.041891408334778,0.021875,6.324010250940793e-05,241938432,0,0,0,3
als|factors=64;epochs=30;regularisation=0.001;alpha=1.0|frac=0.5,ml100k,als,0.5,,,64.0,30.0,0.001,1.0,,,,,,,,0.058881300294900005,0.11770943796394401,0.599328384588193,5.703125,5.700279600000158,0.057291666666666005,0.05811083333333,0.0328125,9.555054789678333e-05,385753088.0,1173504.0,48939.0,943.0,0.003927685746936999,0.013785790031813003,0.005302226935312904,3.59375,4.053375399995275,0.01458333333333399,0.017600643333388996,0.005208333333333003,2.0987981618501945e-05,241938432,0,0,0,3
als|factors=64;epochs=30;regularisation=0.001;alpha=10.0|frac=0.5,ml100k,als,0.5,,,64.0,30.0,0.001,10.0,,,,,,,,0.057336794762350006,0.112407211028632,0.5846588900671611,5.734375,5.7302027000000635,0.059895833333333,0.059446783333366005,0.0328125,9.514886403804751e-05,385753088.0,1173504.0,48939.0,943.0,0.009583906729330002,0.019088016967126004,0.006857546836337991,0.96875,0.9888382999997702,0.014062500000000006,0.013784496667055002,0.013139204545454999,2.5682661717025442e-05,241938432,0,0,0,3
als|factors=64;epochs=30;regularisation=0.001;alpha=40.0|frac=0.5,ml100k,als,0.5,,,64.0,30.0,0.001,40.0,,,,,,,,0.054155015916482,0.11346765641569401,0.58667373630258,5.734375,5.726661099999546,0.059895833333333,0.058495249999396,0.0328125,9.665517850830684e-05,385753088.0,1173504.0,48939.0,943.0,0.008908611474971996,0.014846235418876003,0.006751502297631995,0.78125,0.8452347999959784,0.0026041666666669974,0.00188934999998,0.0015625000000000014,2.7615765288087525e-06,241938432,0,0,0,3
als|factors=64;epochs=30;regularisation=0.01;alpha=1.0|frac=0.5,ml100k,als,0.5,,,64.0,30.0,0.01,1.0,,,,,,,,0.058834827600479006,0.11770943796394401,0.599222340049487,5.921875,5.925941800000146,0.057291666666666005,0.05771340000016301,0.0328125,9.555054789678333e-05,385753088.0,1173504.0,48939.0,943.0,0.0036445990023859995,0.013785790031813003,0.005160834217037946,0.28125,0.3042566999997689,0.0,0.0008564000000509941,0.0015625000000000014,1.6569459172852678e-06,241938432,0,0,0,3
als|factors=64;epochs=30;regularisation=0.01;alpha=10.0|frac=0.5,ml100k,als,0.5,,,64.0,30.0,0.01,10.0,,,,,,,,0.057973792042328005,0.11346765641569401,0.583068221986567,5.75,5.75057599999991,0.059895833333333,0.058699799999885005,0.0328125,9.831212442559208e-05,385753088.0,1173504.0,48939.0,943.0,0.009583902955520002,0.018027571580064003,0.0035348179568760463,0.03125,0.04868509999869275,0.005729166666667,0.008730436666852998,0.006628787878788001,1.3104935890952506e-05,241872896,0,0,0,3
als|factors=64;epochs=30;regularisation=0.01;alpha=40.0|frac=0.5,ml100k,als,0.5,,,64.0,30.0,0.01,40.0,,,,,,,,0.05303516639809901,0.112407211028632,0.581972428419936,6.28125,6.32568209999954,0.0625,0.062841859999753,0.034374999999999996,0.00010309885707500001,385753088.0,1173504.0,48939.0,943.0,0.010570713639879,0.015906680805938003,0.01580063626723205,1.21875,1.3553215999927488,0.008333333333333998,0.008798700000443,0.0034722222222220017,1.2150936726501945e-05,241872896,0,0,0,3
als|factors=64;epochs=30;regularisation=0.1;alpha=1.0|frac=0.5,ml100k,als,0.5,,,64.0,30.0,0.1,1.0,,,,,,,,0.05872698798937401,0.11770943796394401,0.600459526334393,5.890625,5.9232551000004605,0.059895833333333,0.060008350000013005,0.041015625,0.00010701109049100001,385753088.0,1173504.0,48939.0,943.0,0.0017900154177169988,0.009544008483563987,0.006751502297630996,1.796875,1.822319400008837,0.01458333333333399,0.0151192499983,0.009765625,2.5820740543501948e-05,241872896,0,0,0,3
als|factors=64;epochs=30;regularisation=0.1;alpha=10.0|frac=0.5,ml100k,als,0.5,,,64.0,30.0,0.1,10.0,,,,,,,,0.05812877438953801,0.11770943796394401,0.5874160480735241,6.15625,6.168246000001091,0.059895833333333,0.05936423333332601,0.0328125,9.831212442559208e-05,385753088.0,1173504.0,48939.0,943.0,0.007263528750518007,0.008483563096500002,0.003711558854719077,1.078125,1.0932061999951657,0.005729166666667,0.005973663333741004,0.008364898989899002,1.4945986909952497e-05,241872896,0,0,0,3
als|factors=64;epochs=30;regularisation=0.1;alpha=40.0|frac=0.5,ml100k,als,0.5,,,64.0,30.0,0.1,40.0,,,,,,,,0.051797645223522,0.110286320254506,0.580311063980205,6.25,6.28798929999175,0.059895833333333,0.058645066666940006,0.034722222222222,0.00010217833156500001,385753088.0,1173504.0,48939.0,943.0,0.007532852738128003,0.008483563096501001,0.007034287734181133,0.5,0.544222400000308,0.005208333333333995,0.0049502500000010025,0.005208333333333003,9.20525509550195e-06,241872896,0,0,0,3
als|factors=128;epochs=5;regularisation=0.001;alpha=1.0|frac=0.5,ml100k,als,0.5,,,128.0,5.0,0.001,1.0,,,,,,,,0.057847106565496006,0.111346765641569,0.586249558147755,2.859375,2.867357199997059,0.065625,0.0645531999995,0.0328125,0.000104387592788,385753088.0,2347008.0,48939.0,943.0,0.007914565508679,0.012725344644751002,0.009331919406149969,0.421875,0.4498448000003914,0.009374999999999994,0.011817660000088,0.009232954545454999,1.9732719560143735e-05,240488448,0,0,0,3
als|factors=128;epochs=5;regularisation=0.001;alpha=10.0|frac=0.5,ml100k,als,0.5,,,128.0,5.0,0.001,10.0,,,,,,,,0.05466701320174901,0.104984093319194,0.584517497348886,3.0625,3.070427600003313,0.059895833333333,0.062261366666158,0.034374999999999996,9.996907034287735e-05,385753088.0,2347008.0,48939.0,943.0,0.004482740453995007,0.006362672322376001,0.011452810180275996,0.5,0.5144281000002588,0.015104166666666995,0.014674410000194003,0.004892676767677,2.1205560374952507e-05,240488448,0,0,0,3
als|factors=128;epochs=5;regularisation=0.001;alpha=40.0|frac=0.5,ml100k,als,0.5,,,128.0,5.0,0.001,40.0,,,,,,,,0.05197711796919301,0.107104984093319,0.582467302933898,2.671875,2.698840299999574,0.0625,0.062184239999623005,0.0328125,0.000101073700954,385753088.0,2347008.0,48939.0,943.0,0.002779275633492999,0.007423117709438001,0.015022976316720005,0.15625,0.1540530999955081,0.005729166666667,0.0029921599999849988,0.004892676767677,1.1263884871952503e-05,240488448,0,0,0,3
als|factors=128;epochs=5;regularisation=0.01;alpha=1.0|frac=0.5,ml100k,als,0.5,,,128.0,5.0,0.01,1.0,,,,,,,,0.057852563542208,0.111346765641569,0.587486744432661,2.640625,2.678097400001206,0.0625,0.06197052000206801,0.0328125,0.000101073700954,385753088.0,2347008.0,48939.0,943.0,0.007831521352740005,0.013785790031814002,0.006716154118061923,0.21875,0.20842509999874892,0.0062500000000000056,0.007190820000142005,0.004892676767677,1.1816200177143738e-05,240488448,0,0,0,3
als|factors=128;epochs=5;regularisation=0.01;alpha=10.0|frac=0.5,ml100k,als,0.5,,,128.0,5.0,0.01,10.0,,,,,,,,0.05501723181143801,0.102863202545068,0.587274655355249,2.71875,2.820584600000074,0.0625,0.064508399999976,0.0328125,0.000101073700954,385753088.0,2347008.0,48939.0,943.0,0.005781095946837005,0.004241781548250001,0.013573700954401025,0.25,0.27174610000065513,0.005729166666667,0.007612850001745004,0.003124999999999996,9.389360197693166e-06,240488448,0,0,0,3
als|factors=128;epochs=5;regularisation=0.01;alpha=40.0|frac=0.5,ml100k,als,0.5,,,128.0,5.0,0.01,40.0,,,,,,,,0.052619462741224005,0.110286320254506,0.584093319194061,2.671875,2.679139000001669,0.0625,0.061622559998068004,0.0328125,0.000102730646871,385753088.0,2347008.0,48939.0,943.0,0.0006911061892910034,0.004241781548250001,0.01640155531990095,0.34375,0.382823299994016,0.0031250000000000028,0.002150160000200997,0.003124999999999996,1.6569459170000006e-06,240488448,0,0,0,3
als|factors=128;epochs=5;regularisation=0.1;alpha=1.0|frac=0.5,ml100k,als,0.5,,,128.0,5.0,0.1,1.0,,,,,,,,0.05849672988719801,0.111346765641569,0.5920466595970311,2.734375,2.763142800002242,0.065625,0.062890440001501,0.0328125,0.000104387592788,385753088.0,2347008.0,48939.0,943.0,0.008553426833992003,0.015906680805939002,0.012336514669493925,0.40625,0.4286318999998002,0.0031250000000000028,0.003483299999789004,0.0045454545454549945,8.13409813914373e-06,240488448,0,0,0,3
als|factors=128;epochs=5;regularisation=0.1;alpha=10.0|frac=0.5,ml100k,als,0.5,,,128.0,5.0,0.1,10.0,,,,,,,,0.055163121562840006,0.104984093319194,0.5839519264757861,2.640625,2.65266100000008,0.0625,0.061528420000013004,0.0328125,0.000101073700954,385753088.0,2347008.0,48939.0,943.0,0.011247988609713003,0.007423117709438001,0.007246376811594013,0.15625,0.158652800001164,0.0,0.0015801999976250009,0.0015625000000000014,1.6569459168843976e-06,240488448,0,0,0,3
als|factors=128;epochs=5;regularisation=0.1;alpha=40.0|frac=0.5,ml100k,als,0.5,,,128.0,5.0,0.1,40.0,,,,,,,,0.052154425066945,0.108165429480381,0.5825379992930361,2.640625,2.635811999998623,0.065625,0.06348796000002001,0.034722222222222,0.00010122433240100001,385753088.0,2347008.0,48939.0,943.0,0.0015422565646940056,0.0063626723223750015,0.0027218098267940416,0.234375,0.19851090000565907,0.005729166666667,0.004395826666525993,0.011186079545454999,1.2749278308e-05,240488448,0,0,0,3
als|factors=128;epochs=15;regularisation=0.001;alpha=1.0|frac=0.5,ml100k,als,0.5,,,128.0,15.0,0.001,1.0,,,,,,,,0.059841526305121004,0.11558854718981901,0.586850477200424,7.859375,7.865473600000769,0.0625,0.060997060000227005,0.03125,9.94167550371156e-05,385753088.0,2347008.0,48939.0,943.0,0.003789652937320996,0.0063626723223750015,0.009544008483563071,2.15625,2.3861955999950624,0.015625,0.018037509999339008,0.009232954545454999,2.6360503229143738e-05,240488448,0,0,0,3
als|factors=128;epochs=15;regularisation=0.001;alpha=10.0|frac=0.5,ml100k,als,0.5,,,128.0,15.0,0.001,10.0,,,,,,,,0.056025614102453006,0.108165429480381,0.575433015199717,8.015625,8.020449600000575,0.0625,0.064869340000223,0.036458333333333,0.00010493990809400001,385753088.0,2347008.0,48939.0,943.0,0.0027330893878520016,0.008483563096500002,0.009331919406150968,2.296875,2.4452089999995223,0.0062500000000000056,0.008786060001966009,0.008364898989899002,1.5498302216143732e-05,240488448,0,0,0,3
als|factors=128;epochs=15;regularisation=0.001;alpha=40.0|frac=0.5,ml100k,als,0.5,,,128.0,15.0,0.001,40.0,,,,,,,,0.05374188197014201,0.106044538706256,0.576740897843761,7.953125,7.9479580000006536,0.0625,0.061248133333416006,0.034722222222222,0.000100337280546,385753088.0,2347008.0,48939.0,943.0,0.004210499271193005,0.004241781548250001,0.003994344291268992,2.25,2.336351500003275,0.0026041666666669974,0.002971399999932997,0.0078125,8.2847295858844e-06,240488448,0,0,0,3
als|factors=128;epochs=15;regularisation=0.01;alpha=1.0|frac=0.5,ml100k,als,0.5,,,128.0,15.0,0.01,1.0,,,,,,,,0.059854214713760005,0.11558854718981901,0.587981618946624,7.875,7.880554899999879,0.065625,0.064993140000024,0.03125,0.000102730646871,385753088.0,2347008.0,48939.0,943.0,0.0039292462488760005,0.0063626723223750015,0.009225874867444972,1.28125,1.3080169999957434,0.031250000000000014,0.031164750000607,0.009765625,4.34948303278844e-05,240488448,0,0,0,3
als|factors=128;epochs=15;regularisation=0.01;alpha=10.0|frac=0.5,ml100k,als,0.5,,,128.0,15.0,0.01,10.0,,,,,,,,0.056253101201517004,0.110286320254506,0.574690703428773,7.796875,7.7882323999997425,0.059895833333333,0.060917550000037006,0.03125,9.665517850830684e-05,385753088.0,2347008.0,48939.0,943.0,0.003402779092064996,0.004241781548251,0.011523506539413031,1.765625,1.8121259000017744,0.008854166666667003,0.006821799998882001,0.004892676767677,1.4577776705952504e-05,240422912,0,0,0,3
als|factors=128;epochs=15;regularisation=0.01;alpha=40.0|frac=0.5,ml100k,als,0.5,,,128.0,15.0,0.01,40.0,,,,,,,,0.053819487784102005,0.102863202545068,0.5846942382467301,7.765625,7.769056799999817,0.0625,0.061324120000062,0.029829545454545,9.791044056685627e-05,385753088.0,2347008.0,48939.0,943.0,0.005063338836004003,0.018027571580064003,0.01802757158006396,1.78125,2.0140016000004834,0.01953125,0.02352264499932101,0.011186079545454999,3.257405041914373e-05,240422912,0,0,0,3
als|factors=128;epochs=15;regularisation=0.1;alpha=1.0|frac=0.5,ml100k,als,0.5,,,128.0,15.0,0.1,1.0,,,,,,,,0.059985572941735,0.11664899257688201,0.5836691410392361,7.859375,7.860537900000054,0.0625,0.06152801999996801,0.0328125,0.000101073700954,385753088.0,2347008.0,48939.0,943.0,0.0029789746016469984,0.005302226935312002,0.003746907034287039,3.078125,3.2913557999982004,0.012499999999999997,0.015711660001397995,0.021509740259740003,3.6065472173143725e-05,240422912,0,0,0,3
als|factors=128;epochs=15;regularisation=0.1;alpha=10.0|frac=0.5,ml100k,als,0.5,,,128.0,15.0,0.1,10.0,,,,,,,,0.054768601009991,0.107104984093319,0.572993990809473,7.890625,7.90040769999905,0.0625,0.060805699999764005,0.0328125,0.000101073700954,385753088.0,2347008.0,48939.0,943.0,0.0038563903036929956,0.0021208907741250005,0.010215623895370007,2.34375,2.3685683000026074,0.0031250000000000028,0.005727979999120003,0.002982954545455,6.4771522211437294e-06,240406528,0,0,0,3
als|factors=128;epochs=15;regularisation=0.1;alpha=40.0|frac=0.5,ml100k,als,0.5,,,128.0,15.0,0.1,40.0,,,,,,,,0.049956944978033005,0.094379639448568,0.575821845174973,7.78125,7.79256499999974,0.0625,0.060735716666689005,0.03125,9.791044056685627e-05,385753088.0,2347008.0,48939.0,943.0,0.005246837303217004,0.014846235418876003,0.009084482149169015,1.65625,1.701007200004824,0.008854166666667003,0.006137259998194998,0.002982954545455,1.1046306114693166e-05,240406528,0,0,0,3
als|factors=128;epochs=30;regularisation=0.001;alpha=1.0|frac=0.5,ml100k,als,0.5,,,128.0,30.0,0.001,1.0,,,,,,,,0.05837949300739,0.11346765641569401,0.588405797101449,15.828125,15.86041859999932,0.059895833333333,0.061031183333094007,0.03125,9.665517850830684e-05,385753088.0,2347008.0,48939.0,943.0,0.0011149057954230046,0.008483563096500002,0.01311417462000708,4.421875,4.753625999994256,0.008854166666667003,0.00714542999843,0.004892676767677,1.4577776705952504e-05,240406528,0,0,0,3
als|factors=128;epochs=30;regularisation=0.001;alpha=10.0|frac=0.5,ml100k,als,0.5,,,128.0,30.0,0.001,10.0,,,,,,,,0.054389446659085,0.104984093319194,0.5714033227288791,15.734375,15.779253200000312,0.0625,0.06136219999977201,0.03125,9.791044056685627e-05,385753088.0,2347008.0,48939.0,943.0,0.0022681498247040036,0.0021208907741250005,0.010321668434076003,2.953125,3.1793322999901648,0.008854166666667003,0.005859600002077997,0.0045454545454549945,1.2703252031693167e-05,240406528,0,0,0,3
als|factors=128;epochs=30;regularisation=0.001;alpha=40.0|frac=0.5,ml100k,als,0.5,,,128.0,30.0,0.001,40.0,,,,,,,,0.05176058685944301,0.098621420996818,0.5742665252739481,15.625,15.663635000000795,0.0625,0.061355220000041004,0.03125,9.94167550371156e-05,385753088.0,2347008.0,48939.0,943.0,0.0026050971929479985,0.0021208907741250005,0.014068575468364042,3.015625,3.1192506000097637,0.0031250000000000028,0.006463760000770001,0.006628787878788001,1.034335936214374e-05,240406528,0,0,0,3
als|factors=128;epochs=30;regularisation=0.01;alpha=1.0|frac=0.5,ml100k,als,0.5,,,128.0,30.0,0.01,1.0,,,,,,,,0.058432599235333005,0.114528101802757,0.588511841640155,15.6875,15.690603700000793,0.059895833333333,0.061070216666545,0.03125,9.665517850830684e-05,385753088.0,2347008.0,48939.0,943.0,0.0005854648170620022,0.007423117709438001,0.011170024743725082,5.828125,6.368623199989088,0.008854166666667003,0.009486649998628999,0.005208333333333003,1.4912513254693163e-05,240406528,0,0,0,3
als|factors=128;epochs=30;regularisation=0.01;alpha=10.0|frac=0.5,ml100k,als,0.5,,,128.0,30.0,0.01,10.0,,,,,,,,0.054158167705975,0.103923647932131,0.5729232944503351,15.640625,15.642034799999237,0.059895833333333,0.060524883333224005,0.03125,9.665517850830684e-05,385753088.0,2347008.0,48939.0,943.0,0.0025114478427500017,0.004241781548250001,0.0027925061859320754,4.53125,4.763629600007334,0.029947916666666997,0.028637166665551994,0.013392857142857005,4.596052365769316e-05,240406528,0,0,0,3
als|factors=128;epochs=30;regularisation=0.01;alpha=40.0|frac=0.5,ml100k,als,0.5,,,128.0,30.0,0.01,40.0,,,,,,,,0.05058624496966,0.097560975609756,0.574796747967479,15.84375,15.896167200000491,0.0625,0.06119438000023301,0.03125,9.94167550371156e-05,385753088.0,2347008.0,48939.0,943.0,0.002659201461739001,0.005302226935313001,0.006398020501944046,3.328125,3.3640357999884145,0.029947916666666997,0.036659916664727,0.0034722222222220017,3.5440232119693176e-05,240406528,0,0,0,3
als|factors=128;epochs=30;regularisation=0.1;alpha=1.0|frac=0.5,ml100k,als,0.5,,,128.0,30.0,0.1,1.0,,,,,,,,0.057605152948408005,0.111346765641569,0.586850477200424,15.671875,15.72291320000113,0.059895833333333,0.060403616666765005,0.03125,9.665517850830684e-05,385753088.0,2347008.0,48939.0,943.0,0.0016606172079360049,0.0031813361611880003,0.011311417462000928,6.5,7.078058100000817,0.008854166666667003,0.008147206665854001,0.009765625,1.9745272180693167e-05,240406528,0,0,0,3
als|factors=128;epochs=30;regularisation=0.1;alpha=10.0|frac=0.5,ml100k,als,0.5,,,128.0,30.0,0.1,10.0,,,,,,,,0.05521842464420101,0.103923647932131,0.5737363025804171,15.59375,15.617299199999252,0.065625,0.063122839999959,0.03125,0.00010122433240100001,385753088.0,2347008.0,48939.0,943.0,0.004831575949108997,0.010604453870626002,0.004100388829974988,3.59375,3.9384149000070465,0.009374999999999994,0.015191699998831992,0.009232954545454999,1.8226405089884405e-05,240406528,0,0,0,3
als|factors=128;epochs=30;regularisation=0.1;alpha=40.0|frac=0.5,ml100k,als,0.5,,,128.0,30.0,0.1,40.0,,,,,,,,0.048663481899544,0.097560975609756,0.5769176387416041,15.6875,15.691009300000587,0.059895833333333,0.060607866666638005,0.0328125,9.831212442559208e-05,385753088.0,2347008.0,48939.0,943.0,0.006515761692921,0.010604453870626002,0.0035701661364440085,6.125,6.8249202999968475,0.029947916666666997,0.029792674998133997,0.020833333333333003,5.385074231169316e-05,240406528,0,0,0,3
als|factors=16;epochs=5;regularisation=0.001;alpha=1.0|frac=1.0,ml100k,als,1.0,,,16.0,5.0,0.001,1.0,,,,,,,,0.07096566079513901,0.142099681866383,0.608130081300813,0.4375,0.438718600000356,0.057291666666666005,0.057434583333360004,0.03125,9.389360197949806e-05,385753088.0,293376.0,97401.0,943.0,0.0032067022267239925,0.0063626723223750015,0.0010957935666320306,0.171875,0.18908760001068098,0.017708333333333992,0.016541100000177007,0.015625,3.534817956850194e-05,240406528,0,0,0,3
als|factors=16;epochs=5;regularisation=0.001;alpha=10.0|frac=1.0,ml100k,als,1.0,,,16.0,5.0,0.001,10.0,,,,,,,,0.061227478162646,0.130434782608695,0.57875574407918,0.4375,0.432835100000374,0.0546875,0.056480983333434,0.03125,9.113202545068931e-05,385753088.0,293376.0,97401.0,943.0,0.011511317832347004,0.02651113467656402,0.015729939908094015,0.265625,0.442426199999318,0.065104166666666,0.082154400000642,0.0078125,7.73241428063107e-05,240406528,0,0,0,3
als|factors=16;epochs=5;regularisation=0.001;alpha=40.0|frac=1.0,ml100k,als,1.0,,,16.0,5.0,0.001,40.0,,,,,,,,0.038101631470431004,0.089077412513255,0.5555319901025091,0.46875000000000006,0.461704700000154,0.065625,0.068886880000354,0.034722222222222,0.00011515774125100002,385753088.0,293376.0,97401.0,943.0,0.008559933165389999,0.016967126193001003,0.02089077412513307,0.125,0.147221200006242,0.0234375,0.019878283333128,0.010156249999999999,2.6879344880025442e-05,240406528,0,0,0,3
als|factors=16;epochs=5;regularisation=0.01;alpha=1.0|frac=1.0,ml100k,als,1.0,,,16.0,5.0,0.01,1.0,,,,,,,,0.071405635939778,0.144220572640509,0.608024036762106,0.453125,0.458062899999276,0.059895833333333,0.058243533333249005,0.03125,9.665517850830684e-05,385753088.0,293376.0,97401.0,943.0,0.0029722144051560068,0.0063626723223750015,0.0012725344644750614,0.078125,0.08622629999445003,0.0078125,0.006683186665941997,0.005208333333333003,1.3807882643310706e-05,240406528,0,0,0,3
als|factors=16;epochs=5;regularisation=0.01;alpha=10.0|frac=1.0,ml100k,als,1.0,,,16.0,5.0,0.01,10.0,,,,,,,,0.060102797570838,0.126193001060445,0.576670201484623,0.453125,0.45057610000367204,0.0625,0.063207279998459,0.0328125,0.000107701484623,385753088.0,293376.0,97401.0,943.0,0.011436086470446007,0.02651113467656402,0.015871332626370083,0.03125,0.024983400000565037,0.011458333333334,0.011404153333448006,0.006249999999999999,1.2150936726216678e-05,240406528,0,0,0,3
als|factors=16;epochs=5;regularisation=0.01;alpha=40.0|frac=1.0,ml100k,als,1.0,,,16.0,5.0,0.01,40.0,,,,,,,,0.038442085631276005,0.09119830328738,0.561505832449628,0.4375,0.450160500000492,0.059895833333333,0.058634733333443004,0.03125,9.665517850830684e-05,385753088.0,293376.0,97401.0,943.0,0.009565533065963,0.021208907741251004,0.023329798515376976,0.03125,0.029919499998868004,0.0026041666666669974,0.0051397666666160025,0.005208333333333003,8.284729585501948e-06,240406528,0,0,0,3
als|factors=16;epochs=5;regularisation=0.1;alpha=1.0|frac=1.0,ml100k,als,1.0,,,16.0,5.0,0.1,1.0,,,,,,,,0.07190914880532101,0.146341463414634,0.609261223047013,0.4375,0.440410700000938,0.057291666666666005,0.057443683333228,0.0328125,9.555054789678333e-05,385753088.0,293376.0,97401.0,943.0,0.0034021060648209978,0.009544008483563016,0.005443619653587972,0.03125,0.03260370000134599,0.0026041666666669974,0.0035272999978889982,0.0034722222222220017,6.443678566501944e-06,240406528,0,0,0,3
als|factors=16;epochs=5;regularisation=0.1;alpha=10.0|frac=1.0,ml100k,als,1.0,,,16.0,5.0,0.1,10.0,,,,,,,,0.061045095055642005,0.12725344644750702,0.5818310357016611,0.4375,0.44400020000466606,0.059895833333333,0.059303100000155005,0.0328125,9.831212442559208e-05,385753088.0,293376.0,97401.0,943.0,0.008779039291858998,0.02332979851537599,0.015022976316719006,0.03125,0.023597100000187998,0.0026041666666669974,0.004223666666651998,0.0019097222222220003,4.7867326492166765e-06,240406528,0,0,0,3
als|factors=16;epochs=5;regularisation=0.1;alpha=40.0|frac=1.0,ml100k,als,1.0,,,16.0,5.0,0.1,40.0,,,,,,,,0.038072586650098,0.09119830328738,0.5614704842700601,0.46875000000000006,0.470188400000552,0.057291666666666005,0.058058233333364004,0.0328125,9.555054789678333e-05,385753088.0,293376.0,97401.0,943.0,0.006239921656785996,0.013785790031814002,0.019936373276775998,0.0625,0.06607149999763401,0.0,0.002072183334348998,0.005208333333333003,5.523153057617546e-06,240406528,0,0,0,3
als|factors=16;epochs=15;regularisation=0.001;alpha=1.0|frac=1.0,ml100k,als,1.0,,,16.0,15.0,0.001,1.0,,,,,,,,0.07213089327892601,0.139978791092258,0.6063273241428061,1.375,1.366820399999596,0.057291666666666005,0.05892376666664201,0.0328125,9.555054789678333e-05,385753088.0,293376.0,97401.0,943.0,0.0002974928249760006,0.0021208907741250005,0.0039589961117000305,0.09375,0.16375989999505713,0.005208333333333995,0.0021815533339879997,0.0034722222222220017,9.20525509550195e-06,240406528,0,0,0,3
als|factors=16;epochs=15;regularisation=0.001;alpha=10.0|frac=1.0,ml100k,als,1.0,,,16.0,15.0,0.001,10.0,,,,,,,,0.060122201196499005,0.12195121951219501,0.5796747967479671,1.34375,1.357608700011042,0.057291666666666005,0.056281416666782005,0.0328125,9.389360197949806e-05,385753088.0,293376.0,97401.0,943.0,0.005878486065156001,0.015906680805938003,0.0050901378579009116,0.078125,0.07285479999973088,0.0078125,0.0036095933325970067,0.0034722222222220017,1.0309885707025448e-05,240406528,0,0,0,3
als|factors=16;epochs=15;regularisation=0.001;alpha=40.0|frac=1.0,ml100k,als,1.0,,,16.0,15.0,0.001,40.0,,,,,,,,0.045808424033608006,0.098621420996818,0.554966419229409,1.3125,1.307934500000556,0.0546875,0.05627376666673901,0.03125,9.113202545068931e-05,385753088.0,293376.0,97401.0,943.0,0.0042287615420650015,0.010604453870625002,0.004595263343938005,0.171875,0.16370830000596492,0.0078125,0.007652676665384002,0.005208333333333003,1.3807882643310706e-05,240406528,0,0,0,3
als|factors=16;epochs=15;regularisation=0.01;alpha=1.0|frac=1.0,ml100k,als,1.0,,,16.0,15.0,0.01,1.0,,,,,,,,0.071883591529523,0.138918345705196,0.606398020501944,1.265625,1.271989400000166,0.057291666666666005,0.057928200000029004,0.0328125,9.389360197949806e-05,385753088.0,293376.0,97401.0,943.0,0.00041033876511399614,0.0021208907741250005,0.004772004241782035,0.3125,0.321146800004499,0.010937500000000003,0.009827059999951995,0.005208333333333003,1.5464828561025454e-05,240406528,0,0,0,3
als|factors=16;epochs=15;regularisation=0.01;alpha=10.0|frac=1.0,ml100k,als,1.0,,,16.0,15.0,0.01,10.0,,,,,,,,0.060256689262585005,0.12195121951219501,0.580629197596323,1.28125,1.273593599999912,0.057291666666666005,0.056428049999946,0.034722222222222,9.757570401790975e-05,385753088.0,293376.0,97401.0,943.0,0.005623844004436003,0.012725344644751002,0.0014139271827499078,0.328125,0.35455349999938424,0.010937500000000003,0.011092110000785006,0.015625,2.8168080593310703e-05,240406528,0,0,0,3
als|factors=16;epochs=15;regularisation=0.01;alpha=40.0|frac=1.0,ml100k,als,1.0,,,16.0,15.0,0.01,40.0,,,,,,,,0.044488404673936006,0.096500530222693,0.5524566984800281,1.375,1.377452500000799,0.057291666666666005,0.056425283333131,0.0328125,9.555054789678333e-05,385753088.0,293376.0,97401.0,943.0,0.004090299218145001,0.009544008483563002,0.008483563096501001,0.390625,0.407904800003962,0.017187499999999994,0.020529426666963002,0.01171875,3.06534994693107e-05,240406528,0,0,0,3
als|factors=16;epochs=15;regularisation=0.1;alpha=1.0|frac=1.0,ml100k,als,1.0,,,16.0,15.0,0.1,1.0,,,,,,,,0.07213384877024301,0.138918345705196,0.607211028632025,1.296875,1.300475899999583,0.057291666666666005,0.05657580000024601,0.0328125,9.555054789678333e-05,385753088.0,293376.0,97401.0,943.0,0.0020118927942500003,0.0063626723223750015,0.006150583244962982,0.109375,0.12732099999357094,0.0026041666666669974,0.002858833333296,0.004892676767677,7.949993036761275e-06,240406528,0,0,0,3
als|factors=16;epochs=15;regularisation=0.1;alpha=10.0|frac=1.0,ml100k,als,1.0,,,16.0,15.0,0.1,10.0,,,,,,,,0.059990630211589006,0.12301166489925701,0.579745493107105,1.359375,1.356365100000403,0.059895833333333,0.060768466665952,0.036458333333333,0.00010217833156500001,380858368.0,293376.0,97401.0,943.0,0.004897144994529,0.00954400848356303,0.004347826086957052,0.1875,0.21416719999979317,0.0078125,0.006872043333624005,0.015625,2.4854188758310702e-05,10854400,0,0,0,3
als|factors=16;epochs=15;regularisation=0.1;alpha=40.0|frac=1.0,ml100k,als,1.0,,,16.0,15.0,0.1,40.0,,,,,,,,0.041930234681932,0.089077412513255,0.555001767408978,1.390625,1.400784500001464,0.059895833333333,0.06037443999994101,0.0328125,0.000101073700954,380858368.0,293376.0,97401.0,943.0,0.006674171495278998,0.013785790031813003,0.01332626369741996,0.125,0.13432879999982106,0.005208333333333995,0.004465616667251003,0.009232954545454999,1.2552620584761284e-05,7831552,0,0,0,3
als|factors=16;epochs=30;regularisation=0.001;alpha=1.0|frac=1.0,ml100k,als,1.0,,,16.0,30.0,0.001,1.0,,,,,,,,0.07139672607283,0.136797454931071,0.604878048780487,2.8125,2.852561499999865,0.0625,0.060753739999927,0.036458333333333,0.00010493990809400001,380858368.0,293376.0,97401.0,943.0,7.454036235099437e-05,0.0,0.002014846235418033,0.375,0.395400400010657,0.010937500000000003,0.010278130000551992,0.006628787878788001,1.862808894857004e-05,7753728,0,0,0,3
als|factors=16;epochs=30;regularisation=0.001;alpha=10.0|frac=1.0,ml100k,als,1.0,,,16.0,30.0,0.001,10.0,,,,,,,,0.06391787405725201,0.12831389183457,0.583386355602686,2.890625,2.893428299999868,0.059895833333333,0.06074764999993901,0.034722222222222,0.00010217833156500001,380858368.0,293376.0,97401.0,943.0,0.004097950000745004,0.0063626723223750015,0.010357016613644077,0.875,0.910291000008328,0.011458333333334,0.010067723332485998,0.005208333333333003,1.5833038764501953e-05,7733248,0,0,0,3
als|factors=16;epochs=30;regularisation=0.001;alpha=40.0|frac=1.0,ml100k,als,1.0,,,16.0,30.0,0.001,40.0,,,,,,,,0.042896712336049005,0.094379639448568,0.5554259455638031,2.703125,2.723127000004751,0.059895833333333,0.059808783332603005,0.034722222222222,0.00010217833156500001,380858368.0,293376.0,97401.0,943.0,0.0024783099387560015,0.004241781548250001,0.007034287734182021,0.25,0.2564398000013166,0.0078125,0.007018133333348997,0.005208333333333003,1.1966831624310703e-05,7692288,0,0,0,3
als|factors=16;epochs=30;regularisation=0.01;alpha=1.0|frac=1.0,ml100k,als,1.0,,,16.0,30.0,0.01,1.0,,,,,,,,0.07139672607283,0.136797454931071,0.6050901378579,2.71875,2.73661940000602,0.059895833333333,0.059963683333383005,0.03125,9.665517850830684e-05,380858368.0,293376.0,97401.0,943.0,0.00012101305677199303,0.0,0.0020501944149879936,0.53125,0.6288933999985602,0.005208333333333003,0.0040767333333250055,0.0034722222222220017,9.205255095310697e-06,7680000,0,0,0,3
als|factors=16;epochs=30;regularisation=0.01;alpha=10.0|frac=1.0,ml100k,als,1.0,,,16.0,30.0,0.01,10.0,,,,,,,,0.064331989242299,0.12937433722163302,0.5810887239307171,2.71875,2.707250399995246,0.057291666666666005,0.059411999999914006,0.034374999999999996,9.665517850830684e-05,380858368.0,293376.0,97401.0,943.0,0.005325687318078004,0.008483563096501015,0.009261223047013045,0.203125,0.264165799999319,0.005208333333333003,0.004296650000318002,0.006628787878788001,7.581782833638619e-06,7553024,0,0,0,3
als|factors=16;epochs=30;regularisation=0.01;alpha=40.0|frac=1.0,ml100k,als,1.0,,,16.0,30.0,0.01,40.0,,,,,,,,0.045203931917822,0.096500530222693,0.555072463768116,2.71875,2.726982499996666,0.0625,0.060470999998506005,0.034722222222222,0.00010309885707500001,380858368.0,293376.0,97401.0,943.0,0.0024438771437670023,0.008483563096500002,0.004772004241780925,1.265625,1.298715400002039,0.1484375,0.142038433333255,0.01171875,0.0001698369565213107,7155712,0,0,0,3
als|factors=16;epochs=30;regularisation=0.1;alpha=1.0|frac=1.0,ml100k,als,1.0,,,16.0,30.0,0.1,1.0,,,,,,,,0.07139672607283,0.136797454931071,0.6055143160127251,2.75,2.755643300013616,0.059895833333333,0.059024833331932,0.034722222222222,0.000100337280546,380858368.0,293376.0,97401.0,943.0,5.473076449200032e-05,0.0,0.0017674089784370794,0.234375,0.24344409999957906,0.0026041666666669974,0.004449000000174001,0.004892676767677,7.949993036761275e-06,7147520,0,0,0,3
als|factors=16;epochs=30;regularisation=0.1;alpha=10.0|frac=1.0,ml100k,als,1.0,,,16.0,30.0,0.1,10.0,,,,,,,,0.06320398943911401,0.130434782608695,0.581548250265111,2.78125,2.819210400000884,0.059895833333333,0.06015681666667601,0.0328125,9.831212442559208e-05,380858368.0,293376.0,97401.0,943.0,0.005394283505178003,0.006362672322376001,0.007988688582538095,0.65625,0.8867175999967003,0.0234375,0.021899875000902,0.0078125,3.3138918345310706e-05,7135232,0,0,0,3
als|factors=16;epochs=30;regularisation=0.1;alpha=40.0|frac=1.0,ml100k,als,1.0,,,16.0,30.0,0.1,40.0,,,,,,,,0.045209072181536004,0.098621420996818,0.555496641922941,2.78125,2.772797399999035,0.059895833333333,0.059592983333459006,0.0328125,9.831212442559208e-05,380858368.0,293376.0,97401.0,943.0,0.002424165680668,0.004241781548250001,0.0021208907741259164,0.515625,0.583191300004728,0.017187499999999994,0.016602060000422997,0.0078125,2.6511134676310703e-05,7069696,0,0,0,3
als|factors=32;epochs=5;regularisation=0.001;alpha=1.0|frac=1.0,ml100k,als,1.0,,,32.0,5.0,0.001,1.0,,,,,,,,0.076769272305744,0.156945917285259,0.5960056557087311,0.6875,0.6867790000014791,0.0625,0.061446559999967,0.034722222222222,0.00010309885707500001,380858368.0,586752.0,97401.0,943.0,0.010272527138063994,0.007423117709438015,0.012477907387769993,0.10937500000000011,0.109445799989771,0.03515625,0.044726308334703,0.0078125,4.556601272531069e-05,6545408,0,0,0,3
als|factors=32;epochs=5;regularisation=0.001;alpha=10.0|frac=1.0,ml100k,als,1.0,,,32.0,5.0,0.001,10.0,,,,,,,,0.064349123236355,0.137857900318133,0.580558501237186,0.671875,0.6605294000000861,0.0625,0.062220159999924,0.034374999999999996,0.000102730646871,380858368.0,586752.0,97401.0,943.0,0.007990822963524005,0.015906680805938017,0.017780134323083008,0.140625,0.14920270000311597,0.0234375,0.019669033335504002,0.005208333333333003,3.03773418163107e-05,6529024,0,0,0,3
als|factors=32;epochs=5;regularisation=0.001;alpha=40.0|frac=1.0,ml100k,als,1.0,,,32.0,5.0,0.001,40.0,,,,,,,,0.047749530392195004,0.107104984093319,0.5675857193354541,0.65625,0.6519047000001591,0.059895833333333,0.060844566666673004,0.0328125,9.831212442559208e-05,380858368.0,586752.0,97401.0,943.0,0.005550745412076001,0.015906680805939002,0.01205372923294401,0.0625,0.06985790000453607,0.005208333333333995,0.005245986666008,0.005208333333333003,1.1046306114501954e-05,6529024,0,0,0,3
als|factors=32;epochs=5;regularisation=0.01;alpha=1.0|frac=1.0,ml100k,als,1.0,,,32.0,5.0,0.01,1.0,,,,,,,,0.07717046129123101,0.15800636267232201,0.595334040296924,0.65625,0.6650317999992691,0.0625,0.061256499999944,0.0328125,0.000101073700954,380858368.0,586752.0,97401.0,943.0,0.010571464486006002,0.007423117709438015,0.012972781901732011,0.078125,0.06880540000929602,0.008333333333333998,0.007906423333163992,0.0078125,1.7121774478501948e-05,6529024,0,0,0,3
als|factors=32;epochs=5;regularisation=0.01;alpha=10.0|frac=1.0,ml100k,als,1.0,,,32.0,5.0,0.01,10.0,,,,,,,,0.06404747808724101,0.136797454931071,0.5808766348533051,0.65625,0.6641849999996331,0.059895833333333,0.05999912000006501,0.0328125,0.000101073700954,380858368.0,586752.0,97401.0,943.0,0.007816208513583,0.014846235418876003,0.014068575468362932,0.10937500000000011,0.09102700000130404,0.0026041666666669974,0.0038472333321799973,0.006628787878788001,7.029467526952499e-06,6529024,0,0,0,3
als|factors=32;epochs=5;regularisation=0.01;alpha=40.0|frac=1.0,ml100k,als,1.0,,,32.0,5.0,0.01,40.0,,,,,,,,0.048734094735045,0.103923647932131,0.568858253799929,0.65625,0.656976599999325,0.0625,0.060951759999807,0.0328125,0.000101073700954,380858368.0,586752.0,97401.0,943.0,0.003998546283047001,0.011664899257688002,0.010710498409330915,0.078125,0.07880110000951301,0.005208333333333995,0.008174800001022005,0.005208333333333003,1.1046306114501954e-05,6529024,0,0,0,3
als|factors=32;epochs=5;regularisation=0.1;alpha=1.0|frac=1.0,ml100k,als,1.0,,,32.0,5.0,0.1,1.0,,,,,,,,0.076921290090755,0.15376458112407201,0.5962177447861431,0.671875,0.661154200000964,0.059895833333333,0.060373466666533,0.0328125,9.831212442559208e-05,380858368.0,586752.0,97401.0,943.0,0.010546064295919005,0.008483563096501001,0.010180275715801046,0.09375,0.09573330000876001,0.005208333333333995,0.007398559999699003,0.005208333333333003,1.1046306114501954e-05,6529024,0,0,0,3
als|factors=32;epochs=5;regularisation=0.1;alpha=10.0|frac=1.0,ml100k,als,1.0,,,32.0,5.0,0.1,10.0,,,,,,,,0.063764567582465,0.136797454931071,0.581053375751148,0.640625,0.651684500000556,0.059895833333333,0.06150109999998601,0.034722222222222,0.000100337280546,380858368.0,586752.0,97401.0,943.0,0.008668246498107005,0.01802757158006299,0.013043478260870045,0.03125,0.037530099999458,0.005208333333333995,0.004888666664859001,0.011186079545454999,1.7385379510761274e-05,6529024,0,0,0,3
als|factors=32;epochs=5;regularisation=0.1;alpha=40.0|frac=1.0,ml100k,als,1.0,,,32.0,5.0,0.1,40.0,,,,,,,,0.051534978019386,0.11346765641569401,0.566136443973135,0.671875,0.6682419999997361,0.059895833333333,0.061094566666724005,0.0328125,9.831212442559208e-05,380858368.0,586752.0,97401.0,943.0,0.0024179673644019947,0.012725344644751002,0.008766348533050028,0.1875,0.20493249999526608,0.008333333333333998,0.0077382066678480035,0.0034722222222220017,1.2519146930501952e-05,6529024,0,0,0,3
als|factors=32;epochs=15;regularisation=0.001;alpha=1.0|frac=1.0,ml100k,als,1.0,,,32.0,15.0,0.001,1.0,,,,,,,,0.078916562402482,0.159066808059384,0.5946977730646871,1.96875,1.97129649999988,0.059895833333333,0.060315280000213,0.0328125,9.831212442559208e-05,380858368.0,586752.0,97401.0,943.0,0.0029234720968920047,0.005302226935313015,0.0067161541180630335,0.265625,0.25602339999932067,0.005208333333333995,0.004325083333242996,0.0078125,1.3807882643501946e-05,6529024,0,0,0,3
als|factors=32;epochs=15;regularisation=0.001;alpha=10.0|frac=1.0,ml100k,als,1.0,,,32.0,15.0,0.001,10.0,,,,,,,,0.06723739633995701,0.136797454931071,0.5742665252739481,1.984375,1.9795190000004361,0.0625,0.06222625999980601,0.034722222222222,0.00010309885707500001,380858368.0,586752.0,97401.0,943.0,0.002376291806099995,0.0031813361611879865,0.005125486037468985,0.234375,0.21466999999665815,0.008333333333333998,0.0074178433336479985,0.0069444444444440034,1.6201248968501946e-05,6529024,0,0,0,3
als|factors=32;epochs=15;regularisation=0.001;alpha=40.0|frac=1.0,ml100k,als,1.0,,,32.0,15.0,0.001,40.0,,,,,,,,0.052380329802302006,0.11664899257688201,0.556910569105691,1.984375,1.97385629999917,0.059895833333333,0.060466583333436005,0.034374999999999996,9.996907034287735e-05,380858368.0,586752.0,97401.0,943.0,0.002682338955875996,0.006362672322375987,0.015411806291975028,0.421875,0.4822586999998748,0.020833333333333995,0.023141958336055007,0.0234375,4.694680098950195e-05,6184960,0,0,0,3
als|factors=32;epochs=15;regularisation=0.01;alpha=1.0|frac=1.0,ml100k,als,1.0,,,32.0,15.0,0.01,1.0,,,,,,,,0.079068094664324,0.159066808059384,0.596465182043124,1.96875,1.973599400000239,0.0625,0.060528180000255005,0.0328125,0.000101073700954,380858368.0,586752.0,97401.0,943.0,0.002046758630008999,0.008483563096500002,0.004878048780486921,0.359375,0.4081503999977938,0.008333333333333998,0.01075946333430701,0.009765625,1.9192956874501945e-05,6184960,0,0,0,3
als|factors=32;epochs=15;regularisation=0.01;alpha=10.0|frac=1.0,ml100k,als,1.0,,,32.0,15.0,0.01,10.0,,,,,,,,0.06591190084860901,0.134676564156945,0.573877695298692,2.0,1.985130399998524,0.059895833333333,0.061889816666734,0.034722222222222,0.000100337280546,380858368.0,586752.0,97401.0,943.0,0.003428162994058001,0.004241781548251,0.01007423117709394,0.46875,0.49556859999484004,0.008333333333333998,0.007785373332322994,0.008364898989899002,1.7707563438761276e-05,6135808,0,0,0,3
als|factors=32;epochs=15;regularisation=0.01;alpha=40.0|frac=1.0,ml100k,als,1.0,,,32.0,15.0,0.01,40.0,,,,,,,,0.053164923177264005,0.11558854718981901,0.557829621774478,2.015625,2.085762500000783,0.059895833333333,0.061032133333355006,0.034722222222222,0.000100337280546,380858368.0,586752.0,97401.0,943.0,0.0035714600134389984,0.007423117709438001,0.013078826440438007,1.09375,1.2343372000004817,0.011458333333334,0.019079466666334997,0.009765625,2.2506848709501946e-05,10735616,0,0,0,3
als|factors=32;epochs=15;regularisation=0.1;alpha=1.0|frac=1.0,ml100k,als,1.0,,,32.0,15.0,0.1,1.0,,,,,,,,0.078174671117688,0.159066808059384,0.594662424885118,1.984375,1.9785683999998582,0.059895833333333,0.061187083333303006,0.034722222222222,0.000100337280546,380858368.0,586752.0,97401.0,943.0,0.001968305265042991,0.007423117709438015,0.005620360551432002,0.609375,0.649917100000494,0.01458333333333399,0.017416156668302006,0.014813311688312004,3.117353660776127e-05,8019968,0,0,0,3
als|factors=32;epochs=15;regularisation=0.1;alpha=10.0|frac=1.0,ml100k,als,1.0,,,32.0,15.0,0.1,10.0,,,,,,,,0.06780153992558001,0.136797454931071,0.576422764227642,1.9375,1.933684499999799,0.0625,0.06273801999996001,0.0328125,0.000101073700954,380858368.0,586752.0,97401.0,943.0,0.003906601430581996,0.007423117709438015,0.008554259455637925,0.765625,0.787022800011073,0.028645833333333995,0.037358008333891,0.0234375,5.5231530575501964e-05,7962624,0,0,0,3
als|factors=32;epochs=15;regularisation=0.1;alpha=40.0|frac=1.0,ml100k,als,1.0,,,32.0,15.0,0.1,40.0,,,,,,,,0.051735080860348004,0.11770943796394401,0.567338282078472,1.9375,1.934301199999026,0.059895833333333,0.061348083333541005,0.034722222222222,0.000100337280546,380858368.0,586752.0,97401.0,943.0,0.0035907759450359983,0.0063626723223750015,0.01961823966065701,0.5625,0.58135470000434,0.020312499999999997,0.017544736667151006,0.024857954545455,4.790080015357004e-05,7544832,0,0,0,3
als|factors=32;epochs=30;regularisation=0.001;alpha=1.0|frac=1.0,ml100k,als,1.0,,,32.0,30.0,0.001,1.0,,,,,,,,0.07877599445564101,0.159066808059384,0.5940615058324491,3.875,3.873094599999604,0.06875,0.06822303999797401,0.036458333333333,0.000111567691763,378277888.0,586752.0,97401.0,943.0,0.0028725105044500043,0.0031813361611879865,0.006185931424532054,1.578125,1.70171259999006,0.028645833333333995,0.03052373333290801,0.017857142857142003,4.931386658550196e-05,11169792,0,0,0,3
als|factors=32;epochs=30;regularisation=0.001;alpha=10.0|frac=1.0,ml100k,als,1.0,,,32.0,30.0,0.001,10.0,,,,,,,,0.067377980320436,0.139978791092258,0.5723223753976671,4.328125,4.327326000000539,0.071875,0.07066726000011801,0.0328125,0.00011101537645800001,378327040.0,586752.0,97401.0,943.0,0.002143711159572001,0.0031813361611869873,0.0064333686815128965,0.6875,0.7137753000006342,0.011979166666666992,0.012628216666476996,0.014813311688312004,2.8411960078952492e-05,7643136,0,0,0,3
als|factors=32;epochs=30;regularisation=0.001;alpha=40.0|frac=1.0,ml100k,als,1.0,,,32.0,30.0,0.001,40.0,,,,,,,,0.051867671813863,0.114528101802757,0.55892541534111,4.109375,4.135026499998275,0.0625,0.061218679999001005,0.0328125,0.00010309885707500001,378671104.0,586752.0,97401.0,943.0,0.0027126925271639957,0.007423117709437987,0.02089077412513196,0.640625,0.6603283999993441,0.008333333333333998,0.006959053333290999,0.004892676767677,1.2000305278761275e-05,7151616,0,0,0,3
als|factors=32;epochs=30;regularisation=0.01;alpha=1.0|frac=1.0,ml100k,als,1.0,,,32.0,30.0,0.01,1.0,,,,,,,,0.07889310261079001,0.16118769883351,0.5931778013432301,3.9375,3.938947000000553,0.059895833333333,0.061127049998807005,0.0328125,0.000101073700954,378744832.0,586752.0,97401.0,943.0,0.002275765109047992,0.001060445387062986,0.006185931424532054,0.59375,0.6185682000086672,0.0026041666666669974,0.003756026666784991,0.006628787878788001,7.029467526952499e-06,7081984,0,0,0,3
als|factors=32;epochs=30;regularisation=0.01;alpha=10.0|frac=1.0,ml100k,als,1.0,,,32.0,30.0,0.01,10.0,,,,,,,,0.067791359930665,0.138918345705196,0.572958642629904,3.953125,3.956315899999026,0.0625,0.061603080001077004,0.034722222222222,0.00010309885707500001,378834944.0,586752.0,97401.0,943.0,0.001590703873406013,0.0010604453870619868,0.007458465889007004,0.53125,0.5374643999930413,0.0026041666666669974,0.003211583333600998,0.0019097222222220003,4.78673264940793e-06,7081984,0,0,0,3
als|factors=32;epochs=30;regularisation=0.01;alpha=40.0|frac=1.0,ml100k,als,1.0,,,32.0,30.0,0.01,40.0,,,,,,,,0.051247495075687,0.111346765641569,0.5624955814775541,3.953125,4.01633849999962,0.059895833333333,0.060231066665437004,0.0328125,0.000100337280546,378834944.0,586752.0,97401.0,943.0,0.004843584918596003,0.012725344644751002,0.019335454224107984,0.28125,0.2857542000074318,0.005208333333333995,0.005231526666829994,0.0019097222222220003,5.5231530572166755e-06,7081984,0,0,0,3
als|factors=32;epochs=30;regularisation=0.1;alpha=1.0|frac=1.0,ml100k,als,1.0,,,32.0,30.0,0.1,1.0,,,,,,,,0.07947573323226301,0.16118769883351,0.5965358784022621,3.921875,3.956402900001194,0.065625,0.06443045999913001,0.0328125,0.000104387592788,378834944.0,586752.0,97401.0,943.0,0.004190335624702002,0.007423117709437987,0.005832449628843994,0.671875,0.7943279999981323,0.008333333333333998,0.007709766666600004,0.0019097222222220003,1.0862201013216684e-05,7016448,0,0,0,3
als|factors=32;epochs=30;regularisation=0.1;alpha=10.0|frac=1.0,ml100k,als,1.0,,,32.0,30.0,0.1,10.0,,,,,,,,0.067446750843474,0.137857900318133,0.573206079886885,4.0625,4.167482999999265,0.059895833333333,0.061536383332471,0.034722222222222,0.00010217833156500001,379002880.0,586752.0,97401.0,943.0,0.0036721477062079955,0.005302226935311988,0.003322728879463055,0.796875,0.8589101000052328,0.008333333333333998,0.0063829933331669975,0.005208333333333003,1.2519146930501952e-05,7016448,0,0,0,3
als|factors=32;epochs=30;regularisation=0.1;alpha=40.0|frac=1.0,ml100k,als,1.0,,,32.0,30.0,0.1,40.0,,,,,,,,0.052288825353487,0.11770943796394401,0.5655708731000351,4.0625,4.077453500000047,0.065625,0.065601379999861,0.034722222222222,0.00010641274891000001,379002880.0,586752.0,97401.0,943.0,0.007817201521767,0.014846235418875017,0.023683280311063926,0.71875,0.8099435000031017,0.011458333333334,0.012573516664573008,0.0069444444444440034,1.9515140803501947e-05,7016448,0,0,0,3
als|factors=64;epochs=5;regularisation=0.001;alpha=1.0|frac=1.0,ml100k,als,1.0,,,64.0,5.0,0.001,1.0,,,,,,,,0.076822288397693,0.156945917285259,0.59430894308943,1.21875,1.247677199999088,0.065625,0.06727780000001,0.034722222222222,0.00010641274891000001,380456960.0,1173504.0,97401.0,943.0,0.0066297402486090035,0.004241781548250001,0.009225874867443973,0.25,0.286926300000232,0.008854166666667003,0.009606013332176998,0.008364898989899002,1.8259878744952498e-05,5758976,0,0,0,3
als|factors=64;epochs=5;regularisation=0.001;alpha=10.0|frac=1.0,ml100k,als,1.0,,,64.0,5.0,0.001,10.0,,,,,,,,0.064745300982725,0.133616118769883,0.5927536231884051,1.25,1.244165699999939,0.065625,0.065871020001941,0.034722222222222,0.00010641274891000001,380522496.0,1173504.0,97401.0,943.0,0.0071147198146589985,0.021208907741252003,0.006221279604100904,0.171875,0.1754327999924501,0.005729166666667,0.007748696666477005,0.0078125,1.4360197949693168e-05,5500928,0,0,0,3
als|factors=64;epochs=5;regularisation=0.001;alpha=40.0|frac=1.0,ml100k,als,1.0,,,64.0,5.0,0.001,40.0,,,,,,,,0.057807175730062006,0.11983032873807,0.582361258395192,1.21875,1.306415600000036,0.065625,0.06810025999984601,0.034722222222222,0.00010641274891000001,380850176.0,1173504.0,97401.0,943.0,0.0049125618538140015,0.018027571580063004,0.022269353128313907,0.515625,0.563892099990881,0.020833333333333995,0.016200699999748,0.006249999999999999,2.8720395899216685e-05,5500928,0,0,0,3
als|factors=64;epochs=5;regularisation=0.01;alpha=1.0|frac=1.0,ml100k,als,1.0,,,64.0,5.0,0.01,1.0,,,,,,,,0.07755179519472101,0.15800636267232201,0.595369388476493,1.40625,1.44893090000005,0.0625,0.067324799999914,0.034722222222222,0.00010309885707500001,380854272.0,1173504.0,97401.0,943.0,0.006182341745834,0.0031813361611869873,0.008554259455637925,0.640625,0.7166399999969149,0.018229166666666997,0.019901350001722003,0.0078125,2.7615765287693174e-05,5500928,0,0,0,3
als|factors=64;epochs=5;regularisation=0.01;alpha=10.0|frac=1.0,ml100k,als,1.0,,,64.0,5.0,0.01,10.0,,,,,,,,0.066444940804344,0.141039236479321,0.594733121244255,1.203125,1.200935400000162,0.065625,0.06517496000014901,0.034722222222222,0.00010641274891000001,380854272.0,1173504.0,97401.0,943.0,0.0068715308713279966,0.020148462354189017,0.007847295864263026,0.53125,0.7891453000011099,0.057291666666667004,0.06991074999814402,0.009765625,7.111059561650195e-05,5500928,0,0,0,3
als|factors=64;epochs=5;regularisation=0.01;alpha=40.0|frac=1.0,ml100k,als,1.0,,,64.0,5.0,0.01,40.0,,,,,,,,0.058166326873078,0.12301166489925701,0.582396606574761,1.21875,1.236953600000561,0.078125,0.08894254999904601,0.036458333333333,0.000124270943796,380854272.0,1173504.0,97401.0,943.0,0.004786726480489001,0.016967126193001017,0.025132555673382906,0.640625,0.7032295999970302,0.046875,0.06186718333341001,0.0078125,5.5231530575501964e-05,5500928,0,0,0,3
als|factors=64;epochs=5;regularisation=0.1;alpha=1.0|frac=1.0,ml100k,als,1.0,,,64.0,5.0,0.1,1.0,,,,,,,,0.07903100990210801,0.159066808059384,0.5943796394485681,1.328125,1.3221563999995851,0.065625,0.067587959999946,0.038194444444444,0.000110094850948,380858368.0,1173504.0,97401.0,943.0,0.005361509440376,0.0010604453870630137,0.011099328384588936,0.3125,0.35587750000013285,0.01458333333333399,0.012054510000233998,0.009765625,2.5820740543501948e-05,5500928,0,0,0,3
als|factors=64;epochs=5;regularisation=0.1;alpha=10.0|frac=1.0,ml100k,als,1.0,,,64.0,5.0,0.1,10.0,,,,,,,,0.066535213276934,0.143160127253446,0.5967479674796741,1.21875,1.213880100000096,0.065625,0.064740859999801,0.0328125,0.000104387592788,380858368.0,1173504.0,97401.0,943.0,0.005676868734125998,0.013785790031812989,0.0008483563096499669,0.421875,0.45548330000292503,0.018229166666666997,0.021923424997566998,0.009765625,2.9686947684693158e-05,5500928,0,0,0,3
als|factors=64;epochs=5;regularisation=0.1;alpha=40.0|frac=1.0,ml100k,als,1.0,,,64.0,5.0,0.1,40.0,,,,,,,,0.059817112923997,0.12513255567338202,0.580134323082361,1.203125,1.207492300000012,0.065625,0.06451793999985901,0.034722222222222,0.00010641274891000001,380858368.0,1173504.0,97401.0,943.0,0.003473690261500996,0.01166489925768803,0.021845174973488035,0.59375,0.6891957000034392,0.01458333333333399,0.020635190000999996,0.015625,3.2034287733501954e-05,5500928,0,0,0,3
als|factors=64;epochs=15;regularisation=0.001;alpha=1.0|frac=1.0,ml100k,als,1.0,,,64.0,15.0,0.001,1.0,,,,,,,,0.074281958945344,0.147401908801696,0.5873453517143861,3.609375,3.626422499999535,0.0625,0.064987579999797,0.034722222222222,0.00010309885707500001,380858368.0,1173504.0,97401.0,943.0,0.003770589489614007,0.014846235418876003,0.010286320254507042,0.921875,0.9266549999883855,0.008854166666667003,0.009662016666637005,0.013139204545454999,2.3322769046952495e-05,5500928,0,0,0,3
als|factors=64;epochs=15;regularisation=0.001;alpha=10.0|frac=1.0,ml100k,als,1.0,,,64.0,15.0,0.001,10.0,,,,,,,,0.06693866192164201,0.133616118769883,0.585224460940261,3.59375,3.677794000001086,0.065625,0.064984120000008,0.0328125,0.000104387592788,380858368.0,1173504.0,97401.0,943.0,0.006653701642873003,0.014846235418876003,0.02424885118416409,1.046875,1.0719804000100344,0.018229166666666997,0.018409150001238002,0.009232954545454999,2.9122079757952504e-05,5500928,0,0,0,3
als|factors=64;epochs=15;regularisation=0.001;alpha=40.0|frac=1.0,ml100k,als,1.0,,,64.0,15.0,0.001,40.0,,,,,,,,0.061701265378097,0.12513255567338202,0.5773064687168611,3.640625,3.644229900000937,0.065625,0.06562283999992301,0.0328125,0.000104387592788,380858368.0,1173504.0,97401.0,943.0,0.010061821564561993,0.010604453870626016,0.013220219158714075,0.828125,0.8951145999899381,0.008333333333333998,0.008878110000386998,0.005208333333333003,1.4360197949501955e-05,5500928,0,0,0,3
als|factors=64;epochs=15;regularisation=0.01;alpha=1.0|frac=1.0,ml100k,als,1.0,,,64.0,15.0,0.01,1.0,,,,,,,,0.074370280394039,0.148462354188759,0.5884764934605861,3.65625,3.655363199999556,0.065625,0.06455539999988101,0.0328125,0.000104387592788,380858368.0,1173504.0,97401.0,943.0,0.003795757844388001,0.014846235418876003,0.008200777659950975,0.46875,0.5731915000087615,0.008333333333333998,0.007254190000548999,0.0034722222222220017,1.2519146930501952e-05,5488640,0,0,0,3
als|factors=64;epochs=15;regularisation=0.01;alpha=10.0|frac=1.0,ml100k,als,1.0,,,64.0,15.0,0.01,10.0,,,,,,,,0.06759643221110401,0.133616118769883,0.5876281371509361,3.65625,3.666211399999156,0.065625,0.065062100000068,0.03125,0.000102730646871,380858368.0,1173504.0,97401.0,943.0,0.006098965282145999,0.008483563096499974,0.023824673029338994,0.5625,0.5549487000007498,0.008333333333333998,0.008788029999413999,0.0078125,1.7121774478501948e-05,5488640,0,0,0,3
als|factors=64;epochs=15;regularisation=0.01;alpha=40.0|frac=1.0,ml100k,als,1.0,,,64.0,15.0,0.01,40.0,,,,,,,,0.060647875021564004,0.12831389183457,0.577695298692117,3.5625,3.598008000000845,0.065625,0.064871560000028,0.0328125,0.000104387592788,380858368.0,1173504.0,97401.0,943.0,0.007452078784970999,0.00954400848356303,0.01148815835984407,1.0625,1.1141832999974217,0.018229166666666997,0.018797120000697005,0.011186079545454999,3.119326215495249e-05,5488640,0,0,0,3
als|factors=64;epochs=15;regularisation=0.1;alpha=1.0|frac=1.0,ml100k,als,1.0,,,64.0,15.0,0.1,1.0,,,,,,,,0.074367503565843,0.148462354188759,0.5858960763520671,3.609375,3.609038699998564,0.065625,0.06439312000002201,0.0328125,0.000104387592788,380858368.0,1173504.0,97401.0,943.0,0.003753830244623002,0.012725344644751002,0.0028985507246379605,0.78125,0.834916200006774,0.0031250000000000028,0.005357739998908012,0.005208333333333003,8.83704489188441e-06,5488640,0,0,0,3
als|factors=64;epochs=15;regularisation=0.1;alpha=10.0|frac=1.0,ml100k,als,1.0,,,64.0,15.0,0.1,10.0,,,,,,,,0.067033328087079,0.141039236479321,0.593107104984093,3.625,3.674053500000809,0.0625,0.064643019999857,0.034722222222222,0.00010309885707500001,380870656.0,1173504.0,97401.0,943.0,0.004703173652084003,0.007423117709437987,0.020007069635914032,0.546875,0.5657066999892781,0.008333333333333998,0.006678109997816997,0.0069444444444440034,1.6201248968501946e-05,5488640,0,0,0,3
als|factors=64;epochs=15;regularisation=0.1;alpha=40.0|frac=1.0,ml100k,als,1.0,,,64.0,15.0,0.1,40.0,,,,,,,,0.059479974945917,0.12407211028632001,0.5870272180982681,3.625,3.6121576000005,0.057291666666666005,0.06250548333143001,0.0328125,9.555054789678333e-05,380870656.0,1173504.0,97401.0,943.0,0.003367608272440002,0.011664899257689015,0.005125486037469096,0.375,0.37858029999460996,0.008333333333333998,0.007127136666774003,0.0015625000000000014,1.0493990808501944e-05,5488640,0,0,0,3
als|factors=64;epochs=30;regularisation=0.001;alpha=1.0|frac=1.0,ml100k,als,1.0,,,64.0,30.0,0.001,1.0,,,,,,,,0.072613481716454,0.146341463414634,0.5904913396960051,7.203125,7.192452199999025,0.0625,0.061552160000428006,0.0328125,0.00010309885707500001,380870656.0,1173504.0,97401.0,943.0,0.0028322646436260007,0.0021208907741250005,0.012513255567337955,0.984375,1.0807952000068326,0.005729166666667,0.006983409999914002,0.0034722222222220017,7.732414279693165e-06,5488640,0,0,0,3
als|factors=64;epochs=30;regularisation=0.001;alpha=10.0|frac=1.0,ml100k,als,1.0,,,64.0,30.0,0.001,10.0,,,,,,,,0.068103249503298,0.139978791092258,0.590243902439024,7.171875,7.2455417000001034,0.0625,0.062512040001456,0.0328125,0.00010309885707500001,380870656.0,1173504.0,97401.0,943.0,0.0036671805003899993,0.012725344644751002,0.013997879109225009,0.6875,0.7364760999935243,0.005729166666667,0.005737066666430007,0.0034722222222220017,7.732414279693165e-06,5488640,0,0,0,3
als|factors=64;epochs=30;regularisation=0.001;alpha=40.0|frac=1.0,ml100k,als,1.0,,,64.0,30.0,0.001,40.0,,,,,,,,0.06050031664920501,0.12407211028632001,0.5815129020855421,7.203125,7.225151599999663,0.0625,0.06443263999826701,0.0328125,0.000104387592788,380870656.0,1173504.0,97401.0,943.0,0.006250238823499003,0.009544008483563002,0.01385648639095105,1.484375,1.5376677999965978,0.008333333333333998,0.006443479999780004,0.0069444444444440034,1.2887357133501944e-05,5488640,0,0,0,3
als|factors=64;epochs=30;regularisation=0.01;alpha=1.0|frac=1.0,ml100k,als,1.0,,,64.0,30.0,0.01,1.0,,,,,,,,0.07298946206594001,0.147401908801696,0.5903852951572991,7.21875,7.224819500001104,0.0625,0.06025158000120401,0.03125,0.00010309885707500001,380870656.0,1173504.0,97401.0,943.0,0.003470882318893004,0.004241781548250001,0.011841640155532018,1.140625,1.205986899994059,0.011458333333334,0.008904906666793999,0.0034722222222220017,1.2150936726501945e-05,5488640,0,0,0,3
als|factors=64;epochs=30;regularisation=0.01;alpha=10.0|frac=1.0,ml100k,als,1.0,,,64.0,30.0,0.01,10.0,,,,,,,,0.066329374786687,0.135737009544008,0.588900671615411,7.484375,7.512081199995009,0.0625,0.060640140000032004,0.034722222222222,0.00010309885707500001,380870656.0,1173504.0,97401.0,943.0,0.003012176446764006,0.012725344644750974,0.019476846942383053,0.78125,0.816088900000068,0.008854166666667003,0.008498630000122007,0.0034722222222220017,1.3071462235693173e-05,5488640,0,0,0,3
als|factors=64;epochs=30;regularisation=0.01;alpha=40.0|frac=1.0,ml100k,als,1.0,,,64.0,30.0,0.01,40.0,,,,,,,,0.058762498598489005,0.12195121951219501,0.580028278543655,7.109375,7.187808100001348,0.065625,0.062438220001058004,0.034374999999999996,0.000106044538706,380870656.0,1173504.0,97401.0,943.0,0.008415868355483996,0.01590668080593799,0.024036762106751985,0.765625,0.8529762999933155,0.0031250000000000028,0.009462199999871003,0.005208333333333003,8.83704489188441e-06,5451776,0,0,0,3
als|factors=64;epochs=30;regularisation=0.1;alpha=1.0|frac=1.0,ml100k,als,1.0,,,64.0,30.0,0.1,1.0,,,,,,,,0.074037910052365,0.149522799575821,0.5893955461293741,7.046875,7.0440402000003814,0.065625,0.06386610000008601,0.03125,0.000102730646871,380870656.0,1173504.0,97401.0,943.0,0.004146832559464006,0.0053022269353120155,0.009084482149168904,1.015625,1.0511164999916218,0.008333333333333998,0.0063348333356170045,0.004892676767677,1.4025461400761282e-05,5451776,0,0,0,3
als|factors=64;epochs=30;regularisation=0.1;alpha=10.0|frac=1.0,ml100k,als,1.0,,,64.0,30.0,0.1,10.0,,,,,,,,0.06777435455927301,0.139978791092258,0.59034994697773,7.0625,7.082882000000609,0.0625,0.062758460000623,0.0328125,0.000101073700954,380870656.0,1173504.0,97401.0,943.0,0.0021640696585550068,0.005302226935313015,0.018204312477906992,0.578125,0.5964611000053992,0.005208333333333995,0.005352640000032001,0.0034722222222220017,9.20525509550195e-06,5451776,0,0,0,3
als|factors=64;epochs=30;regularisation=0.1;alpha=40.0|frac=1.0,ml100k,als,1.0,,,64.0,30.0,0.1,40.0,,,,,,,,0.059429610794212,0.12195121951219501,0.5797808412866731,7.03125,7.049773200000345,0.0625,0.06264117999817201,0.0328125,0.000101073700954,380907520.0,1173504.0,97401.0,943.0,0.005606367523823999,0.010604453870625016,0.02053729232944501,0.578125,0.6081006000076741,0.0026041666666669974,0.006108656666917005,0.005208333333333003,8.284729585693174e-06,5451776,0,0,0,3
als|factors=128;epochs=5;regularisation=0.001;alpha=1.0|frac=1.0,ml100k,als,1.0,,,128.0,5.0,0.001,1.0,,,,,,,,0.072035376748097,0.149522799575821,0.5954047366560621,3.265625,3.266867199999978,0.075,0.072213099999862,0.03125,0.00011267232237500001,383700992.0,2347008.0,97401.0,943.0,0.005525944330545013,0.004241781548250001,0.006786850477200956,0.375,0.3872465000013112,0.012499999999999997,0.014503059999697004,0.0069444444444440034,2.0619771414884404e-05,2109440,0,0,0,3
als|factors=128;epochs=5;regularisation=0.001;alpha=10.0|frac=1.0,ml100k,als,1.0,,,128.0,5.0,0.001,10.0,,,,,,,,0.066977589496023,0.135737009544008,0.6004241781548251,3.28125,3.313678900000013,0.065625,0.06472574000072201,0.0328125,0.00010641274891000001,383700992.0,2347008.0,97401.0,943.0,0.007124419640916008,0.007423117709437987,0.012371862849062998,0.734375,0.801626599998599,0.008854166666667003,0.005594089999795007,0.0034722222222220017,1.1046306114693166e-05,2109440,0,0,0,3
als|factors=128;epochs=5;regularisation=0.001;alpha=40.0|frac=1.0,ml100k,als,1.0,,,128.0,5.0,0.001,40.0,,,,,,,,0.06270534612294901,0.126193001060445,0.60876634853305,3.34375,3.33821639999951,0.065625,0.06537780000071501,0.034374999999999996,0.00010825379992900001,383700992.0,2347008.0,97401.0,943.0,0.006241100311134,0.007423117709438001,0.009261223047013045,0.296875,0.30157980000149065,0.011979166666666992,0.008377853333300996,0.005208333333333003,1.601714386669317e-05,2109440,0,0,0,3
als|factors=128;epochs=5;regularisation=0.01;alpha=1.0|frac=1.0,ml100k,als,1.0,,,128.0,5.0,0.01,1.0,,,,,,,,0.07176198599788501,0.148462354188759,0.5931778013432301,3.359375,3.378520500000377,0.06875,0.06805902000050901,0.0328125,0.000107701484623,383700992.0,2347008.0,97401.0,943.0,0.004706069073873997,0.004241781548250001,0.008978437610462908,0.328125,0.3278746999967561,0.0062500000000000056,0.005810980000206009,0.006628787878788001,1.3657251196143728e-05,2109440,0,0,0,3
als|factors=128;epochs=5;regularisation=0.01;alpha=10.0|frac=1.0,ml100k,als,1.0,,,128.0,5.0,0.01,10.0,,,,,,,,0.06707466152725401,0.135737009544008,0.602509720749381,3.328125,3.350673599999936,0.06875,0.069646039999861,0.0328125,0.000107701484623,383700992.0,2347008.0,97401.0,943.0,0.008206967991213003,0.004241781548251,0.017956875220925927,0.796875,0.9156671999999157,0.009374999999999994,0.009164519998376003,0.0034722222222220017,1.3623777541884409e-05,2109440,0,0,0,3
als|factors=128;epochs=5;regularisation=0.01;alpha=40.0|frac=1.0,ml100k,als,1.0,,,128.0,5.0,0.01,40.0,,,,,,,,0.062091042858970005,0.12725344644750702,0.6079886885825381,3.359375,3.360640799999601,0.071875,0.07255980000009,0.034722222222222,0.00011304053257900001,383700992.0,2347008.0,97401.0,943.0,0.009266416278069005,0.008483563096500002,0.010321668434075004,1.03125,1.054846400003953,0.012499999999999997,0.013086360000489003,0.0034722222222220017,1.693766937588441e-05,2109440,0,0,0,3
als|factors=128;epochs=5;regularisation=0.1;alpha=1.0|frac=1.0,ml100k,als,1.0,,,128.0,5.0,0.1,1.0,,,,,,,,0.072772557980896,0.150583244962884,0.591092258748674,3.40625,3.43538670000089,0.06875,0.066690080001717,0.0328125,0.00011101537645800001,383700992.0,2347008.0,97401.0,943.0,0.00547911423234701,0.007423117709437016,0.006645457758925,0.515625,0.5125550999946422,0.009374999999999994,0.010201879999841006,0.005208333333333003,1.2150936725884397e-05,2109440,0,0,0,3
als|factors=128;epochs=5;regularisation=0.1;alpha=10.0|frac=1.0,ml100k,als,1.0,,,128.0,5.0,0.1,10.0,,,,,,,,0.065903489205191,0.13149522799575802,0.5920466595970301,3.65625,3.7157131999993,0.071875,0.06972029999997101,0.0328125,0.00011101537645800001,383700992.0,2347008.0,97401.0,943.0,0.005685699584921003,0.004241781548249973,0.009614704842700994,0.78125,0.823037099999965,0.024218749999999997,0.020022535001544994,0.003645833333333001,2.1816454577000007e-05,2109440,0,0,0,3
als|factors=128;epochs=5;regularisation=0.1;alpha=40.0|frac=1.0,ml100k,als,1.0,,,128.0,5.0,0.1,40.0,,,,,,,,0.06284328114969501,0.12725344644750702,0.606574761399787,3.375,3.417601200000717,0.06875,0.07020147999974101,0.0328125,0.000107701484623,383700992.0,2347008.0,97401.0,943.0,0.011135590500815001,0.016967126193001017,0.017532697066101055,1.078125,1.2218781000055974,0.01953125,0.03406946000250201,0.013392857142857005,3.491421754188439e-05,2109440,0,0,0,3
als|factors=128;epochs=15;regularisation=0.001;alpha=1.0|frac=1.0,ml100k,als,1.0,,,128.0,15.0,0.001,1.0,,,,,,,,0.07480046434942901,0.154825026511134,0.59289501590668,10.109375,10.15742930000124,0.06875,0.070511740000074,0.034374999999999996,0.00010935843054,383700992.0,2347008.0,97401.0,943.0,0.006669374522002003,0.015906680805939016,0.010569105691056957,2.484375,2.5316620999956285,0.0234375,0.033316080000623,0.0078125,3.31389183448844e-05,2109440,0,0,0,3
als|factors=128;epochs=15;regularisation=0.001;alpha=10.0|frac=1.0,ml100k,als,1.0,,,128.0,15.0,0.001,10.0,,,,,,,,0.06668615609364001,0.134676564156945,0.5916224814422051,10.03125,10.063600999999835,0.06875,0.06868465999978,0.0328125,0.000107701484623,383700992.0,2347008.0,97401.0,943.0,0.005037643698492994,0.0031813361611879865,0.00629197596323805,2.390625,2.60394300000371,0.02447916666666699,0.031336159999955,0.01171875,3.838591374969317e-05,2109440,0,0,0,3
als|factors=128;epochs=15;regularisation=0.001;alpha=40.0|frac=1.0,ml100k,als,1.0,,,128.0,15.0,0.001,40.0,,,,,,,,0.060362471823591,0.12301166489925701,0.6054082714740191,10.140625,10.131231299999854,0.065625,0.06566775999963201,0.034374999999999996,0.00010825379992900001,383700992.0,2347008.0,97401.0,943.0,0.007367442729486001,0.013785790031814016,0.008200777659950975,1.140625,1.201690700006111,0.0062500000000000056,0.0070413199999159945,0.005208333333333003,9.941675502884401e-06,2109440,0,0,0,3
als|factors=128;epochs=15;regularisation=0.01;alpha=1.0|frac=1.0,ml100k,als,1.0,,,128.0,15.0,0.01,1.0,,,,,,,,0.07480974753505501,0.15376458112407201,0.589713679745493,9.96875,9.994719800000894,0.065625,0.065624779998324,0.034374999999999996,0.00010825379992900001,383700992.0,2347008.0,97401.0,943.0,0.006088216243125999,0.016967126193001003,0.010180275715800935,0.6875,0.7994715000013457,0.009374999999999994,0.007691400000293995,0.006628787878788001,1.4761881808143733e-05,2109440,0,0,0,3
als|factors=128;epochs=15;regularisation=0.01;alpha=10.0|frac=1.0,ml100k,als,1.0,,,128.0,15.0,0.01,10.0,,,,,,,,0.068220351731577,0.136797454931071,0.5918345705196181,10.03125,10.072491300001275,0.06875,0.068881220000184,0.0328125,0.000107701484623,383700992.0,2347008.0,97401.0,943.0,0.0072926554840239965,0.007423117709437987,0.009579356663131922,2.203125,2.4316183999953864,0.01953125,0.022112630001903007,0.0069444444444440034,2.80760280428844e-05,2080768,0,0,0,3
als|factors=128;epochs=15;regularisation=0.01;alpha=40.0|frac=1.0,ml100k,als,1.0,,,128.0,15.0,0.01,40.0,,,,,,,,0.061209741587504,0.12513255567338202,0.5957228702721811,10.21875,10.345738600000914,0.065625,0.06650197999842901,0.034722222222222,0.00010825379992900001,383725568.0,2347008.0,97401.0,943.0,0.006897766312839004,0.005302226935313001,0.012725344644751058,1.15625,1.1742488000008962,0.0062500000000000056,0.008188700000027999,0.006628787878788001,1.1816200177143738e-05,2080768,0,0,0,3
als|factors=128;epochs=15;regularisation=0.1;alpha=1.0|frac=1.0,ml100k,als,1.0,,,128.0,15.0,0.1,1.0,,,,,,,,0.07405833429632401,0.154825026511134,0.590137857900318,10.328125,10.348632899998847,0.065625,0.06586322000075501,0.0328125,0.000107701484623,383729664.0,2347008.0,97401.0,943.0,0.005988342746412995,0.013785790031814016,0.0073877695298689705,1.1875,1.2019791000011537,0.0062500000000000056,0.007116180000047996,0.005208333333333003,8.83704489188441e-06,2080768,0,0,0,3
als|factors=128;epochs=15;regularisation=0.1;alpha=10.0|frac=1.0,ml100k,als,1.0,,,128.0,15.0,0.1,10.0,,,,,,,,0.066949605419161,0.12937433722163302,0.5927536231884051,10.515625,10.591380199999548,0.06875,0.06913583999994401,0.034722222222222,0.00010972664074400001,383729664.0,2347008.0,97401.0,943.0,0.007917908804643999,0.009544008483562988,0.010569105691056069,1.984375,2.2124895999959335,0.031250000000000014,0.031841874998099,0.0078125,4.14236479318844e-05,2080768,0,0,0,3
als|factors=128;epochs=15;regularisation=0.1;alpha=40.0|frac=1.0,ml100k,als,1.0,,,128.0,15.0,0.1,40.0,,,,,,,,0.05879673551970901,0.12301166489925701,0.603252032520325,10.25,10.339985700000398,0.06875,0.06711523999983901,0.034722222222222,0.00010972664074400001,383729664.0,2347008.0,97401.0,943.0,0.008986242201522991,0.008483563096501001,0.005054789678331062,1.40625,1.4800847999949838,0.0062500000000000056,0.007839680000143005,0.004892676767677,1.1816200177143738e-05,2080768,0,0,0,3
als|factors=128;epochs=30;regularisation=0.001;alpha=1.0|frac=1.0,ml100k,als,1.0,,,128.0,30.0,0.001,1.0,,,,,,,,0.073251714964692,0.150583244962884,0.592011311417462,19.859375,19.87941839999985,0.065625,0.065419580001616,0.0328125,0.000107701484623,383729664.0,2347008.0,97401.0,943.0,0.002529105810220006,0.0031813361611879865,0.008094733121244979,3.703125,3.827439399996365,0.0062500000000000056,0.0067753200000879935,0.006628787878788001,1.034335936214374e-05,2080768,0,0,0,3
als|factors=128;epochs=30;regularisation=0.001;alpha=10.0|frac=1.0,ml100k,als,1.0,,,128.0,30.0,0.001,10.0,,,,,,,,0.06588002739965701,0.135737009544008,0.5905973842347121,19.453125,19.504814600000827,0.06875,0.067122500000186,0.0328125,0.000107701484623,383729664.0,2347008.0,97401.0,943.0,0.007885315692951998,0.012725344644751002,0.0051961823966060194,3.140625,3.231577800006562,0.011979166666666992,0.008859200001763996,0.0034722222222220017,1.6385354070693175e-05,2080768,0,0,0,3
als|factors=128;epochs=30;regularisation=0.001;alpha=40.0|frac=1.0,ml100k,als,1.0,,,128.0,30.0,0.001,40.0,,,,,,,,0.06410806018260401,0.12513255567338202,0.596500530222693,19.609375,19.655633899999884,0.0625,0.065582160002668,0.034722222222222,0.00010309885707500001,383729664.0,2347008.0,97401.0,943.0,0.007490047389876998,0.011664899257689015,0.013538352774832063,1.96875,2.008823499997561,0.008854166666667003,0.006784286666454996,0.0034722222222220017,1.3071462235693173e-05,2080768,0,0,0,3
als|factors=128;epochs=30;regularisation=0.01;alpha=1.0|frac=1.0,ml100k,als,1.0,,,128.0,30.0,0.01,1.0,,,,,,,,0.07331201685671701,0.15164369034994601,0.591587133262637,20.1875,20.33761719999893,0.065625,0.064832359997672,0.034722222222222,0.00010641274891000001,383774720.0,2347008.0,97401.0,943.0,0.0026727833555170027,0.004241781548250001,0.0071049840933189445,2.90625,2.9917024000014862,0.0390625,0.04180454500037801,0.013392857142857005,5.5626041507884395e-05,2080768,0,0,0,3
als|factors=128;epochs=30;regularisation=0.01;alpha=10.0|frac=1.0,ml100k,als,1.0,,,128.0,30.0,0.01,10.0,,,,,,,,0.06710308503426901,0.136797454931071,0.5902792506185931,20.25,20.333876100005,0.0625,0.065799600002355,0.0328125,0.00010309885707500001,383774720.0,2347008.0,97401.0,943.0,0.0056411213687849945,0.007423117709437987,0.006079886885825947,4.609375,4.882799999999406,0.005729166666667,0.004569843333138007,0.0034722222222220017,7.732414279693165e-06,2080768,0,0,0,3
als|factors=128;epochs=30;regularisation=0.01;alpha=40.0|frac=1.0,ml100k,als,1.0,,,128.0,30.0,0.01,40.0,,,,,,,,0.061882100365973004,0.12089077412513201,0.586744432661717,19.28125,19.42724350000026,0.06875,0.06814756000239801,0.0328125,0.000107701484623,383774720.0,2347008.0,97401.0,943.0,0.004760243568685998,0.010604453870626002,0.008200777659950975,2.375,2.7795515000088926,0.0062500000000000056,0.007477479999943998,0.0034722222222220017,1.0309885706884407e-05,2080768,0,0,0,3
als|factors=128;epochs=30;regularisation=0.1;alpha=1.0|frac=1.0,ml100k,als,1.0,,,128.0,30.0,0.1,1.0,,,,,,,,0.073276216141044,0.152704135737009,0.5907034287734181,18.90625,18.93591219999871,0.06875,0.06705083999986501,0.03125,0.000106044538706,383774720.0,2347008.0,97401.0,943.0,0.0032056201867430023,0.006362672322376001,0.008872393071756024,2.96875,3.029132300002857,0.0234375,0.027275679999002003,0.009232954545454999,3.464523281514373e-05,2080768,0,0,0,3
als|factors=128;epochs=30;regularisation=0.1;alpha=10.0|frac=1.0,ml100k,als,1.0,,,128.0,30.0,0.1,10.0,,,,,,,,0.06795765979339301,0.133616118769883,0.591869918699187,19.0,19.00706319999881,0.065625,0.06653339999902501,0.0328125,0.000104387592788,383774720.0,2347008.0,97401.0,943.0,0.00600931042797101,0.007423117709437987,0.012760692824320019,2.65625,2.78960509999888,0.0062500000000000056,0.004294999999911002,0.0045454545454549945,1.1447989973143732e-05,2080768,0,0,0,3
als|factors=128;epochs=30;regularisation=0.1;alpha=40.0|frac=1.0,ml100k,als,1.0,,,128.0,30.0,0.1,40.0,,,,,,,,0.06179660733877901,0.12407211028632001,0.5969600565570871,20.015625,20.092310500000167,0.0625,0.06497624000185101,0.036458333333333,0.00010493990809400001,383774720.0,2347008.0,97401.0,943.0,0.005490249414364996,0.009544008483563002,0.008306822198655972,2.6875,2.871315700012019,0.0031250000000000028,0.005575459999635997,0.009765625,1.36698038168844e-05,2076672,0,0,0,3
multvae|latent=32;hidden=200;epochs=10;dropout=0.0|frac=0.25,ml100k,multvae,0.25,,,,,,,32.0,200.0,10.0,0.0,,,,0.028966600826577003,0.06256627783669101,0.6310003534817951,0.75,0.765874500000791,0.078125,0.077022650002618,0.036458333333333,0.000121509367267,402718720.0,2242452.0,24706.0,943.0,0.0031223006350440015,0.008483563096499995,0.09324849770236798,0.0625,0.09374959999149801,0.010156250000000006,0.007818135000162,0.008203124999999999,1.9469114527999998e-05,815104,0,0,0,3
multvae|latent=32;hidden=200;epochs=10;dropout=0.5|frac=0.25,ml100k,multvae,0.25,,,,,,,32.0,200.0,10.0,0.5,,,,0.032581149099658,0.068928950159066,0.6460233297985151,0.953125,0.9421339999989861,0.075,0.07437449999852101,0.036458333333333,0.000118195475433,402718720.0,2242452.0,24706.0,943.0,0.0060575066550599965,0.013785790031812996,0.06299045599151698,0.07812500000000011,0.07922479999979304,0.007031250000000003,0.00819220000030299,0.01171875,1.9883351006999995e-05,815104,0,0,0,3
multvae|latent=32;hidden=200;epochs=20;dropout=0.0|frac=0.25,ml100k,multvae,0.25,,,,,,,32.0,200.0,20.0,0.0,,,,0.051414948671613,0.106044538706256,0.650547896783315,1.515625,1.517660700003034,0.071875,0.07442681999818801,0.034722222222222,0.000114881583598,404103168.0,2242452.0,24706.0,943.0,0.0017601549983109963,0.007423117709438001,0.026935312831389058,0.15625,0.17567009999857008,0.010156250000000006,0.013549375000275005,0.005208333333333003,1.4452250501000006e-05,2191360,0,0,0,3
multvae|latent=32;hidden=200;epochs=20;dropout=0.5|frac=0.25,ml100k,multvae,0.25,,,,,,,32.0,200.0,20.0,0.5,,,,0.051543134523763,0.101802757158006,0.635206786850477,1.828125,1.839586699999927,0.075,0.075163839999004,0.034722222222222,0.000118195475433,404230144.0,2242452.0,24706.0,943.0,0.001704052954889998,0.019088016967126004,0.020643336868152007,0.109375,0.12447419998989107,0.0062500000000000056,0.005969469999671989,0.003645833333333001,8.652939789999996e-06,2273280,0,0,0,3
multvae|latent=32;hidden=600;epochs=10;dropout=0.0|frac=0.25,ml100k,multvae,0.25,,,,,,,32.0,600.0,10.0,0.0,,,,0.050079257195263,0.100742311770943,0.656380346412159,1.65625,1.653403900000739,0.104166666666666,0.10157366666923401,0.034722222222222,0.000147284081536,406687744.0,6716052.0,24706.0,943.0,0.0034630529662999995,0.012725344644751002,0.044149876281372014,0.125,0.12352519998603384,0.006510416666666005,0.005371033333479991,0.0019097222222220003,8.929097443000008e-06,1646592,0,0,0,3
multvae|latent=32;hidden=600;epochs=10;dropout=0.5|frac=0.25,ml100k,multvae,0.25,,,,,,,32.0,600.0,10.0,0.5,,,,0.050472662283947006,0.098621420996818,0.657829621774478,1.8125,1.8225631000004792,0.1015625,0.10245209999993601,0.034722222222222,0.000146363556026,406732800.0,6716052.0,24706.0,943.0,0.007493023692288998,0.019088016967126004,0.015058324496287967,0.140625,0.16237919998639017,0.006510416666666005,0.004222399999738002,0.003645833333333001,8.929097443000008e-06,1585152,0,0,0,3
multvae|latent=32;hidden=600;epochs=20;dropout=0.0|frac=0.25,ml100k,multvae,0.25,,,,,,,32.0,600.0,20.0,0.0,,,,0.060015172831809,0.12301166489925701,0.5464475079533401,3.25,3.343567200000507,0.109375,0.105174499999823,0.0328125,0.00015078207847200002,406732800.0,6716052.0,24706.0,943.0,0.004848225690965005,0.008483563096501001,0.028384588193708038,0.421875,0.4160420999978669,0.01171875,0.009750275002868,0.003645833333333001,1.629330152000001e-05,1585152,0,0,0,3
multvae|latent=32;hidden=600;epochs=20;dropout=0.5|frac=0.25,ml100k,multvae,0.25,,,,,,,32.0,600.0,20.0,0.5,,,,0.055812603865060005,0.11558854718981901,0.568999646518204,3.59375,3.580744599999889,0.1015625,0.102471350000087,0.0328125,0.000142497348886,406740992.0,6716052.0,24706.0,943.0,0.010711279166031998,0.02332979851537602,0.03488865323435808,0.46875,0.5016979000029105,0.002604166666666005,0.0012438583360860067,0.0034722222222220017,6.443678567e-06,1585152,0,0,0,3
multvae|latent=64;hidden=200;epochs=10;dropout=0.0|frac=0.25,ml100k,multvae,0.25,,,,,,,64.0,200.0,10.0,0.0,,,,0.029720292382887002,0.063626723223753,0.6028278543655,0.75,0.74562270000024,0.078125,0.078649974999279,0.034722222222222,0.000121509367267,406740992.0,2319508.0,24706.0,943.0,0.0023699437911830004,0.0063626723223749945,0.14206433368681504,0.04687500000000011,0.04988770000090892,0.007031250000000003,0.0036623300001339953,0.005208333333333003,1.1138358666000004e-05,1585152,0,0,0,3
multvae|latent=64;hidden=200;epochs=10;dropout=0.5|frac=0.25,ml100k,multvae,0.25,,,,,,,64.0,200.0,10.0,0.5,,,,0.02267341499945,0.048780487804878,0.6858960763520671,0.921875,0.91921689999981,0.075,0.07537818000128,0.034722222222222,0.00011764316012700001,406827008.0,2319508.0,24706.0,943.0,0.002693843832267999,0.0031813361611880003,0.16687875574407907,0.07812499999999989,0.07285549999232899,0.0062500000000000056,0.005753885000286008,0.0078125,6.9959938729999955e-06,1585152,0,0,0,3
multvae|latent=64;hidden=200;epochs=20;dropout=0.0|frac=0.25,ml100k,multvae,0.25,,,,,,,64.0,200.0,20.0,0.0,,,,0.052838661112573,0.11346765641569401,0.6691056910569101,1.46875,1.472400399999969,0.078125,0.077081099996576,0.034374999999999996,0.00011764316012700001,406827008.0,2319508.0,24706.0,943.0,0.007448771549558003,0.025450689289502004,0.026687875574407993,0.109375,0.09807990000535916,0.0062500000000000056,0.004440460000023003,0.003645833333333001,8.837044892e-06,1585152,0,0,0,3
multvae|latent=64;hidden=200;epochs=20;dropout=0.5|frac=0.25,ml100k,multvae,0.25,,,,,,,64.0,200.0,20.0,0.5,,,,0.05021250918331,0.103923647932131,0.652916224814422,1.796875,1.801665299999513,0.075,0.07630920000083201,0.0328125,0.00011635442441300001,406827008.0,2319508.0,24706.0,943.0,0.002073506755973002,0.0063626723223750015,0.03867090844821497,0.109375,0.12977549999959592,0.0062500000000000056,0.003632565000225005,0.0034722222222220017,8.284729587000004e-06,1585152,0,0,0,3
multvae|latent=64;hidden=600;epochs=10;dropout=0.0|frac=0.25,ml100k,multvae,0.25,,,,,,,64.0,600.0,10.0,0.0,,,,0.04986830971498701,0.102863202545068,0.686214209968186,1.6875,1.6799977000009672,0.104166666666666,0.10555636666686001,0.034722222222222,0.000147284081536,406827008.0,6946708.0,24706.0,943.0,0.0012394151275170046,0.008483563096501001,0.04135737009544005,0.125,0.13399600000138912,0.0078125,0.005483749999939003,0.0034722222222220017,1.1966831625000011e-05,495616,0,0,0,3
multvae|latent=64;hidden=600;epochs=10;dropout=0.5|frac=0.25,ml100k,multvae,0.25,,,,,,,64.0,600.0,10.0,0.5,,,,0.047612268286323006,0.098621420996818,0.686037469070342,1.859375,1.8544695000000502,0.104166666666666,0.10381119999995701,0.0328125,0.000145258925415,407056384.0,6946708.0,24706.0,943.0,0.0019370327612520041,0.012725344644751002,0.04552845528455296,0.203125,0.21394830000099407,0.002604166666666005,0.004931316664320992,0.0034722222222220017,6.443678567e-06,1372160,0,0,0,3
multvae|latent=64;hidden=600;epochs=20;dropout=0.0|frac=0.25,ml100k,multvae,0.25,,,,,,,64.0,600.0,20.0,0.0,,,,0.05675374031696501,0.114528101802757,0.541003888299752,3.3125,3.319929199999023,0.104166666666666,0.103649699999853,0.034722222222222,0.000147284081536,408178688.0,6946708.0,24706.0,943.0,0.004942337979382004,0.0063626723223750015,0.011947684694238014,0.234375,0.23673700000199505,0.002604166666666005,0.005894825003224996,0.005208333333333003,8.284729586000017e-06,1142784,0,0,0,3
multvae|latent=64;hidden=600;epochs=20;dropout=0.5|frac=0.25,ml100k,multvae,0.25,,,,,,,64.0,600.0,20.0,0.5,,,,0.054191275466813,0.111346765641569,0.5858960763520671,3.765625,3.756896500000948,0.104166666666666,0.10443386666702201,0.034722222222222,0.000147284081536,408215552.0,6946708.0,24706.0,943.0,0.010559732420231997,0.010604453870626002,0.021314952279958055,0.5625,0.5741801000012856,0.002604166666666005,0.0018247249978830121,0.003645833333333001,6.627783669000016e-06,1519616,0,0,0,3
multvae|latent=128;hidden=200;epochs=10;dropout=0.0|frac=0.25,ml100k,multvae,0.25,,,,,,,128.0,200.0,10.0,0.0,,,,0.029599192643092003,0.060445387062566004,0.625910215623895,0.8125,0.8105588999997051,0.078125,0.077929975000188,0.0328125,0.00011764316012700001,408215552.0,2473620.0,24706.0,943.0,0.004410883290013001,0.0021208907741250074,0.12460233297985202,0.04687499999999989,0.05856219999805001,0.010937500000000003,0.022190044999297,0.005208333333333003,1.712177447899999e-05,1826816,0,0,0,3
multvae|latent=128;hidden=200;epochs=10;dropout=0.5|frac=0.25,ml100k,multvae,0.25,,,,,,,128.0,200.0,10.0,0.5,,,,0.026508033697194,0.050901378579003,0.6036762106751501,0.984375,0.9815444999994721,0.078125,0.07673320000321801,0.034722222222222,0.000119668316248,408215552.0,2473620.0,24706.0,943.0,0.005072021250609002,0.005302226935313001,0.11159420289855004,0.078125,0.06727500000124587,0.0031250000000000028,0.002746340000066988,0.0034722222222220017,6.9959938729999955e-06,1826816,0,0,0,3
multvae|latent=128;hidden=200;epochs=20;dropout=0.0|frac=0.25,ml100k,multvae,0.25,,,,,,,128.0,200.0,20.0,0.0,,,,0.049547973174297,0.100742311770943,0.643089430894309,1.53125,1.542498799999521,0.078125,0.077747549999912,0.034722222222222,0.000121509367267,408215552.0,2473620.0,24706.0,943.0,0.003301789219928998,0.0010604453870620006,0.01834570519618195,0.140625,0.1395158999948769,0.007031250000000003,0.005822134999924997,0.005208333333333003,1.1138358666000004e-05,1826816,0,0,0,3
multvae|latent=128;hidden=200;epochs=20;dropout=0.5|frac=0.25,ml100k,multvae,0.25,,,,,,,128.0,200.0,20.0,0.5,,,,0.049373987573235,0.099681866383881,0.675397667020148,1.890625,1.894380199999432,0.078125,0.077612900000531,0.034722222222222,0.000119668316248,408215552.0,2473620.0,24706.0,943.0,0.0034810443315599973,0.004241781548250001,0.05447154471544702,0.15625,0.13700180001251305,0.0031250000000000028,0.0034789999996059917,0.005208333333333003,8.837044892e-06,1826816,0,0,0,3
multvae|latent=128;hidden=600;epochs=10;dropout=0.0|frac=0.25,ml100k,multvae,0.25,,,,,,,128.0,600.0,10.0,0.0,,,,0.046039883972972005,0.096500530222693,0.666525273948391,1.828125,1.837163499998496,0.104166666666666,0.10564476666816801,0.034374999999999996,0.00014912513255500002,408215552.0,7408020.0,24706.0,943.0,0.002512351972308001,0.0010604453870629998,0.03531283138918395,0.125,0.1326300000046099,0.0078125,0.004935391666548994,0.005208333333333003,1.1598621421000005e-05,1826816,0,0,0,3
multvae|latent=128;hidden=600;epochs=10;dropout=0.5|frac=0.25,ml100k,multvae,0.25,,,,,,,128.0,600.0,10.0,0.5,,,,0.046916337503177,0.098621420996818,0.6810887239307171,2.03125,2.025732000000062,0.109375,0.10606133333446101,0.034722222222222,0.00015280723459400002,408883200.0,7408020.0,24706.0,943.0,0.002584107339714002,0.008483563096500002,0.018663838812302047,0.15625,0.1422545000068558,0.005208333333333995,0.005645333333329006,0.003645833333333001,9.389360198000009e-06,2822144,0,0,0,3
multvae|latent=128;hidden=600;epochs=20;dropout=0.0|frac=0.25,ml100k,multvae,0.25,,,,,,,128.0,600.0,20.0,0.0,,,,0.057701655314581005,0.114528101802757,0.547896783315659,3.90625,3.896071499999379,0.109375,0.11235373333329302,0.036458333333333,0.000154648285613,408883200.0,7408020.0,24706.0,943.0,0.008707094631081998,0.016967126193001017,0.01891127606928289,0.546875,0.6181317000000495,0.010416666666667004,0.008552700001018002,0.008203124999999999,1.974527218100001e-05,2822144,0,0,0,3
multvae|latent=128;hidden=600;epochs=20;dropout=0.5|frac=0.25,ml100k,multvae,0.25,,,,,,,128.0,600.0,20.0,0.5,,,,0.056174502397849005,0.111346765641569,0.571120537292329,4.1875,4.180515999993076,0.109375,0.107585133334699,0.034722222222222,0.00015280723459400002,408883200.0,7408020.0,24706.0,943.0,0.0008762646704740043,0.006362672322376001,0.02771297278190199,0.734375,0.758979599999293,0.0052083333333330095,0.007978433332937004,0.0034722222222220017,9.205255095999992e-06,2822144,0,0,0,3
multvae|latent=32;hidden=200;epochs=10;dropout=0.0|frac=0.5,ml100k,multvae,0.5,,,,,,,32.0,200.0,10.0,0.0,,,,0.039796580643731004,0.085896076352067,0.643831742665252,0.75,0.75102699999843,0.08203125,0.081859574999725,0.036458333333333,0.00012565173206,408883200.0,2242452.0,48939.0,943.0,0.0022150056727609987,0.007423117709438001,0.09593495934959306,0.046875,0.05492070000855187,0.014062500000000006,0.026294415001575006,0.003645833333333001,1.877872039599999e-05,2822144,0,0,0,3
multvae|latent=32;hidden=200;epochs=10;dropout=0.5|frac=0.5,ml100k,multvae,0.5,,,,,,,32.0,200.0,10.0,0.5,,,,0.041167168069236,0.09119830328738,0.6440791799222331,0.953125,0.9528530999996291,0.078125,0.07862662500338001,0.034722222222222,0.000119668316248,408883200.0,2242452.0,48939.0,943.0,0.0035811942566859947,0.010604453870626002,0.062460233297985,0.0625,0.06955760000255395,0.0062500000000000056,0.006017260000135,0.0019097222222220003,8.652939789999996e-06,2822144,0,0,0,3
multvae|latent=32;hidden=200;epochs=20;dropout=0.0|frac=0.5,ml100k,multvae,0.5,,,,,,,32.0,200.0,20.0,0.0,,,,0.041950351845992,0.094379639448568,0.6280311063980201,1.515625,1.5179621999996011,0.075,0.07705902000016,0.036458333333333,0.00012187757747100001,408883200.0,2242452.0,48939.0,943.0,0.004910918656379999,0.014846235418876003,0.021314952279957944,0.203125,0.23551760000191213,0.014062500000000006,0.014321919999656,0.008680555555555004,2.043566631399999e-05,2822144,0,0,0,3
multvae|latent=32;hidden=200;epochs=20;dropout=0.5|frac=0.5,ml100k,multvae,0.5,,,,,,,32.0,200.0,20.0,0.5,,,,0.042268563397906,0.09544008483563,0.637080240367621,1.890625,1.901743800000986,0.078125,0.07641510000030301,0.034722222222222,0.000119668316248,408883200.0,2242452.0,48939.0,943.0,0.0025367234440850026,0.006362672322376001,0.02357723577235804,0.109375,0.13192140000955987,0.010156250000000006,0.008109989999957004,0.009765625,2.1126060446e-05,2822144,0,0,0,3
multvae|latent=32;hidden=600;epochs=10;dropout=0.0|frac=0.5,ml100k,multvae,0.5,,,,,,,32.0,600.0,10.0,0.0,,,,0.042900175430561,0.096500530222693,0.6566631318487091,1.75,1.742380199997569,0.1015625,0.10480299999971901,0.034722222222222,0.000144522505007,408883200.0,6716052.0,48939.0,943.0,0.0022196887629939988,0.009544008483563002,0.04376104630611599,0.59375,0.6948034999995789,0.0078125,0.009533875002033995,0.003645833333333001,1.2150936727e-05,2822144,0,0,0,3
multvae|latent=32;hidden=600;epochs=10;dropout=0.5|frac=0.5,ml100k,multvae,0.5,,,,,,,32.0,600.0,10.0,0.5,,,,0.040119971318650006,0.08271474019088,0.6534817956875221,1.796875,1.796726000000489,0.104166666666666,0.10439816666378901,0.0328125,0.000145258925415,408883200.0,6716052.0,48939.0,943.0,0.004740617906332005,0.014846235418875003,0.020607988688583045,0.125,0.14815609998822787,0.006510416666666005,0.01017243333331,0.005208333333333003,1.2427094379000025e-05,2822144,0,0,0,3
multvae|latent=32;hidden=600;epochs=20;dropout=0.0|frac=0.5,ml100k,multvae,0.5,,,,,,,32.0,600.0,20.0,0.0,,,,0.049114772928365004,0.106044538706256,0.565323435843054,3.3125,3.34960559999854,0.104166666666666,0.104196133329727,0.034722222222222,0.000147284081536,408883200.0,6716052.0,48939.0,943.0,0.002261603944098002,0.0021208907741250005,0.021138211382113026,0.296875,0.28171439999914627,0.022135416666666005,0.022634650000555007,0.008203124999999999,3.217236656000001e-05,2822144,0,0,0,3
multvae|latent=32;hidden=600;epochs=20;dropout=0.5|frac=0.5,ml100k,multvae,0.5,,,,,,,32.0,600.0,20.0,0.5,,,,0.04571237367748,0.101802757158006,0.592400141392718,3.8125,3.819528600011836,0.104166666666666,0.10524313333250201,0.034722222222222,0.000147284081536,408883200.0,6716052.0,48939.0,943.0,0.006004599524825002,0.010604453870626002,0.014740190880169979,0.640625,0.6506920000010727,0.022135416666666005,0.020904374999797012,0.005208333333333003,2.899655355200002e-05,2822144,0,0,0,3
multvae|latent=64;hidden=200;epochs=10;dropout=0.0|frac=0.5,ml100k,multvae,0.5,,,,,,,64.0,200.0,10.0,0.0,,,,0.037627607618688004,0.078472958642629,0.6299752562743011,0.796875,0.7942787999927531,0.078125,0.07767382500242001,0.036458333333333,0.000121509367267,409878528.0,2319508.0,48939.0,943.0,0.0031331087633330035,0.007423117709438001,0.019300106044539023,0.09375,0.11579710000114607,0.022656250000000003,0.025020735000453,0.0069444444444440034,3.1389919877000005e-05,1798144,0,0,0,3
multvae|latent=64;hidden=200;epochs=10;dropout=0.5|frac=0.5,ml100k,multvae,0.5,,,,,,,64.0,200.0,10.0,0.5,,,,0.033285006125912,0.072110286320254,0.5893955461293741,0.9375,0.9666717999934911,0.078125,0.07674767500066,0.036458333333333,0.000121509367267,409878528.0,2319508.0,48939.0,943.0,0.009691353502171002,0.018027571580064003,0.02824319547543297,0.3125,0.3401467000012418,0.06354166666666602,0.06162630666688801,0.016294642857142,8.4662046154e-05,1798144,0,0,0,3
multvae|latent=64;hidden=200;epochs=20;dropout=0.0|frac=0.5,ml100k,multvae,0.5,,,,,,,64.0,200.0,20.0,0.0,,,,0.042769492658016,0.096500530222693,0.612018381053375,1.5625,1.565762099999119,0.078125,0.07714667500113101,0.036458333333333,0.000121509367267,409878528.0,2319508.0,48939.0,943.0,0.0025174468011510062,0.005302226935313001,0.03997879109225899,0.421875,0.4155664999989319,0.010937500000000003,0.01201568000005801,0.005208333333333003,1.712177447899999e-05,1798144,0,0,0,3
multvae|latent=64;hidden=200;epochs=20;dropout=0.5|frac=0.5,ml100k,multvae,0.5,,,,,,,64.0,200.0,20.0,0.5,,,,0.041927666604666,0.09544008483563,0.6443973135383521,1.9375,1.933803199994145,0.078125,0.07839242499903701,0.036458333333333,0.000121509367267,409878528.0,2319508.0,48939.0,943.0,0.004713868355439001,0.008483563096501001,0.01671968893601905,0.265625,0.26565909999953874,0.010156250000000006,0.009957479999775004,0.006249999999999999,1.7397932131000014e-05,1798144,0,0,0,3
multvae|latent=64;hidden=600;epochs=10;dropout=0.0|frac=0.5,ml100k,multvae,0.5,,,,,,,64.0,600.0,10.0,0.0,,,,0.04332462783899,0.09544008483563,0.660551431601272,1.8125,1.8105484999996402,0.109375,0.111328233334158,0.034722222222222,0.00015648933663200002,409878528.0,6946708.0,48939.0,943.0,0.003807458465720004,0.011664899257688002,0.014528101802758098,0.21875,0.22428140000920394,0.01302083333333301,0.009441208332873,0.0069444444444440034,1.748998468200001e-05,1798144,0,0,0,3
multvae|latent=64;hidden=600;epochs=10;dropout=0.5|frac=0.5,ml100k,multvae,0.5,,,,,,,64.0,600.0,10.0,0.5,,,,0.041746837994805004,0.09119830328738,0.6490986214209961,2.03125,2.052848499995889,0.104166666666666,0.10628176666311101,0.036458333333333,0.00014912513255500002,409878528.0,6946708.0,48939.0,943.0,0.005958122689143995,0.010604453870626002,0.031389183457051995,0.5,0.49976509999942276,0.026041666666667004,0.028762099999767005,0.005208333333333003,3.313891834500003e-05,1798144,0,0,0,3
multvae|latent=64;hidden=600;epochs=20;dropout=0.0|frac=0.5,ml100k,multvae,0.5,,,,,,,64.0,600.0,20.0,0.0,,,,0.044801038284477006,0.100742311770943,0.5770943796394481,3.53125,3.549649500011583,0.104166666666666,0.10333706666521401,0.036458333333333,0.00014912513255500002,409878528.0,6946708.0,48939.0,943.0,0.004593869278992996,0.009544008483563002,0.030116648992576933,0.65625,0.7019454000001133,0.06640625,0.120948474999523,0.01171875,8.284729586400001e-05,1798144,0,0,0,3
multvae|latent=64;hidden=600;epochs=20;dropout=0.5|frac=0.5,ml100k,multvae,0.5,,,,,,,64.0,600.0,20.0,0.5,,,,0.043469940268378006,0.099681866383881,0.592682926829268,3.921875,3.933587999999872,0.104166666666666,0.103731733329671,0.034722222222222,0.00014912513255500002,409878528.0,6946708.0,48939.0,943.0,0.0028825465241370044,0.010604453870625002,0.014528101802757987,0.828125,0.8301269000085085,0.0078125,0.009370324999887991,0.003645833333333001,1.030988570800001e-05,1798144,0,0,0,3
multvae|latent=128;hidden=200;epochs=10;dropout=0.0|frac=0.5,ml100k,multvae,0.5,,,,,,,128.0,200.0,10.0,0.0,,,,0.037366794815065,0.085896076352067,0.668858253799929,0.8125,0.821163099999466,0.08203125,0.07958797500032201,0.036458333333333,0.00012565173206,412442624.0,2473620.0,48939.0,943.0,0.0031009597964299987,0.010604453870626002,0.07515022976316699,0.07812500000000011,0.070674399996279,0.007031250000000003,0.008326490000127001,0.005208333333333003,1.2979409684999994e-05,2211840,0,0,0,3
multvae|latent=128;hidden=200;epochs=10;dropout=0.5|frac=0.5,ml100k,multvae,0.5,,,,,,,128.0,200.0,10.0,0.5,,,,0.037952061220727,0.08271474019088,0.612760692824319,1.015625,1.017100299999583,0.075,0.07624317999870901,0.036458333333333,0.000118195475433,412442624.0,2473620.0,48939.0,943.0,0.005359365520380001,0.004241781548250001,0.05715800636267199,0.09375,0.0947650000016429,0.0062500000000000056,0.006008445000133991,0.003645833333333001,1.0493990809e-05,2211840,0,0,0,3
multvae|latent=128;hidden=200;epochs=20;dropout=0.0|frac=0.5,ml100k,multvae,0.5,,,,,,,128.0,200.0,20.0,0.0,,,,0.041384267030639,0.098621420996818,0.640120183810533,1.671875,1.679357100001652,0.078125,0.078551075002906,0.034722222222222,0.000121509367267,412442624.0,2473620.0,48939.0,943.0,0.005574616180599998,0.011664899257688002,0.04079179922234,0.140625,0.15003989999968326,0.007031250000000003,0.00937014999981299,0.005208333333333003,1.1138358666000004e-05,2211840,0,0,0,3
multvae|latent=128;hidden=200;epochs=20;dropout=0.5|frac=0.5,ml100k,multvae,0.5,,,,,,,128.0,200.0,20.0,0.5,,,,0.042220428132256,0.098621420996818,0.635913750441852,1.953125,1.956326000001354,0.078125,0.07896550000077601,0.0328125,0.000121509367267,412442624.0,2473620.0,48939.0,943.0,0.004946800743677003,0.016967126193001003,0.01258395192647599,0.28125,0.31314679999559303,0.018750000000000017,0.019923964999907007,0.005208333333333003,2.154029692500001e-05,2211840,0,0,0,3
multvae|latent=128;hidden=600;epochs=10;dropout=0.0|frac=0.5,ml100k,multvae,0.5,,,,,,,128.0,600.0,10.0,0.0,,,,0.039842484379526005,0.09544008483563,0.673983739837398,2.0,2.009289799998441,0.11458333333333301,0.12152743333354,0.034722222222222,0.00016293301519900002,412442624.0,7408020.0,48939.0,943.0,0.0019491954693149974,0.011664899257689001,0.039342523860021905,0.3125,0.28972719999364904,0.020833333333333995,0.017942000001616,0.006249999999999999,2.4117768351000025e-05,2211840,0,0,0,3
multvae|latent=128;hidden=600;epochs=10;dropout=0.5|frac=0.5,ml100k,multvae,0.5,,,,,,,128.0,600.0,10.0,0.5,,,,0.039997796338199006,0.09119830328738,0.6554966419229411,2.15625,2.158556500000486,0.109375,0.110402999999981,0.034374999999999996,0.00015243902439,412442624.0,7408020.0,48939.0,943.0,0.003603917534984999,0.009544008483563002,0.02103216684340703,0.125,0.12012199999844597,0.00911458333333301,0.005364850000053989,0.0020833333333330067,7.45625662700001e-06,2211840,0,0,0,3
multvae|latent=128;hidden=600;epochs=20;dropout=0.0|frac=0.5,ml100k,multvae,0.5,,,,,,,128.0,600.0,20.0,0.0,,,,0.044760063631012,0.100742311770943,0.5799929303640861,3.90625,3.8949638000049163,0.109375,0.11172803333223101,0.034722222222222,0.00015280723459400002,412442624.0,7408020.0,48939.0,943.0,0.006062698594018999,0.007423117709438001,0.02788971367974602,1.078125,1.1521535999991102,0.020833333333333995,0.023109333332892015,0.0069444444444440034,2.945681630700002e-05,2211840,0,0,0,3
multvae|latent=128;hidden=600;epochs=20;dropout=0.5|frac=0.5,ml100k,multvae,0.5,,,,,,,128.0,600.0,20.0,0.5,,,,0.043985669665107,0.100742311770943,0.581654294803817,4.3125,4.309425200000987,0.109375,0.11251606666579901,0.036458333333333,0.000154648285613,412442624.0,7408020.0,48939.0,943.0,0.005203885379990995,0.014846235418876003,0.050830682219865975,0.875,0.8854645000001256,0.026041666666667004,0.023280266667218996,0.003645833333333001,3.148197242800003e-05,2211840,0,0,0,3
multvae|latent=32;hidden=200;epochs=10;dropout=0.0|frac=1.0,ml100k,multvae,1.0,,,,,,,32.0,200.0,10.0,0.0,,,,0.04091347008032,0.084835630965005,0.658925415341109,0.765625,0.779707699999562,0.078125,0.08122734999778901,0.034374999999999996,0.000121509367267,412442624.0,2242452.0,97401.0,943.0,0.002481863667848,0.008483563096501001,0.047401908801696035,0.2031250000000001,0.195429299999887,0.010156250000000006,0.01120109500016099,0.005208333333333003,1.4084040297e-05,1736704,0,0,0,3
multvae|latent=32;hidden=200;epochs=10;dropout=0.5|frac=1.0,ml100k,multvae,1.0,,,,,,,32.0,200.0,10.0,0.5,,,,0.040338801723742004,0.084835630965005,0.6754683633792861,0.953125,0.9554793999996031,0.075,0.077596320002339,0.034722222222222,0.00011635442441300001,412442624.0,2242452.0,97401.0,943.0,0.007932377015841999,0.009544008483563002,0.011028632025450014,0.171875,0.1706448000004459,0.010937500000000003,0.011314169999787002,0.0034722222222220017,1.5280723459000012e-05,1736704,0,0,0,3
multvae|latent=32;hidden=200;epochs=20;dropout=0.0|frac=1.0,ml100k,multvae,1.0,,,,,,,32.0,200.0,20.0,0.0,,,,0.050302412210549007,0.104984093319194,0.644220572640509,1.609375,1.60195510000085,0.08203125,0.08088014999975701,0.034722222222222,0.000123810681041,412442624.0,2242452.0,97401.0,943.0,0.0038674912694279945,0.004241781548250001,0.005125486037468985,0.265625,0.2552162999954821,0.017968750000000006,0.01566446000015201,0.005381944444444002,2.4762136208000016e-05,1736704,0,0,0,3
multvae|latent=32;hidden=200;epochs=20;dropout=0.5|frac=1.0,ml100k,multvae,1.0,,,,,,,32.0,200.0,20.0,0.5,,,,0.046597349585061,0.099681866383881,0.64277129727819,1.828125,1.8225533000004361,0.078125,0.076945574997807,0.0328125,0.00011764316012700001,412442624.0,2242452.0,97401.0,943.0,0.00441011008673,0.008483563096501001,0.007988688582537984,0.109375,0.1280641999946961,0.0062500000000000056,0.005944309999450004,0.0034722222222220017,1.0309885707999997e-05,1736704,0,0,0,3
multvae|latent=32;hidden=600;epochs=10;dropout=0.0|frac=1.0,ml100k,multvae,1.0,,,,,,,32.0,600.0,10.0,0.0,,,,0.047788759595028006,0.103923647932131,0.635630965005302,1.765625,1.770795699994778,0.109375,0.107829633328947,0.034722222222222,0.00015280723459400002,412442624.0,6716052.0,97401.0,943.0,0.003395727800863002,0.015906680805939002,0.02665252739484003,0.203125,0.21113170000080617,0.01171875,0.009482866666758002,0.008203124999999999,2.1126060445000026e-05,1736704,0,0,0,3
multvae|latent=32;hidden=600;epochs=10;dropout=0.5|frac=1.0,ml100k,multvae,1.0,,,,,,,32.0,600.0,10.0,0.5,,,,0.04913771176617401,0.104984093319194,0.6427359490986211,1.953125,1.955077899998286,0.11458333333333301,0.11600486666672301,0.0328125,0.00015630523153,412442624.0,6716052.0,97401.0,943.0,0.0036070897948619965,0.005302226935313001,0.02014846235418899,0.265625,0.26211830000011105,0.01302083333333301,0.041662383332929,0.005208333333333003,1.9331035701e-05,1736704,0,0,0,3
multvae|latent=32;hidden=600;epochs=20;dropout=0.0|frac=1.0,ml100k,multvae,1.0,,,,,,,32.0,600.0,20.0,0.0,,,,0.05888499213560001,0.11983032873807,0.592506185931424,3.46875,3.486323100005393,0.109375,0.10641836666642701,0.034374999999999996,0.00015243902439,412442624.0,6716052.0,97401.0,943.0,0.0041123361609909995,0.008483563096500016,0.014209968186638,0.359375,0.3501830000004702,0.010416666666667004,0.015430333333219012,0.003645833333333001,1.4912513255000006e-05,1736704,0,0,0,3
multvae|latent=32;hidden=600;epochs=20;dropout=0.5|frac=1.0,ml100k,multvae,1.0,,,,,,,32.0,600.0,20.0,0.5,,,,0.05749164733976601,0.11558854718981901,0.607741251325556,3.84375,3.849311600002693,0.1015625,0.10567219999938901,0.034722222222222,0.000144522505007,412442624.0,6716052.0,97401.0,943.0,0.0032302190154429936,0.004241781548250001,0.010357016613643966,0.53125,0.4975486000003002,0.0078125,0.011855116666917007,0.005208333333333003,1.3807882644000001e-05,1736704,0,0,0,3
multvae|latent=64;hidden=200;epochs=10;dropout=0.0|frac=1.0,ml100k,multvae,1.0,,,,,,,64.0,200.0,10.0,0.0,,,,0.038819463580799005,0.08271474019088,0.6384234711912331,0.7812500000000001,0.788213800000448,0.08203125,0.08124074999795901,0.034722222222222,0.000123810681041,412442624.0,2319508.0,97401.0,943.0,0.005477171130631002,0.011664899257688002,0.017886178861788005,0.07812499999999989,0.07631720000517894,0.017968750000000006,0.014866234999954,0.005208333333333003,2.4578031107e-05,1736704,0,0,0,3
multvae|latent=64;hidden=200;epochs=10;dropout=0.5|frac=1.0,ml100k,multvae,1.0,,,,,,,64.0,200.0,10.0,0.5,,,,0.041003568856845,0.08695652173913,0.648639095086603,0.984375,0.9884770000062411,0.078125,0.07838407500094001,0.0328125,0.00011764316012700001,412442624.0,2319508.0,97401.0,943.0,0.004523677682385999,0.008483563096501001,0.048144220572639895,0.125,0.11599549999937198,0.0031250000000000028,0.006973309999831007,0.0034722222222220017,6.9959938729999955e-06,1736704,0,0,0,3
multvae|latent=64;hidden=200;epochs=20;dropout=0.0|frac=1.0,ml100k,multvae,1.0,,,,,,,64.0,200.0,20.0,0.0,,,,0.047199402635326,0.100742311770943,0.6493814068575461,1.5625,1.5880234000069322,0.0859375,0.082639325002674,0.034722222222222,0.00012795304583400002,412442624.0,2319508.0,97401.0,943.0,0.0008006733335830032,0.005302226935313001,0.011382113821138073,0.1875,0.21741009999914307,0.018750000000000017,0.016358840000066002,0.005208333333333003,2.5406504065000006e-05,1736704,0,0,0,3
multvae|latent=64;hidden=200;epochs=20;dropout=0.5|frac=1.0,ml100k,multvae,1.0,,,,,,,64.0,200.0,20.0,0.5,,,,0.046247529057467006,0.100742311770943,0.642877341816896,1.953125,1.9509881999983911,0.075,0.07972002000024,0.0328125,0.000118195475433,412442624.0,2319508.0,97401.0,943.0,0.006682580083489001,0.009544008483563002,0.008766348533050028,0.4375,0.448891000000913,0.014843750000000003,0.013572684999963003,0.005208333333333003,1.7397932131000014e-05,1736704,0,0,0,3
multvae|latent=64;hidden=600;epochs=10;dropout=0.0|frac=1.0,ml100k,multvae,1.0,,,,,,,64.0,600.0,10.0,0.0,,,,0.047360815862070006,0.101802757158006,0.634429126899964,1.859375,1.853008399999453,0.109375,0.108404400001745,0.034722222222222,0.00015280723459400002,412442624.0,6946708.0,97401.0,943.0,0.0033695950234179997,0.0010604453870629998,0.007140332272888017,0.265625,0.2537481000044861,0.005208333333333995,0.0075549000005889905,0.0034722222222220017,9.205255096000019e-06,1736704,0,0,0,3
multvae|latent=64;hidden=600;epochs=10;dropout=0.5|frac=1.0,ml100k,multvae,1.0,,,,,,,64.0,600.0,10.0,0.5,,,,0.045455403653548006,0.096500530222693,0.6459879816189461,2.046875,2.035884900000383,0.109375,0.108187566666553,0.034374999999999996,0.00015243902439,412442624.0,6946708.0,97401.0,943.0,0.009177723531598,0.011664899257688002,0.04690703428773402,0.25,0.25576499999260793,0.0078125,0.010533600000068005,0.0034722222222220017,1.1966831625000011e-05,1736704,0,0,0,3
multvae|latent=64;hidden=600;epochs=20;dropout=0.0|frac=1.0,ml100k,multvae,1.0,,,,,,,64.0,600.0,20.0,0.0,,,,0.059432450908994,0.11983032873807,0.6045952633439371,3.40625,3.413555500001166,0.104166666666666,0.10719596666846501,0.0328125,0.00014912513255500002,412442624.0,6946708.0,97401.0,943.0,0.005689919861809001,0.012725344644751002,0.009084482149170015,0.390625,0.4676850000005288,0.005208333333333995,0.010173499999836993,0.003645833333333001,5.523153057000025e-06,1736704,0,0,0,3
multvae|latent=64;hidden=600;epochs=20;dropout=0.5|frac=1.0,ml100k,multvae,1.0,,,,,,,64.0,600.0,20.0,0.5,,,,0.054807437967208,0.114528101802757,0.6142099681866381,4.0,4.013858599995729,0.104166666666666,0.10621716666598001,0.036458333333333,0.00014912513255500002,412442624.0,6946708.0,97401.0,943.0,0.004783809613983003,0.005302226935313001,0.028738069989395987,0.359375,0.35523000000103,0.005208333333333995,0.005216733333630999,0.005208333333333003,1.104630611500001e-05,1736704,0,0,0,3
multvae|latent=128;hidden=200;epochs=10;dropout=0.0|frac=1.0,ml100k,multvae,1.0,,,,,,,128.0,200.0,10.0,0.0,,,,0.043929337856004,0.090137857900318,0.640721102863202,0.8125,0.8019163999997541,0.08203125,0.07930634999866,0.034722222222222,0.000123810681041,412442624.0,2473620.0,97401.0,943.0,0.004978791148818995,0.007423117709438001,0.03743372216330909,0.09375,0.09415450000869896,0.007031250000000003,0.009716080000179997,0.0019097222222220003,9.481412749000003e-06,1736704,0,0,0,3
multvae|latent=128;hidden=200;epochs=10;dropout=0.5|frac=1.0,ml100k,multvae,1.0,,,,,,,128.0,200.0,10.0,0.5,,,,0.042745512992969005,0.08271474019088,0.6749381406857541,0.984375,0.98082819999945,0.078125,0.08032647499931,0.034722222222222,0.000119668316248,412442624.0,2473620.0,97401.0,943.0,0.0027075893451410024,0.005302226935313001,0.06815129020855404,0.09375,0.08932649999951503,0.0031250000000000028,0.006284175000019002,0.005208333333333003,8.837044892e-06,1736704,0,0,0,3
multvae|latent=128;hidden=200;epochs=20;dropout=0.0|frac=1.0,ml100k,multvae,1.0,,,,,,,128.0,200.0,20.0,0.0,,,,0.048069929173946,0.100742311770943,0.6397667020148461,1.59375,1.585316000000602,0.078125,0.078860025001631,0.0328125,0.00011764316012700001,412442624.0,2473620.0,97401.0,943.0,0.003956908089714002,0.009544008483563002,0.02340049487451401,0.203125,0.21666269999786802,0.007031250000000003,0.005415834999894009,0.0034722222222220017,1.1138358666000004e-05,1736704,0,0,0,3
multvae|latent=128;hidden=200;epochs=20;dropout=0.5|frac=1.0,ml100k,multvae,1.0,,,,,,,128.0,200.0,20.0,0.5,,,,0.046217932199778,0.101802757158006,0.6427359490986211,1.890625,1.897100899999713,0.078125,0.07671719999780101,0.0328125,0.00012178552492,412442624.0,2473620.0,97401.0,943.0,0.004933791565817004,0.010604453870626002,0.014669494521032056,0.359375,0.386645600003249,0.00390625,0.006396749999794005,0.009765625,1.0355911983999988e-05,1736704,0,0,0,3
multvae|latent=128;hidden=600;epochs=10;dropout=0.0|frac=1.0,ml100k,multvae,1.0,,,,,,,128.0,600.0,10.0,0.0,,,,0.045343067295523,0.100742311770943,0.647720042417815,1.765625,1.782067599999209,0.109375,0.108702499999708,0.0328125,0.00014912513255500002,412442624.0,7408020.0,97401.0,943.0,0.0038210508801160004,0.003181336161187001,0.03131848709791507,0.1875,0.2018404999926131,0.026041666666667004,0.03353173333259002,0.0034722222222220017,2.964092140900001e-05,1736704,0,0,0,3
multvae|latent=128;hidden=600;epochs=10;dropout=0.5|frac=1.0,ml100k,multvae,1.0,,,,,,,128.0,600.0,10.0,0.5,,,,0.048627313532766,0.103923647932131,0.6517497348886531,1.953125,1.9489106000000902,0.104166666666666,0.10835040000286701,0.03125,0.000143601979498,412442624.0,7408020.0,97401.0,943.0,0.0021753066541639957,0.006362672322376001,0.03817603393425195,0.1875,0.1959860000042688,0.0,0.005679066666440011,0.009765625,1.0355911983000001e-05,1736704,0,0,0,3
multvae|latent=128;hidden=600;epochs=20;dropout=0.0|frac=1.0,ml100k,multvae,1.0,,,,,,,128.0,600.0,20.0,0.0,,,,0.058641384754196,0.12301166489925701,0.604171085189112,3.53125,3.535614499998701,0.104166666666666,0.10675229999954601,0.036458333333333,0.00014912513255500002,412442624.0,7408020.0,97401.0,943.0,0.0031676891390690007,0.006362672322375015,0.021774478614351,0.1875,0.17946630000187724,0.0078125,0.005204475000557998,0.003645833333333001,1.2150936727e-05,1736704,0,0,0,3
multvae|latent=128;hidden=600;epochs=20;dropout=0.5|frac=1.0,ml100k,multvae,1.0,,,,,,,128.0,600.0,20.0,0.5,,,,0.055486485459048,0.11558854718981901,0.619406150583244,4.015625,4.069176599999992,0.109375,0.11159483333358301,0.0390625,0.000157409862142,412442624.0,7408020.0,97401.0,943.0,0.003129041758510004,0.006362672322376001,0.007211028632026051,0.375,0.4999825000022611,0.015625,0.01848323332948601,0.009765625,2.6925371155999995e-05,1736704,0,0,0,3
markov|order=1;smoothing=0.0;decay=false|frac=0.25,ml100k,markov,0.25,,,,,,,,,,,1.0,0.0,0.0,0.028538366408600004,0.056203605514316,0.582608695652174,0.044642857142857005,0.047164128571499,0.1875,0.18422405000455902,0.0390625,0.000240257158006,412442624.0,283492.0,24706.0,943.0,0.0,0.0,0.0,0.0,0.0,0.0,0.0,0.0,0.0,0,0,0,0,1
markov|order=1;smoothing=0.0;decay=true|frac=0.25,ml100k,markov,0.25,,,,,,,,,,,1.0,0.0,1.0,0.032218152592764004,0.063626723223753,0.581689642983386,0.026041666666666,0.026117458333222,0.1875,0.18418709999968902,0.038194444444444,0.000239336632496,412442624.0,283492.0,24706.0,943.0,0.0,0.0,0.0,0.0,0.0,0.0,0.0,0.0,0.0,0,0,0,0,1
markov|order=1;smoothing=0.1;decay=false|frac=0.25,ml100k,markov,0.25,,,,,,,,,,,1.0,0.1,0.0,0.036229160834975,0.071049840933191,0.603817603393425,0.025240384615384002,0.025678661538852003,0.13541666666666602,0.136954433333206,0.036458333333333,0.000182264050901,412442624.0,283492.0,24706.0,943.0,0.0,0.0,0.0,0.0,0.0,0.0,0.0,0.0,0.0,0,0,0,0,1
markov|order=1;smoothing=0.1;decay=true|frac=0.25,ml100k,markov,0.25,,,,,,,,,,,1.0,0.1,1.0,0.032087999145431,0.064687168610816,0.5689289501590661,0.026041666666666,0.026541033332856002,0.140625,0.139292100003027,0.036458333333333,0.000187787203958,412442624.0,283492.0,24706.0,943.0,0.0,0.0,0.0,0.0,0.0,0.0,0.0,0.0,0.0,0,0,0,0,1
markov|order=1;smoothing=0.5;decay=false|frac=0.25,ml100k,markov,0.25,,,,,,,,,,,1.0,0.5,0.0,0.036229160834975,0.071049840933191,0.603817603393425,0.026041666666666,0.026753249998970004,0.145833333333333,0.143737866669349,0.034722222222222,0.000191469305997,412442624.0,283492.0,24706.0,943.0,0.0,0.0,0.0,0.0,0.0,0.0,0.0,0.0,0.0,0,0,0,0,1
markov|order=1;smoothing=0.5;decay=true|frac=0.25,ml100k,markov,0.25,,,,,,,,,,,1.0,0.5,1.0,0.031797658201411005,0.063626723223753,0.566136443973135,0.026041666666666,0.026301724999939,0.13541666666666602,0.13434933333580001,0.034722222222222,0.00018042299988200002,412442624.0,283492.0,24706.0,943.0,0.0,0.0,0.0,0.0,0.0,0.0,0.0,0.0,0.0,0,0,0,0,1
markov|order=2;smoothing=0.0;decay=false|frac=0.25,ml100k,markov,0.25,,,,,,,,,,,2.0,0.0,0.0,0.028493633083405003,0.04984093319194,0.5902792506185931,0.052083333333333,0.052807249999508005,0.1796875,0.20426839999709,0.046875,0.000240257158006,412442624.0,814700.0,24706.0,943.0,0.0,0.0,0.0,0.0,0.0,0.0,0.0,0.0,0.0,0,0,0,0,1
markov|order=2;smoothing=0.0;decay=true|frac=0.25,ml100k,markov,0.25,,,,,,,,,,,2.0,0.0,1.0,0.032684660886423,0.057264050901378004,0.584234711912336,0.052083333333333,0.050088850000368,0.15625,0.15937949999351902,0.038194444444444,0.000206197714151,412442624.0,814700.0,24706.0,943.0,0.0,0.0,0.0,0.0,0.0,0.0,0.0,0.0,0.0,0,0,0,0,1
markov|order=2;smoothing=0.1;decay=false|frac=0.25,ml100k,markov,0.25,,,,,,,,,,,2.0,0.1,0.0,0.038067058866499005,0.072110286320254,0.604135737009544,0.049107142857142,0.049325799999808004,0.1640625,0.16034599999693402,0.036458333333333,0.000212641392718,412442624.0,814700.0,24706.0,943.0,0.0,0.0,0.0,0.0,0.0,0.0,0.0,0.0,0.0,0,0,0,0,1
markov|order=2;smoothing=0.1;decay=true|frac=0.25,ml100k,markov,0.25,,,,,,,,,,,2.0,0.1,1.0,0.035335129943199005,0.066808059384941,0.56938847649346,0.049107142857142,0.049849471428647006,0.15625,0.15486769999552003,0.034722222222222,0.000202515612112,412442624.0,814700.0,24706.0,943.0,0.0,0.0,0.0,0.0,0.0,0.0,0.0,0.0,0.0,0,0,0,0,1
markov|order=2;smoothing=0.5;decay=false|frac=0.25,ml100k,markov,0.25,,,,,,,,,,,2.0,0.5,0.0,0.038067058866499005,0.072110286320254,0.604135737009544,0.0625,0.060367900002165006,0.1640625,0.17126224999810802,0.036458333333333,0.000212641392718,412442624.0,814700.0,24706.0,943.0,0.0,0.0,0.0,0.0,0.0,0.0,0.0,0.0,0.0,0,0,0,0,1
markov|order=2;smoothing=0.5;decay=true|frac=0.25,ml100k,markov,0.25,,,,,,,,,,,2.0,0.5,1.0,0.035244119538565,0.066808059384941,0.568398727465535,0.052083333333333,0.049794266664927006,0.15625,0.156627199998183,0.034722222222222,0.000202515612112,412442624.0,814700.0,24706.0,943.0,0.0,0.0,0.0,0.0,0.0,0.0,0.0,0.0,0.0,0,0,0,0,1
markov|order=1;smoothing=0.0;decay=false|frac=0.5,ml100k,markov,0.5,,,,,,,,,,,1.0,0.0,0.0,0.038238603354546,0.073170731707317,0.603923647932131,0.052083333333333,0.052149899999979,0.13541666666666602,0.13919006666886402,0.0328125,0.000178397843761,412442624.0,518644.0,48939.0,943.0,0.0,0.0,0.0,0.0,0.0,0.0,0.0,0.0,0.0,0,0,0,0,1
markov|order=1;smoothing=0.0;decay=true|frac=0.5,ml100k,markov,0.5,,,,,,,,,,,1.0,0.0,1.0,0.036450955171798,0.071049840933191,0.5898904206433361,0.052083333333333,0.052692616666414005,0.13541666666666602,0.13564106666793402,0.034374999999999996,0.00018005478967800001,412442624.0,518644.0,48939.0,943.0,0.0,0.0,0.0,0.0,0.0,0.0,0.0,0.0,0.0,0,0,0,0,1
markov|order=1;smoothing=0.1;decay=false|frac=0.5,ml100k,markov,0.5,,,,,,,,,,,1.0,0.1,0.0,0.041422140448524006,0.083775185577942,0.624284199363732,0.052083333333333,0.052118633335339004,0.145833333333333,0.148523133335402,0.038194444444444,0.000195151408035,412442624.0,518644.0,48939.0,943.0,0.0,0.0,0.0,0.0,0.0,0.0,0.0,0.0,0.0,0,0,0,0,1
markov|order=1;smoothing=0.1;decay=true|frac=0.5,ml100k,markov,0.5,,,,,,,,,,,1.0,0.1,1.0,0.036275964464006,0.072110286320254,0.590031813361611,0.046875,0.050303900001121005,0.140625,0.13746456666558501,0.0328125,0.000183920996818,375459840.0,518644.0,48939.0,943.0,0.0,0.0,0.0,0.0,0.0,0.0,0.0,0.0,0.0,0,0,0,0,1
markov|order=1;smoothing=0.5;decay=false|frac=0.5,ml100k,markov,0.5,,,,,,,,,,,1.0,0.5,0.0,0.041422140448524006,0.083775185577942,0.624284199363732,0.046875,0.04799774285805,0.13541666666666602,0.136367033332741,0.034722222222222,0.00018042299988200002,377303040.0,518644.0,48939.0,943.0,0.0,0.0,0.0,0.0,0.0,0.0,0.0,0.0,0.0,0,0,0,0,1
markov|order=1;smoothing=0.5;decay=true|frac=0.5,ml100k,markov,0.5,,,,,,,,,,,1.0,0.5,1.0,0.036316952142741006,0.071049840933191,0.592788971367974,0.0546875,0.053705083334837006,0.13541666666666602,0.134235299997574,0.0328125,0.000178397843761,377303040.0,518644.0,48939.0,943.0,0.0,0.0,0.0,0.0,0.0,0.0,0.0,0.0,0.0,0,0,0,0,1
markov|order=2;smoothing=0.0;decay=false|frac=0.5,ml100k,markov,0.5,,,,,,,,,,,2.0,0.0,0.0,0.036190337190114004,0.063626723223753,0.6114528101802751,0.0859375,0.08578997500080701,0.1640625,0.163601299995207,0.034722222222222,0.00021080034169900002,382394368.0,1568288.0,48939.0,943.0,0.0,0.0,0.0,0.0,0.0,0.0,0.0,0.0,0.0,0,0,0,0,1
markov|order=2;smoothing=0.0;decay=true|frac=0.5,ml100k,markov,0.5,,,,,,,,,,,2.0,0.0,1.0,0.034544502211792005,0.060445387062566004,0.5931424531636621,0.09765625,0.095987749999039,0.171875,0.173903449998761,0.038194444444444,0.000222767173323,382783488.0,1568288.0,48939.0,943.0,0.0,0.0,0.0,0.0,0.0,0.0,0.0,0.0,0.0,0,0,0,0,1
markov|order=2;smoothing=0.1;decay=false|frac=0.5,ml100k,markov,0.5,,,,,,,,,,,2.0,0.1,0.0,0.042831231320510005,0.083775185577942,0.625415341109932,0.09375000000000001,0.09035664999828401,0.1640625,0.16512325000076,0.0328125,0.00020877518557700002,382783488.0,1568288.0,48939.0,943.0,0.0,0.0,0.0,0.0,0.0,0.0,0.0,0.0,0.0,0,0,0,0,1
markov|order=2;smoothing=0.1;decay=true|frac=0.5,ml100k,markov,0.5,,,,,,,,,,,2.0,0.1,1.0,0.038042739083566,0.073170731707317,0.5869211735595611,0.09765625,0.09835015000135101,0.171875,0.168911000000662,0.0328125,0.00021705991516400003,382783488.0,1568288.0,48939.0,943.0,0.0,0.0,0.0,0.0,0.0,0.0,0.0,0.0,0.0,0,0,0,0,1
markov|order=2;smoothing=0.5;decay=false|frac=0.5,ml100k,markov,0.5,,,,,,,,,,,2.0,0.5,0.0,0.042831231320510005,0.083775185577942,0.625415341109932,0.09765625,0.09561624999696501,0.1640625,0.16361274999508102,0.034722222222222,0.00021080034169900002,382783488.0,1568288.0,48939.0,943.0,0.0,0.0,0.0,0.0,0.0,0.0,0.0,0.0,0.0,0,0,0,0,1
markov|order=2;smoothing=0.5;decay=true|frac=0.5,ml100k,markov,0.5,,,,,,,,,,,2.0,0.5,1.0,0.037638023129679,0.072110286320254,0.59006716154118,0.104166666666666,0.105059033332508,0.2109375,0.23671175000345102,0.034374999999999996,0.000260140509013,382783488.0,1568288.0,48939.0,943.0,0.0,0.0,0.0,0.0,0.0,0.0,0.0,0.0,0.0,0,0,0,0,1
markov|order=1;smoothing=0.0;decay=false|frac=1.0,ml100k,markov,1.0,,,,,,,,,,,1.0,0.0,0.0,0.071679297159898,0.135737009544008,0.594768469423824,0.08984375,0.090542624999216,0.145833333333333,0.14798676666396202,0.03125,0.000187787203958,382783488.0,777880.0,97401.0,943.0,0.0,0.0,0.0,0.0,0.0,0.0,0.0,0.0,0.0,0,0,0,0,1
markov|order=1;smoothing=0.0;decay=true|frac=1.0,ml100k,markov,1.0,,,,,,,,,,,1.0,0.0,1.0,0.041646385789133,0.083775185577942,0.578508306822198,0.08984375,0.088634474999707,0.140625,0.138240166668159,0.028409090909090003,0.00017925142196000002,383438848.0,777880.0,97401.0,943.0,0.0,0.0,0.0,0.0,0.0,0.0,0.0,0.0,0.0,0,0,0,0,1
markov|order=1;smoothing=0.1;decay=false|frac=1.0,ml100k,markov,1.0,,,,,,,,,,,1.0,0.1,0.0,0.076887166977308,0.142099681866383,0.617532697066101,0.08203125,0.08309189999999901,0.140625,0.14018440000169602,0.03125,0.000182264050901,383447040.0,777880.0,97401.0,943.0,0.0,0.0,0.0,0.0,0.0,0.0,0.0,0.0,0.0,0,0,0,0,1
markov|order=1;smoothing=0.1;decay=true|frac=1.0,ml100k,markov,1.0,,,,,,,,,,,1.0,0.1,1.0,0.04163855706406901,0.084835630965005,0.585365853658536,0.0859375,0.084566699999413,0.145833333333333,0.145571466671147,0.0328125,0.00018944414987600002,383447040.0,777880.0,97401.0,943.0,0.0,0.0,0.0,0.0,0.0,0.0,0.0,0.0,0.0,0,0,0,0,1
markov|order=1;smoothing=0.5;decay=false|frac=1.0,ml100k,markov,1.0,,,,,,,,,,,1.0,0.5,0.0,0.076887166977308,0.142099681866383,0.6176740897843761,0.078125,0.085459300000366,0.13541666666666602,0.136758399996324,0.03125,0.00017674089784300003,383488000.0,777880.0,97401.0,943.0,0.0,0.0,0.0,0.0,0.0,0.0,0.0,0.0,0.0,0,0,0,0,1
markov|order=1;smoothing=0.5;decay=true|frac=1.0,ml100k,markov,1.0,,,,,,,,,,,1.0,0.5,1.0,0.042788896805251005,0.088016967126193,0.592506185931424,0.0859375,0.08501947499826201,0.13541666666666602,0.136913599999388,0.03125,0.00017674089784300003,383488000.0,777880.0,97401.0,943.0,0.0,0.0,0.0,0.0,0.0,0.0,0.0,0.0,0.0,0,0,0,0,1
markov|order=2;smoothing=0.0;decay=false|frac=1.0,ml100k,markov,1.0,,,,,,,,,,,2.0,0.0,0.0,0.044990442844499004,0.079533404029692,0.587486744432661,0.15625,0.15565190000052,0.1796875,0.202651849998801,0.036458333333333,0.00022921085189100003,388816896.0,2509460.0,97401.0,943.0,0.0,0.0,0.0,0.0,0.0,0.0,0.0,0.0,0.0,0,0,0,0,1
markov|order=2;smoothing=0.0;decay=true|frac=1.0,ml100k,markov,1.0,,,,,,,,,,,2.0,0.0,1.0,0.03462019846185,0.06574761399787901,0.575008837044892,0.1875,0.197179049995611,0.171875,0.176708699997107,0.036458333333333,0.00022092612230400002,389603328.0,2509460.0,97401.0,943.0,0.0,0.0,0.0,0.0,0.0,0.0,0.0,0.0,0.0,0,0,0,0,1
markov|order=2;smoothing=0.1;decay=false|frac=1.0,ml100k,markov,1.0,,,,,,,,,,,2.0,0.1,0.0,0.07159133234131501,0.142099681866383,0.616613644397313,0.1640625,0.162633350002579,0.1796875,0.175883850002719,0.03125,0.00022368769883300001,389705728.0,2509460.0,97401.0,943.0,0.0,0.0,0.0,0.0,0.0,0.0,0.0,0.0,0.0,0,0,0,0,1
markov|order=2;smoothing=0.1;decay=true|frac=1.0,ml100k,markov,1.0,,,,,,,,,,,2.0,0.1,1.0,0.042454952026047,0.089077412513255,0.580664545775892,0.1640625,0.161545249997288,0.1796875,0.17762980000406903,0.034722222222222,0.00022736980087100002,389705728.0,2509460.0,97401.0,943.0,0.0,0.0,0.0,0.0,0.0,0.0,0.0,0.0,0.0,0,0,0,0,1
markov|order=2;smoothing=0.5;decay=false|frac=1.0,ml100k,markov,1.0,,,,,,,,,,,2.0,0.5,0.0,0.07159133234131501,0.142099681866383,0.6167903852951571,0.1640625,0.170897900003183,0.1796875,0.17760484999598702,0.03125,0.00022368769883300001,389705728.0,2509460.0,97401.0,943.0,0.0,0.0,0.0,0.0,0.0,0.0,0.0,0.0,0.0,0,0,0,0,1
markov|order=2;smoothing=0.5;decay=true|frac=1.0,ml100k,markov,1.0,,,,,,,,,,,2.0,0.5,1.0,0.042290341919663,0.089077412513255,0.584729586426299,0.15625,0.161562549998052,0.1875,0.18216590000520202,0.03125,0.00023197242841900003,389705728.0,2509460.0,97401.0,943.0,0.0,0.0,0.0,0.0,0.0,0.0,0.0,0.0,0.0,0,0,0,0,1
popularity||frac=0.25,luxury_beauty,popularity,0.25,,,,,,,,,,,,,,0.031821636284876005,0.076196281621456,0.0,0.00011148769175800002,0.00010619596860200001,0.1796875,0.181637649999174,0.104166666666666,8.651452809102916e-05,549126144.0,10776.0,6446.0,3281.0,0.0,0.0,0.0,0.0,0.0,0.0,0.0,0.0,0.0,0,0,0,0,1
popularity||frac=0.5,luxury_beauty,popularity,0.5,,,,,,,,,,,,,,0.030595481469863003,0.07558671136848501,0.0,0.00012610976594000002,0.00012023644068000001,0.1796875,0.182455049995041,0.104166666666666,8.651452809102916e-05,549269504.0,10776.0,10792.0,3281.0,0.0,0.0,0.0,0.0,0.0,0.0,0.0,0.0,0.0,0,0,0,0,1
popularity||frac=1.0,luxury_beauty,popularity,1.0,,,,,,,,,,,,,,0.020031988513416,0.050594330996647,0.0,0.000126672071341,0.000126319375764,0.1953125,0.208243000000948,0.11458333333333301,9.445164075993092e-05,549269504.0,10776.0,19789.0,3281.0,0.0,0.0,0.0,0.0,0.0,0.0,0.0,0.0,0.0,0,0,0,0,1
itemknn|topk=10;shrink=0.0|frac=0.25,luxury_beauty,itemknn,0.25,10.0,0.0,,,,,,,,,,,,0.182617809443914,0.227674489484913,0.553398354160317,0.052083333333333,0.050236883333127,0.21875000000000003,0.22869789999822301,0.145833333333333,0.00011111957736400001,563785728.0,14515272.0,6446.0,3281.0,0.0,0.0,0.0,0.0,0.0,0.0,0.0,0.0,0.0,0,0,0,0,1
itemknn|topk=10;shrink=10.0|frac=0.25,luxury_beauty,itemknn,0.25,10.0,10.0,,,,,,,,,,,,0.18859477374320802,0.23133191100274303,0.562816214568729,0.049107142857142,0.050730228571670005,0.203125,0.204144800001813,0.145833333333333,0.00010635730976300001,563793920.0,14515272.0,6446.0,3281.0,0.0,0.0,0.0,0.0,0.0,0.0,0.0,0.0,0.0,0,0,0,0,1
itemknn|topk=10;shrink=100.0|frac=0.25,luxury_beauty,itemknn,0.25,10.0,100.0,,,,,,,,,,,,0.20268629942982402,0.23163669612922802,0.5801483287615561,0.049107142857142,0.04964029999973701,0.1953125,0.19362855000508702,0.15625,0.00010715102103000001,563793920.0,14515272.0,6446.0,3281.0,0.0,0.0,0.0,0.0,0.0,0.0,0.0,0.0,0.0,0,0,0,0,1
itemknn|topk=50;shrink=0.0|frac=0.25,luxury_beauty,itemknn,0.25,50.0,0.0,,,,,,,,,,,,0.183165309823331,0.22736970435842702,0.5522096921670221,0.049107142857142,0.050882485713892006,0.2265625,0.21877985000173703,0.140625,0.00011191328863100001,563793920.0,14515272.0,6446.0,3281.0,0.0,0.0,0.0,0.0,0.0,0.0,0.0,0.0,0.0,0,0,0,0,1
itemknn|topk=50;shrink=10.0|frac=0.25,luxury_beauty,itemknn,0.25,50.0,10.0,,,,,,,,,,,,0.189202593138024,0.23163669612922802,0.5630702021741341,0.057291666666666005,0.06118748333392401,0.203125,0.20166519999474902,0.145833333333333,0.00010635730976300001,563793920.0,14515272.0,6446.0,3281.0,0.0,0.0,0.0,0.0,0.0,0.0,0.0,0.0,0.0,0,0,0,0,1
itemknn|topk=50;shrink=100.0|frac=0.25,luxury_beauty,itemknn,0.25,50.0,100.0,,,,,,,,,,,,0.20364892607283003,0.23316062176165803,0.578187544447831,0.049107142857142,0.049550314284195006,0.203125,0.19781445000262401,0.145833333333333,0.00010635730976300001,563793920.0,14515272.0,6446.0,3281.0,0.0,0.0,0.0,0.0,0.0,0.0,0.0,0.0,0.0,0,0,0,0,1
itemknn|topk=100;shrink=0.0|frac=0.25,luxury_beauty,itemknn,0.25,100.0,0.0,,,,,,,,,,,,0.18300690173564502,0.22706491923194103,0.55240272274713,0.0546875,0.05587746666666701,0.1953125,0.20055444999889002,0.145833333333333,0.00010397617596200001,563793920.0,14515272.0,6446.0,3281.0,0.0,0.0,0.0,0.0,0.0,0.0,0.0,0.0,0.0,0,0,0,0,1
itemknn|topk=100;shrink=10.0|frac=0.25,luxury_beauty,itemknn,0.25,100.0,10.0,,,,,,,,,,,,0.18880649247582001,0.231027125876257,0.563314030275322,0.052083333333333,0.054996549998274004,0.203125,0.201322349996189,0.1640625,0.00011191328863100001,563793920.0,14515272.0,6446.0,3281.0,0.0,0.0,0.0,0.0,0.0,0.0,0.0,0.0,0.0,0,0,0,0,1
itemknn|topk=100;shrink=100.0|frac=0.25,luxury_beauty,itemknn,0.25,100.0,100.0,,,,,,,,,,,,0.203623521287766,0.23316062176165803,0.5788682312303151,0.052083333333333,0.052780716667863006,0.203125,0.206240499996056,0.1640625,0.00011191328863100001,563793920.0,14515272.0,6446.0,3281.0,0.0,0.0,0.0,0.0,0.0,0.0,0.0,0.0,0.0,0,0,0,0,1
itemknn|topk=300;shrink=0.0|frac=0.25,luxury_beauty,itemknn,0.25,300.0,0.0,,,,,,,,,,,,0.183005855232924,0.22706491923194103,0.5531646855633441,0.059895833333333,0.06263491666807801,0.203125,0.220112450006126,0.145833333333333,0.00010635730976300001,563793920.0,14515272.0,6446.0,3281.0,0.0,0.0,0.0,0.0,0.0,0.0,0.0,0.0,0.0,0,0,0,0,1
itemknn|topk=300;shrink=10.0|frac=0.25,luxury_beauty,itemknn,0.25,300.0,10.0,,,,,,,,,,,,0.18881998485833001,0.231027125876257,0.5635781773849431,0.052083333333333,0.052431533333826004,0.203125,0.21039095000014602,0.145833333333333,0.00010635730976300001,563793920.0,14515272.0,6446.0,3281.0,0.0,0.0,0.0,0.0,0.0,0.0,0.0,0.0,0.0,0,0,0,0,1
itemknn|topk=300;shrink=100.0|frac=0.25,luxury_beauty,itemknn,0.25,300.0,100.0,,,,,,,,,,,,0.20362716809341902,0.23316062176165803,0.578847912221883,0.057291666666666005,0.07581288333312801,0.234375,0.261309499997878,0.1796875,0.000126200091435,563793920.0,14515272.0,6446.0,3281.0,0.0,0.0,0.0,0.0,0.0,0.0,0.0,0.0,0.0,0,0,0,0,1
itemknn|topk=10;shrink=0.0|frac=0.5,luxury_beauty,itemknn,0.5,10.0,0.0,,,,,,,,,,,,0.200954652880551,0.29411764705882304,0.43604592095905703,0.057291666666666005,0.057823916666772,0.2109375,0.21301680000033202,0.125,0.00010238875342800001,563793920.0,14515272.0,10792.0,3281.0,0.0,0.0,0.0,0.0,0.0,0.0,0.0,0.0,0.0,0,0,0,0,1
itemknn|topk=10;shrink=10.0|frac=0.5,luxury_beauty,itemknn,0.5,10.0,10.0,,,,,,,,,,,,0.21337887325287502,0.308442548003657,0.43573097632835506,0.0625,0.06172894000192101,0.203125,0.20671880000008902,0.125,0.00010000761962800001,563793920.0,14515272.0,10792.0,3281.0,0.0,0.0,0.0,0.0,0.0,0.0,0.0,0.0,0.0,0,0,0,0,1
itemknn|topk=10;shrink=100.0|frac=0.5,luxury_beauty,itemknn,0.5,10.0,100.0,,,,,,,,,,,,0.21944163080838902,0.31545260591283103,0.433567001930305,0.0546875,0.054666449999785004,0.1953125,0.197042150000925,0.130208333333333,9.9213908361272e-05,563793920.0,14515272.0,10792.0,3281.0,0.0,0.0,0.0,0.0,0.0,0.0,0.0,0.0,0.0,0,0,0,0,1
itemknn|topk=50;shrink=0.0|frac=0.5,luxury_beauty,itemknn,0.5,50.0,0.0,,,,,,,,,,,,0.20236591573176202,0.30021334958854,0.43327237630803606,0.057291666666666005,0.056918849998813005,0.1953125,0.20030975000554402,0.11458333333333301,9.445164075993092e-05,563793920.0,14515272.0,10792.0,3281.0,0.0,0.0,0.0,0.0,0.0,0.0,0.0,0.0,0.0,0,0,0,0,1
itemknn|topk=50;shrink=10.0|frac=0.5,luxury_beauty,itemknn,0.5,50.0,10.0,,,,,,,,,,,,0.215316711288165,0.311185614142029,0.428182464695722,0.057291666666666005,0.058056566665375,0.1953125,0.197118249998311,0.11458333333333301,9.445164075993092e-05,563793920.0,14515272.0,10792.0,3281.0,0.0,0.0,0.0,0.0,0.0,0.0,0.0,0.0,0.0,0,0,0,0,1
itemknn|topk=50;shrink=100.0|frac=0.5,luxury_beauty,itemknn,0.5,50.0,100.0,,,,,,,,,,,,0.22036762798379902,0.31636696129228803,0.39653560906227703,0.0546875,0.055572149998624004,0.1953125,0.196024199998646,0.130208333333333,9.9213908361272e-05,563793920.0,14515272.0,10792.0,3281.0,0.0,0.0,0.0,0.0,0.0,0.0,0.0,0.0,0.0,0,0,0,0,1
itemknn|topk=100;shrink=0.0|frac=0.5,luxury_beauty,itemknn,0.5,100.0,0.0,,,,,,,,,,,,0.20266446134347801,0.29990856446205405,0.43466422838565405,0.0625,0.068553799999062,0.203125,0.20800785000028502,0.11458333333333301,9.683277456060143e-05,563793920.0,14515272.0,10792.0,3281.0,0.0,0.0,0.0,0.0,0.0,0.0,0.0,0.0,0.0,0,0,0,0,1
itemknn|topk=100;shrink=10.0|frac=0.5,luxury_beauty,itemknn,0.5,100.0,10.0,,,,,,,,,,,,0.21653936995422202,0.314233465406888,0.42511429442243204,0.057291666666666005,0.057308733332320005,0.203125,0.198289350002596,0.125,0.00010000761962800001,563793920.0,14515272.0,10792.0,3281.0,0.0,0.0,0.0,0.0,0.0,0.0,0.0,0.0,0.0,0,0,0,0,1
itemknn|topk=100;shrink=100.0|frac=0.5,luxury_beauty,itemknn,0.5,100.0,100.0,,,,,,,,,,,,0.22062462033596603,0.31697653154526,0.392868028040231,0.059895833333333,0.058222549998996,0.2109375,0.21388119999755803,0.11458333333333301,9.921390836127197e-05,563793920.0,14515272.0,10792.0,3281.0,0.0,0.0,0.0,0.0,0.0,0.0,0.0,0.0,0.0,0,0,0,0,1
itemknn|topk=300;shrink=0.0|frac=0.5,luxury_beauty,itemknn,0.5,300.0,0.0,,,,,,,,,,,,0.203330179965824,0.30021334958854,0.431982119272579,0.059895833333333,0.060835350001677,0.203125,0.199929700000211,0.109375,9.52453520268211e-05,563793920.0,14515272.0,10792.0,3281.0,0.0,0.0,0.0,0.0,0.0,0.0,0.0,0.0,0.0,0,0,0,0,1
itemknn|topk=300;shrink=10.0|frac=0.5,luxury_beauty,itemknn,0.5,300.0,10.0,,,,,,,,,,,,0.21631727722996902,0.31392868028040205,0.419983744793254,0.059895833333333,0.05868890000177301,0.1953125,0.198612600004707,0.125,9.762648582749162e-05,563793920.0,14515272.0,10792.0,3281.0,0.0,0.0,0.0,0.0,0.0,0.0,0.0,0.0,0.0,0,0,0,0,1
itemknn|topk=300;shrink=100.0|frac=0.5,luxury_beauty,itemknn,0.5,300.0,100.0,,,,,,,,,,,,0.22070902935786202,0.31758610179823205,0.38766636188154,0.059895833333333,0.060034599999198,0.2265625,0.22482299999683103,0.11458333333333301,0.00010397617596200001,563793920.0,14515272.0,10792.0,3281.0,0.0,0.0,0.0,0.0,0.0,0.0,0.0,0.0,0.0,0,0,0,0,1
itemknn|topk=10;shrink=0.0|frac=1.0,luxury_beauty,itemknn,1.0,10.0,0.0,,,,,,,,,,,,0.280126287449228,0.34562633343492805,0.49848623387178703,0.075,0.07314174000057301,0.203125,0.20363314999849502,0.104166666666666,9.365792949304075e-05,563793920.0,14515272.0,19789.0,3281.0,0.0,0.0,0.0,0.0,0.0,0.0,0.0,0.0,0.0,0,0,0,0,1
itemknn|topk=10;shrink=10.0|frac=1.0,luxury_beauty,itemknn,1.0,10.0,10.0,,,,,,,,,,,,0.300060913575155,0.36604693690947804,0.49668800162552,0.06875,0.068951539997942,0.203125,0.207611600002564,0.109375,9.52453520268211e-05,563793920.0,14515272.0,19789.0,3281.0,0.0,0.0,0.0,0.0,0.0,0.0,0.0,0.0,0.0,0,0,0,0,1
itemknn|topk=10;shrink=100.0|frac=1.0,luxury_beauty,itemknn,1.0,10.0,100.0,,,,,,,,,,,,0.310401827753919,0.380676622980798,0.44035355074672305,0.071875,0.071640400000615,0.2109375,0.21161959999881202,0.104166666666666,9.603906329371129e-05,563793920.0,14515272.0,19789.0,3281.0,0.0,0.0,0.0,0.0,0.0,0.0,0.0,0.0,0.0,0,0,0,0,1
itemknn|topk=50;shrink=0.0|frac=1.0,luxury_beauty,itemknn,1.0,50.0,0.0,,,,,,,,,,,,0.283492824551601,0.349588540079244,0.4849436147516,0.071875,0.07423092000244601,0.203125,0.20166584999969903,0.109375,9.52453520268211e-05,563793920.0,14515272.0,19789.0,3281.0,0.0,0.0,0.0,0.0,0.0,0.0,0.0,0.0,0.0,0,0,0,0,1
itemknn|topk=50;shrink=10.0|frac=1.0,luxury_beauty,itemknn,1.0,50.0,10.0,,,,,,,,,,,,0.30133924667329004,0.36818043279487905,0.44785126485827403,0.06875,0.06915111999842301,0.2109375,0.208067249994201,0.09765625,9.405478512648584e-05,563793920.0,14515272.0,19789.0,3281.0,0.0,0.0,0.0,0.0,0.0,0.0,0.0,0.0,0.0,0,0,0,0,1
itemknn|topk=50;shrink=100.0|frac=1.0,luxury_beauty,itemknn,1.0,50.0,100.0,,,,,,,,,,,,0.309259884556491,0.37823834196891104,0.385207761861221,0.071875,0.072306079999543,0.203125,0.201964399995631,0.1015625,9.286421822615058e-05,563793920.0,14515272.0,19789.0,3281.0,0.0,0.0,0.0,0.0,0.0,0.0,0.0,0.0,0.0,0,0,0,0,1
itemknn|topk=100;shrink=0.0|frac=1.0,luxury_beauty,itemknn,1.0,100.0,0.0,,,,,,,,,,,,0.285511036083238,0.35324596159707405,0.482098953571065,0.071875,0.07189945999998601,0.203125,0.20117100000061303,0.104166666666666,9.365792949304075e-05,563793920.0,14515272.0,19789.0,3281.0,0.0,0.0,0.0,0.0,0.0,0.0,0.0,0.0,0.0,0,0,0,0,1
itemknn|topk=100;shrink=10.0|frac=1.0,luxury_beauty,itemknn,1.0,100.0,10.0,,,,,,,,,,,,0.303273592177951,0.37000914355379405,0.432845677130956,0.071875,0.07101044000010001,0.2109375,0.21693684999627202,0.104166666666666,9.603906329371129e-05,563793920.0,14515272.0,19789.0,3281.0,0.0,0.0,0.0,0.0,0.0,0.0,0.0,0.0,0.0,0,0,0,0,1
itemknn|topk=100;shrink=100.0|frac=1.0,luxury_beauty,itemknn,1.0,100.0,100.0,,,,,,,,,,,,0.310373879095711,0.38037183785431206,0.38446611805343905,0.071875,0.071076320001157,0.203125,0.20139765000203602,0.10546875,9.405478512648584e-05,563793920.0,14515272.0,19789.0,3281.0,0.0,0.0,0.0,0.0,0.0,0.0,0.0,0.0,0.0,0,0,0,0,1
itemknn|topk=300;shrink=0.0|frac=1.0,luxury_beauty,itemknn,1.0,300.0,0.0,,,,,,,,,,,,0.289477768360559,0.359951234379762,0.47304683531443603,0.075,0.07349486000020901,0.203125,0.20748060000187202,0.1015625,9.286421822615058e-05,563793920.0,14515272.0,19789.0,3281.0,0.0,0.0,0.0,0.0,0.0,0.0,0.0,0.0,0.0,0,0,0,0,1
itemknn|topk=300;shrink=10.0|frac=1.0,luxury_beauty,itemknn,1.0,300.0,10.0,,,,,,,,,,,,0.303482930404316,0.371228284059737,0.42107081174438604,0.08203125,0.079125700001895,0.203125,0.204274399999121,0.109375,9.52453520268211e-05,563793920.0,14515272.0,19789.0,3281.0,0.0,0.0,0.0,0.0,0.0,0.0,0.0,0.0,0.0,0,0,0,0,1
itemknn|topk=300;shrink=100.0|frac=1.0,luxury_beauty,itemknn,1.0,300.0,100.0,,,,,,,,,,,,0.311446441993705,0.38128619323377005,0.36826170882860904,0.071875,0.07380338000075401,0.21875000000000003,0.215193399999407,0.104166666666666,9.84201970943818e-05,563793920.0,14515272.0,19789.0,3281.0,0.0,0.0,0.0,0.0,0.0,0.0,0.0,0.0,0.0,0,0,0,0,1
als|factors=16;epochs=5;regularisation=0.001;alpha=1.0|frac=0.25,luxury_beauty,als,0.25,,,16.0,5.0,0.001,1.0,,,,,,,,0.17819001220835,0.21060652240170602,0.47022249314233405,0.6875,0.6827097999921531,0.203125,0.201017250001314,0.109375,9.762648582749162e-05,561831936.0,630912.0,6446.0,3281.0,0.010367344419272007,0.0057909174032300115,0.06621964848115397,0.109375,0.09311460000026195,0.0234375,0.02845459999934899,0.052083333333333995,2.063649293830031e-05,5115904,0,0,0,3
als|factors=16;epochs=5;regularisation=0.001;alpha=10.0|frac=0.25,luxury_beauty,als,0.25,,,16.0,5.0,0.001,10.0,,,,,,,,0.175641525164405,0.22523620847302603,0.5682820278370411,0.671875,0.6651812999916721,0.1953125,0.19693014999938802,0.109375,9.286421822615058e-05,561831936.0,630912.0,6446.0,3281.0,0.026432864372754994,0.03444071929289899,0.04051610281418305,0.609375,0.635214300000371,0.0703125,0.07637119999981201,0.02604166666666602,2.9367316874190494e-05,5103616,0,0,0,3
als|factors=16;epochs=5;regularisation=0.001;alpha=40.0|frac=0.25,luxury_beauty,als,0.25,,,16.0,5.0,0.001,40.0,,,,,,,,0.17759960397447302,0.22127400182871002,0.574621558467946,0.6875,0.684789400000227,0.1953125,0.19563865000236502,0.104166666666666,9.127679569237021e-05,561831936.0,630912.0,6446.0,3281.0,0.018886124436442997,0.029868942395610998,0.037417454028244035,0.03125000000000011,0.033385000007002064,0.015625,0.019759499999963015,0.010416666666667004,7.93711266890173e-06,5103616,0,0,0,3
als|factors=16;epochs=5;regularisation=0.01;alpha=1.0|frac=0.25,luxury_beauty,als,0.25,,,16.0,5.0,0.01,1.0,,,,,,,,0.178021893261295,0.21030173727522003,0.46886111957736404,0.671875,0.6691647999978151,0.1953125,0.19919254999695102,0.109375,9.127679569237021e-05,561831936.0,630912.0,6446.0,3281.0,0.01020915755066501,0.0057909174032300115,0.065142741034238,0.234375,0.20750189999944302,0.015625,0.017789999999878015,0.010416666666667004,6.34969013512139e-06,5103616,0,0,0,3
als|factors=16;epochs=5;regularisation=0.01;alpha=10.0|frac=0.25,luxury_beauty,als,0.25,,,16.0,5.0,0.01,10.0,,,,,,,,0.17576433265969502,0.225845778725998,0.568505536929797,0.671875,0.6705592000071191,0.1953125,0.19528229999559701,0.11458333333333301,9.445164075993092e-05,561831936.0,630912.0,6446.0,3281.0,0.024752091314759028,0.033221578786955,0.04417352433201294,0.06250000000000011,0.033407800000532006,0.0234375,0.03014635000044999,0.0052083333333330095,8.730823935791928e-06,5103616,0,0,0,3
als|factors=16;epochs=5;regularisation=0.01;alpha=40.0|frac=0.25,luxury_beauty,als,0.25,,,16.0,5.0,0.01,40.0,,,,,,,,0.17656711379641502,0.221578786955196,0.5705171187646041,0.671875,0.6739957999961911,0.1953125,0.19601200000033703,0.109375,9.286421822615058e-05,561831936.0,630912.0,6446.0,3281.0,0.018565091239469006,0.02834501676318199,0.045240272274713056,0.04687500000000011,0.047782000000551994,0.0546875,0.051727850000134024,0.020833333333333995,2.301762673930031e-05,5103616,0,0,0,3
als|factors=16;epochs=5;regularisation=0.1;alpha=1.0|frac=0.25,luxury_beauty,als,0.25,,,16.0,5.0,0.1,1.0,,,,,,,,0.178022716238622,0.209996952148735,0.46847505841714904,0.75,0.7473648000013781,0.203125,0.20225239999854203,0.11458333333333301,9.683277456060143e-05,561831936.0,630912.0,6446.0,3281.0,0.008593762932009003,0.0057909174032300115,0.06333434928375498,0.09375,0.12271900000268898,0.0390625,0.040446550000523995,0.0052083333333330095,1.349309153651997e-05,5103616,0,0,0,3
als|factors=16;epochs=5;regularisation=0.1;alpha=10.0|frac=0.25,luxury_beauty,als,0.25,,,16.0,5.0,0.1,10.0,,,,,,,,0.17439505481227002,0.22493142334654,0.56852585593823,0.671875,0.663839599990751,0.1953125,0.19838019999588102,0.109375,9.286421822615058e-05,561831936.0,630912.0,6446.0,3281.0,0.02339989098140699,0.03291679366046901,0.01957736462460602,0.06250000000000011,0.06569830000080401,0.0078125,0.012456899999960996,0.0052083333333330095,3.968556334450852e-06,5103616,0,0,0,3
als|factors=16;epochs=5;regularisation=0.1;alpha=40.0|frac=0.25,luxury_beauty,als,0.25,,,16.0,5.0,0.1,40.0,,,,,,,,0.17239492761289202,0.22035964644925302,0.545951437569846,0.6875,0.679747300004237,0.1953125,0.19560019999335002,0.109375,9.127679569237021e-05,561831936.0,630912.0,6446.0,3281.0,0.020388904353787013,0.03352636391344102,0.036015442446408086,0.171875,0.164561399999002,0.0390625,0.036590449999493985,0.010416666666667004,1.349309153651997e-05,5103616,0,0,0,3
als|factors=16;epochs=15;regularisation=0.001;alpha=1.0|frac=0.25,luxury_beauty,als,0.25,,,16.0,15.0,0.001,1.0,,,,,,,,0.18592071597439902,0.219750076196281,0.49265467845169103,2.09375,2.099675700001171,0.2109375,0.209484049999446,0.119791666666666,0.00010080133089500001,561831936.0,630912.0,6446.0,3281.0,0.008105523005784016,0.005790917403230983,0.035090927562733965,0.109375,0.11973790000502094,0.015625000000000028,0.022788400000081005,0.010416666666666005,7.937112668178906e-06,5103616,0,0,0,3
als|factors=16;epochs=15;regularisation=0.001;alpha=10.0|frac=0.25,luxury_beauty,als,0.25,,,16.0,15.0,0.001,10.0,,,,,,,,0.19731894807298503,0.23163669612922802,0.5446611805343891,2.078125,2.07285740000043,0.1953125,0.197189099999377,0.11458333333333301,9.445164075993092e-05,561831936.0,630912.0,6446.0,3281.0,0.019629402513341,0.02072538860103601,0.06438077821802302,0.125,0.11882419999528793,0.0234375,0.019564049999644006,0.0052083333333330095,8.730823935791914e-06,5103616,0,0,0,3
als|factors=16;epochs=15;regularisation=0.001;alpha=40.0|frac=0.25,luxury_beauty,als,0.25,,,16.0,15.0,0.001,40.0,,,,,,,,0.20229338874449102,0.23651325815300203,0.533760032510413,2.0,1.9905637999909231,0.1953125,0.195049400004791,0.109375,9.127679569237021e-05,561831936.0,630912.0,6446.0,3281.0,0.013450875852687005,0.017982322462663985,0.029015544041450014,0.96875,0.9765816000008272,0.0546875,0.06795795000016402,0.020833333333333995,2.143020420551997e-05,5103616,0,0,0,3
als|factors=16;epochs=15;regularisation=0.01;alpha=1.0|frac=0.25,luxury_beauty,als,0.25,,,16.0,15.0,0.01,1.0,,,,,,,,0.18601388293220902,0.22005486132276703,0.492553083409529,2.046875,2.069186200009426,0.203125,0.204758499996387,0.109375,9.52453520268211e-05,561831936.0,630912.0,6446.0,3281.0,0.00798532311953501,0.005486132276744993,0.03748857055775695,0.90625,0.9590585999994801,0.078125,0.07922019999978197,0.010416666666666005,2.6986183074190494e-05,5103616,0,0,0,3
als|factors=16;epochs=15;regularisation=0.01;alpha=10.0|frac=0.25,luxury_beauty,als,0.25,,,16.0,15.0,0.01,10.0,,,,,,,,0.19712811665076302,0.233770192014629,0.5530529310169661,2.046875,2.05286330000672,0.203125,0.19817044999945202,0.109375,9.52453520268211e-05,561831936.0,630912.0,6446.0,3281.0,0.019317982098688985,0.02011581834806503,0.06086558975921996,0.078125,0.10370329999932393,0.0234375,0.02060615000027602,0.015625,1.1905669003190494e-05,5103616,0,0,0,3
als|factors=16;epochs=15;regularisation=0.01;alpha=40.0|frac=0.25,luxury_beauty,als,0.25,,,16.0,15.0,0.01,40.0,,,,,,,,0.195959052837087,0.23681804327948702,0.52658742253378,2.03125,2.030896700001904,0.1953125,0.19863674999942302,0.11458333333333301,9.286421822615058e-05,561831936.0,630912.0,6446.0,3281.0,0.015705606806904,0.018287107589150003,0.04163364827796401,0.09375,0.07213100000080885,0.0078125,0.015426549999574019,0.0052083333333330095,2.381133800670538e-06,5103616,0,0,0,3
als|factors=16;epochs=15;regularisation=0.1;alpha=1.0|frac=0.25,luxury_beauty,als,0.25,,,16.0,15.0,0.1,1.0,,,,,,,,0.18490123720338902,0.218835720816824,0.49113075281926205,2.171875,2.216715700007626,0.203125,0.20476395000150602,0.109375,9.762648582749162e-05,561831936.0,630912.0,6446.0,3281.0,0.049940608362675,0.004876562023773012,0.04614446814995404,0.34375,0.3696408999994669,0.0234375,0.01615485000002101,0.02604166666666602,1.269938026951997e-05,5103616,0,0,0,3
als|factors=16;epochs=15;regularisation=0.1;alpha=10.0|frac=0.25,luxury_beauty,als,0.25,,,16.0,15.0,0.1,10.0,,,,,,,,0.196514251011586,0.232855836635172,0.556385248399878,2.140625,2.202981999987969,0.2265625,0.22642949999863002,0.119791666666666,0.00010556359849600001,561831936.0,630912.0,6446.0,3281.0,0.018996636791689003,0.019811033221578983,0.052230011175454005,1.0625,1.1107592000007571,0.078125,0.08106595000026598,0.04166666666666602,3.6510718276519955e-05,5103616,0,0,0,3
als|factors=16;epochs=15;regularisation=0.1;alpha=40.0|frac=0.25,luxury_beauty,als,0.25,,,16.0,15.0,0.1,40.0,,,,,,,,0.19681713547068802,0.23834196891191703,0.49706390328151906,2.0,2.014592999999877,0.1953125,0.201333649994921,0.11458333333333301,9.445164075993092e-05,561831936.0,630912.0,6446.0,3281.0,0.014937019334343993,0.014934471197805,0.05970740627857296,0.6875,0.6576515000006111,0.0703125,0.084936099999595,0.03125,3.095473940851997e-05,5103616,0,0,0,3
als|factors=16;epochs=30;regularisation=0.001;alpha=1.0|frac=0.25,luxury_beauty,als,0.25,,,16.0,30.0,0.001,1.0,,,,,,,,0.18521940413783,0.21761658031088002,0.47690744691659004,4.5,4.553000400002929,0.2109375,0.21181024999987103,0.109375,0.00010000761962800001,561831936.0,630912.0,6446.0,3281.0,0.053220290137572984,0.010667479427004023,0.084791222188357,0.578125,0.6338240000004589,0.03125000000000003,0.030483949997233,0.015625,1.190566900251997e-05,5103616,0,0,0,3
als|factors=16;epochs=30;regularisation=0.001;alpha=10.0|frac=0.25,luxury_beauty,als,0.25,,,16.0,30.0,0.001,10.0,,,,,,,,0.204249173672144,0.23651325815300203,0.51195773646246,4.140625,4.130906999998842,0.203125,0.201422350000029,0.109375,9.683277456060143e-05,561831936.0,630912.0,6446.0,3281.0,0.01816981415805899,0.02194452910697997,0.05393680788377503,0.453125,0.4879229000034684,0.03125000000000003,0.033539000004567,0.010416666666667004,1.111195773630031e-05,5103616,0,0,0,3
als|factors=16;epochs=30;regularisation=0.001;alpha=40.0|frac=0.25,luxury_beauty,als,0.25,,,16.0,30.0,0.001,40.0,,,,,,,,0.20763084806369503,0.24321853093569,0.50485624301534,4.0625,4.030925200000638,0.203125,0.19800209999812002,0.109375,9.365792949304075e-05,561831936.0,630912.0,6446.0,3281.0,0.014123000811008007,0.017982322462662986,0.08170273290663399,0.140625,0.13700170000174694,0.015625,0.014394600000287,0.015625,7.937112668901758e-06,5103616,0,0,0,3
als|factors=16;epochs=30;regularisation=0.01;alpha=1.0|frac=0.25,luxury_beauty,als,0.25,,,16.0,30.0,0.01,1.0,,,,,,,,0.18510684791939902,0.21761658031088002,0.47644010972264506,4.015625,4.007186699993326,0.1953125,0.19995689999632302,0.109375,9.286421822615058e-05,561831936.0,630912.0,6446.0,3281.0,0.053271125244189005,0.010972264553490013,0.085705577567815,0.203125,0.1969386000000668,0.015625,0.017159300000002986,0.0,4.762267601341063e-06,5103616,0,0,0,3
als|factors=16;epochs=30;regularisation=0.01;alpha=10.0|frac=0.25,luxury_beauty,als,0.25,,,16.0,30.0,0.01,10.0,,,,,,,,0.204126040657389,0.23651325815300203,0.5119069389413791,3.96875,3.981222000000343,0.1953125,0.198882100000446,0.109375,9.286421822615058e-05,561831936.0,630912.0,6446.0,3281.0,0.018626392950475995,0.022858884486436998,0.055846794676419065,0.046875,0.03730600001108586,0.015625,0.013988500001233,0.005208333333333995,3.1748450675607085e-06,5103616,0,0,0,3
als|factors=16;epochs=30;regularisation=0.01;alpha=40.0|frac=0.25,luxury_beauty,als,0.25,,,16.0,30.0,0.01,40.0,,,,,,,,0.20791053217562802,0.24199939042974702,0.506481763689932,4.125,4.133741300000111,0.203125,0.199685800000224,0.109375,9.52453520268211e-05,561831936.0,630912.0,6446.0,3281.0,0.014694641489291005,0.02042060347455099,0.04859290866605798,0.1875,0.20260769999731565,0.015625,0.015904000004865998,0.03125,1.428680280351997e-05,5103616,0,0,0,3
als|factors=16;epochs=30;regularisation=0.1;alpha=1.0|frac=0.25,luxury_beauty,als,0.25,,,16.0,30.0,0.1,1.0,,,,,,,,0.185055835722912,0.21731179518439503,0.47729350807680504,4.015625,4.008097400001134,0.203125,0.20209519999934802,0.109375,9.52453520268211e-05,561831936.0,630912.0,6446.0,3281.0,0.05337350582855502,0.010972264553490013,0.08399878085949397,0.234375,0.26578899998912675,0.015625,0.016804700004285994,0.0052083333333330095,6.34969013512139e-06,5103616,0,0,0,3
als|factors=16;epochs=30;regularisation=0.1;alpha=10.0|frac=0.25,luxury_beauty,als,0.25,,,16.0,30.0,0.1,10.0,,,,,,,,0.20407043314650203,0.236208473026516,0.535771614345219,4.1875,4.168568099999902,0.1953125,0.197435249996487,0.109375,9.445164075993092e-05,561831936.0,630912.0,6446.0,3281.0,0.020151365556312,0.02042060347455099,0.039388397846184975,0.421875,0.43536040000799403,0.0234375,0.017601799999739015,0.0052083333333330095,7.143401402011587e-06,5103616,0,0,0,3
als|factors=16;epochs=30;regularisation=0.1;alpha=40.0|frac=0.25,luxury_beauty,als,0.25,,,16.0,30.0,0.1,40.0,,,,,,,,0.207739688770941,0.24138982017677502,0.500711165295133,4.25,4.323145199999999,0.2421875,0.238137450003705,0.125,0.00011191328863100001,561831936.0,630912.0,6446.0,3281.0,0.010337330809289003,0.018896677842121012,0.04539266483795601,0.46875,0.5419890000102896,0.0546875,0.06206829999973698,0.02083333333333301,2.301762673973963e-05,5103616,0,0,0,3
als|factors=32;epochs=5;regularisation=0.001;alpha=1.0|frac=0.25,luxury_beauty,als,0.25,,,32.0,5.0,0.001,1.0,,,,,,,,0.13286226492271402,0.21060652240170602,0.551640759930915,0.921875,0.9111941000010121,0.1953125,0.20140589999937203,0.109375,9.445164075993092e-05,561831936.0,1261824.0,6446.0,3281.0,0.002912326530562004,0.015848826577262998,0.010809712486030021,0.15625,0.15587990000039997,0.046875,0.044800400000894997,0.0052083333333330095,1.428680280351997e-05,5103616,0,0,0,3
als|factors=32;epochs=5;regularisation=0.001;alpha=10.0|frac=0.25,luxury_beauty,als,0.25,,,32.0,5.0,0.001,10.0,,,,,,,,0.18412164073223503,0.223102712587625,0.5497917301635681,0.9375,0.9347531000003071,0.203125,0.20317429999977302,0.11458333333333301,9.683277456060143e-05,561831936.0,1261824.0,6446.0,3281.0,0.015373129900061011,0.024992380371838013,0.011805343899218057,0.12499999999999989,0.12095100000715286,0.046875,0.054244500002368995,0.02604166666666602,2.222391547251997e-05,5103616,0,0,0,3
als|factors=32;epochs=5;regularisation=0.001;alpha=40.0|frac=0.25,luxury_beauty,als,0.25,,,32.0,5.0,0.001,40.0,,,,,,,,0.178662024756742,0.225845778725998,0.519028751396931,0.9062500000000001,0.909966900000654,0.2109375,0.207256800000322,0.109375,9.762648582749162e-05,561836032.0,1261824.0,6446.0,3281.0,0.008590817581685006,0.025906735751295012,0.05397744590064002,0.3124999999999999,0.33271749999494293,0.0390625,0.039670149998074,0.0052083333333330095,1.349309153651997e-05,5103616,0,0,0,3
als|factors=32;epochs=5;regularisation=0.01;alpha=1.0|frac=0.25,luxury_beauty,als,0.25,,,32.0,5.0,0.01,1.0,,,,,,,,0.13286226492271402,0.21060652240170602,0.5510515086863761,0.921875,0.9673196000003371,0.1953125,0.19758349999756303,0.109375,9.52453520268211e-05,561836032.0,1261824.0,6446.0,3281.0,0.002423355941523986,0.015848826577262998,0.013827085238239945,0.10937499999999989,0.13074509999387396,0.015625,0.018224399999780982,0.010416666666666005,5.555978868231247e-06,5103616,0,0,0,3
als|factors=32;epochs=5;regularisation=0.01;alpha=10.0|frac=0.25,luxury_beauty,als,0.25,,,32.0,5.0,0.01,10.0,,,,,,,,0.183885470466243,0.222493142334654,0.546103830133089,0.921875,0.9187531000006851,0.1953125,0.198456949998217,0.109375,9.286421822615058e-05,561836032.0,1261824.0,6446.0,3281.0,0.022995700448022988,0.025297165498324004,0.012973686884080071,0.03125,0.033337200005917,0.0234375,0.017358999999487007,0.0,7.143401402011574e-06,5103616,0,0,0,3
als|factors=32;epochs=5;regularisation=0.01;alpha=40.0|frac=0.25,luxury_beauty,als,0.25,,,32.0,5.0,0.01,40.0,,,,,,,,0.177403473594782,0.22279792746113902,0.547160418571573,0.9062500000000001,0.914338000000498,0.203125,0.200873650000175,0.109375,9.52453520268211e-05,561836032.0,1261824.0,6446.0,3281.0,0.011690283946529989,0.026211520877781003,0.09326424870466399,0.03124999999999989,0.04639980000229105,0.015625,0.015224999999191025,0.0,4.762267601341063e-06,5103616,0,0,0,3
als|factors=32;epochs=5;regularisation=0.1;alpha=1.0|frac=0.25,luxury_beauty,als,0.25,,,32.0,5.0,0.1,1.0,,,,,,,,0.13277910968859402,0.21030173727522003,0.550126993802702,0.9062500000000001,0.9105110000091371,0.1953125,0.197368649998679,0.109375,9.286421822615058e-05,561836032.0,1261824.0,6446.0,3281.0,0.0026061743067559984,0.016763181956720996,0.015665955501371953,0.0625,0.09367389999988507,0.015625,0.01935979999962001,0.0,4.762267601341063e-06,5103616,0,0,0,3
als|factors=32;epochs=5;regularisation=0.1;alpha=10.0|frac=0.25,luxury_beauty,als,0.25,,,32.0,5.0,0.1,10.0,,,,,,,,0.181119409396017,0.22188357208168202,0.550126993802702,0.9062500000000001,0.9088823000056431,0.203125,0.196967999996559,0.109375,9.365792949304075e-05,561836032.0,1261824.0,6446.0,3281.0,0.015654971782126992,0.02682109113075301,0.017382911713908933,0.03125,0.01939249999850301,0.015625,0.017309649999789012,0.010416666666667004,6.34969013512139e-06,5103616,0,0,0,3
als|factors=32;epochs=5;regularisation=0.1;alpha=40.0|frac=0.25,luxury_beauty,als,0.25,,,32.0,5.0,0.1,40.0,,,,,,,,0.172797634146475,0.21426394391953602,0.547353449151681,0.9062500000000001,0.90637980000065,0.1953125,0.19860369999514602,0.109375,9.365792949304075e-05,561836032.0,1261824.0,6446.0,3281.0,0.012876580907631996,0.025906735751295012,0.022401706796708054,0.03125,0.024112600003719065,0.015625,0.01728115000014399,0.010416666666667004,3.968556334450879e-06,5103616,0,0,0,3
als|factors=32;epochs=15;regularisation=0.001;alpha=1.0|frac=0.25,luxury_beauty,als,0.25,,,32.0,15.0,0.001,1.0,,,,,,,,0.135110623902743,0.20786345626333402,0.5169358935283951,2.75,2.752061600000161,0.203125,0.203035499995166,0.109375,9.52453520268211e-05,561836032.0,1261824.0,6446.0,3281.0,0.0033240401530660046,0.012800975312404012,0.03621863253073199,0.15625,0.17734769999333366,0.0078125,0.013915150000229998,0.0,2.3811338006705246e-06,5103616,0,0,0,3
als|factors=32;epochs=15;regularisation=0.001;alpha=10.0|frac=0.25,luxury_beauty,als,0.25,,,32.0,15.0,0.001,10.0,,,,,,,,0.200267566419241,0.23834196891191703,0.553134207050695,2.75,2.760603200000332,0.2109375,0.207072500000322,0.11458333333333301,9.921390836127197e-05,561836032.0,1261824.0,6446.0,3281.0,0.002826445399566002,0.007924413288631,0.03056994818652803,0.71875,0.739640000006148,0.0546875,0.05726895000270801,0.02604166666666602,2.460504927351997e-05,5103616,0,0,0,3
als|factors=32;epochs=15;regularisation=0.001;alpha=40.0|frac=0.25,luxury_beauty,als,0.25,,,32.0,15.0,0.001,40.0,,,,,,,,0.20702202101903203,0.23925632429137403,0.502621152087778,2.71875,2.744881299999178,0.1953125,0.196996149999904,0.11458333333333301,9.445164075993092e-05,561836032.0,1261824.0,6446.0,3281.0,0.006855932730906011,0.013715330691862981,0.04773951031189699,0.375,0.38684680000460503,0.015625,0.014368499999818984,0.0052083333333330095,6.34969013512139e-06,5103616,0,0,0,3
als|factors=32;epochs=15;regularisation=0.01;alpha=1.0|frac=0.25,luxury_beauty,als,0.25,,,32.0,15.0,0.01,1.0,,,,,,,,0.135259550685723,0.20816824138982,0.516306004266991,2.75,2.754512899991823,0.1953125,0.196921349997865,0.109375,9.286421822615058e-05,561836032.0,1261824.0,6446.0,3281.0,0.003306889583552991,0.012496190185918993,0.03304886721528,0.09375,0.09155719999944267,0.015625,0.012730100000226008,0.0,4.762267601341063e-06,5103616,0,0,0,3
als|factors=32;epochs=15;regularisation=0.01;alpha=10.0|frac=0.25,luxury_beauty,als,0.25,,,32.0,15.0,0.01,10.0,,,,,,,,0.20051842131213202,0.238037183785431,0.549243116935893,2.765625,2.818052800000259,0.1953125,0.19928580000123403,0.11458333333333301,9.365792949304075e-05,561836032.0,1261824.0,6446.0,3281.0,0.002959663152546005,0.009143553794573989,0.03521284161332905,0.078125,0.13198629999715195,0.015625,0.01531900000054498,0.010416666666666005,3.968556334450852e-06,5103616,0,0,0,3
als|factors=32;epochs=15;regularisation=0.01;alpha=40.0|frac=0.25,luxury_beauty,als,0.25,,,32.0,15.0,0.01,40.0,,,,,,,,0.20668665240278,0.23834196891191703,0.48285075688306406,2.71875,2.7142801999998483,0.203125,0.19774270000198102,0.109375,9.365792949304075e-05,561836032.0,1261824.0,6446.0,3281.0,0.006978079359594019,0.015239256324292016,0.01376612821294404,0.078125,0.09325529999205084,0.015625,0.01771994999944601,0.015625,7.937112668901758e-06,5103616,0,0,0,3
als|factors=32;epochs=15;regularisation=0.1;alpha=1.0|frac=0.25,luxury_beauty,als,0.25,,,32.0,15.0,0.1,1.0,,,,,,,,0.136788459069794,0.21761658031088002,0.516813979477801,2.75,2.751268799998797,0.1953125,0.19703380000282703,0.109375,9.286421822615058e-05,561836032.0,1261824.0,6446.0,3281.0,0.0039813828461119916,0.013105760438890002,0.034105455653763994,0.109375,0.1351824000003039,0.0078125,0.005438949999188009,0.005208333333333995,3.968556334450892e-06,5103616,0,0,0,3
als|factors=32;epochs=15;regularisation=0.1;alpha=10.0|frac=0.25,luxury_beauty,als,0.25,,,32.0,15.0,0.1,10.0,,,,,,,,0.20116930405955902,0.23773239865894502,0.559443259168952,2.71875,2.71993780000048,0.203125,0.20065185000021302,0.109375,9.52453520268211e-05,561836032.0,1261824.0,6446.0,3281.0,0.0034961401972989914,0.014629686071320008,0.017464187747638027,0.078125,0.08576580000954026,0.14843750000000006,0.14468004999161999,0.0546875,6.190947881684943e-05,5103616,0,0,0,3
als|factors=32;epochs=15;regularisation=0.1;alpha=40.0|frac=0.25,luxury_beauty,als,0.25,,,32.0,15.0,0.1,40.0,,,,,,,,0.20270556267422002,0.23742761353245903,0.506756070303769,2.703125,2.703209000001152,0.1953125,0.195198100002016,0.109375,9.286421822615058e-05,561836032.0,1261824.0,6446.0,3281.0,0.0013503082695590085,0.0045717768972879935,0.010830031494464043,0.3125,0.315394399998695,0.015625,0.014790700000502977,0.0,4.762267601341063e-06,5103616,0,0,0,3
als|factors=32;epochs=30;regularisation=0.001;alpha=1.0|frac=0.25,luxury_beauty,als,0.25,,,32.0,30.0,0.001,1.0,,,,,,,,0.139233287315495,0.21761658031088002,0.514263943919536,5.453125,5.453165099999751,0.1953125,0.198799249999865,0.109375,9.286421822615058e-05,561836032.0,1261824.0,6446.0,3281.0,0.003932660822117989,0.004571776897286994,0.04564665244335997,0.125,0.1648968999979843,0.015625,0.015779849999944,0.005208333333333995,6.349690135121403e-06,5103616,0,0,0,3
als|factors=32;epochs=30;regularisation=0.001;alpha=10.0|frac=0.25,luxury_beauty,als,0.25,,,32.0,30.0,0.001,10.0,,,,,,,,0.20231182855041702,0.238037183785431,0.5271258762572381,5.453125,5.455133400000705,0.203125,0.19991945000219802,0.109375,9.683277456060143e-05,561836032.0,1261824.0,6446.0,3281.0,0.004298718567470022,0.007924413288631,0.02360052829421999,0.203125,0.23314689999187976,0.0234375,0.01664089999985599,0.0052083333333330095,7.143401402011574e-06,5103616,0,0,0,3
als|factors=32;epochs=30;regularisation=0.001;alpha=40.0|frac=0.25,luxury_beauty,als,0.25,,,32.0,30.0,0.001,40.0,,,,,,,,0.20959386433297802,0.24352331606217603,0.49903484709946105,5.453125,5.450804199999766,0.1953125,0.19544524999992002,0.109375,9.286421822615058e-05,561836032.0,1261824.0,6446.0,3281.0,0.006253645074648012,0.011277049679975004,0.06603677740526298,0.265625,0.3384120000018811,0.0078125,0.010819949997312006,0.0052083333333330095,3.968556334450852e-06,5103616,0,0,0,3
als|factors=32;epochs=30;regularisation=0.01;alpha=1.0|frac=0.25,luxury_beauty,als,0.25,,,32.0,30.0,0.01,1.0,,,,,,,,0.13925409406862102,0.21761658031088002,0.5094280199126281,5.46875,5.468382499999279,0.203125,0.199304349996964,0.109375,9.365792949304075e-05,561836032.0,1261824.0,6446.0,3281.0,0.0038845056833370084,0.004571776897286994,0.04495580615665906,0.1875,0.211700099996051,0.015625,0.015080499999840014,0.010416666666667004,3.174845067560722e-06,5103616,0,0,0,3
als|factors=32;epochs=30;regularisation=0.01;alpha=10.0|frac=0.25,luxury_beauty,als,0.25,,,32.0,30.0,0.01,10.0,,,,,,,,0.202207527002801,0.23834196891191703,0.537600325104134,5.46875,5.4817759999987175,0.1953125,0.198306600002979,0.109375,9.286421822615058e-05,561836032.0,1261824.0,6446.0,3281.0,0.005708502382009012,0.008838768668088998,0.03522300111754506,0.21875,0.21705670000210375,0.015625,0.018506400000660006,0.0,4.762267601341063e-06,5103616,0,0,0,3
als|factors=32;epochs=30;regularisation=0.01;alpha=40.0|frac=0.25,luxury_beauty,als,0.25,,,32.0,30.0,0.01,40.0,,,,,,,,0.20868977166798003,0.24321853093569,0.467103525347963,5.4375,5.439814299999853,0.203125,0.205110650000278,0.11458333333333301,9.683277456060143e-05,561836032.0,1261824.0,6446.0,3281.0,0.0029795890915559897,0.0009143553794579984,0.05393680788377497,0.140625,0.1371713999978974,0.0234375,0.026277799994204987,0.0052083333333330095,8.730823935791928e-06,5103616,0,0,0,3
als|factors=32;epochs=30;regularisation=0.1;alpha=1.0|frac=0.25,luxury_beauty,als,0.25,,,32.0,30.0,0.1,1.0,,,,,,,,0.13917008430020802,0.21761658031088002,0.508767652138575,5.484375,5.475025899999309,0.1953125,0.19612710000365002,0.109375,9.286421822615058e-05,561836032.0,1261824.0,6446.0,3281.0,0.0041385802132369864,0.005486132276744993,0.05021842934064896,0.171875,0.1721562999937305,0.015625,0.013686350000170988,0.005208333333333995,3.1748450675607085e-06,5103616,0,0,0,3
als|factors=32;epochs=30;regularisation=0.1;alpha=10.0|frac=0.25,luxury_beauty,als,0.25,,,32.0,30.0,0.1,10.0,,,,,,,,0.204649605090915,0.23864675403840202,0.537204104439703,5.53125,5.635356500000853,0.1953125,0.197965999999723,0.109375,9.286421822615058e-05,561836032.0,1261824.0,6446.0,3281.0,0.006560202104563012,0.017982322462662986,0.01805343899217693,0.3125,0.355033399995591,0.0234375,0.016394700000090995,0.0052083333333330095,8.730823935791928e-06,5103616,0,0,0,3
als|factors=32;epochs=30;regularisation=0.1;alpha=40.0|frac=0.25,luxury_beauty,als,0.25,,,32.0,30.0,0.1,40.0,,,,,,,,0.20951149227325902,0.24352331606217603,0.48277964035355003,5.5,5.507479699999749,0.203125,0.20035759999882402,0.109375,9.365792949304075e-05,561836032.0,1261824.0,6446.0,3281.0,0.003586163369054013,0.007010057909174,0.0052524636797720015,0.1875,0.2901659000035579,0.0234375,0.015080050000051026,0.005208333333333995,7.143401402011574e-06,5103616,0,0,0,3
als|factors=64;epochs=5;regularisation=0.001;alpha=1.0|frac=0.25,luxury_beauty,als,0.25,,,64.0,5.0,0.001,1.0,,,,,,,,0.168734509393054,0.196891191709844,0.55240272274713,1.671875,1.6848031999998052,0.2109375,0.206968200000119,0.109375,9.762648582749162e-05,563793920.0,2523648.0,6446.0,3281.0,0.044251600894256005,0.010057909174032015,0.042324494564666026,0.046875,0.059272400005284,0.023437500000000028,0.040549299998018984,0.0,7.143401401849431e-06,3129344,0,0,0,3
als|factors=64;epochs=5;regularisation=0.001;alpha=10.0|frac=0.25,luxury_beauty,als,0.25,,,64.0,5.0,0.001,10.0,,,,,,,,0.184996043377184,0.222188357208168,0.497267093365843,1.671875,1.670663599999898,0.203125,0.21058605000052902,0.109375,9.683277456060143e-05,563793920.0,2523648.0,6446.0,3281.0,0.01086273956287001,0.0009143553794579984,0.02028852991973995,0.0625,0.053315099996325,0.0234375,0.02782830000432998,0.010416666666667004,8.73082393495926e-06,3129344,0,0,0,3
als|factors=64;epochs=5;regularisation=0.001;alpha=40.0|frac=0.25,luxury_beauty,als,0.25,,,64.0,5.0,0.001,40.0,,,,,,,,0.190069457891645,0.21487351417250802,0.49316265366250106,1.65625,1.652300200003082,0.203125,0.20300714999757402,0.109375,9.52453520268211e-05,563793920.0,2523648.0,6446.0,3281.0,0.026605168823123998,0.025906735751295012,0.050634969013512054,0.046875,0.04629789999944389,0.015625,0.014206900000318018,0.015625,9.524535202629799e-06,3129344,0,0,0,3
als|factors=64;epochs=5;regularisation=0.01;alpha=1.0|frac=0.25,luxury_beauty,als,0.25,,,64.0,5.0,0.01,1.0,,,,,,,,0.168644702775702,0.19658640658335802,0.5539164888753431,1.671875,1.687653000000864,0.203125,0.20377709999593202,0.109375,9.52453520268211e-05,563793920.0,2523648.0,6446.0,3281.0,0.04424500420088301,0.010057909174032015,0.04660164583968307,0.125,0.15528170000197905,0.015625000000000028,0.015632800000276004,0.0,4.762267601178907e-06,3129344,0,0,0,3
als|factors=64;epochs=5;regularisation=0.01;alpha=10.0|frac=0.25,luxury_beauty,als,0.25,,,64.0,5.0,0.01,10.0,,,,,,,,0.18269470246714,0.22096921670222403,0.481509702326526,1.6875,1.70432719999917,0.2109375,0.21096350000152503,0.109375,9.762648582749162e-05,563793920.0,2523648.0,6446.0,3281.0,0.003784218664120015,0.004266991770802003,0.013126079447323025,0.078125,0.07574079999721994,0.015625,0.019402450000143984,0.0052083333333330095,6.34969013512139e-06,3129344,0,0,0,3
als|factors=64;epochs=5;regularisation=0.01;alpha=40.0|frac=0.25,luxury_beauty,als,0.25,,,64.0,5.0,0.01,40.0,,,,,,,,0.17963659459643902,0.21304480341359303,0.47460123945951405,1.65625,1.656360200009658,0.203125,0.20444955000129902,0.11458333333333301,9.683277456060143e-05,563793920.0,2523648.0,6446.0,3281.0,0.01723151684108501,0.02773544651021101,0.04191811439601795,0.21875,0.25491990000045917,0.046875,0.04790555000044999,0.015625,1.904907040484943e-05,3129344,0,0,0,3
als|factors=64;epochs=5;regularisation=0.1;alpha=1.0|frac=0.25,luxury_beauty,als,0.25,,,64.0,5.0,0.1,1.0,,,,,,,,0.16837272592444202,0.19475769582444302,0.549619018591892,1.6875,1.679984200000035,0.2109375,0.209425399999418,0.109375,9.762648582749162e-05,563793920.0,2523648.0,6446.0,3281.0,0.0057260650759739795,0.013715330691863009,0.04431575739103899,0.078125,0.11232229998950105,0.023437500000000028,0.023419950000516,0.015625,1.1905669002629799e-05,3129344,0,0,0,3
als|factors=64;epochs=5;regularisation=0.1;alpha=10.0|frac=0.25,luxury_beauty,als,0.25,,,64.0,5.0,0.1,10.0,,,,,,,,0.181382600126218,0.215178299298994,0.47812658742253306,1.703125,1.711622100003296,0.2109375,0.223126650002086,0.11458333333333301,9.921390836127197e-05,563793920.0,2523648.0,6446.0,3281.0,0.0020795460780229924,0.00731484303565999,0.01989230925530905,0.09375,0.0979030000007699,0.03125,0.029891049999605013,0.0052083333333330095,1.1111957735849431e-05,3129344,0,0,0,3
als|factors=64;epochs=5;regularisation=0.1;alpha=40.0|frac=0.25,luxury_beauty,als,0.25,,,64.0,5.0,0.1,40.0,,,,,,,,0.173440273009477,0.208473026516306,0.458335873209387,1.75,1.736203499996918,0.203125,0.208750450001389,0.11458333333333301,9.683277456060143e-05,563793920.0,2523648.0,6446.0,3281.0,0.005065607451517989,0.004266991770802003,0.03807782180229602,0.109375,0.11737839999932431,0.03125,0.028512600000340005,0.0052083333333330095,1.1111957735849431e-05,3129344,0,0,0,3
als|factors=64;epochs=15;regularisation=0.001;alpha=1.0|frac=0.25,luxury_beauty,als,0.25,,,64.0,15.0,0.001,1.0,,,,,,,,0.162959379072758,0.17829929899420902,0.5278065630397231,5.140625,5.276776899991091,0.2109375,0.205656700003601,0.11458333333333301,9.921390836127197e-05,563793920.0,2523648.0,6446.0,3281.0,0.003797620854293998,0.010057909174031987,0.030600426699176952,0.765625,0.9025240000000849,0.023437500000000028,0.019728599999325996,0.010416666666666005,1.0318246468849431e-05,3129344,0,0,0,3
als|factors=64;epochs=15;regularisation=0.001;alpha=10.0|frac=0.25,luxury_beauty,als,0.25,,,64.0,15.0,0.001,10.0,,,,,,,,0.19478913753853402,0.222188357208168,0.49435131565579604,5.0625,5.062779300002148,0.203125,0.201202850003028,0.109375,9.52453520268211e-05,563793920.0,2523648.0,6446.0,3281.0,0.0014985254668500037,0.007314843035660018,0.037285380473432994,0.40625,0.41309009999895263,0.023437500000000028,0.02026394999984399,0.0052083333333330095,8.730823934849431e-06,3129344,0,0,0,3
als|factors=64;epochs=15;regularisation=0.001;alpha=40.0|frac=0.25,luxury_beauty,als,0.25,,,64.0,15.0,0.001,40.0,,,,,,,,0.197282054794769,0.22828405973788402,0.46457380879813004,5.140625,5.219796999997925,0.203125,0.204016650000994,0.11458333333333301,9.683277456060143e-05,563793920.0,2523648.0,6446.0,3281.0,0.003235567667472017,0.009143553794574988,0.033729553997765005,0.296875,0.35863460000018677,0.015625,0.006388549999429005,0.0052083333333330095,3.174845067560695e-06,3129344,0,0,0,3
als|factors=64;epochs=15;regularisation=0.01;alpha=1.0|frac=0.25,luxury_beauty,als,0.25,,,64.0,15.0,0.01,1.0,,,,,,,,0.162959220856521,0.17829929899420902,0.528720918419181,4.96875,4.989681199993356,0.203125,0.20058984999923202,0.109375,9.52453520268211e-05,563793920.0,2523648.0,6446.0,3281.0,0.003757039827015002,0.010057909174031987,0.028466930813776048,0.25,0.28093530000205647,0.015625,0.01825539999936099,0.010416666666667004,7.937112668901758e-06,3129344,0,0,0,3
als|factors=64;epochs=15;regularisation=0.01;alpha=10.0|frac=0.25,luxury_beauty,als,0.25,,,64.0,15.0,0.01,10.0,,,,,,,,0.19406956726037103,0.22188357208168202,0.49691151071827705,5.0,5.017610900000363,0.2109375,0.20684544999676202,0.109375,9.762648582749162e-05,563793920.0,2523648.0,6446.0,3281.0,0.001649594678873989,0.008229198415117989,0.037265061465001026,0.140625,0.1415623000002597,0.015625,0.011765300000207007,0.0052083333333330095,6.34969013512139e-06,3129344,0,0,0,3
als|factors=64;epochs=15;regularisation=0.01;alpha=40.0|frac=0.25,luxury_beauty,als,0.25,,,64.0,15.0,0.01,40.0,,,,,,,,0.19457554873031901,0.222188357208168,0.460560804632733,4.953125,4.962682700002915,0.203125,0.20293524999578902,0.11458333333333301,9.84201970943818e-05,563793920.0,2523648.0,6446.0,3281.0,0.00205108062936199,0.0042669917708019756,0.009387381895763991,0.203125,0.18486290000055305,0.0078125,0.016934300000229996,0.010416666666666005,3.968556334450865e-06,3129344,0,0,0,3
als|factors=64;epochs=15;regularisation=0.1;alpha=1.0|frac=0.25,luxury_beauty,als,0.25,,,64.0,15.0,0.1,1.0,,,,,,,,0.162946529542807,0.17829929899420902,0.529899420908259,4.96875,4.9818223000038415,0.203125,0.20310994999454102,0.109375,9.52453520268211e-05,563793920.0,2523648.0,6446.0,3281.0,0.0037859405076050012,0.010057909174031987,0.027298587828914034,0.125,0.13032200000179728,0.0234375,0.01596734999975502,0.0,7.143401402011574e-06,3129344,0,0,0,3
als|factors=64;epochs=15;regularisation=0.1;alpha=10.0|frac=0.25,luxury_beauty,als,0.25,,,64.0,15.0,0.1,10.0,,,,,,,,0.19275968751330902,0.22127400182871002,0.49176064208066605,4.9375,4.945955300005153,0.203125,0.199408699998457,0.109375,9.365792949304075e-05,563793920.0,2523648.0,6446.0,3281.0,0.009803710162997997,0.010972264553489985,0.010443970334247987,0.109375,0.11905229999865696,0.0078125,0.012248249999629007,0.010416666666667004,3.968556334450852e-06,3129344,0,0,0,3
als|factors=64;epochs=15;regularisation=0.1;alpha=40.0|frac=0.25,luxury_beauty,als,0.25,,,64.0,15.0,0.1,40.0,,,,,,,,0.192378194630264,0.21822615056385203,0.44508787971147,5.0,5.011551099998542,0.203125,0.20772860000033602,0.109375,9.52453520268211e-05,563793920.0,2523648.0,6446.0,3281.0,0.0013780514656400178,0.0006095702529720082,0.020806664634764993,0.109375,0.19051139999828592,0.015625,0.013738249997459012,0.03645833333333301,1.587422533684943e-05,3129344,0,0,0,3
als|factors=64;epochs=30;regularisation=0.001;alpha=1.0|frac=0.25,luxury_beauty,als,0.25,,,64.0,30.0,0.001,1.0,,,,,,,,0.16315248291588302,0.17921365437366601,0.5172102001422331,9.921875,9.931282599998667,0.2109375,0.20520389999728603,0.11458333333333301,0.00010238875342800001,563793920.0,2523648.0,6446.0,3281.0,0.003869332923934987,0.00822919841511699,0.03974398049375205,0.203125,0.3149055999974735,0.0546875,0.04552775000001999,0.015625,1.825535913751997e-05,3129344,0,0,0,3
als|factors=64;epochs=30;regularisation=0.001;alpha=10.0|frac=0.25,luxury_beauty,als,0.25,,,64.0,30.0,0.001,10.0,,,,,,,,0.19573876768838203,0.22371228284059702,0.486000203190084,9.9375,10.020073699997738,0.1953125,0.19995365000067902,0.11458333333333301,9.445164075993092e-05,563793920.0,2523648.0,6446.0,3281.0,0.002159147696676994,0.008838768668088998,0.01024078024992403,0.578125,0.7961893000010605,0.015625,0.011825049999970999,0.0,4.762267601341049e-06,3129344,0,0,0,3
als|factors=64;epochs=30;regularisation=0.001;alpha=40.0|frac=0.25,luxury_beauty,als,0.25,,,64.0,30.0,0.001,40.0,,,,,,,,0.19826239837844,0.22858884486437,0.47084222289952204,9.859375,9.894861700000547,0.203125,0.20359539999481002,0.109375,9.52453520268211e-05,563793920.0,2523648.0,6446.0,3281.0,0.001966963474075989,0.005486132276744993,0.014903992685158018,0.21875,0.26282990000800055,0.015625,0.010347299999921011,0.0,4.762267601341036e-06,3129344,0,0,0,3
als|factors=64;epochs=30;regularisation=0.01;alpha=1.0|frac=0.25,luxury_beauty,als,0.25,,,64.0,30.0,0.01,1.0,,,,,,,,0.162997406350596,0.178604084120694,0.5265569440211311,9.859375,9.886656799993943,0.1953125,0.20138425000186502,0.109375,9.286421822615058e-05,563793920.0,2523648.0,6446.0,3281.0,0.0037804574250719924,0.007924413288631998,0.03733617799451394,0.203125,0.2061052999997628,0.0078125,0.008825699999305991,0.0,2.3811338006705246e-06,3129344,0,0,0,3
als|factors=64;epochs=30;regularisation=0.01;alpha=10.0|frac=0.25,luxury_beauty,als,0.25,,,64.0,30.0,0.01,10.0,,,,,,,,0.19506162977764901,0.22279792746113902,0.48728030072132406,9.90625,9.89610410000023,0.1953125,0.200827549997484,0.109375,9.286421822615058e-05,563793920.0,2523648.0,6446.0,3281.0,0.0017718362589250192,0.007619628162146008,0.024098344000813066,0.0625,0.11817259999679663,0.0078125,0.014779000000090026,0.0,2.3811338006705246e-06,3129344,0,0,0,3
als|factors=64;epochs=30;regularisation=0.01;alpha=40.0|frac=0.25,luxury_beauty,als,0.25,,,64.0,30.0,0.01,40.0,,,,,,,,0.19551578162183703,0.222493142334654,0.45512546987707,9.859375,9.87922399999843,0.203125,0.20265084999846203,0.109375,9.52453520268211e-05,563793920.0,2523648.0,6446.0,3281.0,0.002040454368905986,0.004876562023773012,0.02324494564665297,0.078125,0.15703039999516477,0.015625,0.012692849999894007,0.0052083333333330095,6.34969013512139e-06,3129344,0,0,0,3
als|factors=64;epochs=30;regularisation=0.1;alpha=1.0|frac=0.25,luxury_beauty,als,0.25,,,64.0,30.0,0.1,1.0,,,,,,,,0.162897903917293,0.178604084120694,0.524575840698973,9.90625,9.911423800000193,0.2109375,0.209471050000502,0.109375,9.762648582749162e-05,563793920.0,2523648.0,6446.0,3281.0,0.00380334510278299,0.007924413288631998,0.04324900944833898,0.34375,0.38966209999216517,0.015625,0.014568950000465986,0.0,4.762267601341036e-06,3129344,0,0,0,3
als|factors=64;epochs=30;regularisation=0.1;alpha=10.0|frac=0.25,luxury_beauty,als,0.25,,,64.0,30.0,0.1,10.0,,,,,,,,0.19475510701113002,0.222188357208168,0.48520776186122105,9.90625,9.919848199999251,0.203125,0.201612400000158,0.104166666666666,9.365792949304075e-05,563793920.0,2523648.0,6446.0,3281.0,0.0016445522295250037,0.00731484303565999,0.02623183988621408,0.484375,0.5701953999969191,0.0078125,0.012941550000050983,0.0013020833333339948,2.77798943411563e-06,3129344,0,0,0,3
als|factors=64;epochs=30;regularisation=0.1;alpha=40.0|frac=0.25,luxury_beauty,als,0.25,,,64.0,30.0,0.1,40.0,,,,,,,,0.19446342796607402,0.22096921670222403,0.45377425581631603,9.96875,9.989865699999427,0.2109375,0.20794380000006601,0.11458333333333301,9.762648582749162e-05,563793920.0,2523648.0,6446.0,3281.0,0.0021148424692339907,0.0051813471502590025,0.009875038098140998,0.3125,0.32889490000798105,0.0078125,0.003430650001973984,0.0052083333333330095,2.381133800670538e-06,3129344,0,0,0,3
als|factors=128;epochs=5;regularisation=0.001;alpha=1.0|frac=0.25,luxury_beauty,als,0.25,,,128.0,5.0,0.001,1.0,,,,,,,,0.10906706090807901,0.17007010057909103,0.43936807883775203,4.640625,4.6450617000009515,0.21875000000000003,0.21351045000483201,0.109375,9.84201970943818e-05,565506048.0,5047296.0,6446.0,3281.0,0.0009005284145789938,0.002743066138372996,0.05884384842019702,0.1875,0.21434520001366764,0.015625000000000028,0.009843799999997987,0.010416666666667004,6.3496901341789064e-06,5517312,0,0,0,3
als|factors=128;epochs=5;regularisation=0.001;alpha=10.0|frac=0.25,luxury_beauty,als,0.25,,,128.0,5.0,0.001,10.0,,,,,,,,0.17824283273378203,0.20725388601036202,0.45402824342172104,4.71875,4.728885100001207,0.21875000000000003,0.22040000000015403,0.109375,0.00010159504216100001,565506048.0,5047296.0,6446.0,3281.0,0.002026085088062013,0.0018287107589149976,0.017098445595854994,0.25,0.27089410000189673,0.03125,0.02405719999751499,0.0052083333333330095,9.524535202178907e-06,5517312,0,0,0,3
als|factors=128;epochs=5;regularisation=0.001;alpha=40.0|frac=0.25,luxury_beauty,als,0.25,,,128.0,5.0,0.001,40.0,,,,,,,,0.17735067438510602,0.20969216702224902,0.459697246774357,4.640625,4.6419932000007975,0.2109375,0.211929600001894,0.109375,9.762648582749162e-05,565506048.0,5047296.0,6446.0,3281.0,0.0015362263482749938,0.00670527278268801,0.02590673575129504,0.328125,0.41611330000159796,0.0,0.006922900000517984,0.0052083333333330095,1.5874225337803542e-06,5517312,0,0,0,3
als|factors=128;epochs=5;regularisation=0.01;alpha=1.0|frac=0.25,luxury_beauty,als,0.25,,,128.0,5.0,0.01,1.0,,,,,,,,0.10810597626559901,0.16946053032612002,0.440373869755155,4.625,4.625651799999105,0.2109375,0.21183670000027602,0.109375,9.762648582749162e-05,565506048.0,5047296.0,6446.0,3281.0,0.0013788141499209983,0.0024382810118860065,0.05399776490907304,0.15625,0.12781820001055166,0.015625000000000028,0.015720150000107014,0.0052083333333330095,6.3496901341789064e-06,5517312,0,0,0,3
als|factors=128;epochs=5;regularisation=0.01;alpha=10.0|frac=0.25,luxury_beauty,als,0.25,,,128.0,5.0,0.01,10.0,,,,,,,,0.17724539829725802,0.20542517525144702,0.447932540892004,4.625,4.633518799999365,0.2109375,0.215479300000879,0.11458333333333301,9.921390836127197e-05,565506048.0,5047296.0,6446.0,3281.0,0.002142945405392005,0.004266991770801004,0.015107182769480976,0.203125,0.19872850000410835,0.015625000000000028,0.007114799999726001,0.0052083333333330095,6.3496901341789064e-06,5517312,0,0,0,3
als|factors=128;epochs=5;regularisation=0.01;alpha=40.0|frac=0.25,luxury_beauty,als,0.25,,,128.0,5.0,0.01,40.0,,,,,,,,0.17528599920143,0.20512039012496103,0.45537945748247405,4.671875,4.672008300000016,0.21875000000000003,0.21485140000004302,0.109375,9.84201970943818e-05,565506048.0,5047296.0,6446.0,3281.0,0.0009143517634550014,0.0015239256324290074,0.014832876155642993,0.3125,0.4906211999950756,0.015625000000000028,0.011109749999377,0.005208333333333995,4.762267601178907e-06,5517312,0,0,0,3
als|factors=128;epochs=5;regularisation=0.1;alpha=1.0|frac=0.25,luxury_beauty,als,0.25,,,128.0,5.0,0.1,1.0,,,,,,,,0.10788042562793701,0.169155745199634,0.43753936807883703,4.734375,4.784363599988865,0.21875000000000003,0.22226320000481703,0.109375,0.00010000761962800001,565506048.0,5047296.0,6446.0,3281.0,0.0013900960298779963,0.0027430661383720245,0.026241999390429982,0.375,0.4239177999997983,0.0390625,0.029092899999341004,0.0052083333333330095,1.3493091536178906e-05,5517312,0,0,0,3
als|factors=128;epochs=5;regularisation=0.1;alpha=10.0|frac=0.25,luxury_beauty,als,0.25,,,128.0,5.0,0.1,10.0,,,,,,,,0.175552898102275,0.202377323986589,0.462298079853703,4.734375,4.751652200007811,0.203125,0.21554164999542902,0.11458333333333301,9.683277456060143e-05,565506048.0,5047296.0,6446.0,3281.0,0.0021042640412780034,0.007010057909174,0.03906329371126699,0.484375,0.5101877999995841,0.0234375,0.018486999999823006,0.015625,1.1905669003178907e-05,5517312,0,0,0,3
als|factors=128;epochs=5;regularisation=0.1;alpha=40.0|frac=0.25,luxury_beauty,als,0.25,,,128.0,5.0,0.1,40.0,,,,,,,,0.171560115039455,0.19932947272173102,0.44487453012293005,4.78125,4.852435400011018,0.21875000000000003,0.21713014999841102,0.109375,9.84201970943818e-05,565506048.0,5047296.0,6446.0,3281.0,0.0013319960254939978,0.0030478512648580147,0.0020217413390219985,0.765625,0.7587310999988404,0.046875,0.03949295000074901,0.015625,1.7461647871178906e-05,5517312,0,0,0,3
als|factors=128;epochs=15;regularisation=0.001;alpha=1.0|frac=0.25,luxury_beauty,als,0.25,,,128.0,15.0,0.001,1.0,,,,,,,,0.15406326849061902,0.177689728741237,0.44332012597785203,14.234375,14.254654500007746,0.21875000000000003,0.21264130000054102,0.109375,0.00010000761962800001,565506048.0,5047296.0,6446.0,3281.0,0.04313316429787199,0.003352636391344005,0.032225947373767994,0.515625,0.5823300999991261,0.007812500000000028,0.009805449999475996,0.010416666666667004,5.5559788672887225e-06,5517312,0,0,0,3
als|factors=128;epochs=15;regularisation=0.001;alpha=10.0|frac=0.25,luxury_beauty,als,0.25,,,128.0,15.0,0.001,10.0,,,,,,,,0.18237645831360502,0.20969216702224902,0.43365843746825106,14.203125,14.317199099999925,0.21875000000000003,0.215469900002062,0.109375,0.00010000761962800001,565506048.0,5047296.0,6446.0,3281.0,0.0025941655459580104,0.007010057909174,0.037326018490297985,0.84375,0.9919044999996913,0.0234375,0.029553299999407007,0.0052083333333330095,8.730823935508396e-06,5517312,0,0,0,3
als|factors=128;epochs=15;regularisation=0.001;alpha=40.0|frac=0.25,luxury_beauty,als,0.25,,,128.0,15.0,0.001,40.0,,,,,,,,0.181947428259632,0.212740018287107,0.422147719191303,13.84375,13.847718099999838,0.2109375,0.21351695000339502,0.109375,9.762648582749162e-05,565506048.0,5047296.0,6446.0,3281.0,0.0006279658283329936,0.003352636391344005,0.056110941786041035,0.890625,0.927196300011019,0.0,0.006453500000589002,0.0052083333333330095,1.5874225337803542e-06,5517312,0,0,0,3
als|factors=128;epochs=15;regularisation=0.01;alpha=1.0|frac=0.25,luxury_beauty,als,0.25,,,128.0,15.0,0.01,1.0,,,,,,,,0.154064207667856,0.17738494361475102,0.44353347556639205,13.90625,13.911941500000466,0.234375,0.24392290000105202,0.11458333333333301,0.00010873844356300001,565506048.0,5047296.0,6446.0,3281.0,0.04303201156356,0.003352636391344005,0.03444071929289899,0.71875,0.7665848000006008,0.03125,0.03668104999996999,0.015625,1.1905669002508395e-05,5517312,0,0,0,3
als|factors=128;epochs=15;regularisation=0.01;alpha=10.0|frac=0.25,luxury_beauty,als,0.25,,,128.0,15.0,0.01,10.0,,,,,,,,0.18210938419722503,0.209387381895763,0.43253073250025403,13.890625,13.923364800000854,0.2109375,0.21355580000090402,0.109375,9.921390836127197e-05,565506048.0,5047296.0,6446.0,3281.0,0.00282684469106001,0.008229198415117989,0.05855938230214397,0.96875,1.1239318999960233,0.015625000000000028,0.014454999999997997,0.0052083333333330095,4.762267601178907e-06,5517312,0,0,0,3
als|factors=128;epochs=15;regularisation=0.01;alpha=40.0|frac=0.25,luxury_beauty,als,0.25,,,128.0,15.0,0.01,40.0,,,,,,,,0.18201114989260703,0.20786345626333402,0.42534796301940403,13.921875,13.927435899999182,0.21875000000000003,0.22025575000043301,0.109375,0.00010000761962800001,565506048.0,5047296.0,6446.0,3281.0,0.0006198759171489876,0.003047851264857987,0.07041552372244303,1.78125,1.8874744999984614,0.1875,0.189944600004764,0.0546875,7.38151478201789e-05,5517312,0,0,0,3
als|factors=128;epochs=15;regularisation=0.1;alpha=1.0|frac=0.25,luxury_beauty,als,0.25,,,128.0,15.0,0.1,1.0,,,,,,,,0.15506897212679702,0.17738494361475102,0.43851468048359205,14.203125,14.193129400000544,0.2109375,0.21262224999372803,0.109375,9.762648582749162e-05,565506048.0,5047296.0,6446.0,3281.0,0.0016600457166990046,0.003352636391344005,0.023844356395407995,0.625,0.7111908999995649,0.007812500000000028,0.013080299999728984,0.005208333333333995,3.968556334288723e-06,5517312,0,0,0,3
als|factors=128;epochs=15;regularisation=0.1;alpha=10.0|frac=0.25,luxury_beauty,als,0.25,,,128.0,15.0,0.1,10.0,,,,,,,,0.18167765688438,0.210911307528192,0.44170476480747706,13.953125,13.983217599999989,0.2109375,0.21088690000033203,0.109375,9.762648582749162e-05,565506048.0,5047296.0,6446.0,3281.0,0.0017358823774469845,0.005486132276744993,0.0051610281418270065,0.65625,0.6448711999955776,0.0,0.011125200000150992,0.0052083333333330095,1.5874225337803542e-06,5517312,0,0,0,3
als|factors=128;epochs=15;regularisation=0.1;alpha=40.0|frac=0.25,luxury_beauty,als,0.25,,,128.0,15.0,0.1,40.0,,,,,,,,0.179706043575543,0.205729960377933,0.426597582037996,14.03125,14.04061720000027,0.2109375,0.21424435000517403,0.109375,9.762648582749162e-05,565506048.0,5047296.0,6446.0,3281.0,0.0008979292251840021,0.004571776897286994,0.042009549933964,0.484375,0.4715003999945111,0.015625000000000028,0.015958900000441006,0.010416666666666005,7.937112668178906e-06,5517312,0,0,0,3
als|factors=128;epochs=30;regularisation=0.001;alpha=1.0|frac=0.25,luxury_beauty,als,0.25,,,128.0,30.0,0.001,1.0,,,,,,,,0.154681046038032,0.17829929899420902,0.44632733922584505,28.140625,28.186560900001496,0.2109375,0.21108834999904502,0.109375,9.762648582749162e-05,565506048.0,5047296.0,6446.0,3281.0,0.0013547420592430193,0.003962206644316013,0.006857665345931019,1.09375,1.1426690000034796,0.007812500000000028,0.01307240000051102,0.005208333333333995,3.968556334288723e-06,5517312,0,0,0,3
als|factors=128;epochs=30;regularisation=0.001;alpha=10.0|frac=0.25,luxury_beauty,als,0.25,,,128.0,30.0,0.001,10.0,,,,,,,,0.18223737840060603,0.21121609265467803,0.452219851671238,28.6875,28.79505159999826,0.21875000000000003,0.214160150004317,0.109375,0.00010238875342800001,565506048.0,5047296.0,6446.0,3281.0,0.0008912311583179899,0.005486132276744993,0.03691963832165002,1.25,1.3569350000007034,0.015625,0.01327974999958298,0.010416666666666005,5.5559788675083955e-06,5517312,0,0,0,3
als|factors=128;epochs=30;regularisation=0.001;alpha=40.0|frac=0.25,luxury_beauty,als,0.25,,,128.0,30.0,0.001,40.0,,,,,,,,0.19023538578780602,0.21121609265467803,0.41953672660774105,28.203125,28.304740499996115,0.2109375,0.21303685000020703,0.109375,9.762648582749162e-05,565506048.0,5047296.0,6446.0,3281.0,0.0012886759801420122,0.004876562023773012,0.04526059128314497,0.71875,0.6509101000001465,0.007812500000000028,0.009317899998677992,0.010416666666667004,5.5559788672887225e-06,5517312,0,0,0,3
als|factors=128;epochs=30;regularisation=0.01;alpha=1.0|frac=0.25,luxury_beauty,als,0.25,,,128.0,30.0,0.01,1.0,,,,,,,,0.154647811611053,0.17829929899420902,0.44681499542822306,28.15625,28.28236149999975,0.203125,0.215785250002227,0.11458333333333301,9.683277456060143e-05,565506048.0,5047296.0,6446.0,3281.0,0.0013738259712360035,0.003962206644316013,0.004409224829828973,0.640625,0.6875727999922674,0.015625000000000028,0.011623450000569996,0.0052083333333330095,6.3496901341789064e-06,5517312,0,0,0,3
als|factors=128;epochs=30;regularisation=0.01;alpha=10.0|frac=0.25,luxury_beauty,als,0.25,,,128.0,30.0,0.01,10.0,,,,,,,,0.18142609434485002,0.21060652240170602,0.460601442649598,28.1875,28.24447809999947,0.2265625,0.219550299996626,0.109375,0.00010238875342800001,565506048.0,5047296.0,6446.0,3281.0,0.0014071163837829914,0.006400487656202991,0.042751193741744964,1.515625,1.882734799998616,0.007812499999999972,0.011256250000314993,0.0052083333333330095,3.968556334e-06,5517312,0,0,0,3
als|factors=128;epochs=30;regularisation=0.01;alpha=40.0|frac=0.25,luxury_beauty,als,0.25,,,128.0,30.0,0.01,40.0,,,,,,,,0.18328392842223,0.209387381895763,0.42164990348471,27.953125,27.946844599999167,0.21875000000000003,0.21609709999984203,0.11458333333333301,0.00010159504216100001,565506048.0,5047296.0,6446.0,3281.0,0.001779547186626984,0.003962206644316013,0.05765518642690198,0.84375,0.8511295000007522,0.0,0.00902864999716299,0.010416666666667004,3.1748450666182115e-06,5517312,0,0,0,3
als|factors=128;epochs=30;regularisation=0.1;alpha=1.0|frac=0.25,luxury_beauty,als,0.25,,,128.0,30.0,0.1,1.0,,,,,,,,0.154743072326943,0.177689728741237,0.447119780554708,27.84375,27.886662300001262,0.21875000000000003,0.21334989999741003,0.109375,0.00010000761962800001,565506048.0,5047296.0,6446.0,3281.0,0.0007873752514910015,0.004266991770802003,0.009590571980087004,0.609375,0.6875274999983958,0.007812500000000028,0.008709149999959004,0.0,2.3811338005083957e-06,5517312,0,0,0,3
als|factors=128;epochs=30;regularisation=0.1;alpha=10.0|frac=0.25,luxury_beauty,als,0.25,,,128.0,30.0,0.1,10.0,,,,,,,,0.181033413011207,0.209387381895763,0.43846388296251104,28.046875,28.16840349999984,0.2109375,0.211025450000306,0.109375,9.762648582749162e-05,565506048.0,5047296.0,6446.0,3281.0,0.0026959431808049883,0.010057909174032015,0.04508787971147099,0.640625,0.7499642000093445,0.015625000000000028,0.013535049999972987,0.0052083333333330095,6.3496901341789064e-06,5517312,0,0,0,3
als|factors=128;epochs=30;regularisation=0.1;alpha=40.0|frac=0.25,luxury_beauty,als,0.25,,,128.0,30.0,0.1,40.0,,,,,,,,0.18110473300037003,0.206644315757391,0.43774255816316104,28.078125,28.1538431999943,0.21875000000000003,0.213955400002305,0.109375,0.00010000761962800001,565506048.0,5047296.0,6446.0,3281.0,0.0007962854957099808,0.0012191405059430171,0.07408310474448904,1.609375,1.7185807999994722,0.0234375,0.019429149999722978,0.0052083333333330095,5.555978867398579e-06,5517312,0,0,0,3
als|factors=16;epochs=5;regularisation=0.001;alpha=1.0|frac=0.5,luxury_beauty,als,0.5,,,16.0,5.0,0.001,1.0,,,,,,,,0.18022134856163502,0.257238646754038,0.319577364624606,0.6875,0.699117099997238,0.1953125,0.193356200004927,0.109375,9.286421822615058e-05,565506048.0,630912.0,10792.0,3281.0,0.043883200701121006,0.016153611703748988,0.03765112262521597,0.015625,0.0176556999995221,0.015625,0.011881500000071987,0.0,4.762267601341063e-06,5517312,0,0,0,3
als|factors=16;epochs=5;regularisation=0.001;alpha=10.0|frac=0.5,luxury_beauty,als,0.5,,,16.0,5.0,0.001,10.0,,,,,,,,0.201997750540496,0.28649801889667703,0.49358935283958105,0.6875,0.6910032999876421,0.1953125,0.192480849997082,0.109375,9.286421822615058e-05,565506048.0,630912.0,10792.0,3281.0,0.005356274741766004,0.005790917403231011,0.022168038199736007,0.0,0.006991899999775009,0.015625,0.010204399999566016,0.0,4.762267601341063e-06,5517312,0,0,0,3
als|factors=16;epochs=5;regularisation=0.001;alpha=40.0|frac=0.5,luxury_beauty,als,0.5,,,16.0,5.0,0.001,40.0,,,,,,,,0.196016202770286,0.288021944529106,0.520247891902875,0.6875,0.689371100000244,0.203125,0.197681049998209,0.109375,9.365792949304075e-05,565506048.0,630912.0,10792.0,3281.0,0.0036512819884300107,0.010667479427003967,0.00819871990246901,0.0625,0.05605059999652395,0.0390625,0.025270249999720995,0.005208333333333995,1.190566900251997e-05,5517312,0,0,0,3
als|factors=16;epochs=5;regularisation=0.01;alpha=1.0|frac=0.5,luxury_beauty,als,0.5,,,16.0,5.0,0.01,1.0,,,,,,,,0.180158963961491,0.257238646754038,0.32061363405465804,0.703125,0.697219000008772,0.1953125,0.19430765000288303,0.109375,9.286421822615058e-05,565506048.0,630912.0,10792.0,3281.0,0.04374416366811901,0.01584882657726297,0.035761454841003015,0.046875,0.07731839999905699,0.0078125,0.007980749999661002,0.0052083333333330095,3.968556334450852e-06,5517312,0,0,0,3
als|factors=16;epochs=5;regularisation=0.01;alpha=10.0|frac=0.5,luxury_beauty,als,0.5,,,16.0,5.0,0.01,10.0,,,,,,,,0.201612024157639,0.286193233770192,0.49456466524433607,0.6875,0.6981744999993681,0.1953125,0.19577949999802502,0.11458333333333301,9.445164075993092e-05,565506048.0,630912.0,10792.0,3281.0,0.005343590724363023,0.00518134715025903,0.019689119170983982,0.015625,0.04050460001053502,0.0078125,0.010269350000271987,0.0,2.381133800670538e-06,5517312,0,0,0,3
als|factors=16;epochs=5;regularisation=0.01;alpha=40.0|frac=0.5,luxury_beauty,als,0.5,,,16.0,5.0,0.01,40.0,,,,,,,,0.196613049647574,0.28771715940262105,0.5182769480849331,0.6875,0.690176500000234,0.203125,0.19664374999410902,0.109375,9.365792949304075e-05,565506048.0,630912.0,10792.0,3281.0,0.004405997103465009,0.015239256324292016,0.01984151173422699,0.015625,0.02219960000275001,0.015625,0.016458350000448985,0.010416666666667004,6.34969013512139e-06,5517312,0,0,0,3
als|factors=16;epochs=5;regularisation=0.1;alpha=1.0|frac=0.5,luxury_beauty,als,0.5,,,16.0,5.0,0.1,1.0,,,,,,,,0.179998822446529,0.25662907650106603,0.322564258864167,0.703125,0.691209299999172,0.1953125,0.19648595000035102,0.109375,9.286421822615058e-05,565506048.0,630912.0,10792.0,3281.0,0.043755012766169,0.015848826577263025,0.036980595346946976,0.046875,0.07154869999976698,0.015625,0.015612200000759996,0.0052083333333330095,6.34969013512139e-06,5517312,0,0,0,3
als|factors=16;epochs=5;regularisation=0.1;alpha=10.0|frac=0.5,luxury_beauty,als,0.5,,,16.0,5.0,0.1,10.0,,,,,,,,0.200921308189968,0.285278878390734,0.49513359748044206,0.7187500000000001,0.71446350000042,0.203125,0.20068975000322,0.109375,9.52453520268211e-05,565506048.0,630912.0,10792.0,3281.0,0.00453692860355398,0.004266991770802031,0.011703748857056051,0.1562500000000001,0.2656910000014251,0.0234375,0.02911829999993598,0.02604166666666602,1.508051407051997e-05,5517312,0,0,0,3
als|factors=16;epochs=5;regularisation=0.1;alpha=40.0|frac=0.5,luxury_beauty,als,0.5,,,16.0,5.0,0.1,40.0,,,,,,,,0.19708851031093602,0.288021944529106,0.5302245250431781,0.6875,0.687779499989119,0.1953125,0.192176299999118,0.109375,9.286421822615058e-05,565506048.0,630912.0,10792.0,3281.0,0.0037239968895459996,0.016458396830235034,0.02078634562633397,0.03125,0.02353789999960998,0.0078125,0.014255300000059007,0.0052083333333330095,3.968556334450879e-06,5517312,0,0,0,3
als|factors=16;epochs=15;regularisation=0.001;alpha=1.0|frac=0.5,luxury_beauty,als,0.5,,,16.0,15.0,0.001,1.0,,,,,,,,0.181564796057226,0.25419079548918,0.29369094788174305,2.078125,2.081615700000839,0.203125,0.192874750006012,0.11458333333333301,9.683277456060143e-05,565506048.0,630912.0,10792.0,3281.0,0.04490480254381002,0.003962206644316013,0.038849944122726965,0.015625,0.0346230000095602,0.015625,0.009200649999911992,0.0052083333333330095,6.34969013512139e-06,5517312,0,0,0,3
als|factors=16;epochs=15;regularisation=0.001;alpha=10.0|frac=0.5,luxury_beauty,als,0.5,,,16.0,15.0,0.001,10.0,,,,,,,,0.211949916084157,0.305089911612313,0.459494056690033,2.0625,2.066371999999319,0.1953125,0.19353489999775703,0.109375,9.286421822615058e-05,565506048.0,630912.0,10792.0,3281.0,0.0045024689920979966,0.005486132276744993,0.025063496901351012,0.03125,0.03222689999711292,0.0078125,0.010394600000381005,0.0052083333333330095,3.968556334450879e-06,5517312,0,0,0,3
als|factors=16;epochs=15;regularisation=0.001;alpha=40.0|frac=0.5,luxury_beauty,als,0.5,,,16.0,15.0,0.001,40.0,,,,,,,,0.21823117714453902,0.317281316671746,0.49226861729147603,2.078125,2.077740900000208,0.1953125,0.194129950003116,0.109375,9.127679569237021e-05,565506048.0,630912.0,10792.0,3281.0,0.0037467009868890067,0.004571776897286994,0.011002743066138021,0.0,0.0080215000070889,0.015625,0.011286200000085983,0.005208333333333995,4.762267601341063e-06,5517312,0,0,0,3
als|factors=16;epochs=15;regularisation=0.01;alpha=1.0|frac=0.5,luxury_beauty,als,0.5,,,16.0,15.0,0.01,1.0,,,,,,,,0.181453996240925,0.25419079548918,0.29186223712282805,2.09375,2.122022100000322,0.1953125,0.19231425000180002,0.109375,9.286421822615058e-05,565506048.0,630912.0,10792.0,3281.0,0.04492574560464199,0.004266991770801032,0.04096312099969496,0.0625,0.06006709999564874,0.015625,0.011943699999846985,0.010416666666666005,7.937112668901758e-06,5517312,0,0,0,3
als|factors=16;epochs=15;regularisation=0.01;alpha=10.0|frac=0.5,luxury_beauty,als,0.5,,,16.0,15.0,0.01,10.0,,,,,,,,0.21200623545935302,0.305089911612313,0.455491212028853,2.109375,2.082452199999352,0.1875,0.19280555000295801,0.109375,9.048308442548004e-05,565506048.0,630912.0,10792.0,3281.0,0.004498365532648013,0.005790917403231011,0.004785126485828017,0.09375,0.1279307999975572,0.015625,0.01308100000005702,0.010416666666667004,7.93711266890173e-06,5517312,0,0,0,3
als|factors=16;epochs=15;regularisation=0.01;alpha=40.0|frac=0.5,luxury_beauty,als,0.5,,,16.0,15.0,0.01,40.0,,,,,,,,0.218992184709931,0.31850045717768904,0.5020928578685361,2.0625,2.060356599991792,0.1953125,0.19242110000050103,0.109375,9.127679569237021e-05,565506048.0,630912.0,10792.0,3281.0,0.00528694153079598,0.006400487656201992,0.011927257949811976,0.015625,0.02466009999989227,0.0234375,0.011269000000538987,0.005208333333333995,7.143401402011587e-06,5517312,0,0,0,3
als|factors=16;epochs=15;regularisation=0.1;alpha=1.0|frac=0.5,luxury_beauty,als,0.5,,,16.0,15.0,0.1,1.0,,,,,,,,0.181185134296199,0.25419079548918,0.288082901554404,2.078125,2.081164100000023,0.1953125,0.19243185000232102,0.109375,9.127679569237021e-05,565506048.0,630912.0,10792.0,3281.0,0.04811544486838501,0.013715330691862038,0.03986589454434597,0.046875,0.02817449999292876,0.015625,0.020030350000070002,0.005208333333333995,4.762267601341063e-06,5517312,0,0,0,3
als|factors=16;epochs=15;regularisation=0.1;alpha=10.0|frac=0.5,luxury_beauty,als,0.5,,,16.0,15.0,0.1,10.0,,,,,,,,0.21193202768315303,0.305699481865284,0.45860002031900804,2.0625,2.073229699999501,0.1953125,0.193538949999492,0.109375,9.127679569237021e-05,565506048.0,630912.0,10792.0,3281.0,0.005508907885144992,0.006400487656201992,0.02212740018287096,0.015625,0.018555599986939786,0.03125000000000003,0.03267434999907001,0.010416666666667004,1.1111957735519969e-05,5517312,0,0,0,3
als|factors=16;epochs=15;regularisation=0.1;alpha=40.0|frac=0.5,luxury_beauty,als,0.5,,,16.0,15.0,0.1,40.0,,,,,,,,0.217210572798499,0.317281316671746,0.5211724067865481,2.0625,2.05945430000429,0.1953125,0.194359549997898,0.109375,9.286421822615058e-05,565506048.0,630912.0,10792.0,3281.0,0.004068465843917013,0.002743066138372996,0.025033018388702977,0.125,0.08368620000146576,0.0078125,0.00961174999974898,0.010416666666667004,5.5559788682312195e-06,5517312,0,0,0,3
als|factors=16;epochs=30;regularisation=0.001;alpha=1.0|frac=0.5,luxury_beauty,als,0.5,,,16.0,30.0,0.001,1.0,,,,,,,,0.181110476186184,0.25632429137458,0.28790003047851204,4.171875,4.177596800000174,0.1953125,0.19250145000114502,0.109375,9.286421822615058e-05,565506048.0,630912.0,10792.0,3281.0,0.005394563836249977,0.006705272782689009,0.040373869755156,0.21875,0.20476869999947667,0.0234375,0.025137999999514993,0.010416666666666005,1.0318246469572282e-05,5517312,0,0,0,3
als|factors=16;epochs=30;regularisation=0.001;alpha=10.0|frac=0.5,luxury_beauty,als,0.5,,,16.0,30.0,0.001,10.0,,,,,,,,0.213080960566041,0.30905211825662904,0.44327948796098704,4.15625,4.181332499996643,0.1953125,0.19282449999445803,0.109375,9.286421822615058e-05,565506048.0,630912.0,10792.0,3281.0,0.0034158416383069934,0.0045717768972879935,0.04193843340444897,0.15625,0.16618779999953404,0.0234375,0.023132950000217006,0.010416666666666005,1.0318246469572282e-05,5517312,0,0,0,3
als|factors=16;epochs=30;regularisation=0.001;alpha=40.0|frac=0.5,luxury_beauty,als,0.5,,,16.0,30.0,0.001,40.0,,,,,,,,0.219760063007257,0.323377019201462,0.48615259575332703,4.125,4.119273999996949,0.1953125,0.193687649996718,0.109375,9.286421822615058e-05,565506048.0,630912.0,10792.0,3281.0,0.0021665879699490076,0.006705272782687954,0.04172508381591,0.453125,0.5703917999999248,0.015625,0.016951850000169022,0.015625,9.52453520251997e-06,5517312,0,0,0,3
als|factors=16;epochs=30;regularisation=0.01;alpha=1.0|frac=0.5,luxury_beauty,als,0.5,,,16.0,30.0,0.01,1.0,,,,,,,,0.18105981439170302,0.25662907650106603,0.279244132886315,4.125,4.168158699991181,0.1875,0.19568174999585602,0.11458333333333301,9.207050695926038e-05,565506048.0,630912.0,10792.0,3281.0,0.005594041324243015,0.00731484303565999,0.05195570456161702,0.1875,0.1953148999991754,0.0234375,0.020892149999781007,0.010416666666666005,1.031824646951997e-05,5517312,0,0,0,3
als|factors=16;epochs=30;regularisation=0.01;alpha=10.0|frac=0.5,luxury_beauty,als,0.5,,,16.0,30.0,0.01,10.0,,,,,,,,0.212974191850397,0.308442548003657,0.44275119374174504,4.171875,4.187931299999946,0.1953125,0.196788649998779,0.109375,9.286421822615058e-05,565506048.0,630912.0,10792.0,3281.0,0.0035363456390219983,0.004266991770802031,0.04681499542822404,0.09375,0.068467299997792,0.015625,0.015280850000635976,0.0,4.762267601341063e-06,5517312,0,0,0,3
als|factors=16;epochs=30;regularisation=0.01;alpha=40.0|frac=0.5,luxury_beauty,als,0.5,,,16.0,30.0,0.01,40.0,,,,,,,,0.22007584544398,0.322767448948491,0.48658945443462304,4.171875,4.154576500004623,0.1953125,0.196322700001474,0.109375,9.286421822615058e-05,565506048.0,630912.0,10792.0,3281.0,0.0036335075597150046,0.007619628162146008,0.06428934268007802,0.15625,0.20897640000021145,0.015625,0.014724450000357991,0.0052083333333330095,6.34969013512139e-06,5517312,0,0,0,3
als|factors=16;epochs=30;regularisation=0.1;alpha=1.0|frac=0.5,luxury_beauty,als,0.5,,,16.0,30.0,0.1,1.0,,,,,,,,0.18105424484589303,0.256019506248095,0.28052423041755503,4.171875,4.179312000000209,0.1953125,0.19446194999909402,0.109375,9.286421822615058e-05,565506048.0,630912.0,10792.0,3281.0,0.005745291399602004,0.00731484303565999,0.047262013613735,0.0625,0.08545969999613501,0.0234375,0.01956599999994102,0.005208333333333995,8.730823935791942e-06,5517312,0,0,0,3
als|factors=16;epochs=30;regularisation=0.1;alpha=10.0|frac=0.5,luxury_beauty,als,0.5,,,16.0,30.0,0.1,10.0,,,,,,,,0.21276416631847703,0.308747333130143,0.44169460530326105,4.21875,4.197137200000725,0.203125,0.197247600000991,0.109375,9.52453520268211e-05,565506048.0,630912.0,10792.0,3281.0,0.0032078917644439986,0.003657421517829995,0.006136340546580965,0.203125,0.24128319999090309,0.03125000000000003,0.03334114999915999,0.02083333333333301,1.587422533751997e-05,5517312,0,0,0,3
als|factors=16;epochs=30;regularisation=0.1;alpha=40.0|frac=0.5,luxury_beauty,als,0.5,,,16.0,30.0,0.1,40.0,,,,,,,,0.218860486770894,0.321548308442548,0.48627450980392106,4.296875,4.347670400005882,0.203125,0.20210064999992003,0.109375,9.52453520268211e-05,565506048.0,630912.0,10792.0,3281.0,0.0033693701371420026,0.005790917403231011,0.10220461241491396,0.25,0.24581190000026254,0.03125000000000003,0.03281265000032299,0.015625,1.428680280351997e-05,5517312,0,0,0,3
als|factors=32;epochs=5;regularisation=0.001;alpha=1.0|frac=0.5,luxury_beauty,als,0.5,,,32.0,5.0,0.001,1.0,,,,,,,,0.214719935083683,0.24687595245352,0.49472721731179503,1.0625,1.073145899999872,0.1953125,0.197121249999781,0.109375,9.286421822615058e-05,565506048.0,1261824.0,10792.0,3281.0,0.03283101264888502,0.010972264553489985,0.06848521792136603,0.125,0.13680580000436693,0.0078125,0.007579999997687992,0.0,2.3811338006705246e-06,5517312,0,0,0,3
als|factors=32;epochs=5;regularisation=0.001;alpha=10.0|frac=0.5,luxury_beauty,als,0.5,,,32.0,5.0,0.001,10.0,,,,,,,,0.208751832891084,0.29655592807071,0.5210809712486031,0.9687500000000001,0.9553012999995191,0.1953125,0.193930050001654,0.109375,9.127679569237021e-05,565506048.0,1261824.0,10792.0,3281.0,0.003790981216869993,0.007010057909174028,0.03350604490500897,0.0625,0.06579670000246585,0.0234375,0.02096879999999099,0.010416666666667004,8.730823935791928e-06,5517312,0,0,0,3
als|factors=32;epochs=5;regularisation=0.001;alpha=40.0|frac=0.5,luxury_beauty,als,0.5,,,32.0,5.0,0.001,40.0,,,,,,,,0.20262857501443501,0.291984151173422,0.5017880727420501,0.9375,0.9349994999938641,0.1953125,0.19576219999999,0.109375,9.286421822615058e-05,565506048.0,1261824.0,10792.0,3281.0,0.005372844917054004,0.004876562023773012,0.04238545158996304,0.04687500000000011,0.0444592999992901,0.0078125,0.006858700000520995,0.0,2.3811338006705246e-06,5517312,0,0,0,3
als|factors=32;epochs=5;regularisation=0.01;alpha=1.0|frac=0.5,luxury_beauty,als,0.5,,,32.0,5.0,0.01,1.0,,,,,,,,0.21482373203488503,0.24657116732703402,0.49337600325104103,0.9375,0.9434504999953781,0.1953125,0.199722999999721,0.11458333333333301,9.445164075993092e-05,565506048.0,1261824.0,10792.0,3281.0,0.03267194651774502,0.011581834806462021,0.06864776998882494,0.03125,0.01835659999778705,0.0078125,0.008318099998178008,0.0052083333333330095,7.937112668901839e-07,5517312,0,0,0,3
als|factors=32;epochs=5;regularisation=0.01;alpha=10.0|frac=0.5,luxury_beauty,als,0.5,,,32.0,5.0,0.01,10.0,,,,,,,,0.208565066503547,0.295641572691252,0.521964848115412,0.953125,0.9636972000007511,0.1953125,0.198376599997573,0.109375,9.286421822615058e-05,565506048.0,1261824.0,10792.0,3281.0,0.003992770296785991,0.006400487656201992,0.031555420095499054,0.0625,0.06732089999968605,0.015625,0.016664300000230003,0.0,4.762267601341063e-06,5517312,0,0,0,3
als|factors=32;epochs=5;regularisation=0.01;alpha=40.0|frac=0.5,luxury_beauty,als,0.5,,,32.0,5.0,0.01,40.0,,,,,,,,0.20386145360065702,0.29137458092045104,0.49397541399979605,0.953125,0.9454211000002031,0.203125,0.20308920000024902,0.109375,9.52453520268211e-05,565506048.0,1261824.0,10792.0,3281.0,0.003174066416723992,0.004571776897286994,0.050066036777404954,0.0625,0.08673860000089884,0.015625,0.014134149995698009,0.0,4.762267601341063e-06,5517312,0,0,0,3
als|factors=32;epochs=5;regularisation=0.1;alpha=1.0|frac=0.5,luxury_beauty,als,0.5,,,32.0,5.0,0.1,1.0,,,,,,,,0.214450660677409,0.24657116732703402,0.490287513969318,0.9687500000000001,0.9673002999988961,0.1953125,0.19482055000116802,0.109375,9.286421822615058e-05,565506048.0,1261824.0,10792.0,3281.0,0.03299588123994901,0.011886619932946985,0.069663720410444,0.04687500000000011,0.043328799990376976,0.0234375,0.020447600000352006,0.0052083333333330095,5.555978868231233e-06,5517312,0,0,0,3
als|factors=32;epochs=5;regularisation=0.1;alpha=10.0|frac=0.5,luxury_beauty,als,0.5,,,32.0,5.0,0.1,10.0,,,,,,,,0.20953135710787602,0.29594635781773804,0.5193538555318501,0.9687500000000001,0.961350099998526,0.1953125,0.197085400002833,0.109375,9.286421822615058e-05,565506048.0,1261824.0,10792.0,3281.0,0.003735891698885996,0.007619628162146008,0.02593721426394402,0.0625,0.05222160000084908,0.0,0.011558499999864996,0.0052083333333330095,1.5874225337803407e-06,5517312,0,0,0,3
als|factors=32;epochs=5;regularisation=0.1;alpha=40.0|frac=0.5,luxury_beauty,als,0.5,,,32.0,5.0,0.1,40.0,,,,,,,,0.20193628961794902,0.288936299908564,0.46991770801584803,0.9375,0.9371636000014401,0.1953125,0.19623830000637102,0.109375,9.445164075993092e-05,565506048.0,1261824.0,10792.0,3281.0,0.0026875398792800265,0.0042669917708019756,0.05811236411663101,0.03125,0.023443699996279044,0.015625,0.012348400000064985,0.0052083333333330095,4.762267601341063e-06,5517312,0,0,0,3
als|factors=32;epochs=15;regularisation=0.001;alpha=1.0|frac=0.5,luxury_beauty,als,0.5,,,32.0,15.0,0.001,1.0,,,,,,,,0.22122505347096103,0.25662907650106603,0.45548105252463605,2.84375,2.838001099999928,0.1953125,0.20094814999993102,0.11458333333333301,9.445164075993092e-05,565506048.0,1261824.0,10792.0,3281.0,0.003467029549627021,0.0018287107589149976,0.069856750990552,0.09375,0.1577758000003091,0.015625,0.013136500003838009,0.0052083333333330095,6.34969013512139e-06,5517312,0,0,0,3
als|factors=32;epochs=15;regularisation=0.001;alpha=10.0|frac=0.5,luxury_beauty,als,0.5,,,32.0,15.0,0.001,10.0,,,,,,,,0.22088826648164903,0.31697653154526,0.49174032307223403,2.84375,2.849821299999348,0.203125,0.20184830000016502,0.109375,9.52453520268211e-05,565506048.0,1261824.0,10792.0,3281.0,0.00200845411383499,0.0067052727826889535,0.029848623387178974,0.109375,0.10996079999677022,0.015625,0.013643049998337015,0.010416666666666005,1.5874225337803542e-06,5517312,0,0,0,3
als|factors=32;epochs=15;regularisation=0.001;alpha=40.0|frac=0.5,luxury_beauty,als,0.5,,,32.0,15.0,0.001,40.0,,,,,,,,0.22081783490997703,0.320938738189576,0.46115005587727304,2.8125,2.820037699999375,0.203125,0.198583400000643,0.109375,9.52453520268211e-05,565506048.0,1261824.0,10792.0,3281.0,0.0034725078537340137,0.00731484303565999,0.01578786955196504,0.1875,0.26475439999467154,0.015625,0.010661249999428996,0.0,4.762267601341063e-06,5517312,0,0,0,3
als|factors=32;epochs=15;regularisation=0.01;alpha=1.0|frac=0.5,luxury_beauty,als,0.5,,,32.0,15.0,0.01,1.0,,,,,,,,0.221085674222322,0.25662907650106603,0.452890378949507,2.828125,2.8248039999889443,0.203125,0.20456534999993803,0.11458333333333301,9.603906329371129e-05,565506048.0,1261824.0,10792.0,3281.0,0.003338174737820998,0.00213349588540096,0.06892207660266103,0.109375,0.09117299999979789,0.0234375,0.01811519999955699,0.010416666666667004,4.762267601341049e-06,5517312,0,0,0,3
als|factors=32;epochs=15;regularisation=0.01;alpha=10.0|frac=0.5,luxury_beauty,als,0.5,,,32.0,15.0,0.01,10.0,,,,,,,,0.22263654742809502,0.316062176165803,0.493802702428121,2.796875,2.811817300000257,0.203125,0.20046585000000003,0.109375,9.52453520268211e-05,565506048.0,1261824.0,10792.0,3281.0,0.002829978626039009,0.0054861322767439935,0.036147516001219016,0.140625,0.1635303000048225,0.015625,0.01610624999921098,0.0052083333333330095,3.174845067560695e-06,5517312,0,0,0,3
als|factors=32;epochs=15;regularisation=0.01;alpha=40.0|frac=0.5,luxury_beauty,als,0.5,,,32.0,15.0,0.01,40.0,,,,,,,,0.220849547910897,0.32063395306309,0.457949812049172,2.828125,2.868213499998091,0.2109375,0.20566190000045,0.11458333333333301,9.762648582749162e-05,565506048.0,1261824.0,10792.0,3281.0,0.0032682134579670175,0.007619628162146008,0.013877882759322002,0.03125,0.06258690000049683,0.0234375,0.02779249999366601,0.015625,3.968556334450865e-06,5517312,0,0,0,3
als|factors=32;epochs=15;regularisation=0.1;alpha=1.0|frac=0.5,luxury_beauty,als,0.5,,,32.0,15.0,0.1,1.0,,,,,,,,0.22091441032466103,0.25632429137458,0.45740119882149705,2.84375,2.863009599997895,0.1953125,0.19430480000301,0.119791666666666,9.603906329371129e-05,565506048.0,1261824.0,10792.0,3281.0,0.0033207263504549944,0.0015239256324289796,0.07022249314233397,0.015625,0.015112899999622176,0.0078125,0.009683499999481981,0.0,2.381133800670511e-06,5517312,0,0,0,3
als|factors=32;epochs=15;regularisation=0.1;alpha=10.0|frac=0.5,luxury_beauty,als,0.5,,,32.0,15.0,0.1,10.0,,,,,,,,0.222029646027622,0.314233465406888,0.49310169663720405,3.03125,3.061354999998002,0.1953125,0.19767714999761601,0.11458333333333301,9.445164075993092e-05,565506048.0,1261824.0,10792.0,3281.0,0.0035757114929980127,0.006095702529716973,0.009895357106573022,0.515625,0.6705225000014248,0.023437500000000028,0.03328839999994701,0.015625,1.1905669002849431e-05,5517312,0,0,0,3
als|factors=32;epochs=15;regularisation=0.1;alpha=40.0|frac=0.5,luxury_beauty,als,0.5,,,32.0,15.0,0.1,40.0,,,,,,,,0.21869576962082402,0.320024382810118,0.45051305496291705,2.90625,2.9490717000007862,0.1953125,0.19705485000304102,0.11458333333333301,9.445164075993092e-05,565506048.0,1261824.0,10792.0,3281.0,0.0027290074275879983,0.008838768668089025,0.018774763791527038,0.359375,0.39382109999860404,0.015625,0.018092049999268,0.02604166666666602,1.2699380269849431e-05,5517312,0,0,0,3
als|factors=32;epochs=30;regularisation=0.001;alpha=1.0|frac=0.5,luxury_beauty,als,0.5,,,32.0,30.0,0.001,1.0,,,,,,,,0.21998282289532503,0.25662907650106603,0.45591791120593306,5.703125,5.70665910000389,0.203125,0.207157550000374,0.11458333333333301,9.683277456060143e-05,565506048.0,1261824.0,10792.0,3281.0,0.0037102091239890056,0.0015239256324299788,0.039652544955806,0.53125,0.5215614000007918,0.03125000000000003,0.029694850006763,0.010416666666666005,1.269938026951997e-05,5517312,0,0,0,3
als|factors=32;epochs=30;regularisation=0.001;alpha=10.0|frac=0.5,luxury_beauty,als,0.5,,,32.0,30.0,0.001,10.0,,,,,,,,0.223063041217563,0.32032916793660404,0.46801788072742,5.890625,5.923452400000315,0.2109375,0.21207770000000803,0.119791666666666,0.00010080133089500001,565506048.0,1261824.0,10792.0,3281.0,0.0023766926623330076,0.003657421517829995,0.03175861017982301,0.625,0.7032913999992161,0.0390625,0.033865100006095994,0.015625,1.666793660451997e-05,5517312,0,0,0,3
als|factors=32;epochs=30;regularisation=0.001;alpha=40.0|frac=0.5,luxury_beauty,als,0.5,,,32.0,30.0,0.001,40.0,,,,,,,,0.22417580699555,0.328253581225236,0.48049375190490706,5.875,5.9108166999994864,0.203125,0.205464949999623,0.11458333333333301,9.683277456060143e-05,565506048.0,1261824.0,10792.0,3281.0,0.0009003246505460138,0.0012191405059430171,0.012343797622675956,1.09375,1.169858999994176,0.0390625,0.03414204999899101,0.06510416666666699,3.1748450674739615e-05,5517312,0,0,0,3
als|factors=32;epochs=30;regularisation=0.01;alpha=1.0|frac=0.5,luxury_beauty,als,0.5,,,32.0,30.0,0.01,1.0,,,,,,,,0.22010825892313202,0.25662907650106603,0.45603982525652703,5.65625,5.657193299999562,0.2109375,0.21170075000009,0.109375,9.921390836127197e-05,565506048.0,1261824.0,10792.0,3281.0,0.00377118163588,0.0021334958854000163,0.03698059534694803,1.203125,1.402300000005198,0.015625,0.02519690000053698,0.0052083333333330095,4.7622676005083954e-06,5517312,0,0,0,3
als|factors=32;epochs=30;regularisation=0.01;alpha=10.0|frac=0.5,luxury_beauty,als,0.5,,,32.0,30.0,0.01,10.0,,,,,,,,0.22275634799437102,0.320024382810118,0.46709336584374606,5.6875,5.683279300001232,0.203125,0.20525484999961902,0.11458333333333301,9.683277456060143e-05,565506048.0,1261824.0,10792.0,3281.0,0.002850201025594995,0.004571776897286994,0.027796403535507053,1.015625,1.0989359999994122,0.03125000000000003,0.03378704999386098,0.0052083333333330095,1.1111957735519969e-05,5517312,0,0,0,3
als|factors=32;epochs=30;regularisation=0.01;alpha=40.0|frac=0.5,luxury_beauty,als,0.5,,,32.0,30.0,0.01,40.0,,,,,,,,0.22381695461616602,0.32794879609875005,0.452707507873615,5.65625,5.6724538999988,0.203125,0.20306274999984403,0.109375,9.52453520268211e-05,565506048.0,1261824.0,10792.0,3281.0,0.0010652177397830198,0.00030478512648601797,0.012607944732297038,1.484375,1.6330279000121664,0.1171875,0.122668899998189,0.0546875,5.2384943613849444e-05,5517312,0,0,0,3
als|factors=32;epochs=30;regularisation=0.1;alpha=1.0|frac=0.5,luxury_beauty,als,0.5,,,32.0,30.0,0.1,1.0,,,,,,,,0.22007516580365502,0.256933861627552,0.45637508889566103,5.78125,5.786548300000504,0.2109375,0.211807100000442,0.11458333333333301,0.00010080133089500001,565506048.0,1261824.0,10792.0,3281.0,0.0037513341843739834,0.0030478512648580147,0.028751396931829987,2.5,2.6851144999927783,0.0390625,0.032891449996896,0.010416666666666005,1.0318246468739628e-05,5517312,0,0,0,3
als|factors=32;epochs=30;regularisation=0.1;alpha=10.0|frac=0.5,luxury_beauty,als,0.5,,,32.0,30.0,0.1,10.0,,,,,,,,0.22307559425130202,0.31941481255714704,0.46717464187747604,5.640625,5.644695700000739,0.1953125,0.195637899996654,0.11458333333333301,9.445164075993092e-05,565506048.0,1261824.0,10792.0,3281.0,0.002218152298944981,0.0015239256324290351,0.02903586304988298,0.171875,0.1748383999984071,0.015625,0.013390300000081984,0.005208333333332996,6.349690135121417e-06,5517312,0,0,0,3
als|factors=32;epochs=30;regularisation=0.1;alpha=40.0|frac=0.5,luxury_beauty,als,0.5,,,32.0,30.0,0.1,40.0,,,,,,,,0.223374703380875,0.32703444071929205,0.457756781469064,5.59375,5.596550799993565,0.1953125,0.193647449996205,0.109375,9.286421822615058e-05,565506048.0,1261824.0,10792.0,3281.0,0.0018557270846440155,0.004876562023773012,0.012638423244945962,0.09375,0.09263850000115781,0.015625,0.011268949999702987,0.0052083333333330095,6.34969013512139e-06,5517312,0,0,0,3
als|factors=64;epochs=5;regularisation=0.001;alpha=1.0|frac=0.5,luxury_beauty,als,0.5,,,64.0,5.0,0.001,1.0,,,,,,,,0.22459925978601003,0.262115208777811,0.522960479528599,1.65625,1.656090100000256,0.203125,0.20182974999625,0.109375,9.52453520268211e-05,565506048.0,2523648.0,10792.0,3281.0,0.006274873512660012,0.0021334958854010155,0.019475769582444014,0.125,0.12491860000591304,0.015625000000000028,0.014606149999962986,0.0052083333333330095,6.3496901341789064e-06,5517312,0,0,0,3
als|factors=64;epochs=5;regularisation=0.001;alpha=10.0|frac=0.5,luxury_beauty,als,0.5,,,64.0,5.0,0.001,10.0,,,,,,,,0.21102924575891502,0.30173727522096905,0.48245453621863205,1.6875,1.697137600000132,0.203125,0.202527800000098,0.11458333333333301,9.683277456060143e-05,565506048.0,2523648.0,10792.0,3281.0,0.005848771518960988,0.010972264553490041,0.02425073656405602,0.1875,0.16613160000179006,0.0078125,0.014143549999517002,0.010416666666666005,5.5559788682312195e-06,5517312,0,0,0,3
als|factors=64;epochs=5;regularisation=0.001;alpha=40.0|frac=0.5,luxury_beauty,als,0.5,,,64.0,5.0,0.001,40.0,,,,,,,,0.20661067535975003,0.298079853703139,0.47949812049172,1.78125,1.78644770000028,0.2109375,0.22842065000440903,0.119791666666666,0.00010080133089500001,565506048.0,2523648.0,10792.0,3281.0,0.010033632410458987,0.011277049679975948,0.006491923194147986,0.140625,0.12588350000623882,0.0390625,0.03940035000004999,0.02604166666666602,1.984278167184943e-05,5517312,0,0,0,3
als|factors=64;epochs=5;regularisation=0.01;alpha=1.0|frac=0.5,luxury_beauty,als,0.5,,,64.0,5.0,0.01,1.0,,,,,,,,0.22446178709699002,0.262115208777811,0.522736970435842,1.796875,1.800704899998891,0.203125,0.20163770000363002,0.109375,9.365792949304075e-05,565506048.0,2523648.0,10792.0,3281.0,0.005460180520940994,0.0021334958854010155,0.02003454231433499,0.140625,0.15167850000034377,0.0078125,0.014783200000238,0.020833333333333995,7.143401401849431e-06,5517312,0,0,0,3
als|factors=64;epochs=5;regularisation=0.01;alpha=10.0|frac=0.5,luxury_beauty,als,0.5,,,64.0,5.0,0.01,10.0,,,,,,,,0.21043824706994702,0.30082291984151105,0.478858071726099,1.71875,1.730284200006281,0.203125,0.20116814999346302,0.109375,9.52453520268211e-05,565506048.0,2523648.0,10792.0,3281.0,0.005482617130732004,0.010057909174031987,0.030051813471502986,0.109375,0.1223568000004891,0.0234375,0.019592249999732025,0.02083333333333301,1.349309153651997e-05,5517312,0,0,0,3
als|factors=64;epochs=5;regularisation=0.01;alpha=40.0|frac=0.5,luxury_beauty,als,0.5,,,64.0,5.0,0.01,40.0,,,,,,,,0.204403061867332,0.29594635781773804,0.456791628568525,1.765625,1.7602037000015112,0.21875000000000003,0.21604250000018502,0.11458333333333301,0.00010159504216100001,565506048.0,2523648.0,10792.0,3281.0,0.007965829014832004,0.014020115818348,0.037386975515595,0.171875,0.252627900004881,0.1171875,0.11981100000093697,0.02083333333333301,4.206669714484943e-05,5517312,0,0,0,3
als|factors=64;epochs=5;regularisation=0.1;alpha=1.0|frac=0.5,luxury_beauty,als,0.5,,,64.0,5.0,0.1,1.0,,,,,,,,0.22430574165614503,0.262115208777811,0.523305902671949,1.78125,1.797002899999824,0.203125,0.20079154999984802,0.119791666666666,0.00010000761962800001,565506048.0,2523648.0,10792.0,3281.0,0.005394418189789002,0.0030478512648580147,0.026810931626536916,0.21875,0.25999160000355914,0.0078125,0.008578500000567008,0.015625,5.555978868178907e-06,5517312,0,0,0,3
als|factors=64;epochs=5;regularisation=0.1;alpha=10.0|frac=0.5,luxury_beauty,als,0.5,,,64.0,5.0,0.1,10.0,,,,,,,,0.208316697624985,0.29686071319719604,0.48244437671441603,1.671875,1.684785499994177,0.203125,0.20621050000045202,0.11458333333333301,9.84201970943818e-05,565506048.0,2523648.0,10792.0,3281.0,0.004979748106465981,0.009143553794575043,0.015391648887535025,0.0625,0.04455450000114114,0.0078125,0.009945649999736017,0.010416666666666005,3.968556334450865e-06,5517312,0,0,0,3
als|factors=64;epochs=5;regularisation=0.1;alpha=40.0|frac=0.5,luxury_beauty,als,0.5,,,64.0,5.0,0.1,40.0,,,,,,,,0.19722105712821303,0.287107589149649,0.447790307832977,1.703125,1.693469300000288,0.203125,0.20205459999851802,0.11458333333333301,9.445164075993092e-05,565506048.0,2523648.0,10792.0,3281.0,0.011105653318787989,0.009448338921060007,0.05408920044701798,0.09375,0.06901490000200194,0.0078125,0.015884650000316997,0.010416666666667004,3.1748450675606814e-06,5517312,0,0,0,3
als|factors=64;epochs=15;regularisation=0.001;alpha=1.0|frac=0.5,luxury_beauty,als,0.5,,,64.0,15.0,0.001,1.0,,,,,,,,0.215984259998199,0.26699177080158404,0.483531443665549,5.0625,5.061327700001129,0.203125,0.205302800000936,0.109375,9.52453520268211e-05,565506048.0,2523648.0,10792.0,3281.0,0.0062483644002669925,0.012800975312404983,0.08376511226252198,0.125,0.12628230000973417,0.0078125,0.012675700000271989,0.010416666666667004,5.5559788682312195e-06,5517312,0,0,0,3
als|factors=64;epochs=15;regularisation=0.001;alpha=10.0|frac=0.5,luxury_beauty,als,0.5,,,64.0,15.0,0.001,10.0,,,,,,,,0.214775245724613,0.31270953977445903,0.47608452707507803,4.984375,5.00686449999921,0.203125,0.200095149994012,0.109375,9.52453520268211e-05,565506048.0,2523648.0,10792.0,3281.0,0.001680637726094003,0.003962206644316013,0.006065224017067994,0.3125,0.3124422999999297,0.023437500000000028,0.025649499999416986,0.02083333333333301,1.3493091536849431e-05,5517312,0,0,0,3
als|factors=64;epochs=15;regularisation=0.001;alpha=40.0|frac=0.5,luxury_beauty,als,0.5,,,64.0,15.0,0.001,40.0,,,,,,,,0.213803628844929,0.310576043889058,0.47229503200243805,5.140625,5.141462300000057,0.203125,0.201674700001603,0.109375,9.52453520268211e-05,565506048.0,2523648.0,10792.0,3281.0,0.0036352539260799954,0.003657421517829995,0.07283348572589704,0.4375,0.4297181000110868,0.03125,0.03361785000015502,0.010416666666666005,1.2699380269849431e-05,5517312,0,0,0,3
als|factors=64;epochs=15;regularisation=0.01;alpha=1.0|frac=0.5,luxury_beauty,als,0.5,,,64.0,15.0,0.01,1.0,,,,,,,,0.216029654311497,0.26699177080158404,0.48051407091333903,5.453125,5.515397000010125,0.203125,0.20252075000462302,0.11458333333333301,9.683277456060143e-05,565506048.0,2523648.0,10792.0,3281.0,0.006185667929832994,0.012496190185918965,0.084069897389007,0.609375,0.6208519000010702,0.03125000000000003,0.025151999999706992,0.02083333333333301,1.587422533751997e-05,5517312,0,0,0,3
als|factors=64;epochs=15;regularisation=0.01;alpha=10.0|frac=0.5,luxury_beauty,als,0.5,,,64.0,15.0,0.01,10.0,,,,,,,,0.212955313574403,0.31331911002743,0.47473331301432403,5.140625,5.194762499999342,0.2109375,0.20985534999999803,0.109375,9.762648582749162e-05,565506048.0,2523648.0,10792.0,3281.0,0.0017058005633850126,0.0018287107589149976,0.007030376917605996,0.234375,0.2577820999949836,0.03125,0.03088645000389101,0.0052083333333330095,1.1111957735849431e-05,5517312,0,0,0,3
als|factors=64;epochs=15;regularisation=0.01;alpha=40.0|frac=0.5,luxury_beauty,als,0.5,,,64.0,15.0,0.01,40.0,,,,,,,,0.21266419673314801,0.30905211825662904,0.463009245148836,5.203125,5.193601599996327,0.203125,0.22269574999518202,0.11458333333333301,9.683277456060143e-05,565506048.0,2523648.0,10792.0,3281.0,0.0019998787003419893,0.0012191405059440164,0.029249212638423006,0.4375,0.4481740000001082,0.03125,0.03385119999984401,0.010416666666666005,1.2699380269849431e-05,5517312,0,0,0,3
als|factors=64;epochs=15;regularisation=0.1;alpha=1.0|frac=0.5,luxury_beauty,als,0.5,,,64.0,15.0,0.1,1.0,,,,,,,,0.21445666105934003,0.267601341054556,0.41841918114396004,5.09375,5.0943038999994315,0.203125,0.203939599996374,0.11458333333333301,9.683277456060143e-05,565506048.0,2523648.0,10792.0,3281.0,0.004793466770557003,0.005486132276744993,0.06860713197196,0.140625,0.2170689999966271,0.0078125,0.009834150000188002,0.0052083333333330095,3.968556334450865e-06,5517312,0,0,0,3
als|factors=64;epochs=15;regularisation=0.1;alpha=10.0|frac=0.5,luxury_beauty,als,0.5,,,64.0,15.0,0.1,10.0,,,,,,,,0.212250510811747,0.312099969521487,0.47375800060957,5.0625,5.116760399992927,0.203125,0.20206419999885802,0.109375,9.52453520268211e-05,565506048.0,2523648.0,10792.0,3281.0,0.0018535116750159897,0.0018287107589149976,0.006735751295337045,0.203125,0.21869359999982407,0.0234375,0.01446270000042199,0.0052083333333330095,8.730823935791928e-06,5517312,0,0,0,3
als|factors=64;epochs=15;regularisation=0.1;alpha=40.0|frac=0.5,luxury_beauty,als,0.5,,,64.0,15.0,0.1,40.0,,,,,,,,0.21072145768705502,0.307528192624199,0.455013715330691,5.015625,5.039824300009059,0.203125,0.205445650004548,0.11458333333333301,9.683277456060143e-05,565506048.0,2523648.0,10792.0,3281.0,0.0008683922113650044,0.0030478512648580147,0.058274916184089975,0.609375,0.7364856999993208,0.023437500000000028,0.016740750000281024,0.010416666666666005,1.0318246468849431e-05,5517312,0,0,0,3
als|factors=64;epochs=30;regularisation=0.001;alpha=1.0|frac=0.5,luxury_beauty,als,0.5,,,64.0,30.0,0.001,1.0,,,,,,,,0.210731536952969,0.25998171289241,0.48126587422533706,10.0625,10.07785000000149,0.203125,0.20348500000545702,0.109375,9.52453520268211e-05,565506048.0,2523648.0,10792.0,3281.0,0.0008011876479789848,0.003962206644316013,0.055277862440313075,1.75,1.8556230999993204,0.14843750000000006,0.15895565000073503,0.078125,6.905288021884943e-05,5517312,0,0,0,3
als|factors=64;epochs=30;regularisation=0.001;alpha=10.0|frac=0.5,luxury_beauty,als,0.5,,,64.0,30.0,0.001,10.0,,,,,,,,0.21296947685366802,0.31331911002743,0.46615869145585703,10.3125,10.391411700009485,0.2109375,0.20917585000006503,0.11458333333333301,9.921390836127197e-05,565506048.0,2523648.0,10792.0,3281.0,0.002242239998066997,0.0009143553794569992,0.002804023163670011,1.03125,1.0424394000001485,0.015625000000000028,0.014693750002607003,0.0,4.762267600398579e-06,5517312,0,0,0,3
als|factors=64;epochs=30;regularisation=0.001;alpha=40.0|frac=0.5,luxury_beauty,als,0.5,,,64.0,30.0,0.001,40.0,,,,,,,,0.21388714118947902,0.31179518439500103,0.45832571370517106,10.15625,10.156660000000556,0.203125,0.207657850000032,0.109375,9.52453520268211e-05,565506048.0,2523648.0,10792.0,3281.0,0.004069308553684009,0.0033526363913440327,0.06771309560093497,0.28125,0.32603459999518236,0.0078125,0.014121949999661987,0.0,2.381133800670511e-06,5517312,0,0,0,3
als|factors=64;epochs=30;regularisation=0.01;alpha=1.0|frac=0.5,luxury_beauty,als,0.5,,,64.0,30.0,0.01,1.0,,,,,,,,0.209434925262996,0.25967692776592505,0.48277964035355003,10.03125,10.037218700002995,0.203125,0.20561520000046501,0.109375,9.52453520268211e-05,565506048.0,2523648.0,10792.0,3281.0,0.0015735921991860136,0.003657421517829995,0.05543025500355603,0.234375,0.19894790000125795,0.0078125,0.010869250000269004,0.0052083333333330095,3.968556334450852e-06,5517312,0,0,0,3
als|factors=64;epochs=30;regularisation=0.01;alpha=10.0|frac=0.5,luxury_beauty,als,0.5,,,64.0,30.0,0.01,10.0,,,,,,,,0.21230229312964902,0.31270953977445903,0.46375088895661803,10.125,10.120065999999497,0.2109375,0.20833899999979602,0.109375,9.762648582749162e-05,565506048.0,2523648.0,10792.0,3281.0,0.0014336867654919927,0.0012191405059430171,0.02217819770395202,0.53125,0.6158341999953336,0.015625,0.021769150000182008,0.0052083333333330095,6.34969013512139e-06,5517312,0,0,0,3
als|factors=64;epochs=30;regularisation=0.01;alpha=40.0|frac=0.5,luxury_beauty,als,0.5,,,64.0,30.0,0.01,40.0,,,,,,,,0.21246559965307302,0.310271258762572,0.45888448643706103,10.015625,10.049700999999914,0.203125,0.206377949999478,0.109375,9.683277456060143e-05,565506048.0,2523648.0,10792.0,3281.0,0.003024510861995011,0.00213349588540096,0.04865386569135399,1.59375,1.9161176000052365,0.015625,0.02171329999737298,0.0052083333333330095,4.762267601341036e-06,5517312,0,0,0,3
als|factors=64;epochs=30;regularisation=0.1;alpha=1.0|frac=0.5,luxury_beauty,als,0.5,,,64.0,30.0,0.1,1.0,,,,,,,,0.21074192108200102,0.25998171289241,0.483257137051711,10.453125,10.506270300000324,0.2109375,0.21078944999953803,0.11458333333333301,9.921390836127197e-05,565506048.0,2523648.0,10792.0,3281.0,0.0006094767892599884,0.003657421517829995,0.056385248399878074,1.046875,1.2749828000005436,0.0546875,0.03776715000140099,0.0052083333333330095,1.825535913751997e-05,5517312,0,0,0,3
als|factors=64;epochs=30;regularisation=0.1;alpha=10.0|frac=0.5,luxury_beauty,als,0.5,,,64.0,30.0,0.1,10.0,,,,,,,,0.211100089531389,0.31179518439500103,0.46617901046428906,10.390625,10.501315199999226,0.2109375,0.205645150000236,0.109375,9.921390836127197e-05,565506048.0,2523648.0,10792.0,3281.0,0.0005602823927259859,0.0018287107589149976,0.0012699380270240201,2.03125,2.3918431000001874,0.046875,0.042785250002907005,0.0052083333333330095,1.4286802803849431e-05,5517312,0,0,0,3
als|factors=64;epochs=30;regularisation=0.1;alpha=40.0|frac=0.5,luxury_beauty,als,0.5,,,64.0,30.0,0.1,40.0,,,,,,,,0.21274303469430603,0.311490399268515,0.475637508889566,10.875,10.927614399999584,0.2109375,0.213045249999595,0.119791666666666,0.00010080133089500001,565506048.0,2523648.0,10792.0,3281.0,0.0024037986706299808,0.0015239256324290351,0.022818246469572034,1.671875,1.8251271000053748,0.0546875,0.062304250003762995,0.03125,2.619247180684943e-05,5517312,0,0,0,3
als|factors=128;epochs=5;regularisation=0.001;alpha=1.0|frac=0.5,luxury_beauty,als,0.5,,,128.0,5.0,0.001,1.0,,,,,,,,0.20085871584939402,0.24352331606217603,0.44035355074672305,5.640625,5.7312103000003844,0.2421875,0.24946195000029503,0.125,0.00011191328863100001,565518336.0,5047296.0,10792.0,3281.0,0.003113720541691012,0.002438281011885979,0.064990348470995,1.078125,1.1198836999992636,0.0546875,0.06404359999714898,0.01041666666666699,1.984278167172804e-05,5529600,0,0,0,3
als|factors=128;epochs=5;regularisation=0.001;alpha=10.0|frac=0.5,luxury_beauty,als,0.5,,,128.0,5.0,0.001,10.0,,,,,,,,0.19235635239940102,0.275220969216702,0.43245961597074,5.03125,5.04307400000107,0.2265625,0.216748999999254,0.119791666666666,0.00010397617596200001,565518336.0,5047296.0,10792.0,3281.0,0.005253695726918001,0.010667479427004023,0.04584984252768498,0.609375,0.6101220000009562,0.03125,0.025915350000559,0.005208333333332996,9.524535202e-06,5529600,0,0,0,3
als|factors=128;epochs=5;regularisation=0.001;alpha=40.0|frac=0.5,luxury_beauty,als,0.5,,,128.0,5.0,0.001,40.0,,,,,,,,0.18806358685843402,0.28101188661993204,0.44318805242304105,5.34375,5.353835800000525,0.21875000000000003,0.22004079999987802,0.119791666666666,0.00010318246469500001,565518336.0,5047296.0,10792.0,3281.0,0.008351279572346992,0.014020115818348,0.022300111754545993,1.328125,1.426934600005552,0.04687499999999997,0.04653475000168303,0.015625,1.9049070405e-05,5529600,0,0,0,3
als|factors=128;epochs=5;regularisation=0.01;alpha=1.0|frac=0.5,luxury_beauty,als,0.5,,,128.0,5.0,0.01,1.0,,,,,,,,0.20082721961860803,0.24352331606217603,0.44044498628466905,4.78125,4.793981099996017,0.21875000000000003,0.22229500000048502,0.11458333333333301,0.00010159504216100001,565518336.0,5047296.0,10792.0,3281.0,0.0038545333349200017,0.0051813471502590025,0.063842324494565,0.171875,0.16644170000017766,0.015625000000000028,0.015233449997594989,0.010416666666666005,7.937112668178906e-06,5529600,0,0,0,3
als|factors=128;epochs=5;regularisation=0.01;alpha=10.0|frac=0.5,luxury_beauty,als,0.5,,,128.0,5.0,0.01,10.0,,,,,,,,0.188284378454145,0.274916184090216,0.431220156456364,4.78125,4.781766199999765,0.234375,0.23096995000014403,0.119791666666666,0.00010794473229700001,565518336.0,5047296.0,10792.0,3281.0,0.003879667224840011,0.010362694300518005,0.029005384537234002,1.203125,1.501280499994209,0.078125,0.07887680000476402,0.005208333333332996,2.539876054039858e-05,5529600,0,0,0,3
als|factors=128;epochs=5;regularisation=0.01;alpha=40.0|frac=0.5,luxury_beauty,als,0.5,,,128.0,5.0,0.01,40.0,,,,,,,,0.18428185022220703,0.275220969216702,0.437915269734837,4.71875,4.726392900000064,0.21875000000000003,0.219048449999718,0.119791666666666,0.00010318246469500001,565518336.0,5047296.0,10792.0,3281.0,0.009144153241086,0.01462968607131998,0.021842934064817965,0.21875,0.21452310000222496,0.007812500000000028,0.018472150001344,0.010416666666666005,5.5559788675083955e-06,5529600,0,0,0,3
als|factors=128;epochs=5;regularisation=0.1;alpha=1.0|frac=0.5,luxury_beauty,als,0.5,,,128.0,5.0,0.1,1.0,,,,,,,,0.20076718611979202,0.244132886315147,0.438240373869755,4.6875,4.7158674000002065,0.2265625,0.21954089999962803,0.11458333333333301,0.00010397617596200001,565518336.0,5047296.0,10792.0,3281.0,0.0049009038545759775,0.003962206644316013,0.06358833688915899,1.140625,1.2040871000062907,0.03125,0.03214915000035001,0.015625,1.4286802803508395e-05,5529600,0,0,0,3
als|factors=128;epochs=5;regularisation=0.1;alpha=10.0|frac=0.5,luxury_beauty,als,0.5,,,128.0,5.0,0.1,10.0,,,,,,,,0.18940245087968402,0.271258762572386,0.406359849639337,5.03125,5.027315799990902,0.2265625,0.224113750002288,0.11458333333333301,0.00010397617596200001,565518336.0,5047296.0,10792.0,3281.0,0.035882155048545,0.008533983541603007,0.024047546479731008,0.734375,0.7287395999983346,0.0234375,0.02547425000057002,0.010416666666666005,1.0318246469508396e-05,5529600,0,0,0,3
als|factors=128;epochs=5;regularisation=0.1;alpha=40.0|frac=0.5,luxury_beauty,als,0.5,,,128.0,5.0,0.1,40.0,,,,,,,,0.21137662117016,0.25967692776592505,0.42411866300924506,4.875,4.888776300000245,0.2265625,0.226281250000283,0.119791666666666,0.00010556359849600001,565518336.0,5047296.0,10792.0,3281.0,0.0021379727648319913,0.003962206644315014,0.028507568830640984,0.421875,0.45965829999840935,0.015625,0.025052099998901983,0.005208333333333995,3.174845068e-06,5529600,0,0,0,3
als|factors=128;epochs=15;regularisation=0.001;alpha=1.0|frac=0.5,luxury_beauty,als,0.5,,,128.0,15.0,0.001,1.0,,,,,,,,0.20307004428920902,0.24839987808594902,0.47181753530427706,14.765625,14.788746500000343,0.21875000000000003,0.22106375000294,0.119791666666666,0.00010159504216100001,565518336.0,5047296.0,10792.0,3281.0,0.001365687616467992,0.003962206644315985,0.020085339835415994,1.296875,1.2828232999872853,0.0234375,0.024869400000170988,0.01041666666666699,8.730823935618212e-06,5529600,0,0,0,3
als|factors=128;epochs=15;regularisation=0.001;alpha=10.0|frac=0.5,luxury_beauty,als,0.5,,,128.0,15.0,0.001,10.0,,,,,,,,0.189782543690263,0.274001828710758,0.42067459107995503,14.84375,14.984573099995032,0.234375,0.218916300000273,0.11458333333333301,0.00010476988722900001,565518336.0,5047296.0,10792.0,3281.0,0.0001446653512559848,0.003657421517829995,0.037102509397541006,1.21875,1.2957741999989594,0.10937499999999997,0.10377490000018999,0.03125,4.127298587900001e-05,5529600,0,0,0,3
als|factors=128;epochs=15;regularisation=0.001;alpha=40.0|frac=0.5,luxury_beauty,als,0.5,,,128.0,15.0,0.001,40.0,,,,,,,,0.189219356370411,0.27735446510210304,0.42859900436858606,14.671875,14.813223900000594,0.2265625,0.22742035000010202,0.125,0.00011667555623200001,565518336.0,5047296.0,10792.0,3281.0,0.0010171208415839794,0.002743066138372996,0.013918520776185994,1.125,1.1683019999909448,0.0546875,0.06115150000596298,0.0625,2.6192471807178906e-05,5529600,0,0,0,3
als|factors=128;epochs=15;regularisation=0.01;alpha=1.0|frac=0.5,luxury_beauty,als,0.5,,,128.0,15.0,0.01,1.0,,,,,,,,0.20298009405804102,0.24809509295946303,0.47234582952351906,15.984375,16.158411000000342,0.21875000000000003,0.219552499998826,0.119791666666666,0.00010318246469500001,565518336.0,5047296.0,10792.0,3281.0,0.001342340129617009,0.004266991770800976,0.019668800162552014,3.921875,4.250170000003891,0.007812500000000028,0.014551649999703015,0.010416666666666005,5.5559788675083955e-06,5529600,0,0,0,3
als|factors=128;epochs=15;regularisation=0.01;alpha=10.0|frac=0.5,luxury_beauty,als,0.5,,,128.0,15.0,0.01,10.0,,,,,,,,0.189096309075156,0.273087473331301,0.402296047952859,15.734375,15.782934200000454,0.21875000000000003,0.221202300000186,0.119791666666666,0.00010159504216100001,565518336.0,5047296.0,10792.0,3281.0,0.0003125757369210058,0.003352636391343977,0.040475464797318006,2.140625,2.2077225000075487,0.007812500000000028,0.010012449996794015,0.005208333333332996,2.3811337999999997e-06,5529600,0,0,0,3
als|factors=128;epochs=15;regularisation=0.01;alpha=40.0|frac=0.5,luxury_beauty,als,0.5,,,128.0,15.0,0.01,40.0,,,,,,,,0.186614580840014,0.274001828710758,0.43196180026414704,14.15625,14.17563379999956,0.21875000000000003,0.22325544999330302,0.11458333333333301,0.00010159504216100001,565518336.0,5047296.0,10792.0,3281.0,0.0009791236994390051,0.0036574215178300507,0.009631209996952994,1.84375,1.9288628000058452,0.0234375,0.02134249999971899,0.010416666666666005,1.0318246469178907e-05,5529600,0,0,0,3
als|factors=128;epochs=15;regularisation=0.1;alpha=1.0|frac=0.5,luxury_beauty,als,0.5,,,128.0,15.0,0.1,1.0,,,,,,,,0.202981261747981,0.24748552270649102,0.47189881133800604,14.78125,14.858225100004347,0.2109375,0.213067999997292,0.109375,9.762648582749162e-05,565518336.0,5047296.0,10792.0,3281.0,0.0030295522238440176,0.004571776897286994,0.017880727420501952,2.046875,2.406005300000288,0.13281250000000006,0.16314910000073804,0.04166666666666602,5.3178654881508395e-05,5529600,0,0,0,3
als|factors=128;epochs=15;regularisation=0.1;alpha=10.0|frac=0.5,luxury_beauty,als,0.5,,,128.0,15.0,0.1,10.0,,,,,,,,0.18865633256545503,0.27339225845778703,0.401828710758915,14.515625,14.581516100000954,0.2265625,0.22750464999990003,0.109375,0.00010476988722900001,565518336.0,5047296.0,10792.0,3281.0,0.0006605810404470003,0.0015239256324300343,0.03323173829117099,1.15625,1.2952421000045433,0.0234375,0.021803800000725987,0.02083333333333301,1.1111957735508395e-05,5529600,0,0,0,3
als|factors=128;epochs=15;regularisation=0.1;alpha=40.0|frac=0.5,luxury_beauty,als,0.5,,,128.0,15.0,0.1,40.0,,,,,,,,0.18381048921369902,0.26973483693995703,0.42261505638524804,15.171875,15.330458500000532,0.21875000000000003,0.222235050000563,0.11458333333333301,0.00010159504216100001,565518336.0,5047296.0,10792.0,3281.0,0.0007486278364179921,0.0018287107589139984,0.031199837447931977,2.578125,2.611198700001296,0.0,0.019304399998418986,0.0052083333333330095,1.5874225329999997e-06,5529600,0,0,0,3
als|factors=128;epochs=30;regularisation=0.001;alpha=1.0|frac=0.5,luxury_beauty,als,0.5,,,128.0,30.0,0.001,1.0,,,,,,,,0.204245407665182,0.25205729960377904,0.46928781875444403,27.90625,27.95736820000093,0.21875000000000003,0.220417649999944,0.11458333333333301,0.00010159504216100001,565518336.0,5047296.0,10792.0,3281.0,0.0023535922751510008,0.0054861322767450205,0.008300314944631015,5.5,5.9604679000049146,0.03125,0.029570850005256,0.01041666666666699,1.269938026939858e-05,5529600,0,0,0,3
als|factors=128;epochs=30;regularisation=0.001;alpha=10.0|frac=0.5,luxury_beauty,als,0.5,,,128.0,30.0,0.001,10.0,,,,,,,,0.189934255483411,0.27430661383724403,0.427369704358427,28.046875,28.095061500000156,0.21875000000000003,0.21917959999973302,0.109375,0.00010000761962800001,565518336.0,5047296.0,10792.0,3281.0,0.0002606235225209863,0.0015239256324300343,0.031819567205120025,5.46875,5.710214200007613,0.0703125,0.08022979999850602,0.010416666666666005,2.4605049273508395e-05,5529600,0,0,0,3
als|factors=128;epochs=30;regularisation=0.001;alpha=40.0|frac=0.5,luxury_beauty,als,0.5,,,128.0,30.0,0.001,40.0,,,,,,,,0.188621976099335,0.27552575434318805,0.425236208473026,27.890625,27.896329400000468,0.2109375,0.21764185000029102,0.109375,9.762648582749162e-05,565518336.0,5047296.0,10792.0,3281.0,0.0009576640514959989,0.002438281011886978,0.02590673575129604,3.515625,3.651819899995644,0.007812500000000028,0.012456400001155998,0.0052083333333330095,3.968556333508395e-06,5529600,0,0,0,3
als|factors=128;epochs=30;regularisation=0.01;alpha=1.0|frac=0.5,luxury_beauty,als,0.5,,,128.0,30.0,0.01,1.0,,,,,,,,0.204137114676114,0.251752514477293,0.46849537742558106,27.765625,27.774240599999757,0.21875000000000003,0.217365949999475,0.109375,9.84201970943818e-05,565518336.0,5047296.0,10792.0,3281.0,0.0024842818249770082,0.005790917403230983,0.0071014934471199664,3.203125,3.4993461000003663,0.03125,0.026545200001238,0.010416666666667004,1.1111957736178907e-05,5529600,0,0,0,3
als|factors=128;epochs=30;regularisation=0.01;alpha=10.0|frac=0.5,luxury_beauty,als,0.5,,,128.0,30.0,0.01,10.0,,,,,,,,0.18924369606981,0.27461139896373005,0.426059128314538,28.859375,29.00581020000027,0.2265625,0.223158400000102,0.11458333333333301,0.00010397617596200001,565518336.0,5047296.0,10792.0,3281.0,0.0008508893600989997,0.0024382810118870335,0.03007213247993501,6.546875,7.022962800006098,0.046875,0.044335949995457036,0.010416666666666005,1.7461647871178906e-05,5529600,0,0,0,3
als|factors=128;epochs=30;regularisation=0.01;alpha=40.0|frac=0.5,luxury_beauty,als,0.5,,,128.0,30.0,0.01,40.0,,,,,,,,0.186862351156748,0.27339225845778703,0.427461139896373,29.46875,29.84005259999867,0.21875000000000003,0.21671549999882703,0.11458333333333301,0.00010000761962800001,565518336.0,5047296.0,10792.0,3281.0,0.001539969656341983,0.002438281011885979,0.014964949710453979,7.9375,8.360238199997184,0.0390625,0.04499670000041103,0.02083333333333301,1.666793660372804e-05,5529600,0,0,0,3
als|factors=128;epochs=30;regularisation=0.1;alpha=1.0|frac=0.5,luxury_beauty,als,0.5,,,128.0,30.0,0.1,1.0,,,,,,,,0.20394772085419302,0.251447729350807,0.46834298486233805,30.78125,31.295894900002168,0.234375,0.23323629999504103,0.109375,0.00010476988722900001,565518336.0,5047296.0,10792.0,3281.0,0.002382000509775023,0.005486132276744993,0.024413288631514984,3.46875,3.5924983999993856,0.046875,0.04557730000033197,0.0052083333333330095,1.5874225337178906e-05,5529600,0,0,0,3
als|factors=128;epochs=30;regularisation=0.1;alpha=10.0|frac=0.5,luxury_beauty,als,0.5,,,128.0,30.0,0.1,10.0,,,,,,,,0.18886778656007203,0.27369704358427305,0.425815300213349,29.46875,29.645489100001214,0.21875000000000003,0.22127000000000402,0.109375,0.00010476988722900001,565518336.0,5047296.0,10792.0,3281.0,0.0006347670633050084,0.0021334958854010155,0.010118866199329002,2.765625,2.9952739000018482,0.0390625,0.036354850000407,0.015625,1.1905669003178907e-05,5529600,0,0,0,3
als|factors=128;epochs=30;regularisation=0.1;alpha=40.0|frac=0.5,luxury_beauty,als,0.5,,,128.0,30.0,0.1,40.0,,,,,,,,0.18526762444883002,0.271868332825358,0.42541907954891806,28.28125,28.39877820000038,0.2265625,0.22409920000063702,0.11458333333333301,0.00010397617596200001,565518336.0,5047296.0,10792.0,3281.0,0.0020989822994069984,0.005486132276744993,0.03417657218327802,2.078125,2.0977124000100957,0.03125,0.025520099999993995,0.010416666666666005,1.2699380270178907e-05,5529600,0,0,0,3
als|factors=16;epochs=5;regularisation=0.001;alpha=1.0|frac=1.0,luxury_beauty,als,1.0,,,16.0,5.0,0.001,1.0,,,,,,,,0.257564094805161,0.30143249009448303,0.206400487656202,0.765625,0.7700066000106741,0.203125,0.20464935000200002,0.11458333333333301,9.683277456060143e-05,565518336.0,630912.0,19789.0,3281.0,0.0022872157326029874,0.0021334958854000163,0.055836635172204,0.09375,0.08477070000026299,0.0390625,0.040908999999829,0.010416666666666005,1.508051407051997e-05,5529600,0,0,0,3
als|factors=16;epochs=5;regularisation=0.001;alpha=10.0|frac=1.0,luxury_beauty,als,1.0,,,16.0,5.0,0.001,10.0,,,,,,,,0.27048225973262,0.32429137458092,0.33713298791018903,0.7187500000000001,0.723099300001194,0.1953125,0.198587549999501,0.109375,9.52453520268211e-05,565518336.0,630912.0,19789.0,3281.0,0.0024791695615439813,0.0009143553794569992,0.04035355074672298,0.0625,0.04748010000457803,0.015625,0.01669770000353299,0.010416666666666005,5.555978868231247e-06,5529600,0,0,0,3
als|factors=16;epochs=5;regularisation=0.001;alpha=40.0|frac=1.0,luxury_beauty,als,1.0,,,16.0,5.0,0.001,40.0,,,,,,,,0.261154806049106,0.32124352331606204,0.47975210809712404,0.7187500000000001,0.7201802999989011,0.203125,0.20342850000452,0.11458333333333301,9.683277456060143e-05,565518336.0,630912.0,19789.0,3281.0,0.0012929815650399856,0.0057909174032300115,0.03963222594737298,0.04687499999999989,0.04207709999718601,0.015625,0.014376400000400996,0.015625,9.524535201849431e-06,5529600,0,0,0,3
als|factors=16;epochs=5;regularisation=0.01;alpha=1.0|frac=1.0,luxury_beauty,als,1.0,,,16.0,5.0,0.01,1.0,,,,,,,,0.257463026415647,0.301127704967997,0.20621761658031001,0.734375,0.749589099999866,0.203125,0.20364710000285402,0.11458333333333301,9.683277456060143e-05,565518336.0,630912.0,19789.0,3281.0,0.002405675546780006,0.0018287107589149976,0.054800365742152024,0.0625,0.06122079999931895,0.0234375,0.026109149999684,0.010416666666666005,1.031824646951997e-05,5529600,0,0,0,3
als|factors=16;epochs=5;regularisation=0.01;alpha=10.0|frac=1.0,luxury_beauty,als,1.0,,,16.0,5.0,0.01,10.0,,,,,,,,0.270656158583338,0.32490094483389204,0.33589352839581404,0.75,0.7552924000046911,0.1953125,0.201776850000896,0.119791666666666,9.603906329371129e-05,565518336.0,630912.0,19789.0,3281.0,0.0023407973526730075,0.0009143553794569992,0.030214365538962007,0.015625,0.054109199999402,0.0234375,0.021568200000273985,0.01041666666666699,1.0318246468739628e-05,5529600,0,0,0,3
als|factors=16;epochs=5;regularisation=0.01;alpha=40.0|frac=1.0,luxury_beauty,als,1.0,,,16.0,5.0,0.01,40.0,,,,,,,,0.26260694559275904,0.322462663822005,0.48245453621863205,0.75,0.749061299997265,0.203125,0.20231595000223002,0.119791666666666,9.84201970943818e-05,565518336.0,630912.0,19789.0,3281.0,0.0009782614006239587,0.006705272782687954,0.042415930102610966,0.07812500000000011,0.0823067999990591,0.023437500000000028,0.025135149999187006,0.01041666666666699,1.031824646906909e-05,5529600,0,0,0,3
als|factors=16;epochs=5;regularisation=0.1;alpha=1.0|frac=1.0,luxury_beauty,als,1.0,,,16.0,5.0,0.1,1.0,,,,,,,,0.257601153757169,0.30082291984151105,0.20731484303565903,0.75,0.7424425000062911,0.1953125,0.201385999999729,0.119791666666666,9.603906329371129e-05,565518336.0,630912.0,19789.0,3281.0,0.0024338953951240083,0.0009143553794579984,0.053764096312099996,0.07812500000000011,0.06219790000068304,0.015625,0.016310500000600026,0.010416666666666005,7.937112668901758e-06,5529600,0,0,0,3
als|factors=16;epochs=5;regularisation=0.1;alpha=10.0|frac=1.0,luxury_beauty,als,1.0,,,16.0,5.0,0.1,10.0,,,,,,,,0.270962651060907,0.32429137458092,0.32514477293508004,0.703125,0.71024639999996,0.203125,0.197414899999785,0.11458333333333301,9.683277456060143e-05,565518336.0,630912.0,19789.0,3281.0,0.002969598081023983,0.0009143553794569992,0.04435639540790404,0.046875,0.04763689999890608,0.015625,0.016538000003948006,0.0052083333333330095,6.34969013512139e-06,5529600,0,0,0,3
als|factors=16;epochs=5;regularisation=0.1;alpha=40.0|frac=1.0,luxury_beauty,als,1.0,,,16.0,5.0,0.1,40.0,,,,,,,,0.26375215631943805,0.319110027430661,0.479305089911612,0.703125,0.7094511000004781,0.1953125,0.198674449999998,0.11458333333333301,9.445164075993092e-05,565518336.0,630912.0,19789.0,3281.0,0.0017653260021439632,0.00731484303565999,0.018916996850553036,0.125,0.12459789999047699,0.023437500000000028,0.03127110000105002,0.02083333333333301,1.3493091536849431e-05,5529600,0,0,0,3
als|factors=16;epochs=15;regularisation=0.001;alpha=1.0|frac=1.0,luxury_beauty,als,1.0,,,16.0,15.0,0.001,1.0,,,,,,,,0.25782719123762504,0.30996647363608604,0.23330285482068402,2.15625,2.144647299999633,0.1953125,0.200405999999929,0.119791666666666,9.683277456060143e-05,565518336.0,630912.0,19789.0,3281.0,0.004220846176925974,0.009448338921061006,0.029198415117342003,0.21875,0.2769534999988532,0.015625,0.01582455000425398,0.02604166666666699,3.968556334288723e-06,5529600,0,0,0,3
als|factors=16;epochs=15;regularisation=0.001;alpha=10.0|frac=1.0,luxury_beauty,als,1.0,,,16.0,15.0,0.001,10.0,,,,,,,,0.27432459032731604,0.334654068881438,0.325083815909783,2.15625,2.167499700000007,0.1953125,0.1999388500044,0.11458333333333301,9.603906329371129e-05,565518336.0,630912.0,19789.0,3281.0,0.002646142061150991,0.00670527278268801,0.01227268109316304,0.09375,0.11466250000194078,0.015625,0.014139100000193,0.005208333333332996,4.762267601341049e-06,5529600,0,0,0,3
als|factors=16;epochs=15;regularisation=0.001;alpha=40.0|frac=1.0,luxury_beauty,als,1.0,,,16.0,15.0,0.001,40.0,,,,,,,,0.27420679401616704,0.34166412679061203,0.45786853601544203,2.140625,2.143873499999245,0.1953125,0.199430549999306,0.11458333333333301,9.445164075993092e-05,565518336.0,630912.0,19789.0,3281.0,0.0003915434533500184,0.0015239256324290351,0.04489484913136199,0.125,0.11905440000282397,0.015625,0.017037450001680027,0.010416666666666005,7.937112668901758e-06,5529600,0,0,0,3
als|factors=16;epochs=15;regularisation=0.01;alpha=1.0|frac=1.0,luxury_beauty,als,1.0,,,16.0,15.0,0.01,1.0,,,,,,,,0.257717466153629,0.3096616885096,0.23281519861830702,2.15625,2.132506399999329,0.203125,0.20149705000221702,0.11458333333333301,9.683277456060143e-05,565518336.0,630912.0,19789.0,3281.0,0.004411837865224977,0.010057909174032043,0.028527887839073007,0.125,0.12208289999671207,0.0390625,0.04295394999962801,0.02083333333333301,1.825535913751997e-05,5529600,0,0,0,3
als|factors=16;epochs=15;regularisation=0.01;alpha=10.0|frac=1.0,luxury_beauty,als,1.0,,,16.0,15.0,0.01,10.0,,,,,,,,0.274897394003689,0.33526363913441004,0.327339225845778,2.25,2.236116899992339,0.1953125,0.20143020000250503,0.11458333333333301,9.445164075993092e-05,565518336.0,630912.0,19789.0,3281.0,0.0026417908614629892,0.006705272782689009,0.012882251346133966,0.1875,0.20430109999870183,0.015625,0.016044799999235,0.0,4.762267601341049e-06,5529600,0,0,0,3
als|factors=16;epochs=15;regularisation=0.01;alpha=40.0|frac=1.0,luxury_beauty,als,1.0,,,16.0,15.0,0.01,40.0,,,,,,,,0.274391171792368,0.34074977141115503,0.451976023570049,2.140625,2.145414499999788,0.1953125,0.20107835000089802,0.11458333333333301,9.445164075993092e-05,565518336.0,630912.0,19789.0,3281.0,0.0008948756801899771,0.002133495885399961,0.010443970334246988,0.078125,0.10074970001369277,0.015625,0.011915250000583993,0.0052083333333330095,6.34969013512139e-06,5529600,0,0,0,3
als|factors=16;epochs=15;regularisation=0.1;alpha=1.0|frac=1.0,luxury_beauty,als,1.0,,,16.0,15.0,0.1,1.0,,,,,,,,0.25788740976192703,0.30996647363608604,0.233241897795387,2.171875,2.173283800000717,0.1953125,0.19937835000018803,0.11458333333333301,9.603906329371129e-05,565518336.0,630912.0,19789.0,3281.0,0.004623839901091997,0.010972264553489985,0.027918317586102,0.09375,0.09712379999928134,0.015625,0.014489700000013012,0.010416666666666005,6.34969013512139e-06,5529600,0,0,0,3
als|factors=16;epochs=15;regularisation=0.1;alpha=10.0|frac=1.0,luxury_beauty,als,1.0,,,16.0,15.0,0.1,10.0,,,,,,,,0.274558094940967,0.33526363913441004,0.327054759727725,2.1875,2.176710100000491,0.203125,0.20310150000022903,0.11458333333333301,9.683277456060143e-05,565518336.0,630912.0,19789.0,3281.0,0.0022223374455770384,0.0042669917708019756,0.015909783602560013,0.09375,0.08908640000845525,0.0234375,0.018611650002640007,0.005208333333332996,8.730823935791942e-06,5529600,0,0,0,3
als|factors=16;epochs=15;regularisation=0.1;alpha=40.0|frac=1.0,luxury_beauty,als,1.0,,,16.0,15.0,0.1,40.0,,,,,,,,0.274542677648894,0.33983541603169704,0.43411561515798003,2.171875,2.2003851999998,0.1953125,0.19997320000402302,0.11458333333333301,9.445164075993092e-05,565518336.0,630912.0,19789.0,3281.0,0.00180491788930498,0.0045717768972879935,0.029482881235394998,0.125,0.11102630000459612,0.03125000000000003,0.031813299999611994,0.010416666666666005,1.269938026951997e-05,5529600,0,0,0,3
als|factors=16;epochs=30;regularisation=0.001;alpha=1.0|frac=1.0,luxury_beauty,als,1.0,,,16.0,30.0,0.001,1.0,,,,,,,,0.26087018074197105,0.310576043889058,0.22875139693182903,4.40625,4.4111994999984745,0.203125,0.20076205000077602,0.11458333333333301,9.683277456060143e-05,565518336.0,630912.0,19789.0,3281.0,0.0028055585490340262,0.0018287107589149976,0.011785024890785978,0.234375,0.27613080000173795,0.015625,0.015717549999863023,0.0,4.762267601341049e-06,5529600,0,0,0,3
als|factors=16;epochs=30;regularisation=0.001;alpha=10.0|frac=1.0,luxury_beauty,als,1.0,,,16.0,30.0,0.001,10.0,,,,,,,,0.274229343511015,0.334958854007924,0.32668901757594204,4.34375,4.334389300000112,0.1953125,0.201168100000359,0.11458333333333301,9.445164075993092e-05,565518336.0,630912.0,19789.0,3281.0,0.0038390567687119903,0.006095702529715974,0.018977953875850995,0.1875,0.1982953999986421,0.015625,0.015603850004027003,0.0052083333333330095,6.34969013512139e-06,5529600,0,0,0,3
als|factors=16;epochs=30;regularisation=0.001;alpha=40.0|frac=1.0,luxury_beauty,als,1.0,,,16.0,30.0,0.001,40.0,,,,,,,,0.27493441838127003,0.341359341664126,0.44709946154627606,4.53125,4.518505900006858,0.1953125,0.198605899997346,0.11458333333333301,9.445164075993092e-05,565518336.0,630912.0,19789.0,3281.0,0.0014889335945720283,0.0042669917708019756,0.08380575027938697,0.296875,0.32707180000124936,0.015625,0.020484099999521,0.01041666666666699,7.937112668739629e-06,5529600,0,0,0,3
als|factors=16;epochs=30;regularisation=0.01;alpha=1.0|frac=1.0,luxury_beauty,als,1.0,,,16.0,30.0,0.01,1.0,,,,,,,,0.260815782702777,0.310576043889058,0.228202783704155,4.3125,4.293983800000205,0.1875,0.199577199993655,0.11458333333333301,9.207050695926038e-05,565518336.0,630912.0,19789.0,3281.0,0.002856105130816966,0.0018287107589149976,0.010748755460733006,0.234375,0.24586230001295917,0.015625,0.018674300000839,0.010416666666666005,7.937112668901758e-06,5529600,0,0,0,3
als|factors=16;epochs=30;regularisation=0.01;alpha=10.0|frac=1.0,luxury_beauty,als,1.0,,,16.0,30.0,0.01,10.0,,,,,,,,0.274394559424465,0.335568424260896,0.325855938230214,4.234375,4.28148499999952,0.1953125,0.200344949999816,0.11458333333333301,9.52453520268211e-05,565518336.0,630912.0,19789.0,3281.0,0.004265139191511003,0.006400487656201992,0.01666158691455899,0.265625,0.24232279999978346,0.015625,0.01526039999498599,0.015625,5.555978868231233e-06,5529600,0,0,0,3
als|factors=16;epochs=30;regularisation=0.01;alpha=40.0|frac=1.0,luxury_beauty,als,1.0,,,16.0,30.0,0.01,40.0,,,,,,,,0.27565607213763005,0.34288326729655505,0.442913745809204,4.34375,4.349905500001114,0.203125,0.20263065000017302,0.11458333333333301,9.683277456060143e-05,565518336.0,630912.0,19789.0,3281.0,0.0015175063674609524,0.005790917403231011,0.08486233871787102,0.546875,0.5744679000026744,0.03125,0.019292749999749004,0.0,9.524535202682112e-06,5529600,0,0,0,3
als|factors=16;epochs=30;regularisation=0.1;alpha=1.0|frac=1.0,luxury_beauty,als,1.0,,,16.0,30.0,0.1,1.0,,,,,,,,0.26125143382327404,0.31088082901554404,0.228202783704155,4.359375,4.375737899999876,0.1953125,0.19978265000099701,0.119791666666666,9.603906329371129e-05,565518336.0,630912.0,19789.0,3281.0,0.0026416130822919937,0.0006095702529709812,0.011236411663111012,0.25,0.24382129999503466,0.0234375,0.02147979999927002,0.015625,1.190566900251997e-05,5529600,0,0,0,3
als|factors=16;epochs=30;regularisation=0.1;alpha=10.0|frac=1.0,luxury_beauty,als,1.0,,,16.0,30.0,0.1,10.0,,,,,,,,0.274530918290369,0.334654068881438,0.32441328863151403,4.375,4.353330699999788,0.1953125,0.19949985000130202,0.11458333333333301,9.445164075993092e-05,565518336.0,630912.0,19789.0,3281.0,0.003984039660463012,0.00518134715025903,0.01761658031087998,0.265625,0.30915389999518084,0.015625,0.013527700000394993,0.0052083333333330095,6.34969013512139e-06,5529600,0,0,0,3
als|factors=16;epochs=30;regularisation=0.1;alpha=40.0|frac=1.0,luxury_beauty,als,1.0,,,16.0,30.0,0.1,40.0,,,,,,,,0.275325781486712,0.34349283754952703,0.39510311896779404,4.265625,4.280795299999227,0.1953125,0.200467699999535,0.109375,9.286421822615058e-05,565518336.0,630912.0,19789.0,3281.0,0.0026626240125929845,0.009448338921061006,0.09272579498120498,0.21875,0.22918280000612867,0.0078125,0.011739600000964995,0.010416666666666005,5.5559788682312195e-06,5529600,0,0,0,3
als|factors=32;epochs=5;regularisation=0.001;alpha=1.0|frac=1.0,luxury_beauty,als,1.0,,,32.0,5.0,0.001,1.0,,,,,,,,0.26268680755065804,0.31484303565985905,0.333699075485116,0.9687500000000001,0.9743671000014721,0.203125,0.20594654999877002,0.109375,9.52453520268211e-05,565518336.0,1261824.0,19789.0,3281.0,0.00317312329487196,0.003352636391343977,0.06938941379660701,0.078125,0.06629839999459397,0.0,0.026867749999837015,0.0052083333333330095,1.5874225337803271e-06,5529600,0,0,0,3
als|factors=32;epochs=5;regularisation=0.001;alpha=10.0|frac=1.0,luxury_beauty,als,1.0,,,32.0,5.0,0.001,10.0,,,,,,,,0.28095220113574104,0.34196891191709805,0.460804632733922,0.9687500000000001,0.9817458999987131,0.203125,0.20174875000066,0.11458333333333301,9.683277456060143e-05,565518336.0,1261824.0,19789.0,3281.0,0.003582752675342027,0.005486132276744049,0.03269328456771298,0.0625,0.063276299995778,0.015625,0.016324699993674002,0.0052083333333330095,6.34969013512139e-06,5529600,0,0,0,3
als|factors=32;epochs=5;regularisation=0.001;alpha=40.0|frac=1.0,luxury_beauty,als,1.0,,,32.0,5.0,0.001,40.0,,,,,,,,0.27704039187476104,0.33922584577872605,0.48456771309560104,0.984375,0.976094699999521,0.1953125,0.20202704999974203,0.11458333333333301,9.445164075993092e-05,565518336.0,1261824.0,19789.0,3281.0,0.0037832470831299925,0.007924413288632026,0.02769480849334499,0.0625,0.03988310001022888,0.0390625,0.04488749999927699,0.0052083333333330095,1.3493091536849431e-05,5529600,0,0,0,3
als|factors=32;epochs=5;regularisation=0.01;alpha=1.0|frac=1.0,luxury_beauty,als,1.0,,,32.0,5.0,0.01,1.0,,,,,,,,0.262755306274282,0.31453825053337403,0.333699075485116,1.015625,1.020828700000493,0.203125,0.201657049999994,0.11458333333333301,9.683277456060143e-05,565518336.0,1261824.0,19789.0,3281.0,0.0032208328418020238,0.003657421517828996,0.074875546073352,0.04687499999999989,0.05839359999663485,0.015625,0.017496649998975017,0.0052083333333330095,6.34969013512139e-06,5529600,0,0,0,3
als|factors=32;epochs=5;regularisation=0.01;alpha=10.0|frac=1.0,luxury_beauty,als,1.0,,,32.0,5.0,0.01,10.0,,,,,,,,0.280740660250127,0.34074977141115503,0.45724880625825404,0.984375,0.9800228000003691,0.1953125,0.201201150000088,0.11458333333333301,9.445164075993092e-05,565518336.0,1261824.0,19789.0,3281.0,0.00373593749599499,0.004571776897286994,0.035984963933759995,0.04687499999999989,0.05783109999538305,0.015625,0.015822100005153023,0.0052083333333330095,6.34969013512139e-06,5529600,0,0,0,3
als|factors=32;epochs=5;regularisation=0.01;alpha=40.0|frac=1.0,luxury_beauty,als,1.0,,,32.0,5.0,0.01,40.0,,,,,,,,0.277361131256303,0.339530630905211,0.484455958549222,0.984375,0.9690580999995291,0.1953125,0.20099519999985202,0.109375,9.286421822615058e-05,565518336.0,1261824.0,19789.0,3281.0,0.0031305954521320123,0.009143553794575043,0.014101391852077039,0.07812499999999989,0.08668330000546087,0.03125000000000003,0.03247770000462,0.010416666666666005,1.269938026951997e-05,5529600,0,0,0,3
als|factors=32;epochs=5;regularisation=0.1;alpha=1.0|frac=1.0,luxury_beauty,als,1.0,,,32.0,5.0,0.1,1.0,,,,,,,,0.262896093991479,0.31331911002743,0.3333130143249,0.9687500000000001,0.9716355999989901,0.203125,0.20219205000012103,0.109375,9.365792949304075e-05,565518336.0,1261824.0,19789.0,3281.0,0.0030557640607429826,0.00518134715025903,0.07668393782383398,0.0625,0.05806020001091394,0.015625,0.018283199996857985,0.005208333333333995,4.762267601341063e-06,5529600,0,0,0,3
als|factors=32;epochs=5;regularisation=0.1;alpha=10.0|frac=1.0,luxury_beauty,als,1.0,,,32.0,5.0,0.1,10.0,,,,,,,,0.280107812604007,0.34074977141115503,0.464370618713806,0.9687500000000001,0.9734521000009401,0.203125,0.20591035000052202,0.109375,9.762648582749162e-05,565518336.0,1261824.0,19789.0,3281.0,0.003804186262370002,0.00518134715025903,0.033119983744793025,0.04687499999999989,0.05799969999861798,0.0234375,0.018091150002418982,0.010416666666666005,7.937112668901758e-06,5529600,0,0,0,3
als|factors=32;epochs=5;regularisation=0.1;alpha=40.0|frac=1.0,luxury_beauty,als,1.0,,,32.0,5.0,0.1,40.0,,,,,,,,0.276049109860939,0.33892106065224004,0.47531240475464803,0.953125,0.968275299999731,0.203125,0.20277050000004201,0.109375,9.52453520268211e-05,565518336.0,1261824.0,19789.0,3281.0,0.004333249350096047,0.011581834806461022,0.033577161434521996,0.09375,0.08290110000507378,0.0078125,0.013678350003828998,0.0,2.3811338006705246e-06,5529600,0,0,0,3
als|factors=32;epochs=15;regularisation=0.001;alpha=1.0|frac=1.0,luxury_beauty,als,1.0,,,32.0,15.0,0.001,1.0,,,,,,,,0.265980174210176,0.32063395306309,0.36358833688915904,2.890625,2.902093100001366,0.2109375,0.207251899999391,0.109375,9.762648582749162e-05,565518336.0,1261824.0,19789.0,3281.0,0.0011460242784580021,0.0006095702529719804,0.038788987097430006,0.25,0.2445230999965129,0.0390625,0.03562400000009802,0.0052083333333330095,1.349309153651997e-05,5529600,0,0,0,3
als|factors=32;epochs=15;regularisation=0.001;alpha=10.0|frac=1.0,luxury_beauty,als,1.0,,,32.0,15.0,0.001,10.0,,,,,,,,0.282750858989589,0.347150259067357,0.43498933252057304,2.9375,2.9375383999995393,0.203125,0.201887250000254,0.11458333333333301,9.52453520268211e-05,565518336.0,1261824.0,19789.0,3281.0,0.0009179199010729833,0.006095702529717029,0.019313217514984993,0.28125,0.31019220000325687,0.0625,0.067574299996977,0.02604166666666602,2.539876054006909e-05,5529600,0,0,0,3
als|factors=32;epochs=15;regularisation=0.001;alpha=40.0|frac=1.0,luxury_beauty,als,1.0,,,32.0,15.0,0.001,40.0,,,,,,,,0.28380688904438,0.35294117647058804,0.43412577466219604,2.921875,2.929410000000643,0.203125,0.20242874999985302,0.109375,9.52453520268211e-05,565518336.0,1261824.0,19789.0,3281.0,0.0009573125224780488,0.004876562023773012,0.038982017677538006,0.21875,0.284340100008194,0.015625,0.014981650000208985,0.0052083333333330095,6.34969013512139e-06,5529600,0,0,0,3
als|factors=32;epochs=15;regularisation=0.01;alpha=1.0|frac=1.0,luxury_beauty,als,1.0,,,32.0,15.0,0.01,1.0,,,,,,,,0.266076771666712,0.32032916793660404,0.362267601341054,2.890625,2.912887599999521,0.203125,0.20311454999955403,0.109375,9.52453520268211e-05,565518336.0,1261824.0,19789.0,3281.0,0.0014769722555389997,0.0024382810118870335,0.039601747434725,0.140625,0.15094889999454608,0.015625,0.015355449999787996,0.0052083333333330095,6.34969013512139e-06,5529600,0,0,0,3
als|factors=32;epochs=15;regularisation=0.01;alpha=10.0|frac=1.0,luxury_beauty,als,1.0,,,32.0,15.0,0.01,10.0,,,,,,,,0.28273407666051503,0.347150259067357,0.43309966473636,2.96875,2.965997499999503,0.21875000000000003,0.22038479999991903,0.119791666666666,0.00010318246469500001,565518336.0,1261824.0,19789.0,3281.0,0.0011997036083139512,0.00518134715025903,0.017443868739205004,0.21875,0.25586410000232807,0.03125000000000003,0.04831590000048899,0.010416666666666005,1.269938026951997e-05,5529600,0,0,0,3
als|factors=32;epochs=15;regularisation=0.01;alpha=40.0|frac=1.0,luxury_beauty,als,1.0,,,32.0,15.0,0.01,40.0,,,,,,,,0.28300644821158905,0.35202682109113004,0.44409224829828303,3.171875,3.215578900000764,0.203125,0.201982250000583,0.109375,9.52453520268211e-05,565518336.0,1261824.0,19789.0,3281.0,0.0006882497115800468,0.003962206644316013,0.010311896779437002,0.375,0.36801950000062833,0.023437500000000028,0.028925850000178,0.015625,1.1905669002849431e-05,5529600,0,0,0,3
als|factors=32;epochs=15;regularisation=0.1;alpha=1.0|frac=1.0,luxury_beauty,als,1.0,,,32.0,15.0,0.1,1.0,,,,,,,,0.26576129680841004,0.320024382810118,0.361983135223001,3.03125,3.023093399999197,0.203125,0.203367900001467,0.109375,9.52453520268211e-05,565518336.0,1261824.0,19789.0,3281.0,0.0012265652197570032,0.0027430661383719968,0.03693995733008304,0.203125,0.20592539999870496,0.015625,0.022503599999253998,0.010416666666666005,7.937112668901758e-06,5529600,0,0,0,3
als|factors=32;epochs=15;regularisation=0.1;alpha=10.0|frac=1.0,luxury_beauty,als,1.0,,,32.0,15.0,0.1,10.0,,,,,,,,0.281881246480291,0.345931118561414,0.43518236310068004,2.984375,3.001030899999023,0.1953125,0.20317530000465903,0.119791666666666,9.445164075993092e-05,565518336.0,1261824.0,19789.0,3281.0,0.0008103819694270098,0.006095702529716973,0.023702123336380998,0.15625,0.16527270000733596,0.03125000000000003,0.03409700000020202,0.01041666666666699,1.111195773595926e-05,5529600,0,0,0,3
als|factors=32;epochs=15;regularisation=0.1;alpha=40.0|frac=1.0,luxury_beauty,als,1.0,,,32.0,15.0,0.1,40.0,,,,,,,,0.281004359389095,0.35111246571167304,0.45791933353652303,3.046875,3.045365099998889,0.203125,0.201812750005046,0.11458333333333301,9.683277456060143e-05,565518336.0,1261824.0,19789.0,3281.0,0.0022155130529900036,0.002438281011885979,0.024220258051406984,0.21875,0.24948989999938886,0.015625,0.01138270000046801,0.0,4.762267601341049e-06,5529600,0,0,0,3
als|factors=32;epochs=30;regularisation=0.001;alpha=1.0|frac=1.0,luxury_beauty,als,1.0,,,32.0,30.0,0.001,1.0,,,,,,,,0.265269392062219,0.318195672051203,0.37110637000914304,5.90625,5.91145780000079,0.203125,0.20139480000034302,0.11458333333333301,9.683277456060143e-05,565518336.0,1261824.0,19789.0,3281.0,0.00065087850941703,0.0024382810118870335,0.017027329066342023,0.328125,0.33260160000372707,0.015625,0.014317500000743,0.0052083333333330095,6.34969013512139e-06,5529600,0,0,0,3
als|factors=32;epochs=30;regularisation=0.001;alpha=10.0|frac=1.0,luxury_beauty,als,1.0,,,32.0,30.0,0.001,10.0,,,,,,,,0.282777835621497,0.348978969826272,0.44685563344508705,5.8125,5.806194000000687,0.203125,0.20525434999581102,0.11458333333333301,9.683277456060143e-05,565518336.0,1261824.0,19789.0,3281.0,0.0013667814743489881,0.0021334958854010155,0.017118764604288017,0.359375,0.3697909000093196,0.015625,0.019297299999834983,0.0052083333333330095,6.34969013512139e-06,5529600,0,0,0,3
als|factors=32;epochs=30;regularisation=0.001;alpha=40.0|frac=1.0,luxury_beauty,als,1.0,,,32.0,30.0,0.001,40.0,,,,,,,,0.28638178820895904,0.356293812861932,0.42315351010870605,5.890625,5.903922700003022,0.203125,0.20159554999554502,0.11458333333333301,9.52453520268211e-05,565518336.0,1261824.0,19789.0,3281.0,0.004468401836794977,0.010057909174031987,0.045534897896983006,0.234375,0.2872631000009278,0.015625,0.014011599999775998,0.0052083333333330095,4.762267601341049e-06,5529600,0,0,0,3
als|factors=32;epochs=30;regularisation=0.01;alpha=1.0|frac=1.0,luxury_beauty,als,1.0,,,32.0,30.0,0.01,1.0,,,,,,,,0.265161070843566,0.317890886924718,0.37106573199227805,5.875,5.894579200001317,0.1953125,0.19488160000037102,0.11458333333333301,9.286421822615058e-05,565518336.0,1261824.0,19789.0,3281.0,0.0006850420899869869,0.0024382810118870335,0.016580310880829008,0.296875,0.3159077000009347,0.0390625,0.031992350000563996,0.0052083333333330095,1.1905669002739629e-05,5529600,0,0,0,3
als|factors=32;epochs=30;regularisation=0.01;alpha=10.0|frac=1.0,luxury_beauty,als,1.0,,,32.0,30.0,0.01,10.0,,,,,,,,0.28245497543562303,0.34836939957330004,0.44328964746520305,5.828125,5.846091700004763,0.1953125,0.194944950002536,0.11458333333333301,9.445164075993092e-05,565518336.0,1261824.0,19789.0,3281.0,0.0014292190780170189,0.002438281011886978,0.018866199329472033,0.0625,0.11346140000023297,0.0234375,0.015741000000161987,0.0,7.143401402011587e-06,5529600,0,0,0,3
als|factors=32;epochs=30;regularisation=0.01;alpha=40.0|frac=1.0,luxury_beauty,als,1.0,,,32.0,30.0,0.01,40.0,,,,,,,,0.284686475772981,0.35659859798841803,0.43915472924921206,5.78125,5.791373699999895,0.203125,0.19824819999985202,0.11458333333333301,9.52453520268211e-05,565518336.0,1261824.0,19789.0,3281.0,0.0023232223545580077,0.002438281011886978,0.049283754952758,0.28125,0.2720240000053309,0.023437500000000028,0.016697650004971004,0.0052083333333330095,7.14340140106909e-06,5529600,0,0,0,3
als|factors=32;epochs=30;regularisation=0.1;alpha=1.0|frac=1.0,luxury_beauty,als,1.0,,,32.0,30.0,0.1,1.0,,,,,,,,0.265197355659161,0.317890886924718,0.36903383114903904,5.765625,5.798908099997789,0.1953125,0.19684324999980102,0.11458333333333301,9.286421822615058e-05,565518336.0,1261824.0,19789.0,3281.0,0.0003895370074020188,0.0018287107589149976,0.020034542314335047,0.171875,0.1572823000005883,0.0234375,0.02192019999984099,0.015625,1.0318246468739628e-05,5529600,0,0,0,3
als|factors=32;epochs=30;regularisation=0.1;alpha=10.0|frac=1.0,luxury_beauty,als,1.0,,,32.0,30.0,0.1,10.0,,,,,,,,0.282293324097448,0.346845473940871,0.441674286294828,5.8125,5.8328700000001845,0.203125,0.200819700000465,0.109375,9.52453520268211e-05,565518336.0,1261824.0,19789.0,3281.0,0.0014660433756760183,0.005486132276744993,0.016813979477801,0.125,0.13468139999895357,0.0078125,0.0055950499959180056,0.010416666666666005,7.937112668901839e-07,5529600,0,0,0,3
als|factors=32;epochs=30;regularisation=0.1;alpha=40.0|frac=1.0,luxury_beauty,als,1.0,,,32.0,30.0,0.1,40.0,,,,,,,,0.284843298452339,0.358122523620847,0.44497612516509105,5.84375,5.853906100004679,0.203125,0.206866950000403,0.119791666666666,0.00010318246469500001,565518336.0,1261824.0,19789.0,3281.0,0.0015660605391399907,0.002133495885399961,0.02087778116427902,0.078125,0.07367030000114028,0.03125000000000003,0.027378350000162005,0.020833333333333995,1.111195773595926e-05,5529600,0,0,0,3
als|factors=64;epochs=5;regularisation=0.001;alpha=1.0|frac=1.0,luxury_beauty,als,1.0,,,64.0,5.0,0.001,1.0,,,,,,,,0.26854840429375204,0.32124352331606204,0.455592807071014,1.765625,1.771398599999884,0.203125,0.205375649995403,0.11458333333333301,9.683277456060143e-05,565518336.0,2523648.0,19789.0,3281.0,0.0024801017926970315,0.0024382810118870335,0.024768871279081006,0.046875,0.04774659999930009,0.0078125,0.009834949999004,0.005208333333332996,7.937112668901432e-07,5529600,0,0,0,3
als|factors=64;epochs=5;regularisation=0.001;alpha=10.0|frac=1.0,luxury_beauty,als,1.0,,,64.0,5.0,0.001,10.0,,,,,,,,0.28610960677310904,0.351722035964644,0.47146195265671004,1.78125,1.771000700000513,0.203125,0.207584249999854,0.11458333333333301,9.762648582749162e-05,565518336.0,2523648.0,19789.0,3281.0,0.005279036953910021,0.005486132276744993,0.030986487859393064,0.078125,0.061741299988170795,0.0078125,0.008283099999971011,0.010416666666666005,1.5874225337803678e-06,5529600,0,0,0,3
als|factors=64;epochs=5;regularisation=0.001;alpha=40.0|frac=1.0,luxury_beauty,als,1.0,,,64.0,5.0,0.001,40.0,,,,,,,,0.282842732959161,0.34928375495275804,0.47030376917606403,1.828125,1.838881499999843,0.2109375,0.21154129999922502,0.109375,9.762648582749162e-05,565518336.0,2523648.0,19789.0,3281.0,0.0031903735066199923,0.002438281011886978,0.009397541399979004,0.125,0.17383329998847286,0.0078125,0.016697500000645987,0.010416666666666005,5.555978868178907e-06,5529600,0,0,0,3
als|factors=64;epochs=5;regularisation=0.01;alpha=1.0|frac=1.0,luxury_beauty,als,1.0,,,64.0,5.0,0.01,1.0,,,,,,,,0.268426977939593,0.32124352331606204,0.45523722442344805,1.828125,1.833458999999493,0.2109375,0.208944250000058,0.109375,9.762648582749162e-05,565518336.0,2523648.0,19789.0,3281.0,0.0024573575958700133,0.002743066138372996,0.025469877069999036,0.09375,0.08645900000920026,0.0546875,0.04370424999979203,0.03125,2.619247180651997e-05,5529600,0,0,0,3
als|factors=64;epochs=5;regularisation=0.01;alpha=10.0|frac=1.0,luxury_beauty,als,1.0,,,64.0,5.0,0.01,10.0,,,,,,,,0.28564053932009603,0.35111246571167304,0.47387991466016405,1.78125,1.776956000001519,0.2109375,0.205471900000702,0.109375,9.762648582749162e-05,565518336.0,2523648.0,19789.0,3281.0,0.004434186897351977,0.0042669917708019756,0.029929899420908013,0.15625,0.16946150000148896,0.03125,0.035168150000572995,0.015625,1.4286802803849431e-05,5529600,0,0,0,3
als|factors=64;epochs=5;regularisation=0.01;alpha=40.0|frac=1.0,luxury_beauty,als,1.0,,,64.0,5.0,0.01,40.0,,,,,,,,0.28117545242408803,0.347759829320329,0.47069998984049505,1.734375,1.733892700009164,0.2109375,0.203305749993887,0.109375,9.762648582749162e-05,565518336.0,2523648.0,19789.0,3281.0,0.0029342808723200053,0.0024382810118860343,0.009062277760845006,0.078125,0.06287290000091095,0.0,0.008856099999776018,0.015625,4.7622676005083954e-06,5529600,0,0,0,3
als|factors=64;epochs=5;regularisation=0.1;alpha=1.0|frac=1.0,luxury_beauty,als,1.0,,,64.0,5.0,0.1,1.0,,,,,,,,0.26800915397669,0.320938738189576,0.45508483186020504,1.71875,1.7157870999999432,0.2109375,0.21111585000016903,0.11458333333333301,9.762648582749162e-05,565518336.0,2523648.0,19789.0,3281.0,0.0020996723385869887,0.0021334958854010155,0.02878187544447902,0.109375,0.12328429999251989,0.015625,0.01963009999826701,0.0052083333333330095,4.762267601341049e-06,5529600,0,0,0,3
als|factors=64;epochs=5;regularisation=0.1;alpha=10.0|frac=1.0,luxury_beauty,als,1.0,,,64.0,5.0,0.1,10.0,,,,,,,,0.283040668160187,0.348064614446814,0.46682921873412503,1.734375,1.739813299995148,0.203125,0.20483830000011902,0.11458333333333301,9.52453520268211e-05,565518336.0,2523648.0,19789.0,3281.0,0.004687227665004012,0.003962206644315014,0.03051915066544797,0.046875,0.03667050000149108,0.015625,0.016341800000191004,0.0052083333333330095,4.762267601341049e-06,5529600,0,0,0,3
als|factors=64;epochs=5;regularisation=0.1;alpha=40.0|frac=1.0,luxury_beauty,als,1.0,,,64.0,5.0,0.1,40.0,,,,,,,,0.277859425783185,0.34440719292898503,0.46478715838667006,1.75,1.766545600010431,0.2109375,0.207922499997948,0.109375,9.603906329371129e-05,565518336.0,2523648.0,19789.0,3281.0,0.001454162970621009,0.003657421517829995,0.03148430356598603,0.109375,0.10830160000114208,0.0078125,0.013798199999655009,0.010416666666667004,3.968556334450865e-06,5529600,0,0,0,3
als|factors=64;epochs=15;regularisation=0.001;alpha=1.0|frac=1.0,luxury_beauty,als,1.0,,,64.0,15.0,0.001,1.0,,,,,,,,0.265739217625437,0.32429137458092,0.41677334146093603,5.1875,5.193965600003139,0.203125,0.200378649999038,0.11458333333333301,9.52453520268211e-05,565518336.0,2523648.0,19789.0,3281.0,0.0013501929596549944,0.0018287107589149976,0.009356903383115012,0.390625,0.4192438999998558,0.015625,0.013972599999306001,0.010416666666666005,6.349690135069091e-06,5529600,0,0,0,3
als|factors=64;epochs=15;regularisation=0.001;alpha=10.0|frac=1.0,luxury_beauty,als,1.0,,,64.0,15.0,0.001,10.0,,,,,,,,0.284612268873347,0.35568424260896003,0.45319516407599303,5.140625,5.179317699999956,0.203125,0.20172900000034102,0.109375,9.762648582749162e-05,565518336.0,2523648.0,19789.0,3281.0,0.0014796825255229962,0.004571776897286994,0.01462968607131998,0.078125,0.1198240999956397,0.0078125,0.016745549999996,0.010416666666666005,3.174845067560695e-06,5529600,0,0,0,3
als|factors=64;epochs=15;regularisation=0.001;alpha=40.0|frac=1.0,luxury_beauty,als,1.0,,,64.0,15.0,0.001,40.0,,,,,,,,0.281022941299021,0.35690338311490405,0.470192014629686,5.109375,5.121915599999738,0.203125,0.199020799998834,0.109375,9.52453520268211e-05,565518336.0,2523648.0,19789.0,3281.0,0.0037030633173220084,0.0033526363913440327,0.023732601849029977,0.0625,0.06312340001022676,0.015625,0.014061150000089007,0.0052083333333330095,6.34969013512139e-06,5529600,0,0,0,3
als|factors=64;epochs=15;regularisation=0.01;alpha=1.0|frac=1.0,luxury_beauty,als,1.0,,,64.0,15.0,0.01,1.0,,,,,,,,0.266097824396934,0.32429137458092,0.418348064614446,5.109375,5.120172500000081,0.1953125,0.20046284999989403,0.109375,9.286421822615058e-05,565518336.0,2523648.0,19789.0,3281.0,0.001078020416005021,0.0018287107589149976,0.008473026516305993,0.09375,0.09844810000140569,0.015625,0.022609750000356005,0.0052083333333330095,6.34969013512139e-06,5529600,0,0,0,3
als|factors=64;epochs=15;regularisation=0.01;alpha=10.0|frac=1.0,luxury_beauty,als,1.0,,,64.0,15.0,0.01,10.0,,,,,,,,0.28320998605047304,0.35476988722950303,0.45259575332723706,5.125,5.121325999999499,0.203125,0.200881900003878,0.109375,9.52453520268211e-05,565518336.0,2523648.0,19789.0,3281.0,0.002885776102086013,0.0027430661383730515,0.029919739916692,0.21875,0.22294749998764107,0.015625,0.01618405000044701,0.0052083333333330095,6.34969013512139e-06,5529600,0,0,0,3
als|factors=64;epochs=15;regularisation=0.01;alpha=40.0|frac=1.0,luxury_beauty,als,1.0,,,64.0,15.0,0.01,40.0,,,,,,,,0.279804690382074,0.35568424260896003,0.468505536929797,5.171875,5.170968899999934,0.203125,0.20451110000431003,0.109375,9.52453520268211e-05,565518336.0,2523648.0,19789.0,3281.0,0.004424902125911012,0.008533983541603007,0.021020014223306016,0.140625,0.12838539999029308,0.015625,0.016178800000033994,0.010416666666666005,7.937112668849431e-06,5529600,0,0,0,3
als|factors=64;epochs=15;regularisation=0.1;alpha=1.0|frac=1.0,luxury_beauty,als,1.0,,,64.0,15.0,0.1,1.0,,,,,,,,0.266067767923242,0.323681804327948,0.41846997866504104,5.109375,5.111486700000569,0.203125,0.20124594999651801,0.109375,9.52453520268211e-05,565518336.0,2523648.0,19789.0,3281.0,0.0008447671610229968,0.0006095702529709812,0.005689322361069005,0.203125,0.19193309999718533,0.015625,0.017893250000725003,0.0,4.762267601341036e-06,5529600,0,0,0,3
als|factors=64;epochs=15;regularisation=0.1;alpha=10.0|frac=1.0,luxury_beauty,als,1.0,,,64.0,15.0,0.1,10.0,,,,,,,,0.28147744036034,0.35202682109113004,0.45413999796809906,5.125,5.122650999999678,0.203125,0.201241250004386,0.109375,9.683277456060143e-05,565518336.0,2523648.0,19789.0,3281.0,0.002828686638779998,0.0027430661383719968,0.026597582037996004,0.234375,0.22885959999985062,0.023437500000000028,0.018999749999693005,0.0052083333333330095,7.143401401849431e-06,5529600,0,0,0,3
als|factors=64;epochs=15;regularisation=0.1;alpha=40.0|frac=1.0,luxury_beauty,als,1.0,,,64.0,15.0,0.1,40.0,,,,,,,,0.277270293780007,0.353550746723559,0.45998171289241,5.109375,5.128912400000445,0.1953125,0.20183259999612302,0.109375,9.286421822615058e-05,565518336.0,2523648.0,19789.0,3281.0,0.0036991095774590033,0.00518134715025903,0.025947373768159976,0.53125,0.5938932000026398,0.0625,0.078838250000444,0.020833333333333995,2.53987605396298e-05,5529600,0,0,0,3
als|factors=64;epochs=30;regularisation=0.001;alpha=1.0|frac=1.0,luxury_beauty,als,1.0,,,64.0,30.0,0.001,1.0,,,,,,,,0.265390057083918,0.32307223407497704,0.413197195976836,10.265625,10.268797299999278,0.1953125,0.20066745000076402,0.11458333333333301,9.445164075993092e-05,565518336.0,2523648.0,19789.0,3281.0,0.0013457241474679749,0.0009143553794579984,0.03279487960987504,1.5,1.6864765999962401,0.015625,0.021654550000221012,0.005208333333332996,6.349690135069091e-06,5529600,0,0,0,3
als|factors=64;epochs=30;regularisation=0.001;alpha=10.0|frac=1.0,luxury_beauty,als,1.0,,,64.0,30.0,0.001,10.0,,,,,,,,0.282780934360357,0.35202682109113004,0.44070913339429,10.359375,10.394671000000017,0.203125,0.20104560000618202,0.11458333333333301,9.52453520268211e-05,565518336.0,2523648.0,19789.0,3281.0,0.00044916588784699174,0.002438281011886978,0.030600426699178007,0.28125,0.4123076000068977,0.023437500000000028,0.022579800000584987,0.010416666666666005,8.73082393506909e-06,5529600,0,0,0,3
als|factors=64;epochs=30;regularisation=0.001;alpha=40.0|frac=1.0,luxury_beauty,als,1.0,,,64.0,30.0,0.001,40.0,,,,,,,,0.279348533431227,0.35507467235598905,0.46615869145585703,10.28125,10.279064500005916,0.203125,0.202640149997023,0.109375,9.52453520268211e-05,565518336.0,2523648.0,19789.0,3281.0,0.003743845920818001,0.003657421517829995,0.05442446408615298,0.15625,0.1910094000004392,0.023437500000000028,0.023182500000075018,0.010416666666666005,1.0318246468849431e-05,5529600,0,0,0,3
als|factors=64;epochs=30;regularisation=0.01;alpha=1.0|frac=1.0,luxury_beauty,als,1.0,,,64.0,30.0,0.01,1.0,,,,,,,,0.265326977467699,0.322767448948491,0.412282840597378,10.3125,10.33862709999994,0.2109375,0.21095324999987403,0.11458333333333301,9.762648582749162e-05,565518336.0,2523648.0,19789.0,3281.0,0.001349522407810999,0.0009143553794579984,0.03280503911409105,0.21875,0.262454700006856,0.0078125,0.008771949994297978,0.0052083333333330095,2.381133800670538e-06,5529600,0,0,0,3
als|factors=64;epochs=30;regularisation=0.01;alpha=10.0|frac=1.0,luxury_beauty,als,1.0,,,64.0,30.0,0.01,10.0,,,,,,,,0.28196205667850904,0.351417250838159,0.43717362592705405,10.328125,10.326168700004928,0.203125,0.20046914999693402,0.109375,9.365792949304075e-05,565518336.0,2523648.0,19789.0,3281.0,0.000735674475229986,0.0021334958854010155,0.029472721731178986,0.078125,0.07389119999879767,0.023437500000000028,0.024241350000011014,0.005208333333333995,7.143401401849431e-06,5529600,0,0,0,3
als|factors=64;epochs=30;regularisation=0.01;alpha=40.0|frac=1.0,luxury_beauty,als,1.0,,,64.0,30.0,0.01,40.0,,,,,,,,0.278954097664602,0.35598902773544605,0.466778421213044,10.171875,10.167370699999992,0.203125,0.202532349998364,0.11458333333333301,9.52453520268211e-05,565518336.0,2523648.0,19789.0,3281.0,0.003084371194005009,0.003047851264859014,0.022168038199736007,0.03125,0.05667179999545624,0.015625,0.014657749999969993,0.0052083333333330095,4.762267601341049e-06,5529600,0,0,0,3
als|factors=64;epochs=30;regularisation=0.1;alpha=1.0|frac=1.0,luxury_beauty,als,1.0,,,64.0,30.0,0.1,1.0,,,,,,,,0.26526966945464503,0.322767448948491,0.412475871177486,10.15625,10.180146700004116,0.203125,0.20159150000108603,0.109375,9.52453520268211e-05,565518336.0,2523648.0,19789.0,3281.0,0.0014145100548129674,0.0009143553794579984,0.033536523417657005,0.34375,0.3748630999998568,0.015625,0.015132599999561014,0.0052083333333330095,3.174845067560695e-06,5529600,0,0,0,3
als|factors=64;epochs=30;regularisation=0.1;alpha=10.0|frac=1.0,luxury_beauty,als,1.0,,,64.0,30.0,0.1,10.0,,,,,,,,0.28193893716280605,0.351417250838159,0.43551762673981503,10.21875,10.217334799999662,0.1953125,0.20184600000357,0.109375,9.286421822615058e-05,565518336.0,2523648.0,19789.0,3281.0,0.001964297545147986,0.003352636391343977,0.03232754241593,0.21875,0.17025989999638114,0.015625,0.013214550000157005,0.0,4.762267601341036e-06,5529600,0,0,0,3
als|factors=64;epochs=30;regularisation=0.1;alpha=40.0|frac=1.0,luxury_beauty,als,1.0,,,64.0,30.0,0.1,40.0,,,,,,,,0.27815780648056104,0.35324596159707405,0.46386264350299705,10.25,10.245290100006969,0.203125,0.20131250000122203,0.109375,9.365792949304075e-05,565518336.0,2523648.0,19789.0,3281.0,0.001646951882855019,0.005790917403231011,0.029218734125774026,0.296875,0.2812352999990253,0.0078125,0.010756999999103012,0.005208333333333995,2.3811338006705246e-06,5529600,0,0,0,3
als|factors=128;epochs=5;regularisation=0.001;alpha=1.0|frac=1.0,luxury_beauty,als,1.0,,,128.0,5.0,0.001,1.0,,,,,,,,0.25542311978687604,0.30600426699177,0.448613227674489,4.75,4.755919299990637,0.2109375,0.215154550001898,0.109375,9.921390836127197e-05,565518336.0,5047296.0,19789.0,3281.0,0.0004589873961529656,0.0006095702529720359,0.010830031494462988,0.046875,0.05438049999975192,0.007812500000000028,0.01021520000040299,0.0052083333333330095,2.3811338005083957e-06,5529600,0,0,0,3
als|factors=128;epochs=5;regularisation=0.001;alpha=10.0|frac=1.0,luxury_beauty,als,1.0,,,128.0,5.0,0.001,10.0,,,,,,,,0.271467015918251,0.33617799451386704,0.440658335873209,4.734375,4.739112200000818,0.21875000000000003,0.216182000003755,0.109375,0.00010000761962800001,565518336.0,5047296.0,19789.0,3281.0,0.0013616411836159803,0.0018287107589149976,0.008452707507874024,0.015625,0.02925199999117467,0.0,0.00948620000008299,0.0052083333333330095,1.5874225329999997e-06,5529600,0,0,0,3
als|factors=128;epochs=5;regularisation=0.001;alpha=40.0|frac=1.0,luxury_beauty,als,1.0,,,128.0,5.0,0.001,40.0,,,,,,,,0.268769828448087,0.33434928375495204,0.44563649293914404,4.78125,4.765698599992902,0.2109375,0.212883050000527,0.11458333333333301,9.921390836127197e-05,565518336.0,5047296.0,19789.0,3281.0,0.0036583675758789513,0.003657421517829995,0.01911002743066098,0.078125,0.0720061000001806,0.007812500000000028,0.010840549999556998,0.010416666666667004,5.5559788672887225e-06,5529600,0,0,0,3
als|factors=128;epochs=5;regularisation=0.01;alpha=1.0|frac=1.0,luxury_beauty,als,1.0,,,128.0,5.0,0.01,1.0,,,,,,,,0.25527359447244,0.30600426699177,0.44828812353957104,4.734375,4.7564993999985745,0.2109375,0.218213449999893,0.109375,9.921390836127197e-05,565518336.0,5047296.0,19789.0,3281.0,0.0004944300798720436,0.0006095702529709812,0.010037590165600019,0.09375,0.0902959999984887,0.007812500000000028,0.015380749999167997,0.0052083333333330095,2.3811338005083957e-06,5529600,0,0,0,3
als|factors=128;epochs=5;regularisation=0.01;alpha=10.0|frac=1.0,luxury_beauty,als,1.0,,,128.0,5.0,0.01,10.0,,,,,,,,0.27110993330168104,0.33617799451386704,0.439449354871482,4.796875,4.799520999999004,0.21875000000000003,0.21661320000021,0.11458333333333301,0.00010000761962800001,565518336.0,5047296.0,19789.0,3281.0,0.0008620254540550043,0.0009143553794569992,0.008107284364523015,0.453125,0.460771999998542,0.007812500000000028,0.009164249996957002,0.0052083333333330095,2.381133799728041e-06,5529600,0,0,0,3
als|factors=128;epochs=5;regularisation=0.01;alpha=40.0|frac=1.0,luxury_beauty,als,1.0,,,128.0,5.0,0.01,40.0,,,,,,,,0.26653316325876303,0.33343492837549504,0.44493548714822706,4.765625,4.759048500000063,0.21875000000000003,0.219255450000673,0.11458333333333301,0.00010000761962800001,565518336.0,5047296.0,19789.0,3281.0,0.0030408871368319823,0.003352636391343977,0.02238138778827603,0.34375,0.3581780999975308,0.015625000000000028,0.01464534999740899,0.010416666666666005,3.1748450666182115e-06,5529600,0,0,0,3
als|factors=128;epochs=5;regularisation=0.1;alpha=1.0|frac=1.0,luxury_beauty,als,1.0,,,128.0,5.0,0.1,1.0,,,,,,,,0.254943070135894,0.304785126485827,0.44703850452097904,4.75,4.771612799988361,0.2109375,0.21146164999663503,0.11458333333333301,9.762648582749162e-05,565518336.0,5047296.0,19789.0,3281.0,0.00040628296821604293,0.0018287107589149976,0.00937722239154698,0.0625,0.05335830000058195,0.015625000000000028,0.01330175000021,0.015625,7.93711266839858e-06,5529600,0,0,0,3
als|factors=128;epochs=5;regularisation=0.1;alpha=10.0|frac=1.0,luxury_beauty,als,1.0,,,128.0,5.0,0.1,10.0,,,,,,,,0.269633149162942,0.33343492837549504,0.435304277151275,4.75,4.748729600003571,0.2109375,0.21222310000302902,0.11458333333333301,9.762648582749162e-05,565518336.0,5047296.0,19789.0,3281.0,0.0012926696300930018,0.004876562023773956,0.007782180229605029,0.09375,0.11495759999979782,0.015625000000000028,0.013418450000243998,0.010416666666666005,6.349690134398579e-06,5529600,0,0,0,3
als|factors=128;epochs=5;regularisation=0.1;alpha=40.0|frac=1.0,luxury_beauty,als,1.0,,,128.0,5.0,0.1,40.0,,,,,,,,0.25932308651469904,0.32398658945443404,0.448603068170273,4.765625,4.765367300002254,0.2109375,0.213437799997336,0.11458333333333301,9.921390836127197e-05,565518336.0,5047296.0,19789.0,3281.0,0.0009428687349120057,0.003657421517829995,0.02785736056080501,0.015625,0.025075100001231476,0.015625000000000028,0.010605850000047018,0.0052083333333330095,3.1748450673985796e-06,5529600,0,0,0,3
als|factors=128;epochs=15;regularisation=0.001;alpha=1.0|frac=1.0,luxury_beauty,als,1.0,,,128.0,15.0,0.001,1.0,,,,,,,,0.252901171155604,0.30448034135934104,0.44820684750584106,14.28125,14.277923699992243,0.2109375,0.214978349999,0.109375,9.921390836127197e-05,565518336.0,5047296.0,19789.0,3281.0,0.0012652121183659992,0.0018287107589149976,0.00858478106268401,0.15625,0.1361589999996795,0.015625,0.012097799999992997,0.0052083333333330095,4.7622676005083954e-06,5529600,0,0,0,3
als|factors=128;epochs=15;regularisation=0.001;alpha=10.0|frac=1.0,luxury_beauty,als,1.0,,,128.0,15.0,0.001,10.0,,,,,,,,0.269602069236135,0.334654068881438,0.44406176978563405,14.21875,14.260538300000007,0.2109375,0.210395049994986,0.109375,9.762648582749162e-05,565518336.0,5047296.0,19789.0,3281.0,0.0021018974549660285,0.00213349588540096,0.015361170374886046,0.03125,0.008052800003497396,0.007812500000000028,0.009693249999600001,0.0052083333333330095,3.968556333508395e-06,5529600,0,0,0,3
als|factors=128;epochs=15;regularisation=0.001;alpha=40.0|frac=1.0,luxury_beauty,als,1.0,,,128.0,15.0,0.001,40.0,,,,,,,,0.26607161566570503,0.334958854007924,0.445240272274713,14.390625,14.391777199998614,0.2109375,0.21154730000125702,0.11458333333333301,9.921390836127197e-05,565518336.0,5047296.0,19789.0,3281.0,0.0013237157752469808,0.003657421517829995,0.01134816620948903,0.296875,0.3018723000013779,0.046875,0.039661649999743004,0.005208333333332996,1.587422533739858e-05,5529600,0,0,0,3
als|factors=128;epochs=15;regularisation=0.01;alpha=1.0|frac=1.0,luxury_beauty,als,1.0,,,128.0,15.0,0.01,1.0,,,,,,,,0.25293191260513403,0.304175556232855,0.449182159910596,14.328125,14.328682199993636,0.2265625,0.21628569999302202,0.11458333333333301,0.00010238875342800001,565518336.0,5047296.0,19789.0,3281.0,0.001460171967522017,0.0018287107589149976,0.008605100071115979,1.015625,1.0467197999996642,0.015625,0.02068140000028501,0.010416666666666005,6.349690134728041e-06,5529600,0,0,0,3
als|factors=128;epochs=15;regularisation=0.01;alpha=10.0|frac=1.0,luxury_beauty,als,1.0,,,128.0,15.0,0.01,10.0,,,,,,,,0.268797180544595,0.334044498628466,0.44338108300314905,14.296875,14.308000999997603,0.2109375,0.21251430000120303,0.11458333333333301,9.762648582749162e-05,565518336.0,5047296.0,19789.0,3281.0,0.0019502690313579762,0.0033526363913440327,0.013044803413593042,0.28125,0.31308119999994233,0.0390625,0.03332475000024698,0.0052083333333330095,1.190566900239858e-05,5529600,0,0,0,3
als|factors=128;epochs=15;regularisation=0.01;alpha=40.0|frac=1.0,luxury_beauty,als,1.0,,,128.0,15.0,0.01,40.0,,,,,,,,0.264240481056759,0.33038707711063703,0.451935385553185,14.359375,14.38658260000011,0.21875000000000003,0.21486984999501102,0.11458333333333301,0.00010000761962800001,565518336.0,5047296.0,19789.0,3281.0,0.0012604340736339648,0.0021334958854010155,0.013776287717158997,0.546875,0.7041419999932259,0.007812500000000028,0.013015199999699995,0.0052083333333330095,2.381133799728041e-06,5529600,0,0,0,3
als|factors=128;epochs=15;regularisation=0.1;alpha=1.0|frac=1.0,luxury_beauty,als,1.0,,,128.0,15.0,0.1,1.0,,,,,,,,0.252881224459376,0.30448034135934104,0.448359240069084,14.375,14.478512200003024,0.2109375,0.21141200000420202,0.109375,9.762648582749162e-05,565518336.0,5047296.0,19789.0,3281.0,0.001080861453256976,0.002133495885399961,0.007609468657929996,0.234375,0.30117470000004687,0.015625000000000028,0.013419150000118008,0.0052083333333330095,3.1748450673985796e-06,5529600,0,0,0,3
als|factors=128;epochs=15;regularisation=0.1;alpha=10.0|frac=1.0,luxury_beauty,als,1.0,,,128.0,15.0,0.1,10.0,,,,,,,,0.268478322382431,0.33252057299603704,0.44228385654780006,14.28125,14.278942699999789,0.21875000000000003,0.21344600000156702,0.109375,9.84201970943818e-05,565518336.0,5047296.0,19789.0,3281.0,0.001277514248868017,0.003657421517829995,0.010880829015544047,0.0625,0.06960040000922163,0.007812500000000028,0.018212750000203004,0.015625,5.5559788675083955e-06,5529600,0,0,0,3
als|factors=128;epochs=15;regularisation=0.1;alpha=40.0|frac=1.0,luxury_beauty,als,1.0,,,128.0,15.0,0.1,40.0,,,,,,,,0.260918570586995,0.325205729960377,0.45015747231535,14.203125,14.19105750000017,0.2109375,0.21128609999868703,0.11458333333333301,9.921390836127197e-05,565518336.0,5047296.0,19789.0,3281.0,0.0023975755638310225,0.004571776897286994,0.013979477801483009,0.078125,0.09642140000323707,0.007812500000000028,0.020382950000112005,0.0052083333333330095,3.968556333508395e-06,5529600,0,0,0,3
als|factors=128;epochs=30;regularisation=0.001;alpha=1.0|frac=1.0,luxury_beauty,als,1.0,,,128.0,30.0,0.001,1.0,,,,,,,,0.252420314524758,0.303261200853398,0.43750888956618905,28.6875,28.70485069999995,0.2109375,0.21488965000025903,0.109375,9.921390836127197e-05,565518336.0,5047296.0,19789.0,3281.0,0.0016272212592699509,0.0021334958854010155,0.018602052219851006,0.203125,0.17935469999974885,0.015625,0.011959199999636988,0.0052083333333330095,4.7622676005083954e-06,5529600,0,0,0,3
als|factors=128;epochs=30;regularisation=0.001;alpha=10.0|frac=1.0,luxury_beauty,als,1.0,,,128.0,30.0,0.001,10.0,,,,,,,,0.269851793006438,0.334958854007924,0.447973178908869,28.5,28.590628699999797,0.21875000000000003,0.219298600000001,0.109375,0.00010000761962800001,565518336.0,5047296.0,19789.0,3281.0,0.00140478687079304,0.003657421517829995,0.03331301432490097,0.140625,0.15424789999451605,0.015625,0.007804000003033995,0.0,4.7622676005083954e-06,5529600,0,0,0,3
als|factors=128;epochs=30;regularisation=0.001;alpha=40.0|frac=1.0,luxury_beauty,als,1.0,,,128.0,30.0,0.001,40.0,,,,,,,,0.265310757018751,0.33343492837549504,0.441085035050289,28.609375,28.671653799989144,0.21875000000000003,0.21533915000327303,0.109375,0.00010000761962800001,565518336.0,5047296.0,19789.0,3281.0,0.0008406272195689568,0.003657421517829995,0.013420705069592032,0.25,0.29802339999969263,0.03125,0.03330614999959,0.0052083333333330095,1.1111957735508395e-05,5529600,0,0,0,3
als|factors=128;epochs=30;regularisation=0.01;alpha=1.0|frac=1.0,luxury_beauty,als,1.0,,,128.0,30.0,0.01,1.0,,,,,,,,0.25246332124563103,0.30356598597988405,0.437427613532459,28.59375,28.587156700000378,0.21875000000000003,0.212754849999328,0.109375,9.84201970943818e-05,565518336.0,5047296.0,19789.0,3281.0,0.001747721634457966,0.0021334958854010155,0.018358224118663002,0.1875,0.20286829999895417,0.015625000000000028,0.010594600000331994,0.010416666666667004,3.1748450673985796e-06,5529600,0,0,0,3
als|factors=128;epochs=30;regularisation=0.01;alpha=10.0|frac=1.0,luxury_beauty,als,1.0,,,128.0,30.0,0.01,10.0,,,,,,,,0.26922661732761,0.33343492837549504,0.44660164583968304,28.578125,28.641226500010816,0.21875000000000003,0.21317875000386202,0.11458333333333301,9.921390836127197e-05,565518336.0,5047296.0,19789.0,3281.0,0.0005446079455950215,0.002743066138372996,0.034694706898304006,0.421875,0.413669900000059,0.007812500000000028,0.012449450000076995,0.010416666666667004,3.1748450666182115e-06,5529600,0,0,0,3
als|factors=128;epochs=30;regularisation=0.01;alpha=40.0|frac=1.0,luxury_beauty,als,1.0,,,128.0,30.0,0.01,40.0,,,,,,,,0.26304867501127,0.32764401097226403,0.44213146398455705,28.53125,28.55744560000312,0.2109375,0.21548995000193802,0.109375,0.00010000761962800001,565518336.0,5047296.0,19789.0,3281.0,0.0006234554877320164,0.004571776897286994,0.014050594330997035,0.5625,0.5370464000006905,0.007812500000000028,0.012340849999872977,0.015625,4.7622676005083954e-06,5529600,0,0,0,3
als|factors=128;epochs=30;regularisation=0.1;alpha=1.0|frac=1.0,luxury_beauty,als,1.0,,,128.0,30.0,0.1,1.0,,,,,,,,0.252308642321597,0.30387077110637,0.43663517220359604,28.59375,28.605918899993412,0.2109375,0.214682799996808,0.109375,0.00010000761962800001,565518336.0,5047296.0,19789.0,3281.0,0.001476154111157979,0.0021334958854010155,0.019516407599309005,0.6875,0.6711753000008684,0.007812500000000028,0.012511950000770988,0.010416666666666005,3.1748450675083957e-06,5529600,0,0,0,3
als|factors=128;epochs=30;regularisation=0.1;alpha=10.0|frac=1.0,luxury_beauty,als,1.0,,,128.0,30.0,0.1,10.0,,,,,,,,0.268436086460407,0.333130143249009,0.43995733008229204,28.734375,28.753918899999917,0.21875000000000003,0.21243590000085502,0.11458333333333301,0.00010000761962800001,565518336.0,5047296.0,19789.0,3281.0,0.000895866647799004,0.002438281011885979,0.01588946459412699,0.265625,0.2512942999965162,0.015625000000000028,0.01093149999951501,0.0052083333333330095,4.762267600398579e-06,5529600,0,0,0,3
als|factors=128;epochs=30;regularisation=0.1;alpha=40.0|frac=1.0,luxury_beauty,als,1.0,,,128.0,30.0,0.1,40.0,,,,,,,,0.262669784194773,0.327339225845778,0.44615462765417,28.390625,28.44160069999998,0.2109375,0.21009805000358,0.109375,9.762648582749162e-05,565518336.0,5047296.0,19789.0,3281.0,0.0009252422612229805,0.0018287107589149976,0.014761759626129967,0.359375,0.3936264000021765,0.015625000000000028,0.01212684999927599,0.0052083333333330095,6.3496901341789064e-06,5529600,0,0,0,3
multvae|latent=32;hidden=200;epochs=10;dropout=0.0|frac=0.25,luxury_beauty,multvae,0.25,,,,,,,32.0,200.0,10.0,0.0,,,,0.18353556600339102,0.238951539164888,0.33564970029462504,2.71875,2.715013200009707,0.265625,0.266309999999975,0.109375,0.00011429442243200001,569323520.0,2239244.0,6446.0,3281.0,0.021784848298455006,0.03291679366047001,0.004551457888855026,0.09375,0.09596090000104507,0.0078125,0.00997024999469398,0.005208333333333995,3.968556334e-06,11902976,0,0,0,3
multvae|latent=32;hidden=200;epochs=10;dropout=0.5|frac=0.25,luxury_beauty,multvae,0.25,,,,,,,32.0,200.0,10.0,0.5,,,,0.175808365093011,0.24657116732703402,0.012069491008838001,3.40625,3.402812400003313,0.265625,0.270056649998878,0.104166666666666,0.00011429442243200001,569323520.0,2239244.0,6446.0,3281.0,0.04118333900832799,0.007619628162146008,0.018632530732501002,0.0625,0.053827200000342135,0.0078125,0.011806800000613016,0.005208333333333995,2.381133801e-06,11972608,0,0,0,3
multvae|latent=32;hidden=200;epochs=20;dropout=0.0|frac=0.25,luxury_beauty,multvae,0.25,,,,,,,32.0,200.0,20.0,0.0,,,,0.173955451209533,0.217921365437366,0.501534085136645,5.375,5.381117099997937,0.265625,0.26963189999514703,0.109375,0.00011429442243200001,569323520.0,2239244.0,6446.0,3281.0,0.03313359694181903,0.043889058213959,0.030478512648582978,0.0625,0.08020849999866186,0.015625,0.013913550000324959,0.010416666666667004,7.937112669e-06,11972608,0,0,0,3
multvae|latent=32;hidden=200;epochs=20;dropout=0.5|frac=0.25,luxury_beauty,multvae,0.25,,,,,,,32.0,200.0,20.0,0.5,,,,0.18539313679489303,0.259067357512953,0.06118053438992101,6.796875,6.793620600001304,0.265625,0.26761139999871303,0.104166666666666,0.00011270699989800001,569323520.0,2239244.0,6446.0,3281.0,0.0065626613281610235,0.009753124047546025,0.11472112160926501,0.125,0.12031360000037239,0.0078125,0.011133400000290006,0.0,2.381133801e-06,11972608,0,0,0,3
multvae|latent=32;hidden=600;epochs=10;dropout=0.0|frac=0.25,luxury_beauty,multvae,0.25,,,,,,,32.0,600.0,10.0,0.0,,,,0.16490015058506702,0.21213044803413503,0.5307020217413391,6.328125,6.315673900000547,0.359375,0.35247909999452504,0.109375,0.00014128060550600002,569323520.0,6706444.0,6446.0,3281.0,0.030528671689885017,0.0018287107589149976,0.023498933252058096,0.171875,0.1540991999945618,0.015624999999999944,0.011279099999229047,0.010416666666667004,3.174845068000027e-06,36106240,0,0,0,3
multvae|latent=32;hidden=600;epochs=10;dropout=0.5|frac=0.25,luxury_beauty,multvae,0.25,,,,,,,32.0,600.0,10.0,0.5,,,,0.14473355797720602,0.260896068271868,0.12296047952859901,7.0625,7.062818500000503,0.34375000000000006,0.35534219999681205,0.104166666666666,0.000138105760438,569323520.0,6706444.0,6446.0,3281.0,0.04403874930742602,0.0018287107589149976,0.05832571370517202,0.15625,0.17701360000137356,0.015624999999999944,0.009681600001386015,0.005208333333333995,4.762267601000013e-06,36974592,0,0,0,3
multvae|latent=32;hidden=600;epochs=20;dropout=0.0|frac=0.25,luxury_beauty,multvae,0.25,,,,,,,32.0,600.0,20.0,0.0,,,,0.171181589148924,0.212740018287107,0.49092756273493804,12.53125,12.522057299996959,0.359375,0.359501000000818,0.109375,0.00014286802804000002,569323520.0,6706444.0,6446.0,3281.0,0.012705399804725015,0.00670527278268801,0.07013105760438898,0.296875,0.3083756000005451,0.015624999999999944,0.01940130000184498,0.0,4.762267602000027e-06,36974592,0,0,0,3
multvae|latent=32;hidden=600;epochs=20;dropout=0.5|frac=0.25,luxury_beauty,multvae,0.25,,,,,,,32.0,600.0,20.0,0.5,,,,0.14521429112223702,0.260896068271868,0.340241796200345,14.0,14.054916399999456,0.359375,0.36480789999768604,0.109375,0.00014445545057400002,569323520.0,6706444.0,6446.0,3281.0,0.05489870115356599,0.011886619932946985,0.018642690236716997,0.796875,0.857514799987257,0.031249999999999944,0.023603400000866026,0.010416666666667004,1.1111957736e-05,36974592,0,0,0,3
multvae|latent=64;hidden=200;epochs=10;dropout=0.0|frac=0.25,luxury_beauty,multvae,0.25,,,,,,,64.0,200.0,10.0,0.0,,,,0.18285547044564002,0.238037183785431,0.295499339632225,2.796875,2.795916500006569,0.265625,0.27253905000543405,0.109375,0.00011270699989800001,569323520.0,2316300.0,6446.0,3281.0,0.019413422824982984,0.024687595245351968,0.11706796708320602,0.09375,0.09201190000021597,0.03125,0.026268399999934966,0.015625,1.269938027e-05,36974592,0,0,0,3
multvae|latent=64;hidden=200;epochs=10;dropout=0.5|frac=0.25,luxury_beauty,multvae,0.25,,,,,,,64.0,200.0,10.0,0.5,,,,0.178426773557703,0.244132886315147,0.0032510413491820002,3.46875,3.465087700000367,0.2734375,0.269770300001255,0.109375,0.00011429442243200001,569323520.0,2316300.0,6446.0,3281.0,0.062530256345369,0.009143553794575016,0.007426597582038,0.515625,0.5194153999927944,0.03125,0.032163900000796,0.018229166666666005,1.269938027e-05,36974592,0,0,0,3
multvae|latent=64;hidden=200;epochs=20;dropout=0.0|frac=0.25,luxury_beauty,multvae,0.25,,,,,,,64.0,200.0,20.0,0.0,,,,0.17062472174850402,0.203901249619018,0.45865081784008904,5.546875,5.558650999999372,0.2734375,0.274775749996479,0.109375,0.00011746926749900001,569323520.0,2316300.0,6446.0,3281.0,0.03810675195074101,0.040231636696129,0.07715127501777902,0.359375,0.5099454000010146,0.0078125,0.012034549999953015,0.010416666666667004,1.587422534e-06,36974592,0,0,0,3
multvae|latent=64;hidden=200;epochs=20;dropout=0.5|frac=0.25,luxury_beauty,multvae,0.25,,,,,,,64.0,200.0,20.0,0.5,,,,0.186590526794457,0.276135324596159,0.046307020217413,6.890625,6.90121470000031,0.2734375,0.27679084999999704,0.104166666666666,0.00011508813369900001,569323520.0,2316300.0,6446.0,3281.0,0.037038014357214016,0.01341054556537602,0.09350807680585202,0.125,0.09447709999949438,0.0546875,0.02221175000431702,0.002604166666666005,1.5874225338e-05,36974592,0,0,0,3
multvae|latent=64;hidden=600;epochs=10;dropout=0.0|frac=0.25,luxury_beauty,multvae,0.25,,,,,,,64.0,600.0,10.0,0.0,,,,0.17115963735238002,0.23072234074977102,0.49661688509600704,6.4375,6.45615369999723,0.359375,0.356166899990057,0.109375,0.00014128060550600002,569323520.0,6937100.0,6446.0,3281.0,0.049805514585955,0.017982322462663985,0.04398049375190499,0.171875,0.16501789999892935,0.031249999999999944,0.017666499999904994,0.005208333333333995,9.524535203000013e-06,36974592,0,0,0,3
multvae|latent=64;hidden=600;epochs=10;dropout=0.5|frac=0.25,luxury_beauty,multvae,0.25,,,,,,,64.0,600.0,10.0,0.5,,,,0.18758780652092602,0.266382200548613,0.06824138982017601,7.328125,7.334374299999581,0.359375,0.35301320000053205,0.104166666666666,0.00014128060550600002,569323520.0,6937100.0,6446.0,3281.0,0.05937110308999999,0.031697653154525995,0.103565985979885,0.28125,0.2659250999913638,0.031249999999999944,0.02317909999510498,0.002604166666666005,8.730823935000013e-06,37744640,0,0,0,3
multvae|latent=64;hidden=600;epochs=20;dropout=0.0|frac=0.25,luxury_beauty,multvae,0.25,,,,,,,64.0,600.0,20.0,0.0,,,,0.173062072078136,0.21395915879305002,0.47036472620136105,12.90625,12.904855400003726,0.359375,0.35335059999488205,0.109375,0.00014286802804000002,569323520.0,6937100.0,6446.0,3281.0,0.012348993740280978,0.017677537336177995,0.07255917911205906,0.3125,0.31297109999923123,0.031249999999999944,0.020187400000395983,0.0,9.524535203000013e-06,38461440,0,0,0,3
multvae|latent=64;hidden=600;epochs=20;dropout=0.5|frac=0.25,luxury_beauty,multvae,0.25,,,,,,,64.0,600.0,20.0,0.5,,,,0.124779806409021,0.25754343188052403,0.281083003149446,14.234375,14.246892399999524,0.359375,0.35737820000213105,0.104166666666666,0.00014128060550600002,569323520.0,6937100.0,6446.0,3281.0,0.06393407279414401,0.0018287107589149976,0.03307934572792898,1.140625,1.1280865999888192,0.0,0.014389600000867975,0.002604166666666005,7.937112670000136e-07,38461440,0,0,0,3
multvae|latent=128;hidden=200;epochs=10;dropout=0.0|frac=0.25,luxury_beauty,multvae,0.25,,,,,,,128.0,200.0,10.0,0.0,,,,0.18595162570273602,0.23163669612922802,0.292654678451691,2.96875,2.985547400006908,0.2734375,0.2704678999944,0.104166666666666,0.00011508813369900001,569323520.0,2470412.0,6446.0,3281.0,0.01993537334442899,0.01981103322157901,0.004551457888855026,0.0625,0.05890260000069203,0.0078125,0.011255249999520989,0.005208333333333995,3.968556334e-06,38461440,0,0,0,3
multvae|latent=128;hidden=200;epochs=10;dropout=0.5|frac=0.25,luxury_beauty,multvae,0.25,,,,,,,128.0,200.0,10.0,0.5,,,,0.136959910580288,0.25053337397135,0.008117443868739001,3.625,3.623336500008008,0.2734375,0.27656890000071105,0.104166666666666,0.00011508813369900001,569323520.0,2470412.0,6446.0,3281.0,0.04991061796751803,0.018591892715634967,0.0036879000304789996,0.015625,0.010695400000258815,0.0078125,0.012668649999796,0.0,2.381133801e-06,38461440,0,0,0,3
multvae|latent=128;hidden=200;epochs=20;dropout=0.0|frac=0.25,luxury_beauty,multvae,0.25,,,,,,,128.0,200.0,20.0,0.0,,,,0.169969271693373,0.21822615056385203,0.5086355785837651,5.859375,5.866219999999885,0.28125,0.27792269999918,0.109375,0.00011746926749900001,569323520.0,2470412.0,6446.0,3281.0,0.046062345975713986,0.021030173727522,0.010840190998678945,0.0625,0.03551300000435731,0.015625,0.013851650000560045,0.005208333333333995,4.762267601e-06,38461440,0,0,0,3
multvae|latent=128;hidden=200;epochs=20;dropout=0.5|frac=0.25,luxury_beauty,multvae,0.25,,,,,,,128.0,200.0,20.0,0.5,,,,0.18672694442485202,0.272173117951843,0.038341968911917004,7.21875,7.219108600000254,0.2734375,0.27483634999953205,0.1015625,0.00011429442243200001,569323520.0,2470412.0,6446.0,3281.0,0.007120663593824017,0.024687595245353022,0.014558569541806003,0.234375,0.22456149999288755,0.0234375,0.017437649999920035,0.002604166666666005,6.349690135e-06,38461440,0,0,0,3
multvae|latent=128;hidden=600;epochs=10;dropout=0.0|frac=0.25,luxury_beauty,multvae,0.25,,,,,,,128.0,600.0,10.0,0.0,,,,0.17922531900354302,0.22432185309356903,0.464411256730671,6.9375,6.942380899999989,0.375,0.370433799995225,0.109375,0.000147630295641,569323520.0,7398412.0,6446.0,3281.0,0.005196799082926001,0.012800975312404983,0.05612110129025699,0.125,0.15051390000189713,0.015625,0.024872599999070988,0.005208333333333995,6.349690135000013e-06,57470976,0,0,0,3
multvae|latent=128;hidden=600;epochs=10;dropout=0.5|frac=0.25,luxury_beauty,multvae,0.25,,,,,,,128.0,600.0,10.0,0.5,,,,0.18523710454039602,0.25967692776592505,0.037630803616783004,7.625,7.625577899999371,0.375,0.372821100012515,0.104166666666666,0.00014405859494,569323520.0,7398412.0,6446.0,3281.0,0.044587135425218,0.010667479427003967,0.11321751498526801,0.203125,0.23064670000530985,0.015625,0.018029400000159013,0.01171875,3.1748450669999862e-06,57470976,0,0,0,3
multvae|latent=128;hidden=600;epochs=20;dropout=0.0|frac=0.25,luxury_beauty,multvae,0.25,,,,,,,128.0,600.0,20.0,0.0,,,,0.169206459116579,0.21243523316062102,0.443492837549527,13.71875,13.715415500000745,0.359375,0.37249969999993404,0.109375,0.00014286802804000002,569323520.0,7398412.0,6446.0,3281.0,0.0011127031411059807,0.008838768668088998,0.016224728233261987,0.34375,0.3765525999951933,0.015625,0.010996600003637003,0.0,4.762267600999986e-06,57470976,0,0,0,3
multvae|latent=128;hidden=600;epochs=20;dropout=0.5|frac=0.25,luxury_beauty,multvae,0.25,,,,,,,128.0,600.0,20.0,0.5,,,,0.18155917286332202,0.262724779030783,0.25273798638626405,15.125,15.132115600004909,0.375,0.373479799993219,0.104166666666666,0.000146042873107,569323520.0,7398412.0,6446.0,3281.0,0.05826559079869001,0.009753124047547024,0.07339225845778799,0.34375,0.3525004999992234,0.03125,0.013520500000596014,0.0,9.524535202999986e-06,57470976,0,0,0,3
multvae|latent=32;hidden=200;epochs=10;dropout=0.0|frac=0.5,luxury_beauty,multvae,0.5,,,,,,,32.0,200.0,10.0,0.0,,,,0.18294841192007003,0.27247790307832903,0.302875139693182,2.640625,2.6294265000015002,0.2734375,0.269432299995969,0.109375,0.00011667555623200001,569323520.0,2239244.0,10792.0,3281.0,0.012647576036352998,0.017372752209692033,0.09381286193233801,0.078125,0.0738902999983111,0.0078125,0.015670700000100013,0.0,2.3811337999999997e-06,57470976,0,0,0,3
multvae|latent=32;hidden=200;epochs=10;dropout=0.5|frac=0.5,luxury_beauty,multvae,0.5,,,,,,,32.0,200.0,10.0,0.5,,,,0.17250711588105103,0.27644010972264504,0.163019404653052,3.3125,3.313068600000406,0.265625,0.266509149994817,0.104166666666666,0.00011270699989800001,569323520.0,2239244.0,10792.0,3281.0,0.021092754994955998,0.01249619018591902,0.003860611602154007,0.03125,0.03982790000190972,0.015625,0.010041499999714987,0.005208333333333995,6.349690135e-06,57470976,0,0,0,3
multvae|latent=32;hidden=200;epochs=20;dropout=0.0|frac=0.5,luxury_beauty,multvae,0.5,,,,,,,32.0,200.0,20.0,0.0,,,,0.19221730772063803,0.281621456872904,0.47420501879508203,5.234375,5.232038400004967,0.28125,0.269280649998108,0.11458333333333301,0.00011746926749900001,569323520.0,2239244.0,10792.0,3281.0,0.013861691856839997,0.012496190185917966,0.02672965559280699,0.03125,0.05946099999891885,0.03125,0.01860869999973097,0.010416666666667004,9.524535202e-06,57470976,0,0,0,3
multvae|latent=32;hidden=200;epochs=20;dropout=0.5|frac=0.5,luxury_beauty,multvae,0.5,,,,,,,32.0,200.0,20.0,0.5,,,,0.18389341939515103,0.291069795793965,0.26217616580310804,6.53125,6.547373699999298,0.2734375,0.26885760000004605,0.104166666666666,0.00011508813369900001,569323520.0,2239244.0,10792.0,3281.0,0.007165111542006997,0.011886619932946985,0.07085238240373898,0.375,0.35477780000019266,0.03125,0.03236690000085202,0.010416666666667004,1.269938027e-05,57470976,0,0,0,3
multvae|latent=32;hidden=600;epochs=10;dropout=0.0|frac=0.5,luxury_beauty,multvae,0.5,,,,,,,32.0,600.0,10.0,0.0,,,,0.19467045142078201,0.27552575434318805,0.479345727928477,6.09375,6.135378700011643,0.359375,0.353766600004746,0.109375,0.00014286802804000002,569323520.0,6706444.0,10792.0,3281.0,0.03393069384196101,0.009143553794574988,0.041542212740018014,0.078125,0.07167939999999362,0.015624999999999944,0.008892300000297948,0.010416666666666005,7.937112669000013e-06,57470976,0,0,0,3
multvae|latent=32;hidden=600;epochs=10;dropout=0.5|frac=0.5,luxury_beauty,multvae,0.5,,,,,,,32.0,600.0,10.0,0.5,,,,0.18761749186655102,0.296251142944224,0.279101899827288,6.75,6.754540299999462,0.359375,0.35335839999606805,0.104166666666666,0.00014128060550600002,569323520.0,6706444.0,10792.0,3281.0,0.010391785327255015,0.009143553794573989,0.03344508787971201,0.015625,0.01274409998950432,0.015624999999999944,0.009294899999987005,0.005208333333333995,6.349690135000013e-06,57470976,0,0,0,3
multvae|latent=32;hidden=600;epochs=20;dropout=0.0|frac=0.5,luxury_beauty,multvae,0.5,,,,,,,32.0,600.0,20.0,0.0,,,,0.18183657168233203,0.272173117951843,0.41677334146093603,11.96875,11.983222500013653,0.359375,0.360173599998233,0.109375,0.00014445545057400002,569323520.0,6706444.0,10792.0,3281.0,0.008731437722007018,0.004571776897288049,0.02118256629076498,0.34375,0.35352159999911237,0.031249999999999944,0.028307499999756014,0.0052083333333330095,9.524535203000013e-06,57470976,0,0,0,3
multvae|latent=32;hidden=600;epochs=20;dropout=0.5|frac=0.5,luxury_beauty,multvae,0.5,,,,,,,32.0,600.0,20.0,0.5,,,,0.186791037331303,0.312099969521487,0.512455552169054,13.484375,13.487079399999857,0.359375,0.349735799987684,0.109375,0.00014128060550600002,569323520.0,6706444.0,10792.0,3281.0,0.01196248231472602,0.0045717768972879935,0.007772020725388962,0.140625,0.12774499998886313,0.015624999999999944,0.005978500001219966,0.010416666666667004,6.349690136000027e-06,57470976,0,0,0,3
multvae|latent=64;hidden=200;epochs=10;dropout=0.0|frac=0.5,luxury_beauty,multvae,0.5,,,,,,,64.0,200.0,10.0,0.0,,,,0.17785356928716,0.276135324596159,0.269226861729147,2.71875,2.717914499997277,0.265625,0.270401050001964,0.109375,0.00011508813369900001,569323520.0,2316300.0,10792.0,3281.0,0.005092024001956991,0.00731484303565999,0.049659656608756986,0.140625,0.15208939999865922,0.0078125,0.013008049999370996,0.015625,3.1748450669999998e-06,57470976,0,0,0,3
multvae|latent=64;hidden=200;epochs=10;dropout=0.5|frac=0.5,luxury_beauty,multvae,0.5,,,,,,,64.0,200.0,10.0,0.5,,,,0.16024144817086602,0.26516306004266904,0.148349080564868,3.390625,3.39415099999951,0.265625,0.267435099995054,0.109375,0.00011429442243200001,569323520.0,2316300.0,10792.0,3281.0,0.01373385314634698,0.007619628162146008,0.012099969521488008,0.03125,0.02334810000684273,0.0234375,0.021152799999980987,0.0,7.143401402e-06,57470976,0,0,0,3
multvae|latent=64;hidden=200;epochs=20;dropout=0.0|frac=0.5,luxury_beauty,multvae,0.5,,,,,,,64.0,200.0,20.0,0.0,,,,0.195014409519183,0.284974093264248,0.47338209895357103,5.40625,5.414291399996728,0.265625,0.26757825000095103,0.109375,0.00011588184496500001,569323520.0,2316300.0,10792.0,3281.0,0.0015860101758470024,0.004571776897288049,0.010433810830031975,0.109375,0.09735530000034487,0.0078125,0.009629399999994015,0.0052083333333330095,2.3811337999999997e-06,57470976,0,0,0,3
multvae|latent=64;hidden=200;epochs=20;dropout=0.5|frac=0.5,luxury_beauty,multvae,0.5,,,,,,,64.0,200.0,20.0,0.5,,,,0.184063680312673,0.29228893629990804,0.22639439195367203,6.71875,6.725989600003231,0.265625,0.27116525000019404,0.109375,0.00011429442243200001,569323520.0,2316300.0,10792.0,3281.0,0.007325085848308988,0.005790917403229956,0.036066239967489006,0.1875,0.17816949999996723,0.0078125,0.028107699999963986,0.010416666666667004,5.555978868e-06,57470976,0,0,0,3
multvae|latent=64;hidden=600;epochs=10;dropout=0.0|frac=0.5,luxury_beauty,multvae,0.5,,,,,,,64.0,600.0,10.0,0.0,,,,0.20094297652560403,0.291679366046936,0.5150970232652641,6.375,6.429788399997051,0.359375,0.35863250000693303,0.109375,0.00014286802804000002,569323520.0,6937100.0,10792.0,3281.0,0.03236764811589199,0.011581834806461022,0.04892817230519203,1.1875,1.2394562999979826,0.0,0.010849199999938997,0.005208333333333995,1.587422534e-06,57470976,0,0,0,3
multvae|latent=64;hidden=600;epochs=10;dropout=0.5|frac=0.5,luxury_beauty,multvae,0.5,,,,,,,64.0,600.0,10.0,0.5,,,,0.18987237914632302,0.28954587016153605,0.20557756781469003,7.0,6.99901729999965,0.359375,0.36653389999992203,0.109375,0.00014286802804000002,567693312.0,6937100.0,10792.0,3281.0,0.03843046623858501,0.011581834806462021,0.039469673879914985,2.828125,3.0980343999926845,0.046875000000000056,0.04447290000644,0.015625,1.9049070404999986e-05,57470976,0,0,0,3
multvae|latent=64;hidden=600;epochs=20;dropout=0.0|frac=0.5,luxury_beauty,multvae,0.5,,,,,,,64.0,600.0,20.0,0.0,,,,0.19296734106625002,0.282231027125876,0.47114700802600806,12.453125,12.468955999996979,0.359375,0.35670860000027405,0.109375,0.00014286802804000002,570810368.0,6937100.0,10792.0,3281.0,0.006433472467873014,0.004266991770802031,0.041044397033423996,4.0625,4.418966800000817,0.09374999999999994,0.08630379999340199,0.0052083333333330095,3.0161028142000027e-05,57470976,0,0,0,3
multvae|latent=64;hidden=600;epochs=20;dropout=0.5|frac=0.5,luxury_beauty,multvae,0.5,,,,,,,64.0,600.0,20.0,0.5,,,,0.18386390550348,0.305089911612313,0.48817433709234903,13.78125,13.774997100001201,0.359375,0.36260859999947503,0.109375,0.00014286802804000002,570810368.0,6937100.0,10792.0,3281.0,0.058503881561347004,0.005790917403231011,0.02137559687087298,1.703125,1.736065699999017,0.031249999999999944,0.02053470001192198,0.0052083333333330095,1.1111957737000014e-05,57470976,0,0,0,3
multvae|latent=128;hidden=200;epochs=10;dropout=0.0|frac=0.5,luxury_beauty,multvae,0.5,,,,,,,128.0,200.0,10.0,0.0,,,,0.17157001325732602,0.27247790307832903,0.34440719292898503,2.90625,2.925783900005626,0.2734375,0.27351565000572003,0.109375,0.00011508813369900001,570810368.0,2470412.0,10792.0,3281.0,0.013453197821631985,0.02163974398049401,0.04833892106065202,0.25,0.245961100001296,0.015625,0.017832750000253028,0.015625,7.937112669e-06,57470976,0,0,0,3
multvae|latent=128;hidden=200;epochs=10;dropout=0.5|frac=0.5,luxury_beauty,multvae,0.5,,,,,,,128.0,200.0,10.0,0.5,,,,0.15088495648362002,0.26607741542212704,0.08160113786447201,3.640625,3.633740100005525,0.265625,0.27311115000338704,0.104166666666666,0.00011270699989800001,570810368.0,2470412.0,10792.0,3281.0,0.034344935247139,0.011581834806462021,0.13063090521182502,0.40625,0.4040012000004931,0.09375,0.103993300000639,0.010416666666667004,3.174845067600001e-05,57470976,0,0,0,3
multvae|latent=128;hidden=200;epochs=20;dropout=0.0|frac=0.5,luxury_beauty,multvae,0.5,,,,,,,128.0,200.0,20.0,0.0,,,,0.19362257575156103,0.28558366351722003,0.458092045108198,5.71875,5.727407900005346,0.28125,0.274411050006165,0.11458333333333301,0.00011905669003300001,570810368.0,2470412.0,10792.0,3281.0,0.01152004113293098,0.003352636391343977,0.04306613837244705,0.78125,0.8004229999996824,0.015625,0.018718950000221002,0.010416666666666005,6.349690136e-06,57470976,0,0,0,3
multvae|latent=128;hidden=200;epochs=20;dropout=0.5|frac=0.5,luxury_beauty,multvae,0.5,,,,,,,128.0,200.0,20.0,0.5,,,,0.18166159678742602,0.284364523011277,0.19841511734227302,7.0625,7.058988099990529,0.2734375,0.273709549997875,0.109375,0.00011508813369900001,570810368.0,2470412.0,10792.0,3281.0,0.0063155434180099945,0.009448338921061006,0.02318398862135501,0.734375,0.7655564000006052,0.21875,0.21969295000008005,0.067708333333334,8.572081682400001e-05,57470976,0,0,0,3
multvae|latent=128;hidden=600;epochs=10;dropout=0.0|frac=0.5,luxury_beauty,multvae,0.5,,,,,,,128.0,600.0,10.0,0.0,,,,0.194828500718138,0.289850655288021,0.42019709438179403,6.71875,6.749551600000814,0.375,0.36895870001171704,0.109375,0.000146042873107,573394944.0,7398412.0,10792.0,3281.0,0.006418431806923003,0.0030478512648580147,0.06799756171898902,2.390625,2.520364999994854,0.140625,0.15209510000022503,0.020833333333333995,4.7622676012999985e-05,57470976,0,0,0,3
multvae|latent=128;hidden=600;epochs=10;dropout=0.5|frac=0.5,luxury_beauty,multvae,0.5,,,,,,,128.0,600.0,10.0,0.5,,,,0.18812991083337902,0.284059737884791,0.20398252565274802,7.390625,7.395319699993706,0.359375,0.37179530000139405,0.109375,0.00014286802804000002,573394944.0,7398412.0,10792.0,3281.0,0.007839595584990977,0.005486132276744993,0.010007111652951012,1.65625,1.6591065000002345,0.03125,0.027740199999243043,0.005208333333333995,1.1111957736e-05,57470976,0,0,0,3
multvae|latent=128;hidden=600;epochs=20;dropout=0.0|frac=0.5,luxury_beauty,multvae,0.5,,,,,,,128.0,600.0,20.0,0.0,,,,0.19686912000578102,0.28741237427613503,0.47868536015442403,13.203125,13.208287800007383,0.375,0.36419799999566704,0.109375,0.000146042873107,584032256.0,7398412.0,10792.0,3281.0,0.0007880466956459997,0.008229198415118044,0.03753936807883801,1.9375,1.9732206999997288,0.046875000000000056,0.046954800000094,0.015625,1.7461647870999986e-05,57470976,0,0,0,3
multvae|latent=128;hidden=600;epochs=20;dropout=0.5|frac=0.5,luxury_beauty,multvae,0.5,,,,,,,128.0,600.0,20.0,0.5,,,,0.188101729166038,0.306918622371228,0.46974499644417306,15.1875,15.191105199999583,0.375,0.37058149999938905,0.119791666666666,0.000150805140709,584032256.0,7398412.0,10792.0,3281.0,0.005623590257193001,0.008533983541603007,0.029635273798638007,4.234375,4.336289499997292,0.296875,0.3602696999996621,0.0703125,0.00011191328863200003,57470976,0,0,0,3
multvae|latent=32;hidden=200;epochs=10;dropout=0.0|frac=1.0,luxury_beauty,multvae,1.0,,,,,,,32.0,200.0,10.0,0.0,,,,0.26412614350434505,0.323377019201462,0.27036472620136104,2.578125,2.583450800011633,0.2734375,0.269135900001856,0.109375,0.00011667555623200001,584032256.0,2239244.0,19789.0,3281.0,0.005520405719662003,0.009753124047546025,0.07432693284567699,1.546875,1.552624000000833,0.234375,0.242555750000975,0.078125,9.5245352027e-05,57470976,0,0,0,3
multvae|latent=32;hidden=200;epochs=10;dropout=0.5|frac=1.0,luxury_beauty,multvae,1.0,,,,,,,32.0,200.0,10.0,0.5,,,,0.25723077885238205,0.328253581225236,0.16948084933455201,3.296875,3.306587400002172,0.265625,0.27205114999378505,0.109375,0.00011429442243200001,584032256.0,2239244.0,19789.0,3281.0,0.013637526045198994,0.014020115818348,0.036411663110840015,2.0,2.1252512999999453,0.171875,0.17675459999918502,0.09375,8.095854922200001e-05,57470976,0,0,0,3
multvae|latent=32;hidden=200;epochs=20;dropout=0.0|frac=1.0,luxury_beauty,multvae,1.0,,,,,,,32.0,200.0,20.0,0.0,,,,0.273721189757803,0.33892106065224004,0.42159910596362904,5.25,5.24977329999092,0.265625,0.269191400002455,0.11458333333333301,0.00011588184496500001,584032256.0,2239244.0,19789.0,3281.0,0.004515176442203006,0.008533983541603007,0.006176978563446012,2.359375,2.356852900001286,0.1015625,0.10229034999929398,0.02604166666666699,3.889185207700001e-05,57470976,0,0,0,3
multvae|latent=32;hidden=200;epochs=20;dropout=0.5|frac=1.0,luxury_beauty,multvae,1.0,,,,,,,32.0,200.0,20.0,0.5,,,,0.27286950979699204,0.339530630905211,0.276592502285888,6.546875,6.540527999997721,0.265625,0.268783300001814,0.109375,0.00011429442243200001,584032256.0,2239244.0,19789.0,3281.0,0.008306306701817034,0.005486132276744049,0.050543533475566005,3.4375,3.4908251999995636,0.0625,0.054405200000474,0.010416666666667004,2.2223915473e-05,57470976,0,0,0,3
multvae|latent=32;hidden=600;epochs=10;dropout=0.0|frac=1.0,luxury_beauty,multvae,1.0,,,,,,,32.0,600.0,10.0,0.0,,,,0.274823936572551,0.337397135019811,0.424616478715838,6.734375,6.905022899998585,0.390625,0.38628919999973704,0.11458333333333301,0.00015397998577600002,584032256.0,6706444.0,19789.0,3281.0,0.006303828432180025,0.012191405059433003,0.029899420908260033,2.078125,2.0867548000005627,0.125,0.11536720000185502,0.03125,4.762267601300001e-05,57470976,0,0,0,3
multvae|latent=32;hidden=600;epochs=10;dropout=0.5|frac=1.0,luxury_beauty,multvae,1.0,,,,,,,32.0,600.0,10.0,0.5,,,,0.278310075867013,0.348064614446814,0.334562633343492,7.375,7.417027099989355,0.375,0.36514969999552704,0.109375,0.000147630295641,584032256.0,6706444.0,19789.0,3281.0,0.0015424353066549878,0.007010057909174028,0.04542314335060499,1.953125,2.002182900000662,0.09374999999999994,0.086488899999494,0.031250000000000014,3.809814081e-05,57470976,0,0,0,3
multvae|latent=32;hidden=600;epochs=20;dropout=0.0|frac=1.0,luxury_beauty,multvae,1.0,,,,,,,32.0,600.0,20.0,0.0,,,,0.26958035677137704,0.32886315147820705,0.467926445189474,11.9375,12.022039100003894,0.359375,0.34817339999426605,0.109375,0.00014286802804000002,584032256.0,6706444.0,19789.0,3281.0,0.002139961863307005,0.0054861322767439935,0.004033323173828984,2.765625,2.9040025999993304,0.0625,0.054961199998614985,0.010416666666666005,2.2223915473000013e-05,57470976,0,0,0,3
multvae|latent=32;hidden=600;epochs=20;dropout=0.5|frac=1.0,luxury_beauty,multvae,1.0,,,,,,,32.0,600.0,20.0,0.5,,,,0.28685321733288904,0.360865589759219,0.49651529005384504,13.109375,13.109669999999824,0.34375000000000006,0.357279200004995,0.11458333333333301,0.000139693182972,584032256.0,6706444.0,19789.0,3281.0,0.008432347602531975,0.008533983541603007,0.022757289444274964,2.125,2.2462115000089398,0.0625,0.04859120000037298,0.010416666666667004,2.2223915473000013e-05,57470976,0,0,0,3
multvae|latent=64;hidden=200;epochs=10;dropout=0.0|frac=1.0,luxury_beauty,multvae,1.0,,,,,,,64.0,200.0,10.0,0.0,,,,0.26720545097180404,0.324596159707406,0.28924108503505,2.703125,2.695146199999726,0.2734375,0.27087739999842503,0.11458333333333301,0.00011588184496500001,584032256.0,2316300.0,19789.0,3281.0,0.008100433239233984,0.0048765620237740115,0.022239154729250032,0.578125,0.5762195999986939,0.046875,0.052254050000102026,0.020833333333333995,1.8255359138e-05,57470976,0,0,0,3
multvae|latent=64;hidden=200;epochs=10;dropout=0.5|frac=1.0,luxury_beauty,multvae,1.0,,,,,,,64.0,200.0,10.0,0.5,,,,0.25016327124562404,0.31667174641877405,0.14347251854109502,3.34375,3.33500959999219,0.2734375,0.268885249999584,0.109375,0.00011667555623200001,584032256.0,2316300.0,19789.0,3281.0,0.00283075277655101,0.007010057909174028,0.01627552575434299,0.453125,0.4522956999999219,0.03125,0.031610899999578,0.015625,1.4286802803999986e-05,57470976,0,0,0,3
multvae|latent=64;hidden=200;epochs=20;dropout=0.0|frac=1.0,luxury_beauty,multvae,1.0,,,,,,,64.0,200.0,20.0,0.0,,,,0.27033694237822103,0.331301432490094,0.386111957736462,5.546875,5.649744999987888,0.28125,0.27518530000088504,0.11458333333333301,0.00012064411256700001,584032256.0,2316300.0,19789.0,3281.0,0.004375480961429035,0.0054861322767439935,0.024027227471298984,2.828125,2.9271333000006052,0.109375,0.101681199999348,0.0859375,5.952834501600001e-05,57470976,0,0,0,3
multvae|latent=64;hidden=200;epochs=20;dropout=0.5|frac=1.0,luxury_beauty,multvae,1.0,,,,,,,64.0,200.0,20.0,0.5,,,,0.270744822573218,0.34166412679061203,0.263974398049375,6.859375,6.850751499994658,0.2734375,0.27324274999409603,0.11458333333333301,0.00011826297876600001,584032256.0,2316300.0,19789.0,3281.0,0.005857722417982991,0.0006095702529720359,0.016793660469368976,2.109375,2.234570300000996,0.046875,0.045496650000587,0.0625,3.3335873209e-05,57470976,0,0,0,3
multvae|latent=64;hidden=600;epochs=10;dropout=0.0|frac=1.0,luxury_beauty,multvae,1.0,,,,,,,64.0,600.0,10.0,0.0,,,,0.277341415184155,0.34074977141115503,0.409671848013816,6.328125,6.344117000000551,0.359375,0.36621340000419805,0.11458333333333301,0.00014445545057400002,584032256.0,6937100.0,19789.0,3281.0,0.0059810651614590205,0.004266991770802031,0.03756984659148599,0.890625,0.9029462000007697,0.03125,0.030945900000916016,0.010416666666666005,1.269938027e-05,57470976,0,0,0,3
multvae|latent=64;hidden=600;epochs=10;dropout=0.5|frac=1.0,luxury_beauty,multvae,1.0,,,,,,,64.0,600.0,10.0,0.5,,,,0.274998288137075,0.34257848217007003,0.26825154932439305,7.140625,7.150022100002388,0.375,0.370352800004184,0.11458333333333301,0.000149217718175,584032256.0,6937100.0,19789.0,3281.0,0.005179942787086,0.011581834806461966,0.016112973686884025,0.640625,0.6598122999994303,0.03125,0.028195799999593985,0.0052083333333330095,1.1111957736e-05,57470976,0,0,0,3
multvae|latent=64;hidden=600;epochs=20;dropout=0.0|frac=1.0,luxury_beauty,multvae,1.0,,,,,,,64.0,600.0,20.0,0.0,,,,0.26966201367520704,0.33343492837549504,0.450005079752108,12.4375,12.520483100001002,0.359375,0.358953899994958,0.109375,0.00014286802804000002,584032256.0,6937100.0,19789.0,3281.0,0.008144513194748015,0.011886619932946985,0.013867723255104991,9.3125,10.423916000000645,0.26562499999999994,0.29044899999917095,0.02604166666666602,8.889566189200003e-05,57470976,0,0,0,3
multvae|latent=64;hidden=600;epochs=20;dropout=0.5|frac=1.0,luxury_beauty,multvae,1.0,,,,,,,64.0,600.0,20.0,0.5,,,,0.28407522042411604,0.35690338311490405,0.48757492634359406,13.375,13.368900899999971,0.359375,0.35893289999967204,0.109375,0.00014286802804000002,584032256.0,6937100.0,19789.0,3281.0,0.007906518398233975,0.010057909174032043,0.008036167835009989,2.421875,2.45853740000166,0.03125,0.019088399991233018,0.0052083333333330095,1.1111957736e-05,57470976,0,0,0,3
multvae|latent=128;hidden=200;epochs=10;dropout=0.0|frac=1.0,luxury_beauty,multvae,1.0,,,,,,,128.0,200.0,10.0,0.0,,,,0.264766979060788,0.322767448948491,0.293711266890175,2.84375,2.89678559999993,0.28125,0.276315349998185,0.109375,0.00011905669003300001,584032256.0,2470412.0,19789.0,3281.0,0.010476166648470953,0.0006095702529720359,0.035842730874733,0.28125,0.26320989999476296,0.015625,0.012388300000110986,0.0052083333333330095,6.349690135e-06,57470976,0,0,0,3
multvae|latent=128;hidden=200;epochs=10;dropout=0.5|frac=1.0,luxury_beauty,multvae,1.0,,,,,,,128.0,200.0,10.0,0.5,,,,0.245368211768541,0.31301432490094405,0.16736767245758402,3.46875,3.536762800009455,0.28125,0.275088199996389,0.109375,0.00011905669003300001,584032256.0,2470412.0,19789.0,3281.0,0.015610489156821034,0.009753124047545969,0.025825459717566,0.859375,0.8705608000000216,0.0078125,0.019068250000146003,0.010416666666666005,5.555978869e-06,57470976,0,0,0,3
multvae|latent=128;hidden=200;epochs=20;dropout=0.0|frac=1.0,luxury_beauty,multvae,1.0,,,,,,,128.0,200.0,20.0,0.0,,,,0.273616250870096,0.334958854007924,0.36437061871380605,5.75,5.802027799999962,0.2890625,0.28505660000064303,0.119791666666666,0.000124612668901,584032256.0,2470412.0,19789.0,3281.0,0.00605510355810801,0.010972264553489985,0.06174946662602904,0.390625,0.40877349999936996,0.15625,0.15973414999979302,0.03125,5.714721121600001e-05,67723264,0,0,0,3
multvae|latent=128;hidden=200;epochs=20;dropout=0.5|frac=1.0,luxury_beauty,multvae,1.0,,,,,,,128.0,200.0,20.0,0.5,,,,0.268610145170364,0.332825358122523,0.26391344102407804,7.4375,7.454980099999375,0.2890625,0.290009549999922,0.11458333333333301,0.000123025246367,584032256.0,2470412.0,19789.0,3281.0,0.006206678630853002,0.016458396830234978,0.042842629279691014,1.234375,1.5739558999994188,0.09375,0.08095979999996006,0.015625,3.3335873209e-05,65077248,0,0,0,3
multvae|latent=128;hidden=600;epochs=10;dropout=0.0|frac=1.0,luxury_beauty,multvae,1.0,,,,,,,128.0,600.0,10.0,0.0,,,,0.27366252242111905,0.334958854007924,0.378218022960479,7.53125,7.536101699999563,0.375,0.3714966,0.11458333333333301,0.000149217718175,584032256.0,7398412.0,19789.0,3281.0,0.006440505489609005,0.010972264553488986,0.036757086254190996,2.109375,2.4651286999999797,0.07812499999999994,0.04479469999841901,0.005208333333332996,2.5398760541000013e-05,50810880,0,0,0,3
multvae|latent=128;hidden=600;epochs=10;dropout=0.5|frac=1.0,luxury_beauty,multvae,1.0,,,,,,,128.0,600.0,10.0,0.5,,,,0.271885151786593,0.340444986284669,0.28833688915980904,7.484375,7.513655900000003,0.359375,0.36093929999969904,0.109375,0.00014286802804000002,584896512.0,7398412.0,19789.0,3281.0,0.007392932277825004,0.0033526363913440327,0.02400690846286696,1.890625,2.103408300000411,0.25,0.445091500001127,0.059895833333333995,9.445164076e-05,50810880,0,0,0,3
multvae|latent=128;hidden=600;epochs=20;dropout=0.0|frac=1.0,luxury_beauty,multvae,1.0,,,,,,,128.0,600.0,20.0,0.0,,,,0.27106225060842803,0.334044498628466,0.449903484709946,13.6875,13.734163299999977,0.4375,0.45300059999999504,0.130208333333333,0.00017302905618200002,584896512.0,7398412.0,19789.0,3281.0,0.0055041327555360176,0.00670527278268801,0.04815604998476103,8.421875,8.836218299999928,0.21875,0.22622709999996005,0.09375,9.524535202699998e-05,50810880,0,0,0,3
multvae|latent=128;hidden=600;epochs=20;dropout=0.5|frac=1.0,luxury_beauty,multvae,1.0,,,,,,,128.0,600.0,20.0,0.5,,,,0.28434391280875404,0.36147516001219104,0.453479630194046,17.8125,18.164725799999985,0.40625000000000006,0.38798490000044605,0.11458333333333301,0.00015874225337800002,584896512.0,7398412.0,19789.0,3281.0,0.002253183394550995,0.006400487656202991,0.022107081174439047,6.109375,6.395605600000636,0.031250000000000056,0.04410420000027698,0.015625,1.4286802804e-05,50786304,0,0,0,3
markov|order=1;smoothing=0.0;decay=false|frac=0.25,luxury_beauty,markov,0.25,,,,,,,,,,,1.0,0.0,0.0,0.20915011472092201,0.24230417555623202,0.40021334958854005,0.012019230769230001,0.013388584615383002,0.421875,0.42085220000001305,0.145833333333333,0.00017302905618200002,570478592.0,41428.0,6446.0,3281.0,0.0,0.0,0.0,0.0,0.0,0.0,0.0,0.0,0.0,0,0,0,0,1
markov|order=1;smoothing=0.0;decay=true|frac=0.25,luxury_beauty,markov,0.25,,,,,,,,,,,1.0,0.0,1.0,0.20978038378862202,0.24199939042974702,0.397429645433302,0.010416666666666,0.010375656666667002,0.421875,0.42910690000002205,0.145833333333333,0.00017302905618200002,570478592.0,41428.0,6446.0,3281.0,0.0,0.0,0.0,0.0,0.0,0.0,0.0,0.0,0.0,0,0,0,0,1
markov|order=1;smoothing=0.1;decay=false|frac=0.25,luxury_beauty,markov,0.25,,,,,,,,,,,1.0,0.1,0.0,0.21417460709291702,0.25297165498323604,0.39476785532865905,0.015625,0.015847679999998,0.4375,0.449593100000015,0.109375,0.00016667936604600002,570478592.0,41428.0,6446.0,3281.0,0.0,0.0,0.0,0.0,0.0,0.0,0.0,0.0,0.0,0,0,0,0,1
markov|order=1;smoothing=0.1;decay=true|frac=0.25,luxury_beauty,markov,0.25,,,,,,,,,,,1.0,0.1,1.0,0.21446168021856202,0.25297165498323604,0.395661891699685,0.012019230769230001,0.011501649999998,0.4375,0.44583519999997606,0.11458333333333301,0.00016826678858000002,570478592.0,41428.0,6446.0,3281.0,0.0,0.0,0.0,0.0,0.0,0.0,0.0,0.0,0.0,0,0,0,0,1
markov|order=1;smoothing=0.5;decay=false|frac=0.25,luxury_beauty,markov,0.25,,,,,,,,,,,1.0,0.5,0.0,0.21373798334113803,0.25205729960377904,0.38883470486640204,0.0125,0.011987996,0.4375,0.44824019999998604,0.109375,0.00016667936604600002,570478592.0,41428.0,6446.0,3281.0,0.0,0.0,0.0,0.0,0.0,0.0,0.0,0.0,0.0,0,0,0,0,1
markov|order=1;smoothing=0.5;decay=true|frac=0.25,luxury_beauty,markov,0.25,,,,,,,,,,,1.0,0.5,1.0,0.21413900214410903,0.25205729960377904,0.401056588438484,0.013469827586206,0.01343706551724,0.4375,0.44370739999999304,0.11458333333333301,0.00016826678858000002,570478592.0,41428.0,6446.0,3281.0,0.0,0.0,0.0,0.0,0.0,0.0,0.0,0.0,0.0,0,0,0,0,1
markov|order=2;smoothing=0.0;decay=false|frac=0.25,luxury_beauty,markov,0.25,,,,,,,,,,,2.0,0.0,0.0,0.206315388952887,0.23742761353245903,0.40473432896474604,0.016447368421052003,0.015847736842105,0.46875000000000006,0.47246080000002105,0.140625,0.00018572843645200002,570478592.0,71744.0,6446.0,3281.0,0.0,0.0,0.0,0.0,0.0,0.0,0.0,0.0,0.0,0,0,0,0,1
markov|order=2;smoothing=0.0;decay=true|frac=0.25,luxury_beauty,markov,0.25,,,,,,,,,,,2.0,0.0,1.0,0.20695202863519202,0.237122828405973,0.40233668596972405,0.014880952380952002,0.016022980952381,0.484375,0.48358469999999404,0.15104166666666602,0.000193665549121,570478592.0,71744.0,6446.0,3281.0,0.0,0.0,0.0,0.0,0.0,0.0,0.0,0.0,0.0,0,0,0,0,1
markov|order=2;smoothing=0.1;decay=false|frac=0.25,luxury_beauty,markov,0.25,,,,,,,,,,,2.0,0.1,0.0,0.21298320933968,0.25205729960377904,0.395600934674387,0.016447368421052003,0.016708205263156,0.53125,0.5238645000000021,0.104166666666666,0.000193665549121,570478592.0,71744.0,6446.0,3281.0,0.0,0.0,0.0,0.0,0.0,0.0,0.0,0.0,0.0,0,0,0,0,1
markov|order=2;smoothing=0.1;decay=true|frac=0.25,luxury_beauty,markov,0.25,,,,,,,,,,,2.0,0.1,1.0,0.21315280135437903,0.251752514477293,0.39563141318703604,0.01953125,0.019711618749997002,0.578125,0.574086799999975,0.104166666666666,0.000207952351925,570478592.0,71744.0,6446.0,3281.0,0.0,0.0,0.0,0.0,0.0,0.0,0.0,0.0,0.0,0,0,0,0,1
markov|order=2;smoothing=0.5;decay=false|frac=0.25,luxury_beauty,markov,0.25,,,,,,,,,,,2.0,0.5,0.0,0.212872843452965,0.251752514477293,0.391760642080666,0.019965277777777003,0.020373405555555002,0.484375,0.489507000000003,0.109375,0.00018096616885000002,570478592.0,71744.0,6446.0,3281.0,0.0,0.0,0.0,0.0,0.0,0.0,0.0,0.0,0.0,0,0,0,0,1
markov|order=2;smoothing=0.5;decay=true|frac=0.25,luxury_beauty,markov,0.25,,,,,,,,,,,2.0,0.5,1.0,0.21322928538278102,0.251752514477293,0.39790714213146405,0.015625,0.015719630000000002,0.484375,0.49526270000001205,0.15625,0.00019525297165400002,570478592.0,71744.0,6446.0,3281.0,0.0,0.0,0.0,0.0,0.0,0.0,0.0,0.0,0.0,0,0,0,0,1
markov|order=1;smoothing=0.0;decay=false|frac=0.5,luxury_beauty,markov,0.5,,,,,,,,,,,1.0,0.0,0.0,0.256664887645067,0.298384638829625,0.46537640963121,0.046875,0.04846617142857201,0.671875,0.6632378000000471,0.2421875,0.000278592654678,570478592.0,80776.0,10792.0,3281.0,0.0,0.0,0.0,0.0,0.0,0.0,0.0,0.0,0.0,0,0,0,0,1
markov|order=1;smoothing=0.0;decay=true|frac=0.5,luxury_beauty,markov,0.5,,,,,,,,,,,1.0,0.0,1.0,0.257880627806634,0.29868942395611003,0.468596972467743,0.0234375,0.023702642857139,0.625,0.6684314999999971,0.1796875,0.00024525678146900004,570478592.0,80776.0,10792.0,3281.0,0.0,0.0,0.0,0.0,0.0,0.0,0.0,0.0,0.0,0,0,0,0,1
markov|order=1;smoothing=0.1;decay=false|frac=0.5,luxury_beauty,markov,0.5,,,,,,,,,,,1.0,0.1,0.0,0.259984447743736,0.30387077110637,0.565711673270344,0.020833333333333003,0.02115538,0.640625,0.631809499999974,0.130208333333333,0.000234938534999,570478592.0,80776.0,10792.0,3281.0,0.0,0.0,0.0,0.0,0.0,0.0,0.0,0.0,0.0,0,0,0,0,1
markov|order=1;smoothing=0.1;decay=true|frac=0.5,luxury_beauty,markov,0.5,,,,,,,,,,,1.0,0.1,1.0,0.260321727403642,0.303261200853398,0.571604185715737,0.018382352941176003,0.019320011764705002,0.5,0.5106954999999971,0.119791666666666,0.000188903281519,570478592.0,80776.0,10792.0,3281.0,0.0,0.0,0.0,0.0,0.0,0.0,0.0,0.0,0.0,0,0,0,0,1
markov|order=1;smoothing=0.5;decay=false|frac=0.5,luxury_beauty,markov,0.5,,,,,,,,,,,1.0,0.5,0.0,0.25960545756838704,0.302956415726912,0.5582749161840901,0.022321428571428003,0.022197335714285,0.515625,0.514881699999989,0.119791666666666,0.000193665549121,570478592.0,80776.0,10792.0,3281.0,0.0,0.0,0.0,0.0,0.0,0.0,0.0,0.0,0.0,0,0,0,0,1
markov|order=1;smoothing=0.5;decay=true|frac=0.5,luxury_beauty,markov,0.5,,,,,,,,,,,1.0,0.5,1.0,0.260076258665192,0.30234684547394003,0.580676622980798,0.025240384615384002,0.025220623076917,0.5,0.499024500000018,0.13541666666666602,0.000193665549121,570478592.0,80776.0,10792.0,3281.0,0.0,0.0,0.0,0.0,0.0,0.0,0.0,0.0,0.0,0,0,0,0,1
markov|order=2;smoothing=0.0;decay=false|frac=0.5,luxury_beauty,markov,0.5,,,,,,,,,,,2.0,0.0,0.0,0.25066546241673104,0.28741237427613503,0.47444884689627104,0.041015625,0.040266787500002,0.75,0.753766299999938,0.21875000000000003,0.00029526059128300004,570478592.0,174140.0,10792.0,3281.0,0.0,0.0,0.0,0.0,0.0,0.0,0.0,0.0,0.0,0,0,0,0,1
markov|order=2;smoothing=0.0;decay=true|frac=0.5,luxury_beauty,markov,0.5,,,,,,,,,,,2.0,0.0,1.0,0.252321731994054,0.28924108503505,0.475830539469673,0.0234375,0.023343535714283003,0.5,0.506485299999894,0.15104166666666602,0.00019842781672200002,509751296.0,174140.0,10792.0,3281.0,0.0,0.0,0.0,0.0,0.0,0.0,0.0,0.0,0.0,0,0,0,0,1
markov|order=2;smoothing=0.1;decay=false|frac=0.5,luxury_beauty,markov,0.5,,,,,,,,,,,2.0,0.1,0.0,0.25843951953196803,0.303261200853398,0.5670425683226651,0.028409090909090003,0.027929599999993,0.515625,0.525436600000034,0.104166666666666,0.000188903281519,511971328.0,174140.0,10792.0,3281.0,0.0,0.0,0.0,0.0,0.0,0.0,0.0,0.0,0.0,0,0,0,0,1
markov|order=2;smoothing=0.1;decay=true|frac=0.5,luxury_beauty,markov,0.5,,,,,,,,,,,2.0,0.1,1.0,0.258326794441718,0.30234684547394003,0.5713806766229801,0.0234375,0.023195992857146002,0.53125,0.538564500000006,0.109375,0.00019525297165400002,512004096.0,174140.0,10792.0,3281.0,0.0,0.0,0.0,0.0,0.0,0.0,0.0,0.0,0.0,0,0,0,0,1
markov|order=2;smoothing=0.5;decay=false|frac=0.5,luxury_beauty,markov,0.5,,,,,,,,,,,2.0,0.5,0.0,0.258417761552556,0.303261200853398,0.5655795997155331,0.026041666666666,0.026508524999997,0.6875,0.67375979999997,0.119791666666666,0.00024605049273500004,512040960.0,174140.0,10792.0,3281.0,0.0,0.0,0.0,0.0,0.0,0.0,0.0,0.0,0.0,0,0,0,0,1
markov|order=2;smoothing=0.5;decay=true|frac=0.5,luxury_beauty,markov,0.5,,,,,,,,,,,2.0,0.5,1.0,0.258507669111024,0.30234684547394003,0.574001828710759,0.028645833333333003,0.027600791666666003,0.5625,0.564629200000013,0.104166666666666,0.000203190084323,512073728.0,174140.0,10792.0,3281.0,0.0,0.0,0.0,0.0,0.0,0.0,0.0,0.0,0.0,0,0,0,0,1
markov|order=1;smoothing=0.0;decay=false|frac=1.0,luxury_beauty,markov,1.0,,,,,,,,,,,1.0,0.0,0.0,0.28216382334996304,0.333130143249009,0.48164177588133705,0.034722222222222,0.035344022222223,0.453125,0.44388539999999904,0.15625,0.00018572843645200002,512188416.0,157384.0,19789.0,3281.0,0.0,0.0,0.0,0.0,0.0,0.0,0.0,0.0,0.0,0,0,0,0,1
markov|order=1;smoothing=0.0;decay=true|frac=1.0,luxury_beauty,markov,1.0,,,,,,,,,,,1.0,0.0,1.0,0.282923008758797,0.33526363913441004,0.47599309153713304,0.02734375,0.027195766666665,0.5,0.507556000000022,0.1796875,0.00020715864065800002,512253952.0,157384.0,19789.0,3281.0,0.0,0.0,0.0,0.0,0.0,0.0,0.0,0.0,0.0,0,0,0,0,1
markov|order=1;smoothing=0.1;decay=false|frac=1.0,luxury_beauty,markov,1.0,,,,,,,,,,,1.0,0.1,0.0,0.283494577354276,0.33069186223712205,0.543970334247688,0.028409090909090003,0.029746654545450002,0.5,0.48818619999997204,0.125,0.000190490704053,512319488.0,157384.0,19789.0,3281.0,0.0,0.0,0.0,0.0,0.0,0.0,0.0,0.0,0.0,0,0,0,0,1
markov|order=1;smoothing=0.1;decay=true|frac=1.0,luxury_beauty,markov,1.0,,,,,,,,,,,1.0,0.1,1.0,0.282638897077834,0.33038707711063703,0.561962816214568,0.028409090909090003,0.029032599999998004,0.515625,0.517185799999992,0.119791666666666,0.000193665549121,512385024.0,157384.0,19789.0,3281.0,0.0,0.0,0.0,0.0,0.0,0.0,0.0,0.0,0.0,0,0,0,0,1
markov|order=1;smoothing=0.5;decay=false|frac=1.0,luxury_beauty,markov,1.0,,,,,,,,,,,1.0,0.5,0.0,0.28314925756089204,0.32977750685766505,0.530011175454637,0.02734375,0.026722425000002003,0.46875000000000006,0.46880129999999504,0.104166666666666,0.000174616478715,512450560.0,157384.0,19789.0,3281.0,0.0,0.0,0.0,0.0,0.0,0.0,0.0,0.0,0.0,0,0,0,0,1
markov|order=1;smoothing=0.5;decay=true|frac=1.0,luxury_beauty,markov,1.0,,,,,,,,,,,1.0,0.5,1.0,0.28228747777998003,0.32947272173117903,0.566686985675099,0.026041666666666,0.026646700000005002,0.59375,0.737710799999945,0.109375,0.00021430204206000002,512557056.0,157384.0,19789.0,3281.0,0.0,0.0,0.0,0.0,0.0,0.0,0.0,0.0,0.0,0,0,0,0,1
markov|order=2;smoothing=0.0;decay=false|frac=1.0,luxury_beauty,markov,1.0,,,,,,,,,,,2.0,0.0,0.0,0.275356859633459,0.32032916793660404,0.49638321649903405,0.052083333333333,0.050497516666666006,0.5625,0.5629271999999901,0.140625,0.00021430204206000002,512557056.0,409664.0,19789.0,3281.0,0.0,0.0,0.0,0.0,0.0,0.0,0.0,0.0,0.0,0,0,0,0,1
markov|order=2;smoothing=0.0;decay=true|frac=1.0,luxury_beauty,markov,1.0,,,,,,,,,,,2.0,0.0,1.0,0.276642760804898,0.32215787869551904,0.49415828507568804,0.0390625,0.039766075000002,0.53125,0.534983199999942,0.15625,0.000209539774459,512888832.0,409664.0,19789.0,3281.0,0.0,0.0,0.0,0.0,0.0,0.0,0.0,0.0,0.0,0,0,0,0,1
markov|order=2;smoothing=0.1;decay=false|frac=1.0,luxury_beauty,markov,1.0,,,,,,,,,,,2.0,0.1,0.0,0.28353466266368804,0.33160621761658005,0.550634969013512,0.04296875,0.043023837500001,0.546875,0.540513600000053,0.104166666666666,0.00019842781672200002,513224704.0,409664.0,19789.0,3281.0,0.0,0.0,0.0,0.0,0.0,0.0,0.0,0.0,0.0,0,0,0,0,1
markov|order=2;smoothing=0.1;decay=true|frac=1.0,luxury_beauty,markov,1.0,,,,,,,,,,,2.0,0.1,1.0,0.282015300386441,0.330082291984151,0.562734938534999,0.057291666666666005,0.055979683333343,0.53125,0.54068559999996,0.109375,0.00019525297165400002,513224704.0,409664.0,19789.0,3281.0,0.0,0.0,0.0,0.0,0.0,0.0,0.0,0.0,0.0,0,0,0,0,1
markov|order=2;smoothing=0.5;decay=false|frac=1.0,luxury_beauty,markov,1.0,,,,,,,,,,,2.0,0.5,0.0,0.283320606679531,0.330996647363608,0.5477801483287611,0.041015625,0.0437110875,0.59375,0.596936500000083,0.109375,0.00021430204206000002,513290240.0,409664.0,19789.0,3281.0,0.0,0.0,0.0,0.0,0.0,0.0,0.0,0.0,0.0,0,0,0,0,1
markov|order=2;smoothing=0.5;decay=true|frac=1.0,luxury_beauty,markov,1.0,,,,,,,,,,,2.0,0.5,1.0,0.282024165166316,0.32977750685766505,0.5650208269836431,0.044642857142857005,0.043663514285705,0.546875,0.5531303000000201,0.109375,0.00020001523925600002,513355776.0,409664.0,19789.0,3281.0,0.0,0.0,0.0,0.0,0.0,0.0,0.0,0.0,0.0,0,0,0,0,1
popularity||frac=0.25,software,popularity,0.25,,,,,,,,,,,,,,0.023759959708988,0.057945041816009006,0.0,9.174985320023487e-05,8.958746330005419e-05,0.104166666666666,0.104478066666691,0.03125,8.08940661091199e-05,513355776.0,5736.0,2605.0,1674.0,0.0,0.0,0.0,0.0,0.0,0.0,0.0,0.0,0.0,0,0,0,0,1
popularity||frac=0.5,software,popularity,0.5,,,,,,,,,,,,,,0.022287709613913003,0.053763440860215006,0.0,9.833228445563249e-05,9.649505978602058e-05,0.08984375,0.09213969999998901,0.0328125,7.32713560334528e-05,513355776.0,5736.0,4487.0,1674.0,0.0,0.0,0.0,0.0,0.0,0.0,0.0,0.0,0.0,0,0,0,0,1
popularity||frac=1.0,software,popularity,1.0,,,,,,,,,,,,,,0.017444854798249,0.040023894862604006,0.0,0.00010313531353100001,9.8801815181522e-05,0.09375000000000001,0.09182100000001,0.0328125,7.560483870967742e-05,513355776.0,5736.0,8044.0,1674.0,0.0,0.0,0.0,0.0,0.0,0.0,0.0,0.0,0.0,0,0,0,0,1
itemknn|topk=10;shrink=0.0|frac=0.25,software,itemknn,0.25,10.0,0.0,,,,,,,,,,,,0.091331815616843,0.20370370370370303,0.34322978892871303,0.015625,0.015351889999999,0.09375000000000001,0.095829649999984,0.041015625,8.05051523297491e-05,513355776.0,4112712.0,2605.0,1674.0,0.0,0.0,0.0,0.0,0.0,0.0,0.0,0.0,0.0,0,0,0,0,1
itemknn|topk=10;shrink=10.0|frac=0.25,software,itemknn,0.25,10.0,10.0,,,,,,,,,,,,0.09387814858443301,0.20310633213859003,0.34309040223018705,0.014880952380952002,0.016085347619044,0.09765625,0.096514224999992,0.041015625,8.283863500597373e-05,513355776.0,4112712.0,2605.0,1674.0,0.0,0.0,0.0,0.0,0.0,0.0,0.0,0.0,0.0,0,0,0,0,1
itemknn|topk=10;shrink=100.0|frac=0.25,software,itemknn,0.25,10.0,100.0,,,,,,,,,,,,0.093956362296244,0.20310633213859003,0.34309040223018705,0.015625,0.015752385000001,0.09765625,0.09929727500002601,0.041015625,8.283863500597373e-05,513355776.0,4112712.0,2605.0,1674.0,0.0,0.0,0.0,0.0,0.0,0.0,0.0,0.0,0.0,0,0,0,0,1
itemknn|topk=50;shrink=0.0|frac=0.25,software,itemknn,0.25,50.0,0.0,,,,,,,,,,,,0.09184932091989201,0.20489844683393002,0.343209876543209,0.015625,0.015499538095235,0.09375000000000001,0.093848250000007,0.0390625,7.933841099163679e-05,513355776.0,4112712.0,2605.0,1674.0,0.0,0.0,0.0,0.0,0.0,0.0,0.0,0.0,0.0,0,0,0,0,1
itemknn|topk=50;shrink=10.0|frac=0.25,software,itemknn,0.25,50.0,10.0,,,,,,,,,,,,0.09397681518836301,0.20489844683393002,0.34362803663878905,0.015625,0.015593845000000002,0.09765625,0.09671097499997901,0.04296875,8.400537634408604e-05,513355776.0,4112712.0,2605.0,1674.0,0.0,0.0,0.0,0.0,0.0,0.0,0.0,0.0,0.0,0,0,0,0,1
itemknn|topk=50;shrink=100.0|frac=0.25,software,itemknn,0.25,50.0,100.0,,,,,,,,,,,,0.094055028900174,0.20489844683393002,0.34362803663878905,0.015625,0.015683045000002,0.09765625,0.09759650000000801,0.041015625,8.283863500597373e-05,513355776.0,4112712.0,2605.0,1674.0,0.0,0.0,0.0,0.0,0.0,0.0,0.0,0.0,0.0,0,0,0,0,1
itemknn|topk=100;shrink=0.0|frac=0.25,software,itemknn,0.25,100.0,0.0,,,,,,,,,,,,0.09184932091989201,0.20489844683393002,0.343209876543209,0.016447368421052003,0.016264531578952,0.09765625,0.09849612499999601,0.041015625,8.283863500597373e-05,513355776.0,4112712.0,2605.0,1674.0,0.0,0.0,0.0,0.0,0.0,0.0,0.0,0.0,0.0,0,0,0,0,1
itemknn|topk=100;shrink=10.0|frac=0.25,software,itemknn,0.25,100.0,10.0,,,,,,,,,,,,0.09397681518836301,0.20489844683393002,0.34362803663878905,0.016447368421052003,0.01606655263158,0.09765625,0.09751517500001201,0.041015625,8.283863500597373e-05,513355776.0,4112712.0,2605.0,1674.0,0.0,0.0,0.0,0.0,0.0,0.0,0.0,0.0,0.0,0,0,0,0,1
itemknn|topk=100;shrink=100.0|frac=0.25,software,itemknn,0.25,100.0,100.0,,,,,,,,,,,,0.094055028900174,0.20489844683393002,0.34362803663878905,0.016447368421052003,0.016211889473688002,0.09765625,0.10244857499998201,0.041015625,8.283863500597373e-05,513355776.0,4112712.0,2605.0,1674.0,0.0,0.0,0.0,0.0,0.0,0.0,0.0,0.0,0.0,0,0,0,0,1
itemknn|topk=300;shrink=0.0|frac=0.25,software,itemknn,0.25,300.0,0.0,,,,,,,,,,,,0.09184932091989201,0.20489844683393002,0.343209876543209,0.017361111111111,0.017053400000002,0.09375000000000001,0.09525012500000601,0.041015625,8.05051523297491e-05,513355776.0,4112712.0,2605.0,1674.0,0.0,0.0,0.0,0.0,0.0,0.0,0.0,0.0,0.0,0,0,0,0,1
itemknn|topk=300;shrink=10.0|frac=0.25,software,itemknn,0.25,300.0,10.0,,,,,,,,,,,,0.09397681518836301,0.20489844683393002,0.34362803663878905,0.017361111111111,0.016944450000001002,0.09375000000000001,0.09734315,0.0390625,7.933841099163679e-05,513355776.0,4112712.0,2605.0,1674.0,0.0,0.0,0.0,0.0,0.0,0.0,0.0,0.0,0.0,0,0,0,0,1
itemknn|topk=300;shrink=100.0|frac=0.25,software,itemknn,0.25,300.0,100.0,,,,,,,,,,,,0.094055028900174,0.20489844683393002,0.34362803663878905,0.016447368421052003,0.016816394736846003,0.09375000000000001,0.094488499999982,0.0390625,7.933841099163679e-05,513355776.0,4112712.0,2605.0,1674.0,0.0,0.0,0.0,0.0,0.0,0.0,0.0,0.0,0.0,0,0,0,0,1
itemknn|topk=10;shrink=0.0|frac=0.5,software,itemknn,0.5,10.0,0.0,,,,,,,,,,,,0.187979534055041,0.24432497013142102,0.438172043010752,0.017269736842105,0.0172491,0.104166666666666,0.10745049999998901,0.03125,8.08940661091199e-05,513355776.0,4112712.0,4487.0,1674.0,0.0,0.0,0.0,0.0,0.0,0.0,0.0,0.0,0.0,0,0,0,0,1
itemknn|topk=10;shrink=10.0|frac=0.5,software,itemknn,0.5,10.0,10.0,,,,,,,,,,,,0.20832217470287,0.271206690561529,0.44512146555157306,0.016447368421052003,0.017088752631581,0.09765625,0.096446499999984,0.029829545454545,7.615638916042142e-05,513355776.0,4112712.0,4487.0,1674.0,0.0,0.0,0.0,0.0,0.0,0.0,0.0,0.0,0.0,0,0,0,0,1
itemknn|topk=10;shrink=100.0|frac=0.5,software,itemknn,0.5,10.0,100.0,,,,,,,,,,,,0.210828512166014,0.27837514934289104,0.45925925925925903,0.016447368421052003,0.016627189473680002,0.09765625,0.09532472499998301,0.029829545454545,7.615638916042142e-05,513355776.0,4112712.0,4487.0,1674.0,0.0,0.0,0.0,0.0,0.0,0.0,0.0,0.0,0.0,0,0,0,0,1
itemknn|topk=50;shrink=0.0|frac=0.5,software,itemknn,0.5,50.0,0.0,,,,,,,,,,,,0.19351040453825202,0.253882915173237,0.43578255675029803,0.016447368421052003,0.016645794736841,0.09375000000000001,0.09472862499998701,0.03125,7.467144563918758e-05,513355776.0,4112712.0,4487.0,1674.0,0.0,0.0,0.0,0.0,0.0,0.0,0.0,0.0,0.0,0,0,0,0,1
itemknn|topk=50;shrink=10.0|frac=0.5,software,itemknn,0.5,50.0,10.0,,,,,,,,,,,,0.21044328937487802,0.273596176821983,0.44772998805256803,0.018229166666666,0.018121716666661,0.119791666666666,0.129869199999992,0.03125,9.022799681401835e-05,513355776.0,4112712.0,4487.0,1674.0,0.0,0.0,0.0,0.0,0.0,0.0,0.0,0.0,0.0,0,0,0,0,1
itemknn|topk=50;shrink=100.0|frac=0.5,software,itemknn,0.5,50.0,100.0,,,,,,,,,,,,0.21228719490605902,0.277777777777777,0.46101154918359205,0.017361111111111,0.018612055555555,0.1015625,0.09921335000001301,0.03125,7.933841099163679e-05,513355776.0,4112712.0,4487.0,1674.0,0.0,0.0,0.0,0.0,0.0,0.0,0.0,0.0,0.0,0,0,0,0,1
itemknn|topk=100;shrink=0.0|frac=0.5,software,itemknn,0.5,100.0,0.0,,,,,,,,,,,,0.19358419499540602,0.25448028673835105,0.43506571087216206,0.01953125,0.019093299999994002,0.104166666666666,0.10161303333336401,0.029829545454545,8.00455269541291e-05,513355776.0,4112712.0,4487.0,1674.0,0.0,0.0,0.0,0.0,0.0,0.0,0.0,0.0,0.0,0,0,0,0,1
itemknn|topk=100;shrink=10.0|frac=0.5,software,itemknn,0.5,100.0,10.0,,,,,,,,,,,,0.21107390772248802,0.27419354838709603,0.44932297889287104,0.018382352941176003,0.018203435294113002,0.1015625,0.101350425000021,0.0328125,8.027180406212666e-05,513355776.0,4112712.0,4487.0,1674.0,0.0,0.0,0.0,0.0,0.0,0.0,0.0,0.0,0.0,0,0,0,0,1
itemknn|topk=100;shrink=100.0|frac=0.5,software,itemknn,0.5,100.0,100.0,,,,,,,,,,,,0.212850615463223,0.27718040621266404,0.46228594185583405,0.017361111111111,0.018054355555553,0.09765625,0.096819299999992,0.03125,7.700492831541218e-05,513355776.0,4112712.0,4487.0,1674.0,0.0,0.0,0.0,0.0,0.0,0.0,0.0,0.0,0.0,0,0,0,0,1
itemknn|topk=300;shrink=0.0|frac=0.5,software,itemknn,0.5,300.0,0.0,,,,,,,,,,,,0.19358419499540602,0.25448028673835105,0.43506571087216206,0.018382352941176003,0.018207135294119003,0.1015625,0.103256850000008,0.03125,7.933841099163679e-05,513355776.0,4112712.0,4487.0,1674.0,0.0,0.0,0.0,0.0,0.0,0.0,0.0,0.0,0.0,0,0,0,0,1
itemknn|topk=300;shrink=10.0|frac=0.5,software,itemknn,0.5,300.0,10.0,,,,,,,,,,,,0.21107390772248802,0.27419354838709603,0.44932297889287104,0.018382352941176003,0.018052370588239,0.09765625,0.098132724999999,0.029829545454545,7.615638916042142e-05,513355776.0,4112712.0,4487.0,1674.0,0.0,0.0,0.0,0.0,0.0,0.0,0.0,0.0,0.0,0,0,0,0,1
itemknn|topk=300;shrink=100.0|frac=0.5,software,itemknn,0.5,300.0,100.0,,,,,,,,,,,,0.212850615463223,0.27718040621266404,0.46228594185583405,0.018382352941176003,0.018382276470587003,0.09375000000000001,0.10642830000000401,0.03125,7.467144563918758e-05,513355776.0,4112712.0,4487.0,1674.0,0.0,0.0,0.0,0.0,0.0,0.0,0.0,0.0,0.0,0,0,0,0,1
itemknn|topk=10;shrink=0.0|frac=1.0,software,itemknn,1.0,10.0,0.0,,,,,,,,,,,,0.219479453803048,0.285543608124253,0.49524093986459505,0.01953125,0.019854856249999,0.09765625,0.094928949999996,0.026041666666666,7.389361808044604e-05,513355776.0,4112712.0,8044.0,1674.0,0.0,0.0,0.0,0.0,0.0,0.0,0.0,0.0,0.0,0,0,0,0,1
itemknn|topk=10;shrink=10.0|frac=1.0,software,itemknn,1.0,10.0,10.0,,,,,,,,,,,,0.227301476663224,0.29450418160095504,0.522978892871366,0.01953125,0.020300381249995003,0.09765625,0.09809475000000101,0.029829545454545,7.615638916042142e-05,513355776.0,4112712.0,8044.0,1674.0,0.0,0.0,0.0,0.0,0.0,0.0,0.0,0.0,0.0,0,0,0,0,1
itemknn|topk=10;shrink=100.0|frac=1.0,software,itemknn,1.0,10.0,100.0,,,,,,,,,,,,0.226686038281381,0.291517323775388,0.529549980087614,0.01953125,0.019708993750001,0.09765625,0.09512614999999801,0.028409090909090003,7.530785000543065e-05,513355776.0,4112712.0,8044.0,1674.0,0.0,0.0,0.0,0.0,0.0,0.0,0.0,0.0,0.0,0,0,0,0,1
itemknn|topk=50;shrink=0.0|frac=1.0,software,itemknn,1.0,50.0,0.0,,,,,,,,,,,,0.222595429902115,0.28793309438470704,0.506192751891676,0.0205078125,0.020596487500000003,0.09375000000000001,0.096052200000002,0.03125,7.467144563918758e-05,513355776.0,4112712.0,8044.0,1674.0,0.0,0.0,0.0,0.0,0.0,0.0,0.0,0.0,0.0,0,0,0,0,1
itemknn|topk=50;shrink=10.0|frac=1.0,software,itemknn,1.0,50.0,10.0,,,,,,,,,,,,0.22669170334600303,0.292712066905615,0.521186778176025,0.022321428571428003,0.025474692857138003,0.1015625,0.09959724999998701,0.0328125,8.027180406212666e-05,513355776.0,4112712.0,8044.0,1674.0,0.0,0.0,0.0,0.0,0.0,0.0,0.0,0.0,0.0,0,0,0,0,1
itemknn|topk=50;shrink=100.0|frac=1.0,software,itemknn,1.0,50.0,100.0,,,,,,,,,,,,0.22696972555930403,0.29450418160095504,0.5246515332536831,0.0205078125,0.020105362500004,0.09375000000000001,0.095811275000016,0.03125,7.467144563918758e-05,513355776.0,4112712.0,8044.0,1674.0,0.0,0.0,0.0,0.0,0.0,0.0,0.0,0.0,0.0,0,0,0,0,1
itemknn|topk=100;shrink=0.0|frac=1.0,software,itemknn,1.0,100.0,0.0,,,,,,,,,,,,0.22098143571278,0.28494623655913903,0.514555953803265,0.020833333333333003,0.020578566666669,0.09375000000000001,0.09815127500002001,0.03125,7.467144563918758e-05,513355776.0,4112712.0,8044.0,1674.0,0.0,0.0,0.0,0.0,0.0,0.0,0.0,0.0,0.0,0,0,0,0,1
itemknn|topk=100;shrink=10.0|frac=1.0,software,itemknn,1.0,100.0,10.0,,,,,,,,,,,,0.22626583135246603,0.29569892473118203,0.5259657506969331,0.020833333333333003,0.020748953333334003,0.09765625,0.096879874999984,0.03125,7.700492831541218e-05,513355776.0,4112712.0,8044.0,1674.0,0.0,0.0,0.0,0.0,0.0,0.0,0.0,0.0,0.0,0,0,0,0,1
itemknn|topk=100;shrink=100.0|frac=1.0,software,itemknn,1.0,100.0,100.0,,,,,,,,,,,,0.22654288102230902,0.293906810035842,0.518976503385105,0.020833333333333003,0.020423693333335,0.09765625,0.098222200000009,0.03125,7.700492831541218e-05,513355776.0,4112712.0,8044.0,1674.0,0.0,0.0,0.0,0.0,0.0,0.0,0.0,0.0,0.0,0,0,0,0,1
itemknn|topk=300;shrink=0.0|frac=1.0,software,itemknn,1.0,300.0,0.0,,,,,,,,,,,,0.22100783592119003,0.28375149342891204,0.521067303863002,0.021875,0.020956726666668,0.09375000000000001,0.09710050000001001,0.029829545454545,7.382290648419681e-05,513355776.0,4112712.0,8044.0,1674.0,0.0,0.0,0.0,0.0,0.0,0.0,0.0,0.0,0.0,0,0,0,0,1
itemknn|topk=300;shrink=10.0|frac=1.0,software,itemknn,1.0,300.0,10.0,,,,,,,,,,,,0.22566487364828802,0.295101553166069,0.534826762246117,0.020833333333333003,0.021204120000000003,0.09765625,0.09590994999999201,0.03125,7.700492831541218e-05,513355776.0,4112712.0,8044.0,1674.0,0.0,0.0,0.0,0.0,0.0,0.0,0.0,0.0,0.0,0,0,0,0,1
itemknn|topk=300;shrink=100.0|frac=1.0,software,itemknn,1.0,300.0,100.0,,,,,,,,,,,,0.22584435665447203,0.292114695340501,0.524850657108721,0.020833333333333003,0.021134873333335,0.09765625,0.09645767500001001,0.029829545454545,7.615638916042142e-05,513355776.0,4112712.0,8044.0,1674.0,0.0,0.0,0.0,0.0,0.0,0.0,0.0,0.0,0.0,0,0,0,0,1
als|factors=16;epochs=5;regularisation=0.001;alpha=1.0|frac=0.25,software,als,0.25,,,16.0,5.0,0.001,1.0,,,,,,,,0.081700614108569,0.19115890083632,0.516089207487057,0.34375000000000006,0.342060599999967,0.104166666666666,0.10153973333334901,0.0328125,8.182745917960974e-05,584896512.0,319232.0,2605.0,1674.0,0.0023367989211810075,0.008960573476702982,0.028116288331342,0.07812500000000006,0.06091320000177902,0.014322916666666005,0.012928533333706999,0.003645833333333001,1.0734020310633244e-05,107909120,0,0,0,3
als|factors=16;epochs=5;regularisation=0.001;alpha=10.0|frac=0.25,software,als,0.25,,,16.0,5.0,0.001,10.0,,,,,,,,0.040631755019599,0.072879330943847,0.49074074074074003,0.34375000000000006,0.340443800000002,0.09375000000000001,0.09438954999998801,0.0328125,7.560483870967742e-05,584896512.0,319232.0,2605.0,1674.0,0.128486449352853,0.128434886499403,0.06885702907208302,0.109375,0.11699320000025204,0.02604166666666599,0.044900049999872016,0.010156249999999999,2.1623606133014758e-05,107909120,0,0,0,3
als|factors=16;epochs=5;regularisation=0.001;alpha=40.0|frac=0.25,software,als,0.25,,,16.0,5.0,0.001,40.0,,,,,,,,0.037525420366251006,0.065113500597371,0.518399044205495,0.359375,0.36578220000001205,0.09765625,0.098728074999996,0.0328125,7.793832138590203e-05,584896512.0,319232.0,2605.0,1674.0,0.133413546568255,0.133213859020311,0.09014336917562804,0.03125,0.03560089999973598,0.01171875,0.012980199999674008,0.005208333333333003,1.0111758263640013e-05,107909120,0,0,0,3
als|factors=16;epochs=5;regularisation=0.01;alpha=1.0|frac=0.25,software,als,0.25,,,16.0,5.0,0.01,1.0,,,,,,,,0.08115434660246501,0.19115890083632,0.516268418956591,0.34375000000000006,0.33488549999947204,0.09765625,0.097889675000004,0.036458333333333,8.011623855037835e-05,584896512.0,319232.0,2605.0,1674.0,0.0020610132590729996,0.005973715651134998,0.033970529669453964,0.125,0.171873300000698,0.05078125,0.05447798333367801,0.01171875,3.7335722819037054e-05,107909120,0,0,0,3
als|factors=16;epochs=5;regularisation=0.01;alpha=10.0|frac=0.25,software,als,0.25,,,16.0,5.0,0.01,10.0,,,,,,,,0.040550499914139004,0.072879330943847,0.502628434886499,0.34375000000000006,0.35532220000004605,0.09765625,0.09691825000001501,0.0328125,7.793832138590203e-05,584896512.0,319232.0,2605.0,1674.0,0.128486231426716,0.12903225806451601,0.081919553962565,0.14062500000000006,0.135457500000485,0.04036458333333301,0.04603087499996601,0.020089285714285005,3.6113422370037055e-05,107909120,0,0,0,3
als|factors=16;epochs=5;regularisation=0.01;alpha=40.0|frac=0.25,software,als,0.25,,,16.0,5.0,0.01,40.0,,,,,,,,0.037223241442975,0.06451612903225801,0.5187574671445631,0.34375000000000006,0.351911200000017,0.09765625,0.09608107499997201,0.0328125,7.793832138590203e-05,584896512.0,319232.0,2605.0,1674.0,0.13316670187943902,0.135005973715651,0.06668657905216996,0.40625,0.420018899999378,0.15625,0.19411732500066098,0.026041666666666005,0.00010889585822381243,107909120,0,0,0,3
als|factors=16;epochs=5;regularisation=0.1;alpha=1.0|frac=0.25,software,als,0.25,,,16.0,5.0,0.1,1.0,,,,,,,,0.08132924925024401,0.19115890083632,0.515113500597371,0.359375,0.34939669999994205,0.09375000000000001,0.09620262499998901,0.038194444444444,7.881985928580911e-05,584896512.0,319232.0,2605.0,1674.0,0.0019018629133220055,0.005376344086021001,0.03757467144563903,0.32812499999999994,0.392645100001573,0.125,0.13078479999921902,0.0328125,9.427270011932258e-05,107909120,0,0,0,3
als|factors=16;epochs=5;regularisation=0.1;alpha=10.0|frac=0.25,software,als,0.25,,,16.0,5.0,0.1,10.0,,,,,,,,0.039061372370659,0.071087216248506,0.497769812823576,0.359375,0.358499299999948,0.109375,0.098305874999994,0.034374999999999996,8.400537634408604e-05,584896512.0,319232.0,2605.0,1674.0,0.129628509393291,0.13321385902031102,0.02941059338908797,0.28124999999999994,0.28871109999909106,0.04296875,0.04596356666661501,0.020833333333333003,3.624676423660814e-05,107909120,0,0,0,3
als|factors=16;epochs=5;regularisation=0.1;alpha=40.0|frac=0.25,software,als,0.25,,,16.0,5.0,0.1,40.0,,,,,,,,0.037870936974678006,0.065710872162485,0.493866985264834,0.375,0.38118680000002303,0.09765625,0.09838052499998101,0.034374999999999996,7.887171445639187e-05,584896512.0,319232.0,2605.0,1674.0,0.132643388553561,0.135005973715651,0.07933094384707307,0.15625,0.134944600001291,0.041666666666666005,0.044453491666444994,0.015625,3.422441258381243e-05,107909120,0,0,0,3
als|factors=16;epochs=15;regularisation=0.001;alpha=1.0|frac=0.25,software,als,0.25,,,16.0,15.0,0.001,1.0,,,,,,,,0.085478432996322,0.20011947431302202,0.485543608124253,1.015625,1.022297000000435,0.09375000000000001,0.09332072500001201,0.034722222222222,7.674565246249833e-05,584896512.0,319232.0,2605.0,1674.0,0.002086667524001995,0.002389486260453988,0.006113102349661004,0.421875,0.43882049999990613,0.05078125,0.0444418583333,0.020312500000000004,4.246938470705735e-05,107909120,0,0,0,3
als|factors=16;epochs=15;regularisation=0.001;alpha=10.0|frac=0.25,software,als,0.25,,,16.0,15.0,0.001,10.0,,,,,,,,0.051666396288399,0.09557945041816,0.463620071684587,1.03125,1.030741199999283,0.09765625,0.09421075000000201,0.0328125,7.700492831541218e-05,584896512.0,319232.0,2605.0,1674.0,0.129774088488611,0.133213859020311,0.024870569494226002,0.484375,0.5128863000014692,0.04036458333333301,0.04140715833349001,0.022321428571428006,3.651344797154721e-05,107909120,0,0,0,3
als|factors=16;epochs=15;regularisation=0.001;alpha=40.0|frac=0.25,software,als,0.25,,,16.0,15.0,0.001,40.0,,,,,,,,0.050575732583087,0.094982078853046,0.482915173237753,1.03125,1.016968799999631,0.09375000000000001,0.09353847500000201,0.0328125,7.560483870967742e-05,584896512.0,319232.0,2605.0,1674.0,0.13559870245961203,0.137395459976105,0.005615292712066955,0.34375,0.40136610000001816,0.029947916666666005,0.029493166666649,0.019270833333333,2.9401881719547213e-05,107909120,0,0,0,3
als|factors=16;epochs=15;regularisation=0.01;alpha=1.0|frac=0.25,software,als,0.25,,,16.0,15.0,0.01,1.0,,,,,,,,0.085447695251173,0.20011947431302202,0.484269215452011,1.015625,1.008502000000021,0.09375000000000001,0.094000749999992,0.0328125,7.560483870967742e-05,584896512.0,319232.0,2605.0,1674.0,0.001951203164966997,0.0017921146953409905,0.007606531262445038,0.328125,0.3182543999992049,0.02473958333333301,0.022130791666995997,0.009765625,2.0612430306650743e-05,107909120,0,0,0,3
als|factors=16;epochs=15;regularisation=0.01;alpha=10.0|frac=0.25,software,als,0.25,,,16.0,15.0,0.01,10.0,,,,,,,,0.051942906155033004,0.09617682198327301,0.453982477100756,1.015625,1.007757300000776,0.09765625,0.09525869999998801,0.0328125,7.793832138590203e-05,584896512.0,319232.0,2605.0,1674.0,0.129284010659168,0.132019115890083,0.043010752688172005,0.28125,0.2720656000007011,0.046874999999999986,0.04962386666678302,0.009765625,3.383549880481243e-05,107909120,0,0,0,3
als|factors=16;epochs=15;regularisation=0.01;alpha=40.0|frac=0.25,software,als,0.25,,,16.0,15.0,0.01,40.0,,,,,,,,0.049970182614581006,0.09378733572281901,0.47865392273994406,1.03125,1.02153460000045,0.09375000000000001,0.09251039999981,0.034722222222222,7.467144563918758e-05,584896512.0,319232.0,2605.0,1674.0,0.136861626316951,0.137395459976105,0.0028275587415370063,0.234375,0.2291557999989211,0.04036458333333301,0.03514659999994302,0.01171875,2.9038895525726276e-05,107909120,0,0,0,3
als|factors=16;epochs=15;regularisation=0.1;alpha=1.0|frac=0.25,software,als,0.25,,,16.0,15.0,0.1,1.0,,,,,,,,0.08546448478436,0.200716845878136,0.47825567502986804,1.015625,1.012794700000085,0.09375000000000001,0.09365497499999201,0.0328125,7.560483870967742e-05,584896512.0,319232.0,2605.0,1674.0,0.0013164712264139983,0.0017921146953409905,0.005973715651135025,0.296875,0.289132299999892,0.014322916666666005,0.013957675000104003,0.005208333333333003,1.1667413381123083e-05,107909120,0,0,0,3
als|factors=16;epochs=15;regularisation=0.1;alpha=10.0|frac=0.25,software,als,0.25,,,16.0,15.0,0.1,10.0,,,,,,,,0.051574945026642005,0.09617682198327301,0.45089605734767,1.015625,1.013343900000109,0.09375000000000001,0.09508802499999501,0.0328125,7.467144563918758e-05,584896512.0,319232.0,2605.0,1674.0,0.129145086139717,0.132616487455197,0.047431302270011966,0.078125,0.05980939999915402,0.0078125,0.0053904000001240016,0.005208333333333003,6.8448825169255495e-06,107909120,0,0,0,3
als|factors=16;epochs=15;regularisation=0.1;alpha=40.0|frac=0.25,software,als,0.25,,,16.0,15.0,0.1,40.0,,,,,,,,0.050364395674865,0.09617682198327301,0.480983671843886,1.03125,1.021453800000017,0.09765625,0.09713417500006401,0.034722222222222,7.907913513872296e-05,584896512.0,319232.0,2605.0,1674.0,0.137054615024889,0.139187574671445,0.027757865392273984,0.046875,0.033267699999669054,0.0,0.006000450000044996,0.004687499999999997,2.8001792114695578e-06,107909120,0,0,0,3
als|factors=16;epochs=30;regularisation=0.001;alpha=1.0|frac=0.25,software,als,0.25,,,16.0,30.0,0.001,1.0,,,,,,,,0.08688621252365601,0.201314217443249,0.46959378733572205,2.078125,2.088563200000862,0.09765625,0.09839084999975901,0.034722222222222,7.907913513872296e-05,584896512.0,319232.0,2605.0,1674.0,0.003924945560221008,0.002389486260453988,0.048168060533652024,0.0625,0.09431989999961798,0.04557291666666602,0.05208709166667301,0.006249999999999999,3.0957536837547216e-05,107909120,0,0,0,3
als|factors=16;epochs=30;regularisation=0.001;alpha=10.0|frac=0.25,software,als,0.25,,,16.0,30.0,0.001,10.0,,,,,,,,0.10519812769774801,0.219235364396654,0.49667463162086806,2.125,2.122528800000509,0.09765625,0.09848062499986501,0.034722222222222,7.907913513872296e-05,584896512.0,319232.0,2605.0,1674.0,0.06355238973400301,0.12783751493428902,0.06869772998805196,0.40625,0.3886701999996367,0.05078125,0.06916130833322702,0.015625,3.9669205495037046e-05,255852544,0,0,0,3
als|factors=16;epochs=30;regularisation=0.001;alpha=40.0|frac=0.25,software,als,0.25,,,16.0,30.0,0.001,40.0,,,,,,,,0.051743713496022005,0.09617682198327301,0.46704500199123805,2.25,2.236489400000209,0.09375000000000001,0.09525107499985001,0.034722222222222,7.674565246249833e-05,584896512.0,319232.0,2605.0,1674.0,0.12948976880978103,0.13440860215053801,0.014336917562724039,0.65625,0.7013464999997729,0.03515625,0.039359433333327004,0.0078125,2.566830943847075e-05,253603840,0,0,0,3
als|factors=16;epochs=30;regularisation=0.01;alpha=1.0|frac=0.25,software,als,0.25,,,16.0,30.0,0.01,1.0,,,,,,,,0.086863433511269,0.201314217443249,0.47628434886499404,2.09375,2.106760399999984,0.09765625,0.095314849999795,0.0328125,7.793832138590203e-05,584896512.0,319232.0,2605.0,1674.0,0.003876614748099,0.001194743130226994,0.05117483074472301,0.5,0.5762448000009501,0.014322916666666005,0.011443366666640004,0.005208333333333003,1.1667413381123083e-05,253591552,0,0,0,3
als|factors=16;epochs=30;regularisation=0.01;alpha=10.0|frac=0.25,software,als,0.25,,,16.0,30.0,0.01,10.0,,,,,,,,0.112920733870272,0.21684587813620002,0.463699721226602,2.078125,2.084918800001105,0.09375000000000001,0.094018925,0.0328125,7.560483870967742e-05,584896512.0,319232.0,2605.0,1674.0,0.078107118021807,0.126045400238948,0.06843886897650298,0.171875,0.20256560000052604,0.003906249999999986,0.005863999999746003,0.0019097222222220003,3.474296429045536e-06,253587456,0,0,0,3
als|factors=16;epochs=30;regularisation=0.01;alpha=40.0|frac=0.25,software,als,0.25,,,16.0,30.0,0.01,40.0,,,,,,,,0.051498621647945005,0.094982078853046,0.47741935483870906,2.015625,1.992289699999673,0.09375000000000001,0.093451574999988,0.03125,7.467144563918758e-05,584896512.0,319232.0,2605.0,1674.0,0.12893117399085002,0.13201911589008403,0.014555953803265964,0.09375,0.086069199998974,0.003906250000000014,0.005249800000457008,0.0034722222222220017,4.407689499535375e-06,253542400,0,0,0,3
als|factors=16;epochs=30;regularisation=0.1;alpha=1.0|frac=0.25,software,als,0.25,,,16.0,30.0,0.1,1.0,,,,,,,,0.086714774229716,0.201314217443249,0.47911190760653105,2.03125,2.066900199999509,0.09375000000000001,0.094133725000119,0.0328125,7.560483870967742e-05,584896512.0,319232.0,2605.0,1674.0,0.0038558029063310018,0.001194743130226994,0.05230983671843897,0.046875,0.07772580000016704,0.003906250000000014,0.004726950000162003,0.0019097222222220003,3.474296429045536e-06,253542400,0,0,0,3
als|factors=16;epochs=30;regularisation=0.1;alpha=10.0|frac=0.25,software,als,0.25,,,16.0,30.0,0.1,10.0,,,,,,,,0.11313263828280101,0.21684587813620002,0.46585025886101106,2.015625,2.020485699999881,0.09375000000000001,0.095023849999989,0.0328125,7.560483870967742e-05,584896512.0,319232.0,2605.0,1674.0,0.124592149258985,0.126045400238948,0.044324970131422003,0.09375,0.09135530000003178,0.003906250000000014,0.006083049999915005,0.0034722222222220017,4.407689499535375e-06,253542400,0,0,0,3
als|factors=16;epochs=30;regularisation=0.1;alpha=40.0|frac=0.25,software,als,0.25,,,16.0,30.0,0.1,40.0,,,,,,,,0.05167613935661201,0.09438470728793301,0.47455197132616406,2.046875,2.039245400000027,0.09375000000000001,0.09447399999999101,0.0328125,7.560483870967742e-05,584896512.0,319232.0,2605.0,1674.0,0.12938320445766902,0.135603345280765,0.0044603743528470186,0.015625,0.041084599998611804,0.0078125,0.005793975000188009,0.0015624999999999944,5.600358422939075e-06,253542400,0,0,0,3
als|factors=32;epochs=5;regularisation=0.001;alpha=1.0|frac=0.25,software,als,0.25,,,32.0,5.0,0.001,1.0,,,,,,,,0.094400522163593,0.207287933094384,0.46005575467941,0.484375,0.484542500000316,0.09375000000000001,0.09613645000001701,0.034722222222222,7.674565246249833e-05,584896512.0,638464.0,2605.0,1674.0,0.009050545306668004,0.01433691756272401,0.026782158502589026,0.0625,0.055932800000278005,0.0078125,0.005348400000003001,0.003645833333333001,6.8448825169255495e-06,253194240,0,0,0,3
als|factors=32;epochs=5;regularisation=0.001;alpha=10.0|frac=0.25,software,als,0.25,,,32.0,5.0,0.001,10.0,,,,,,,,0.053102808122344004,0.087216248506571,0.48239745121465505,0.453125,0.45938130000001803,0.09765625,0.09692262500038801,0.0328125,7.907913513872296e-05,584896512.0,638464.0,2605.0,1674.0,0.0070746674687330036,0.015531660692951005,0.07574671445639197,0.015625000000000056,0.02471100000002502,0.01953125,0.014813958333395993,0.0019097222222220003,1.1667413381123083e-05,253194240,0,0,0,3
als|factors=32;epochs=5;regularisation=0.001;alpha=40.0|frac=0.25,software,als,0.25,,,32.0,5.0,0.001,40.0,,,,,,,,0.051413630928580006,0.08004778972520901,0.47373556352050905,0.484375,0.476757300000031,0.1015625,0.101346575000007,0.034374999999999996,8.12051971326165e-05,584896512.0,638464.0,2605.0,1674.0,0.005711875226497999,0.016726403823178,0.08018717642373596,0.21875,0.213815200000681,0.015624999999999986,0.016826508333149,0.0034722222222220017,1.1408137528209209e-05,253194240,0,0,0,3
als|factors=32;epochs=5;regularisation=0.01;alpha=1.0|frac=0.25,software,als,0.25,,,32.0,5.0,0.01,1.0,,,,,,,,0.09381815866954,0.206690561529271,0.45830346475507705,0.453125,0.460718100000008,0.09765625,0.09686345,0.034374999999999996,7.887171445639187e-05,584896512.0,638464.0,2605.0,1674.0,0.009056365877314995,0.01433691756272401,0.02839506172839501,0.015625000000000056,0.016945299999860997,0.014322916666666005,0.010282308333368989,0.0020833333333330067,9.800627240143378e-06,253194240,0,0,0,3
als|factors=32;epochs=5;regularisation=0.01;alpha=10.0|frac=0.25,software,als,0.25,,,32.0,5.0,0.01,10.0,,,,,,,,0.053730172425089005,0.09378733572281901,0.459518120270808,0.46875000000000006,0.46373420000054405,0.09765625,0.097966724999878,0.0328125,7.907913513872296e-05,584896512.0,638464.0,2605.0,1674.0,0.04468710827366,0.12962962962963004,0.055655117483074,0.046875,0.04934450000075702,0.006510416666666005,0.0054773249997689955,0.0034722222222220017,2.9557447232178688e-06,253194240,0,0,0,3
als|factors=32;epochs=5;regularisation=0.01;alpha=40.0|frac=0.25,software,als,0.25,,,32.0,5.0,0.01,40.0,,,,,,,,0.050942703820981004,0.081839904420549,0.442931103146156,0.46875000000000006,0.477972700000009,0.104166666666666,0.100172333333299,0.0328125,8.182745917960974e-05,584896512.0,638464.0,2605.0,1674.0,0.004496579740734995,0.01433691756272401,0.06652727996814001,0.0625,0.05959530000018304,0.010416666666665991,0.014932516666704004,0.0034722222222220017,8.29682729324307e-06,253194240,0,0,0,3
als|factors=32;epochs=5;regularisation=0.1;alpha=1.0|frac=0.25,software,als,0.25,,,32.0,5.0,0.1,1.0,,,,,,,,0.093376605938794,0.207287933094384,0.458900836320191,0.453125,0.45678910000003703,0.09765625,0.0982394749999,0.034722222222222,8.011623855037835e-05,584896512.0,638464.0,2605.0,1674.0,0.013115641768844,0.012544802867382993,0.02974910394265301,0.03125,0.035222199999226045,0.01171875,0.012276749999927006,0.005208333333333003,9.074654851984597e-06,253194240,0,0,0,3
als|factors=32;epochs=5;regularisation=0.1;alpha=10.0|frac=0.25,software,als,0.25,,,32.0,5.0,0.1,10.0,,,,,,,,0.08506986914393101,0.201911589008363,0.48070489844683306,0.5,0.49400370000000704,0.104166666666666,0.10402196666655,0.034722222222222,8.400537634408604e-05,584896512.0,638464.0,2605.0,1674.0,0.043452742714118996,0.11827956989247301,0.07285941855834405,0.046875,0.06008449999899401,0.01692708333333301,0.03362954166667001,0.003645833333333001,1.1252572016460911e-05,253194240,0,0,0,3
als|factors=32;epochs=5;regularisation=0.1;alpha=40.0|frac=0.25,software,als,0.25,,,32.0,5.0,0.1,40.0,,,,,,,,0.049765046004184,0.079450418160095,0.46963361210673005,0.453125,0.470467200000712,0.09765625,0.09830374999998501,0.0328125,7.793832138590203e-05,584896512.0,638464.0,2605.0,1674.0,0.004866032814741003,0.015531660692951005,0.04249303066507404,0.031250000000000056,0.025360500000260966,0.003906249999999986,0.006946650000144994,0.0015625000000000014,3.26687574671445e-06,253194240,0,0,0,3
als|factors=32;epochs=15;regularisation=0.001;alpha=1.0|frac=0.25,software,als,0.25,,,32.0,15.0,0.001,1.0,,,,,,,,0.09114734462615601,0.21027479091995202,0.442970927917164,1.46875,1.496043200000031,0.09375000000000001,0.09490189999996801,0.034722222222222,7.674565246249833e-05,584896512.0,638464.0,2605.0,1674.0,0.043626036542115,0.129629629629629,0.017542811628832977,0.125,0.12658440000086602,0.015624999999999986,0.016318908333460003,0.0034722222222220017,1.1408137528209209e-05,253128704,0,0,0,3
als|factors=32;epochs=15;regularisation=0.001;alpha=10.0|frac=0.25,software,als,0.25,,,32.0,15.0,0.001,10.0,,,,,,,,0.097257044249188,0.22162485065710802,0.483811230585424,1.421875,1.4185242999999441,0.09375000000000001,0.09611199999972,0.0328125,7.674565246249833e-05,584896512.0,638464.0,2605.0,1674.0,0.00980552217407299,0.011947431302269995,0.01782158502588599,0.109375,0.09522350000042912,0.014322916666666005,0.012970441666767002,0.0019097222222220003,8.556103146156944e-06,253128704,0,0,0,3
als|factors=32;epochs=15;regularisation=0.001;alpha=40.0|frac=0.25,software,als,0.25,,,32.0,15.0,0.001,40.0,,,,,,,,0.05830123020477,0.09976105137395401,0.48649940262843405,1.375,1.3806841000000531,0.09765625,0.09659915000000201,0.0328125,7.793832138590203e-05,584896512.0,638464.0,2605.0,1674.0,0.047780669776215,0.126642771804062,0.09524093986459609,0.078125,0.058173100000203926,0.003906249999999986,0.007487774999845001,0.0015624999999999944,3.26687574671445e-06,253124608,0,0,0,3
als|factors=32;epochs=15;regularisation=0.01;alpha=1.0|frac=0.25,software,als,0.25,,,32.0,15.0,0.01,1.0,,,,,,,,0.089655536491205,0.21087216248506502,0.444245320589406,1.375,1.374745200000006,0.09765625,0.09645044999999101,0.03125,7.700492831541218e-05,584896512.0,638464.0,2605.0,1674.0,0.043709245485307004,0.130227001194743,0.014376742333730985,0.0625,0.059731600000304974,0.007812499999999986,0.012191600000051012,0.0034722222222220017,6.741172175759973e-06,253124608,0,0,0,3
als|factors=32;epochs=15;regularisation=0.01;alpha=10.0|frac=0.25,software,als,0.25,,,32.0,15.0,0.01,10.0,,,,,,,,0.09727185577821401,0.21983273596176803,0.48448825169255205,1.40625,1.3974015,0.09375000000000001,0.09523732499999901,0.0328125,7.560483870967742e-05,584896512.0,638464.0,2605.0,1674.0,0.007071762379104007,0.010155316606930004,0.03663878932696102,0.140625,0.1464687999996388,0.014322916666666005,0.011833183333540997,0.005208333333333003,1.1667413381123083e-05,253124608,0,0,0,3
als|factors=32;epochs=15;regularisation=0.01;alpha=40.0|frac=0.25,software,als,0.25,,,32.0,15.0,0.01,40.0,,,,,,,,0.059330510322271005,0.097968936678614,0.48548387096774204,1.515625,1.516499499999554,0.1015625,0.10137717500001,0.0328125,8.027180406212666e-05,584896512.0,638464.0,2605.0,1674.0,0.08170652390456501,0.127240143369176,0.09621664675428099,0.28125,0.278535999999463,0.01171875,0.011353999999756004,0.0019097222222220003,8.141261781494758e-06,253124608,0,0,0,3
als|factors=32;epochs=15;regularisation=0.1;alpha=1.0|frac=0.25,software,als,0.25,,,32.0,15.0,0.1,1.0,,,,,,,,0.09083223727749201,0.20967741935483802,0.43564317005177206,1.453125,1.4704774000000491,0.104166666666666,0.10230494999996101,0.0328125,8.08940661091199e-05,584896512.0,638464.0,2605.0,1674.0,0.046034497039144,0.130227001194743,0.02508960573476704,0.1875,0.181860599998799,0.015625,0.017373099999949,0.0034722222222220017,1.0474744457719383e-05,253124608,0,0,0,3
als|factors=32;epochs=15;regularisation=0.1;alpha=10.0|frac=0.25,software,als,0.25,,,32.0,15.0,0.1,10.0,,,,,,,,0.090086549780702,0.21505376344086002,0.49749103942652306,1.375,1.362944099999936,0.09375000000000001,0.098500725000008,0.03125,7.467144563918758e-05,584896512.0,638464.0,2605.0,1674.0,0.040808273720787,0.115292712066906,0.03128235762644399,0.109375,0.10257130000081882,0.01171875,0.010760974999585005,0.0034722222222220017,9.074654851984597e-06,253124608,0,0,0,3
als|factors=32;epochs=15;regularisation=0.1;alpha=40.0|frac=0.25,software,als,0.25,,,32.0,15.0,0.1,40.0,,,,,,,,0.088532861801279,0.212664277180406,0.475149342891278,1.609375,1.611033099999986,0.119791666666666,0.11831429999983802,0.036458333333333,9.333930704898449e-05,584896512.0,638464.0,2605.0,1674.0,0.044382426247525,0.11887694145758601,0.009040223018718041,1.1875,1.2075854999997087,0.08984375,0.10068992500004002,0.021875,6.67376045395472e-05,253124608,0,0,0,3
als|factors=32;epochs=30;regularisation=0.001;alpha=1.0|frac=0.25,software,als,0.25,,,32.0,30.0,0.001,1.0,,,,,,,,0.051135788169631005,0.087813620071684,0.4510553564317,3.046875,3.06303520000074,0.09765625,0.096441124999984,0.0328125,7.793832138590203e-05,584896512.0,638464.0,2605.0,1674.0,0.004221337416753998,0.01015531660692999,0.011808044603744017,1.71875,1.7123073000002478,0.010416666666665991,0.007361783333559996,0.0034722222222220017,8.29682729324307e-06,253124608,0,0,0,3
als|factors=32;epochs=30;regularisation=0.001;alpha=10.0|frac=0.25,software,als,0.25,,,32.0,30.0,0.001,10.0,,,,,,,,0.098801056225378,0.21983273596176803,0.476383910792512,2.796875,2.800497099999916,0.09375000000000001,0.094165750000001,0.03125,7.467144563918758e-05,584896512.0,638464.0,2605.0,1674.0,0.004544939004112,0.007765830346475017,0.024173636001593002,0.34375,0.3583400999987143,0.014322916666666005,0.01436019166673401,0.0078125,1.3223068498606152e-05,253124608,0,0,0,3
als|factors=32;epochs=30;regularisation=0.001;alpha=40.0|frac=0.25,software,als,0.25,,,32.0,30.0,0.001,40.0,,,,,,,,0.056578389265824,0.10274790919952201,0.47875348466746304,2.734375,2.732125500000052,0.09765625,0.09788012499998901,0.03125,7.700492831541218e-05,584896512.0,638464.0,2605.0,1674.0,0.124130611157442,0.124253285543608,0.08410991636798099,0.296875,0.26367550000031725,0.003906249999999986,0.011206600000150002,0.0034722222222220017,4.407689499535375e-06,253124608,0,0,0,3
als|factors=32;epochs=30;regularisation=0.01;alpha=1.0|frac=0.25,software,als,0.25,,,32.0,30.0,0.01,1.0,,,,,,,,0.051303824645118005,0.08841099163679801,0.45025886101154905,2.71875,2.721144400000412,0.09375000000000001,0.09515122499999501,0.03125,7.467144563918758e-05,584896512.0,638464.0,2605.0,1674.0,0.004198649126838996,0.009557945041815993,0.010633213859020996,0.265625,0.275581599998759,0.014322916666666005,0.012131175000226008,0.0034722222222220017,1.0630309969467694e-05,253124608,0,0,0,3
als|factors=32;epochs=30;regularisation=0.01;alpha=10.0|frac=0.25,software,als,0.25,,,32.0,30.0,0.01,10.0,,,,,,,,0.09319231878865601,0.22043010752688103,0.47716049382716,2.828125,2.837174500000401,0.09765625,0.095660850000001,0.034722222222222,7.907913513872296e-05,584896512.0,638464.0,2605.0,1674.0,0.042730488351807004,0.12962962962963004,0.019534050179211004,0.234375,0.19779529999948364,0.006510416666666005,0.010546775000497,0.0034722222222220017,5.963344617018472e-06,253124608,0,0,0,3
als|factors=32;epochs=30;regularisation=0.01;alpha=40.0|frac=0.25,software,als,0.25,,,32.0,30.0,0.01,40.0,,,,,,,,0.056917327923382006,0.10573476702508901,0.47534846674631603,2.8125,2.84092899999996,0.09765625,0.09910240000002,0.0328125,7.700492831541218e-05,584896512.0,638464.0,2605.0,1674.0,0.12476732871430199,0.12485065710872101,0.005436081242533031,0.296875,0.29146590000163997,0.014322916666666005,0.013311691666861997,0.005208333333333003,1.0734020310633244e-05,253124608,0,0,0,3
als|factors=32;epochs=30;regularisation=0.1;alpha=1.0|frac=0.25,software,als,0.25,,,32.0,30.0,0.1,1.0,,,,,,,,0.054689228352977,0.094982078853046,0.44557945041816005,2.734375,2.768760400000019,0.09765625,0.09899542499999801,0.036458333333333,8.011623855037835e-05,584896512.0,638464.0,2605.0,1674.0,0.035035521612697004,0.120071684587814,0.024273197929112034,0.703125,0.791556800000762,0.03515625,0.032292916666772004,0.011830357142857004,2.8068463047547208e-05,253124608,0,0,0,3
als|factors=32;epochs=30;regularisation=0.1;alpha=10.0|frac=0.25,software,als,0.25,,,32.0,30.0,0.1,10.0,,,,,,,,0.05506118592940901,0.097968936678614,0.47857427319792906,2.734375,2.728404299999965,0.09765625,0.095560199999994,0.0328125,7.793832138590203e-05,584896512.0,638464.0,2605.0,1674.0,0.04313188255425601,0.12962962962963004,0.017343687773795025,0.46875,0.47126489999936894,0.014322916666666005,0.01163205000004,0.005208333333333003,1.1667413381123083e-05,253124608,0,0,0,3
als|factors=32;epochs=30;regularisation=0.1;alpha=40.0|frac=0.25,software,als,0.25,,,32.0,30.0,0.1,40.0,,,,,,,,0.11442007370120301,0.21505376344086002,0.446754281162883,2.734375,2.728307000000313,0.09765625,0.099006250000002,0.034722222222222,7.907913513872296e-05,584896512.0,638464.0,2605.0,1674.0,0.118437955488708,0.108721624850657,0.038052568697729994,0.421875,0.41199359999916396,0.020833333333332996,0.022859841666862002,0.0078125,1.7112206292313806e-05,253124608,0,0,0,3
als|factors=64;epochs=5;regularisation=0.001;alpha=1.0|frac=0.25,software,als,0.25,,,64.0,5.0,0.001,1.0,,,,,,,,0.046994698013882,0.082437275985663,0.41270410195141305,0.828125,0.831162700000277,0.10546875,0.10579042499998001,0.0328125,8.260528673835126e-05,584896512.0,1276928.0,2605.0,1674.0,0.004488780792165005,0.0035842293906809958,0.019713261648744984,0.171875,0.18378179999911093,0.015624999999999986,0.016071633333391996,0.005208333333333003,1.2445240939864597e-05,252637184,0,0,0,3
als|factors=64;epochs=5;regularisation=0.001;alpha=10.0|frac=0.25,software,als,0.25,,,64.0,5.0,0.001,10.0,,,,,,,,0.053922585935381004,0.08900836320191101,0.44169653524492203,0.859375,0.8476312999999891,0.09765625,0.09895800000001001,0.034722222222222,7.907913513872296e-05,584896512.0,1276928.0,2605.0,1674.0,0.04736701376984301,0.12485065710872201,0.01804062126642797,0.09375000000000011,0.091027099999337,0.022135416666666005,0.026500058332961013,0.008203124999999999,1.812338211867782e-05,252637184,0,0,0,3
als|factors=64;epochs=5;regularisation=0.001;alpha=40.0|frac=0.25,software,als,0.25,,,64.0,5.0,0.001,40.0,,,,,,,,0.049387142078414006,0.081242532855436,0.45559538032656305,0.859375,0.862470600000051,0.104166666666666,0.102432966666659,0.0328125,8.182745917960974e-05,584896512.0,1276928.0,2605.0,1674.0,0.004529498303618006,0.004181600955794007,0.035503783353245,0.1875,0.16245140000046399,0.010416666666665991,0.012806333333629003,0.0019097222222220003,7.36343422275323e-06,252637184,0,0,0,3
als|factors=64;epochs=5;regularisation=0.01;alpha=1.0|frac=0.25,software,als,0.25,,,64.0,5.0,0.01,1.0,,,,,,,,0.046378915697927,0.082437275985663,0.41099163679808803,0.875,0.8737631999993021,0.1015625,0.09894159999998901,0.0328125,8.027180406212666e-05,584896512.0,1276928.0,2605.0,1674.0,0.004382022153477001,0.004181600955794992,0.02086818000796503,0.078125,0.06981379999979298,0.02473958333333301,0.022332799999957992,0.006249999999999999,1.851229589804859e-05,252637184,0,0,0,3
als|factors=64;epochs=5;regularisation=0.01;alpha=10.0|frac=0.25,software,als,0.25,,,64.0,5.0,0.01,10.0,,,,,,,,0.05342048182480601,0.087813620071684,0.44434488251692505,0.9062500000000001,0.9261904999999611,0.109375,0.11104430000000301,0.034722222222222,8.711668657905218e-05,584896512.0,1276928.0,2605.0,1674.0,0.04044800046445301,0.12186379928315402,0.014376742333730985,0.1406250000000001,0.147753199999898,0.029947916666666005,0.02420743333361,0.005208333333333003,1.9964240674366125e-05,252637184,0,0,0,3
als|factors=64;epochs=5;regularisation=0.01;alpha=40.0|frac=0.25,software,als,0.25,,,64.0,5.0,0.01,40.0,,,,,,,,0.048498581366369004,0.08064516129032201,0.45075667064914304,0.859375,0.8566906999999441,0.09765625,0.09762987500016601,0.0328125,7.793832138590203e-05,584896512.0,1276928.0,2605.0,1674.0,0.005281078542458004,0.007765830346476002,0.05280764635603302,0.0625,0.05557560000124795,0.014322916666666005,0.01025331666668701,0.0019097222222220003,9.696916898977855e-06,252637184,0,0,0,3
als|factors=64;epochs=5;regularisation=0.1;alpha=1.0|frac=0.25,software,als,0.25,,,64.0,5.0,0.1,1.0,,,,,,,,0.046193721717413004,0.081839904420549,0.41011549183592105,0.875,0.8798771000001581,0.09765625,0.09782290000021,0.034374999999999996,7.887171445639187e-05,584896512.0,1276928.0,2605.0,1674.0,0.004400332993173002,0.004181600955793993,0.006192751891677006,0.078125,0.07079799999962699,0.0078125,0.008280224999850996,0.0034722222222220017,6.74117217576e-06,252637184,0,0,0,3
als|factors=64;epochs=5;regularisation=0.1;alpha=10.0|frac=0.25,software,als,0.25,,,64.0,5.0,0.1,10.0,,,,,,,,0.049976817281199,0.082437275985663,0.42929111907606504,0.8437500000000001,0.8506243000000491,0.09765625,0.100061425000149,0.0328125,7.793832138590203e-05,584896512.0,1276928.0,2605.0,1674.0,0.005115051135916003,0.006571087216247995,0.014655515730783997,0.171875,0.15116300000045102,0.015624999999999986,0.014823041666773007,0.0019097222222220003,1.047474445771937e-05,252637184,0,0,0,3
als|factors=64;epochs=5;regularisation=0.1;alpha=40.0|frac=0.25,software,als,0.25,,,64.0,5.0,0.1,40.0,,,,,,,,0.046518257608367,0.075866188769414,0.43420947829549905,0.859375,0.8587410000000091,0.1015625,0.099864300000263,0.0328125,8.141261781494756e-05,584896512.0,1276928.0,2605.0,1674.0,0.004387448465503006,0.004778972520908004,0.021206690561530017,0.046875,0.04565280000133498,0.019531249999999986,0.020310475000030997,0.0019097222222220003,1.166741338112307e-05,252637184,0,0,0,3
als|factors=64;epochs=15;regularisation=0.001;alpha=1.0|frac=0.25,software,als,0.25,,,64.0,15.0,0.001,1.0,,,,,,,,0.050316081983541004,0.08542413381123001,0.43647949024293103,2.625,2.648015200000031,0.09765625,0.09688867499971801,0.0328125,7.793832138590203e-05,584896512.0,1276928.0,2605.0,1674.0,0.001956479985866004,0.004181600955795006,0.023974512146554994,0.1875,0.18232300000090618,0.003906249999999986,0.004598400000049005,0.0,2.333482676224611e-06,252620800,0,0,0,3
als|factors=64;epochs=15;regularisation=0.001;alpha=10.0|frac=0.25,software,als,0.25,,,64.0,15.0,0.001,10.0,,,,,,,,0.052257372773950005,0.089605734767025,0.45539625647152504,2.515625,2.512286499999391,0.09765625,0.09650910000002,0.0328125,7.793832138590203e-05,584896512.0,1276928.0,2605.0,1674.0,0.0042003586033719995,0.008960573476702996,0.025866188769414045,0.34375,0.378002400000355,0.014322916666666005,0.009044208332852993,0.0019097222222220003,9.696916898977855e-06,252620800,0,0,0,3
als|factors=64;epochs=15;regularisation=0.001;alpha=40.0|frac=0.25,software,als,0.25,,,64.0,15.0,0.001,40.0,,,,,,,,0.05124275781441601,0.08602150537634401,0.453365193150139,2.5,2.498773100000107,0.09765625,0.097679575,0.0328125,7.793832138590203e-05,584896512.0,1276928.0,2605.0,1674.0,0.001978460943191998,0.004778972520908004,0.031123058542413984,0.734375,0.738368400000013,0.020833333333332996,0.020691891666956008,0.005208333333333003,1.5556551174830736e-05,252620800,0,0,0,3
als|factors=64;epochs=15;regularisation=0.01;alpha=1.0|frac=0.25,software,als,0.25,,,64.0,15.0,0.01,1.0,,,,,,,,0.049305428724493006,0.084826762246117,0.43811230585424105,2.515625,2.522606499999938,0.09765625,0.09764839999999701,0.0328125,7.793832138590203e-05,584896512.0,1276928.0,2605.0,1674.0,0.0014366842347020015,0.004181600955795006,0.02439267224213404,0.265625,0.2800923999993752,0.010416666666665991,0.012654424999786001,0.017857142857142003,1.688996984695911e-05,252620800,0,0,0,3
als|factors=64;epochs=15;regularisation=0.01;alpha=10.0|frac=0.25,software,als,0.25,,,64.0,15.0,0.01,10.0,,,,,,,,0.05244644301126301,0.090203106332138,0.46515332536837906,2.484375,2.4955267999999933,0.1015625,0.09809837500000601,0.03125,7.933841099163679e-05,584896512.0,1276928.0,2605.0,1674.0,0.003479983821421999,0.007765830346475988,0.027837514934288987,0.703125,0.7083461000001989,0.010416666666665991,0.011499016666146,0.005208333333333003,9.333930704898458e-06,252620800,0,0,0,3
als|factors=64;epochs=15;regularisation=0.01;alpha=40.0|frac=0.25,software,als,0.25,,,64.0,15.0,0.01,40.0,,,,,,,,0.051140453152176,0.08542413381123001,0.45013938669852605,2.640625,2.675955599999952,0.104166666666666,0.10119740000000801,0.034722222222222,8.296827293243065e-05,584896512.0,1276928.0,2605.0,1674.0,0.0038129371023779973,0.010752688172043001,0.015173237753882962,0.203125,0.23761290000038526,0.014322916666666005,0.010691333333245998,0.005208333333333003,1.1667413381123083e-05,252620800,0,0,0,3
als|factors=64;epochs=15;regularisation=0.1;alpha=1.0|frac=0.25,software,als,0.25,,,64.0,15.0,0.1,1.0,,,,,,,,0.049607689395953,0.08542413381123001,0.427538829151732,2.515625,2.529509800000028,0.09765625,0.096173375000006,0.0328125,7.793832138590203e-05,584896512.0,1276928.0,2605.0,1674.0,0.002558547518875,0.004181600955795006,0.027200318598168016,0.25,0.2552553000004991,0.020833333333332996,0.017997699999719993,0.005208333333333003,1.5556551174830736e-05,252620800,0,0,0,3
als|factors=64;epochs=15;regularisation=0.1;alpha=10.0|frac=0.25,software,als,0.25,,,64.0,15.0,0.1,10.0,,,,,,,,0.05170955026679801,0.090203106332138,0.44884508164078,2.484375,2.4777478999999403,0.09765625,0.09686119999997801,0.0328125,7.793832138590203e-05,584896512.0,1276928.0,2605.0,1674.0,0.002667615138457001,0.0071684587813619915,0.0024492234169650184,0.328125,0.31677729999864823,0.014322916666666005,0.007787583332779999,0.0019097222222220003,9.696916898977855e-06,252620800,0,0,0,3
als|factors=64;epochs=15;regularisation=0.1;alpha=40.0|frac=0.25,software,als,0.25,,,64.0,15.0,0.1,40.0,,,,,,,,0.050863614872532006,0.08602150537634401,0.434647550776583,2.515625,2.514323999999988,0.104166666666666,0.09872403333330701,0.0328125,8.08940661091199e-05,584896512.0,1276928.0,2605.0,1674.0,0.003926133091661996,0.008363201911589,0.039088012743927036,0.21875,0.21281220000037093,0.010416666666665991,0.008174100000133008,0.0034722222222220017,7.36343422275323e-06,252620800,0,0,0,3
als|factors=64;epochs=30;regularisation=0.001;alpha=1.0|frac=0.25,software,als,0.25,,,64.0,30.0,0.001,1.0,,,,,,,,0.04992339830418,0.08363201911589001,0.412982875348466,5.0,4.998087399999918,0.09765625,0.096808299999992,0.0328125,7.793832138590203e-05,584896512.0,1276928.0,2605.0,1674.0,0.0015408271089929967,0.0029868578255679984,0.010872162485066006,0.578125,0.6031899999998132,0.015624999999999986,0.013198999999759,0.003645833333333001,1.1511847869374758e-05,252620800,0,0,0,3
als|factors=64;epochs=30;regularisation=0.001;alpha=10.0|frac=0.25,software,als,0.25,,,64.0,30.0,0.001,10.0,,,,,,,,0.05255708030647101,0.09199522102747901,0.44522102747909204,5.25,5.350373799999943,0.09765625,0.09835747499982901,0.034374999999999996,7.907913513872296e-05,584896512.0,1276928.0,2605.0,1674.0,0.0017287091448770012,0.004181600955794007,0.03924731182795699,0.515625,0.5173627999993187,0.007812499999999986,0.005666524999952002,0.0019097222222220003,5.600358422939075e-06,252620800,0,0,0,3
als|factors=64;epochs=30;regularisation=0.001;alpha=40.0|frac=0.25,software,als,0.25,,,64.0,30.0,0.001,40.0,,,,,,,,0.050837331246377,0.087216248506571,0.45083632019115805,5.015625,5.018667199999982,0.09765625,0.098296049999987,0.0328125,7.793832138590203e-05,584896512.0,1276928.0,2605.0,1674.0,0.000949653600946003,0.0035842293906809958,0.025985663082436994,0.453125,0.44594820000020263,0.007812499999999986,0.006675275000360997,0.0019097222222220003,5.807779105270134e-06,252620800,0,0,0,3
als|factors=64;epochs=30;regularisation=0.01;alpha=1.0|frac=0.25,software,als,0.25,,,64.0,30.0,0.01,1.0,,,,,,,,0.049954618569109,0.084229390681003,0.41320191158900804,5.046875,5.039809800000512,0.09765625,0.09685552500002301,0.0328125,7.700492831541218e-05,584896512.0,1276928.0,2605.0,1674.0,0.0011269078533980015,0.002389486260454002,0.010095579450418002,0.6875,0.6936138999997183,0.014322916666666005,0.014662424999490997,0.005208333333333003,1.0734020310633244e-05,252620800,0,0,0,3
als|factors=64;epochs=30;regularisation=0.01;alpha=10.0|frac=0.25,software,als,0.25,,,64.0,30.0,0.01,10.0,,,,,,,,0.052635125952383004,0.09080047789725201,0.44581839904420506,5.03125,5.039302500000076,0.104166666666666,0.10023103333332901,0.034374999999999996,8.50424797557414e-05,584896512.0,1276928.0,2605.0,1674.0,0.0019073992033199968,0.0035842293906809958,0.05796495420151404,0.484375,0.5185144999995837,0.015624999999999986,0.01868215000005599,0.0069444444444440034,1.1200716845878123e-05,252620800,0,0,0,3
als|factors=64;epochs=30;regularisation=0.01;alpha=40.0|frac=0.25,software,als,0.25,,,64.0,30.0,0.01,40.0,,,,,,,,0.051443594069339,0.08661887694145701,0.43966547192353606,5.1875,5.207861699999967,0.09765625,0.09671482499999201,0.0328125,7.793832138590203e-05,584896512.0,1276928.0,2605.0,1674.0,0.001428800326848001,0.005973715651134998,0.02636399840700898,2.09375,2.1129778000013175,0.031249999999999986,0.033615358333918016,0.0078125,2.3334826762246125e-05,252620800,0,0,0,3
als|factors=64;epochs=30;regularisation=0.1;alpha=1.0|frac=0.25,software,als,0.25,,,64.0,30.0,0.1,1.0,,,,,,,,0.04946037881586501,0.08363201911589001,0.413918757467144,5.078125,5.08080259999997,0.09765625,0.097354875000007,0.0328125,7.700492831541218e-05,584896512.0,1276928.0,2605.0,1674.0,0.002003276308376996,0.0029868578255679984,0.011170848267623046,1.03125,1.038226399999985,0.015624999999999986,0.014993158333861,0.0078125,1.3067502986857828e-05,252620800,0,0,0,3
als|factors=64;epochs=30;regularisation=0.1;alpha=10.0|frac=0.25,software,als,0.25,,,64.0,30.0,0.1,10.0,,,,,,,,0.05302044337650701,0.09199522102747901,0.447570688968538,5.09375,5.109392300000081,0.104166666666666,0.10371626666672701,0.0328125,8.182745917960974e-05,584896512.0,1276928.0,2605.0,1674.0,0.0016983969533230017,0.002986857825566999,0.029410593389089024,0.71875,0.7200803000014275,0.010416666666665991,0.013026866667133,0.0034722222222220017,8.29682729324307e-06,252620800,0,0,0,3
als|factors=64;epochs=30;regularisation=0.1;alpha=40.0|frac=0.25,software,als,0.25,,,64.0,30.0,0.1,40.0,,,,,,,,0.051277445947922,0.08661887694145701,0.44279171644763005,5.21875,5.268244999999979,0.09765625,0.09704564999998401,0.034722222222222,7.907913513872296e-05,584896512.0,1276928.0,2605.0,1674.0,0.001264991597056002,0.004778972520908004,0.03665870171246505,1.125,1.174803800000518,0.03515625,0.030037783333530993,0.005208333333333003,2.411265432098768e-05,252620800,0,0,0,3
als|factors=128;epochs=5;regularisation=0.001;alpha=1.0|frac=0.25,software,als,0.25,,,128.0,5.0,0.001,1.0,,,,,,,,0.048007882953492,0.07825567502986801,0.45945838311429704,2.421875,2.424839600000041,0.09765625,0.10036717499997301,0.034374999999999996,7.887171445639187e-05,584896512.0,2553856.0,2605.0,1674.0,0.000581195814656002,0.002389486260454002,0.03482676224611697,0.28125,0.29613349999999583,0.01171875,0.014706541666176007,0.0069444444444440034,1.1148861675295388e-05,249761792,0,0,0,3
als|factors=128;epochs=5;regularisation=0.001;alpha=10.0|frac=0.25,software,als,0.25,,,128.0,5.0,0.001,10.0,,,,,,,,0.049650169609727006,0.084826762246117,0.432915173237753,2.5625,2.5557440000000042,0.109375,0.110537200000029,0.0328125,8.493876941457588e-05,584896512.0,2553856.0,2605.0,1674.0,0.0022858450309659953,0.007765830346476002,0.061529271206690994,0.609375,0.5926031999988477,0.031249999999999986,0.03163812500042701,0.003645833333333001,2.0845778574273216e-05,249761792,0,0,0,3
als|factors=128;epochs=5;regularisation=0.001;alpha=40.0|frac=0.25,software,als,0.25,,,128.0,5.0,0.001,40.0,,,,,,,,0.049127787492842,0.084826762246117,0.42859418558343204,2.46875,2.481402300000127,0.109375,0.10861646666671701,0.034722222222222,8.607958316739679e-05,584896512.0,2553856.0,2605.0,1674.0,0.0025725647419390027,0.008363201911589,0.07859418558343301,0.296875,0.30671760000041104,0.036458333333332996,0.038531000000148,0.005208333333333003,2.4890481879729195e-05,249761792,0,0,0,3
als|factors=128;epochs=5;regularisation=0.01;alpha=1.0|frac=0.25,software,als,0.25,,,128.0,5.0,0.01,1.0,,,,,,,,0.048083316938709,0.07825567502986801,0.46055356431700506,2.46875,2.4697349999999,0.104166666666666,0.10238373333352901,0.0328125,8.296827293243065e-05,584896512.0,2553856.0,2605.0,1674.0,0.0002130587533179934,0.002389486260454002,0.031600955794505003,0.109375,0.1283999000024778,0.015624999999999986,0.006789850000132006,0.0019097222222220003,9.333930704898458e-06,249761792,0,0,0,3
als|factors=128;epochs=5;regularisation=0.01;alpha=10.0|frac=0.25,software,als,0.25,,,128.0,5.0,0.01,10.0,,,,,,,,0.048580264317774006,0.081242532855436,0.43102349661489403,2.40625,2.436970100000053,0.1015625,0.101856624999982,0.034722222222222,8.141261781494756e-05,584896512.0,2553856.0,2605.0,1674.0,0.0021225448749290013,0.007765830346476002,0.07250099561927498,0.09375,0.09094179999920016,0.010416666666665991,0.009508183333613002,0.0019097222222220003,7.36343422275323e-06,249761792,0,0,0,3
als|factors=128;epochs=5;regularisation=0.01;alpha=40.0|frac=0.25,software,als,0.25,,,128.0,5.0,0.01,40.0,,,,,,,,0.047981499100272,0.081839904420549,0.418558343289526,2.390625,2.394290000000182,0.109375,0.109830566666687,0.0328125,8.493876941457588e-05,584896512.0,2553856.0,2605.0,1674.0,0.0032796321699939956,0.008960573476702996,0.09315013938669897,0.140625,0.14915790000122797,0.022135416666666005,0.024112291666673002,0.0078125,1.7890033851055388e-05,249761792,0,0,0,3
als|factors=128;epochs=5;regularisation=0.1;alpha=1.0|frac=0.25,software,als,0.25,,,128.0,5.0,0.1,1.0,,,,,,,,0.048246227698292,0.07825567502986801,0.458940661091198,2.484375,2.492286099999546,0.104166666666666,0.10747436666664101,0.0328125,8.182745917960974e-05,584896512.0,2553856.0,2605.0,1674.0,0.0007241591773239978,0.002986857825566999,0.03333333333333399,0.265625,0.25721950000001925,0.022135416666666005,0.020224308333884,0.005208333333333003,1.6334378733572305e-05,249761792,0,0,0,3
als|factors=128;epochs=5;regularisation=0.1;alpha=10.0|frac=0.25,software,als,0.25,,,128.0,5.0,0.1,10.0,,,,,,,,0.046972984519331004,0.08004778972520901,0.45169255276782105,2.421875,2.40954940000006,0.09765625,0.10080080000000101,0.0328125,7.793832138590203e-05,584896512.0,2553856.0,2605.0,1674.0,0.001916454678928002,0.007168458781362005,0.04723217841497496,0.171875,0.17475170000034312,0.00390625,0.008009300000139996,0.0078125,7.0004480286738605e-06,249753600,0,0,0,3
als|factors=128;epochs=5;regularisation=0.1;alpha=40.0|frac=0.25,software,als,0.25,,,128.0,5.0,0.1,40.0,,,,,,,,0.044835612051081004,0.075866188769414,0.407467144563918,2.390625,2.394114900000204,0.1015625,0.101037899999994,0.034722222222222,8.141261781494756e-05,584896512.0,2553856.0,2605.0,1674.0,0.0034022874214860027,0.005376344086021001,0.08472720031859798,0.171875,0.1905920000003789,0.006510416666666005,0.008171716666311002,0.0019097222222220003,5.029951546528619e-06,249737216,0,0,0,3
als|factors=128;epochs=15;regularisation=0.001;alpha=1.0|frac=0.25,software,als,0.25,,,128.0,15.0,0.001,1.0,,,,,,,,0.047573497222756,0.081839904420549,0.45113500597371503,7.21875,7.266907100000026,0.104166666666666,0.102223666666683,0.034722222222222,8.296827293243065e-05,584896512.0,2553856.0,2605.0,1674.0,0.0020616295171810017,0.005973715651134998,0.008403026682596015,0.5,0.4576015000020561,0.01171875,0.01601896666640301,0.0069444444444440034,1.1148861675295388e-05,249737216,0,0,0,3
als|factors=128;epochs=15;regularisation=0.001;alpha=10.0|frac=0.25,software,als,0.25,,,128.0,15.0,0.001,10.0,,,,,,,,0.047760494203813,0.08064516129032201,0.45227001194743105,7.328125,7.323674600000231,0.09765625,0.10210636666662701,0.0328125,7.887171445639187e-05,584896512.0,2553856.0,2605.0,1674.0,0.0005401940148489978,0.001194743130226994,0.031481481481481,0.421875,0.404167900000175,0.006510416666666005,0.005701699999918014,0.003124999999999996,4.82253086419756e-06,249737216,0,0,0,3
als|factors=128;epochs=15;regularisation=0.001;alpha=40.0|frac=0.25,software,als,0.25,,,128.0,15.0,0.001,40.0,,,,,,,,0.050019259154523,0.08303464755077601,0.41829948227797603,7.3125,7.354062800000975,0.104166666666666,0.10158233333330201,0.0328125,8.182745917960974e-05,584896512.0,2553856.0,2605.0,1674.0,0.001619751366146005,0.004181600955794992,0.07098765432098803,0.328125,0.30884050000008756,0.006510416666666005,0.006243141667255009,0.0034722222222220017,5.963344617018472e-06,249737216,0,0,0,3
als|factors=128;epochs=15;regularisation=0.01;alpha=1.0|frac=0.25,software,als,0.25,,,128.0,15.0,0.01,1.0,,,,,,,,0.047222466690972006,0.08064516129032201,0.453484667463162,7.21875,7.266257699999869,0.104166666666666,0.102870566666676,0.0328125,8.182745917960974e-05,584896512.0,2553856.0,2605.0,1674.0,0.002234224675189002,0.006571087216248009,0.00810434090004003,0.421875,0.453877799998736,0.015624999999999986,0.012981524999759991,0.006249999999999999,1.3067502986857828e-05,249729024,0,0,0,3
als|factors=128;epochs=15;regularisation=0.01;alpha=10.0|frac=0.25,software,als,0.25,,,128.0,15.0,0.01,10.0,,,,,,,,0.047530311589621003,0.08064516129032201,0.45493827160493805,7.25,7.266003799999908,0.104166666666666,0.10692036666667501,0.036458333333333,8.400537634408604e-05,584896512.0,2553856.0,2605.0,1674.0,0.0009301304361530038,0.0005973715651129974,0.058641975308642014,0.875,0.8922965000001568,0.01171875,0.016348149999430003,0.0069444444444440034,1.1148861675295388e-05,249729024,0,0,0,3
als|factors=128;epochs=15;regularisation=0.01;alpha=40.0|frac=0.25,software,als,0.25,,,128.0,15.0,0.01,40.0,,,,,,,,0.048725910893183004,0.081839904420549,0.413639984070091,7.4375,7.457346400000006,0.104166666666666,0.101138975000139,0.034374999999999996,8.296827293243065e-05,584896512.0,2553856.0,2605.0,1674.0,0.0024679965265620024,0.005376344086022,0.04647550776583098,0.765625,0.7662118999996892,0.01171875,0.005376966666441996,0.0019097222222220003,7.933841099163672e-06,249729024,0,0,0,3
als|factors=128;epochs=15;regularisation=0.1;alpha=1.0|frac=0.25,software,als,0.25,,,128.0,15.0,0.1,1.0,,,,,,,,0.047209326974206,0.08064516129032201,0.45455993628036606,7.421875,7.444809500000019,0.104166666666666,0.10616573333330301,0.034722222222222,8.182745917960974e-05,584896512.0,2553856.0,2605.0,1674.0,0.002269602510082,0.006571087216248009,0.00900039824771004,0.453125,0.47365870000066934,0.020833333333332996,0.013910091666881008,0.0019097222222220003,1.244524093986461e-05,249729024,0,0,0,3
als|factors=128;epochs=15;regularisation=0.1;alpha=10.0|frac=0.25,software,als,0.25,,,128.0,15.0,0.1,10.0,,,,,,,,0.047579318006799,0.079450418160095,0.45177220230983606,7.9375,7.9235102999991796,0.104166666666666,0.10430043333334,0.0328125,8.182745917960974e-05,584896512.0,2553856.0,2605.0,1674.0,0.0010155986265749997,0.002389486260454002,0.05545599362803599,0.796875,1.1699037000003045,0.0078125,0.011401600000226011,0.003645833333333001,6.8448825169255495e-06,249700352,0,0,0,3
als|factors=128;epochs=15;regularisation=0.1;alpha=40.0|frac=0.25,software,als,0.25,,,128.0,15.0,0.1,40.0,,,,,,,,0.047222388884769005,0.081242532855436,0.42126642771804,7.4375,7.464565900000025,0.104166666666666,0.10086379999999401,0.034722222222222,8.08940661091199e-05,584896512.0,2553856.0,2605.0,1674.0,0.0011089357788089949,0.0035842293906810097,0.037614496216646975,0.375,0.38193600000158767,0.01171875,0.014626483333056009,0.0034722222222220017,7.0004480286738334e-06,249700352,0,0,0,3
als|factors=128;epochs=30;regularisation=0.001;alpha=1.0|frac=0.25,software,als,0.25,,,128.0,30.0,0.001,1.0,,,,,,,,0.045974175089743004,0.077060931899641,0.45983671843886903,14.484375,14.493841299999985,0.09765625,0.099492324999971,0.03125,7.700492831541218e-05,584896512.0,2553856.0,2605.0,1674.0,0.002558033384645997,0.008363201911589,0.02287933094384703,1.78125,1.7288793999985046,0.006510416666666005,0.013731383333075997,0.0034722222222220017,5.963344617018472e-06,249683968,0,0,0,3
als|factors=128;epochs=30;regularisation=0.001;alpha=10.0|frac=0.25,software,als,0.25,,,128.0,30.0,0.001,10.0,,,,,,,,0.047446185518349004,0.079450418160095,0.454759060135404,14.640625,14.6358194000004,0.1015625,0.10144417499998301,0.0328125,7.933841099163679e-05,584896512.0,2553856.0,2605.0,1674.0,0.0006580128901240018,0.0011947431302270078,0.05272799681401902,3.0,3.0408068000010644,0.01692708333333301,0.028288816666797,0.009765625,1.5012071883711668e-05,249683968,0,0,0,3
als|factors=128;epochs=30;regularisation=0.001;alpha=40.0|frac=0.25,software,als,0.25,,,128.0,30.0,0.001,40.0,,,,,,,,0.049442124638117,0.084229390681003,0.45147351652728,14.828125,14.917945599999939,0.109375,0.10476680000003001,0.036458333333333,8.493876941457588e-05,584896512.0,2553856.0,2605.0,1674.0,0.0007332478271080065,0.0017921146953400052,0.01969334926324201,4.96875,5.137560200000735,0.041666666666666005,0.06208755833373901,0.014062499999999999,3.111310234884629e-05,249683968,0,0,0,3
als|factors=128;epochs=30;regularisation=0.01;alpha=1.0|frac=0.25,software,als,0.25,,,128.0,30.0,0.01,1.0,,,,,,,,0.045974175089743004,0.077060931899641,0.459438470728793,14.734375,14.786383200000046,0.125,0.12348449999997901,0.038194444444444,9.7487720695606e-05,584896512.0,2553856.0,2605.0,1674.0,0.002867554861250003,0.00896057347670201,0.016208681800079006,3.46875,3.5006419999990612,0.031249999999999986,0.030014558332973992,0.0078125,2.3334826762246125e-05,249675776,0,0,0,3
als|factors=128;epochs=30;regularisation=0.01;alpha=10.0|frac=0.25,software,als,0.25,,,128.0,30.0,0.01,10.0,,,,,,,,0.047079271016783004,0.078853046594982,0.44874551971326104,16.84375,17.000796000000037,0.09765625,0.10106934999998801,0.0328125,7.700492831541218e-05,584896512.0,2553856.0,2605.0,1674.0,0.0016483573849719949,0.002986857825566999,0.046654719235365016,4.4375,4.654051299999992,0.010416666666665991,0.006594574999781,0.0034722222222220017,7.36343422275323e-06,249675776,0,0,0,3
als|factors=128;epochs=30;regularisation=0.01;alpha=40.0|frac=0.25,software,als,0.25,,,128.0,30.0,0.01,40.0,,,,,,,,0.049060393746244005,0.08303464755077601,0.43934687375547504,14.515625,14.539944999999989,0.09765625,0.099154275000046,0.0328125,7.793832138590203e-05,584896512.0,2553856.0,2605.0,1674.0,0.0004867788325340003,0.0,0.017443249701314,0.9375,0.931893000000855,0.006510416666666005,0.006739574999453005,0.0034722222222220017,5.963344617018472e-06,249675776,0,0,0,3
als|factors=128;epochs=30;regularisation=0.1;alpha=1.0|frac=0.25,software,als,0.25,,,128.0,30.0,0.1,1.0,,,,,,,,0.04640873812120801,0.07765830346475501,0.45850258861011506,15.375,15.439124300000913,0.104166666666666,0.10337499999999,0.034722222222222,8.296827293243065e-05,584896512.0,2553856.0,2605.0,1674.0,0.0027651910664460017,0.009557945041816007,0.015969733174033995,2.265625,2.4927672000001166,0.022135416666666005,0.025329775000273003,0.009765625,1.9056775189167673e-05,249675776,0,0,0,3
als|factors=128;epochs=30;regularisation=0.1;alpha=10.0|frac=0.25,software,als,0.25,,,128.0,30.0,0.1,10.0,,,,,,,,0.047350642949106,0.08064516129032201,0.44804858622062904,15.0,15.034151699999711,0.1015625,0.10068920000003301,0.0328125,8.027180406212666e-05,584896512.0,2553856.0,2605.0,1674.0,0.0016923264939259983,0.002389486260454002,0.02301871764237401,2.578125,2.7972194999997555,0.01302083333333301,0.016455216666750996,0.0019097222222220003,8.919089340236286e-06,249675776,0,0,0,3
als|factors=128;epochs=30;regularisation=0.1;alpha=40.0|frac=0.25,software,als,0.25,,,128.0,30.0,0.1,40.0,,,,,,,,0.047483240463113,0.081839904420549,0.40820390282755803,15.390625,15.414574700000003,0.1015625,0.10274132499989701,0.034722222222222,8.141261781494756e-05,584896512.0,2553856.0,2605.0,1674.0,0.00041448942820800083,0.0005973715651139966,0.02371565113500601,0.96875,0.9518229999994219,0.01302083333333301,0.015782391666922996,0.006249999999999999,1.1511847869374731e-05,249675776,0,0,0,3
als|factors=16;epochs=5;regularisation=0.001;alpha=1.0|frac=0.5,software,als,0.5,,,16.0,5.0,0.001,1.0,,,,,,,,0.17817337034987402,0.23118279569892403,0.442612504978096,0.359375,0.366269899999679,0.09375000000000001,0.09457649999995901,0.034722222222222,7.674565246249833e-05,584896512.0,319232.0,4487.0,1674.0,0.0072760145979769986,0.010752688172043001,0.038749502190362994,0.15624999999999994,0.153255600000876,0.015624999999999986,0.011684716666270994,0.0019097222222220003,1.047474445771937e-05,249675776,0,0,0,3
als|factors=16;epochs=5;regularisation=0.001;alpha=10.0|frac=0.5,software,als,0.5,,,16.0,5.0,0.001,10.0,,,,,,,,0.186404984378879,0.24253285543608102,0.5221823974512141,0.359375,0.36468550000063205,0.09375000000000001,0.09573702500000501,0.034722222222222,7.560483870967742e-05,584896512.0,319232.0,4487.0,1674.0,0.009123277315106981,0.012544802867382993,0.09382716049382706,0.046874999999999944,0.04373759999884902,0.014322916666666005,0.013640433333422006,0.0019097222222220003,8.556103146156917e-06,249675776,0,0,0,3
als|factors=16;epochs=5;regularisation=0.001;alpha=40.0|frac=0.5,software,als,0.5,,,16.0,5.0,0.001,40.0,,,,,,,,0.18111783162345801,0.23357228195937801,0.528036638789327,0.375,0.37662819999991304,0.08984375,0.092319024999994,0.0328125,7.32713560334528e-05,584896512.0,319232.0,4487.0,1674.0,0.049347712933135,0.014934289127838007,0.09336917562724001,0.03125,0.039735199998175985,0.0078125,0.010074925000026005,0.003645833333333001,6.8448825169255495e-06,249675776,0,0,0,3
als|factors=16;epochs=5;regularisation=0.01;alpha=1.0|frac=0.5,software,als,0.5,,,16.0,5.0,0.01,1.0,,,,,,,,0.17828750081300201,0.23178016726403802,0.44066109119872504,0.34375000000000006,0.34782210000003005,0.09375000000000001,0.09376365000002801,0.0328125,7.560483870967742e-05,584896512.0,319232.0,4487.0,1674.0,0.006838160699740026,0.009557945041816007,0.03924731182795699,0.09374999999999994,0.09101389999887105,0.015624999999999986,0.01826115000009501,0.003124999999999996,1.1200716845878123e-05,249675776,0,0,0,3
als|factors=16;epochs=5;regularisation=0.01;alpha=10.0|frac=0.5,software,als,0.5,,,16.0,5.0,0.01,10.0,,,,,,,,0.18695709916355502,0.24432497013142102,0.523835125448028,0.359375,0.364325499999949,0.09765625,0.09611427499999001,0.03125,7.615638916042142e-05,584896512.0,319232.0,4487.0,1674.0,0.008571762140636985,0.011947431302269995,0.09199522102747898,0.046875000000000056,0.05492339999909701,0.014322916666666005,0.011859774999872993,0.004892676767677,1.0630309969467694e-05,249675776,0,0,0,3
als|factors=16;epochs=5;regularisation=0.01;alpha=40.0|frac=0.5,software,als,0.5,,,16.0,5.0,0.01,40.0,,,,,,,,0.181381752979242,0.234767025089605,0.526762246117084,0.34375000000000006,0.35202669999989605,0.09375000000000001,0.093497425000009,0.0328125,7.560483870967742e-05,584896512.0,319232.0,4487.0,1674.0,0.006135233613308977,0.016726403823178,0.08719633612106698,0.031249999999999944,0.04161879999992402,0.007812499999999986,0.005807025000194005,0.0019097222222220003,5.807779105270134e-06,249675776,0,0,0,3
als|factors=16;epochs=5;regularisation=0.1;alpha=1.0|frac=0.5,software,als,0.5,,,16.0,5.0,0.1,1.0,,,,,,,,0.17852309506340303,0.23237753882915102,0.43974512146555106,0.34375000000000006,0.35504839999998605,0.09765625,0.09477112500002201,0.0328125,7.793832138590203e-05,584896512.0,319232.0,4487.0,1674.0,0.007125517434925982,0.010155316606929005,0.040880127439267056,0.0625,0.06223080000018,0.014322916666666005,0.013889858332732,0.0019097222222220003,9.696916898977855e-06,249675776,0,0,0,3
als|factors=16;epochs=5;regularisation=0.1;alpha=10.0|frac=0.5,software,als,0.5,,,16.0,5.0,0.1,10.0,,,,,,,,0.185960434218116,0.24372759856630802,0.526085225009956,0.359375,0.351645299999972,0.09375000000000001,0.093867349999982,0.0328125,7.560483870967742e-05,584896512.0,319232.0,4487.0,1674.0,0.007084267031467001,0.011947431302269995,0.07339705296694599,0.046874999999999944,0.030098200000792996,0.014322916666666005,0.016462091667411,0.0034722222222220017,1.0630309969467694e-05,249675776,0,0,0,3
als|factors=16;epochs=5;regularisation=0.1;alpha=40.0|frac=0.5,software,als,0.5,,,16.0,5.0,0.1,40.0,,,,,,,,0.179600772144095,0.235364396654719,0.533990442054958,0.359375,0.362578800000846,0.09375000000000001,0.093583874999978,0.0328125,7.467144563918758e-05,584896512.0,319232.0,4487.0,1674.0,0.008308193770139999,0.017323775388291995,0.029888490641179044,0.031249999999999944,0.04288430000065102,0.014322916666666005,0.015356016666676992,0.005208333333333003,1.0734020310633244e-05,249675776,0,0,0,3
als|factors=16;epochs=15;regularisation=0.001;alpha=1.0|frac=0.5,software,als,0.5,,,16.0,15.0,0.001,1.0,,,,,,,,0.18717047419541802,0.24372759856630802,0.464695340501792,1.046875,1.046548199999961,0.09375000000000001,0.093155999999964,0.0328125,7.467144563918758e-05,584896512.0,319232.0,4487.0,1674.0,0.001888084060541001,0.004181600955793979,0.02726005575467999,0.109375,0.10520300000121097,0.01171875,0.012657074999879003,0.0078125,1.0734020310633244e-05,249675776,0,0,0,3
als|factors=16;epochs=15;regularisation=0.001;alpha=10.0|frac=0.5,software,als,0.5,,,16.0,15.0,0.001,10.0,,,,,,,,0.19584987756219002,0.25806451612903203,0.47307845479888405,1.046875,1.044923399998879,0.08984375,0.09305219999998801,0.0328125,7.32713560334528e-05,584896512.0,319232.0,4487.0,1674.0,0.001242088677582992,0.005973715651135025,0.03490641178813203,0.125,0.1337223999998971,0.01171875,0.008782424999935992,0.0034722222222220017,9.074654851984597e-06,249675776,0,0,0,3
als|factors=16;epochs=15;regularisation=0.001;alpha=40.0|frac=0.5,software,als,0.5,,,16.0,15.0,0.001,40.0,,,,,,,,0.19621546684104602,0.26284348864994,0.502867383512544,1.078125,1.065287800000078,0.09765625,0.097206300000038,0.0328125,7.700492831541218e-05,584896512.0,319232.0,4487.0,1674.0,0.007309623067426996,0.010752688172043001,0.04504181600955803,0.078125,0.08574030000090693,0.014322916666666005,0.007597683333794,0.005208333333333003,1.0734020310633244e-05,249675776,0,0,0,3
als|factors=16;epochs=15;regularisation=0.01;alpha=1.0|frac=0.5,software,als,0.5,,,16.0,15.0,0.01,1.0,,,,,,,,0.18732161687273602,0.24372759856630802,0.46216646754281104,1.078125,1.076993800000082,0.09765625,0.095412049999993,0.0328125,7.700492831541218e-05,584896512.0,319232.0,4487.0,1674.0,0.001404410683116003,0.0041816009557949785,0.03124253285543599,0.09375,0.11178319999999098,0.01953125,0.015628875000099005,0.0034722222222220017,1.2808227133943994e-05,249675776,0,0,0,3
als|factors=16;epochs=15;regularisation=0.01;alpha=10.0|frac=0.5,software,als,0.5,,,16.0,15.0,0.01,10.0,,,,,,,,0.19618947434053002,0.257467144563918,0.46861808044603703,1.0625,1.05879979999986,0.09375000000000001,0.093584324999994,0.0328125,7.560483870967742e-05,584896512.0,319232.0,4487.0,1674.0,0.002024341049301992,0.003584229390680982,0.038092393468736996,0.234375,0.2361355000011831,0.014322916666666005,0.01243445,0.0019097222222220003,9.696916898977855e-06,249675776,0,0,0,3
als|factors=16;epochs=15;regularisation=0.01;alpha=40.0|frac=0.5,software,als,0.5,,,16.0,15.0,0.01,40.0,,,,,,,,0.196219498080993,0.260454002389486,0.524910394265233,1.0625,1.06231119999984,0.09765625,0.098607249999986,0.034722222222222,7.907913513872296e-05,584896512.0,319232.0,4487.0,1674.0,0.00848819837567899,0.007765830346474989,0.05350457984866597,0.078125,0.08750029999828302,0.04557291666666602,0.047671649999605006,0.008203124999999999,3.2124278175547205e-05,249675776,0,0,0,3
als|factors=16;epochs=15;regularisation=0.1;alpha=1.0|frac=0.5,software,als,0.5,,,16.0,15.0,0.1,1.0,,,,,,,,0.18667462495567802,0.24313022700119402,0.464356829948227,1.078125,1.059738400000014,0.1015625,0.09718149999997601,0.0328125,8.141261781494756e-05,584896512.0,319232.0,4487.0,1674.0,0.001430290872431017,0.003584229390680982,0.03397052966945496,0.09375,0.07487090000176888,0.006510416666666005,0.007886241666559005,0.0019097222222220003,3.889137793707708e-06,249675776,0,0,0,3
als|factors=16;epochs=15;regularisation=0.1;alpha=10.0|frac=0.5,software,als,0.5,,,16.0,15.0,0.1,10.0,,,,,,,,0.196377041882625,0.25806451612903203,0.462146555157307,1.125,1.12113600000157,0.09765625,0.09697462500002901,0.034722222222222,7.907913513872296e-05,584896512.0,319232.0,4487.0,1674.0,0.0026306579627810023,0.0017921146953410183,0.037674233373158006,0.046875,0.059928100001571005,0.015624999999999986,0.015539383333512999,0.0078125,1.4000896057347667e-05,249675776,0,0,0,3
als|factors=16;epochs=15;regularisation=0.1;alpha=40.0|frac=0.5,software,als,0.5,,,16.0,15.0,0.1,40.0,,,,,,,,0.19613864856548702,0.25806451612903203,0.507228195937873,1.078125,1.075651700000207,0.09765625,0.096571775000029,0.034722222222222,7.907913513872296e-05,584896512.0,319232.0,4487.0,1674.0,0.006775689809966984,0.004181600955795006,0.05653126244524104,0.109375,0.09971299999961003,0.0078125,0.006849975000023004,0.005208333333333003,7.778275587415389e-06,249675776,0,0,0,3
als|factors=16;epochs=30;regularisation=0.001;alpha=1.0|frac=0.5,software,als,0.5,,,16.0,30.0,0.001,1.0,,,,,,,,0.186352604310403,0.24313022700119402,0.47009159697331704,2.203125,2.224810900001102,0.09375000000000001,0.095505849999881,0.0328125,7.467144563918758e-05,584896512.0,319232.0,4487.0,1674.0,0.0020344304982610195,0.005376344086022,0.013301473516527995,0.1875,0.20160140000007232,0.003906250000000014,0.006221525000000991,0.0034722222222220017,3.474296429045536e-06,249675776,0,0,0,3
als|factors=16;epochs=30;regularisation=0.001;alpha=10.0|frac=0.5,software,als,0.5,,,16.0,30.0,0.001,10.0,,,,,,,,0.19808551383150702,0.26105137395459904,0.44305057745917903,2.109375,2.110854800000197,0.09375000000000001,0.09480592500000201,0.03125,7.467144563918758e-05,584896512.0,319232.0,4487.0,1674.0,0.0024639823859479992,0.007168458781362019,0.011688570290720013,0.171875,0.15353630000026897,0.020833333333332996,0.023440674999620006,0.0078125,1.7112206292313806e-05,249675776,0,0,0,3
als|factors=16;epochs=30;regularisation=0.001;alpha=40.0|frac=0.5,software,als,0.5,,,16.0,30.0,0.001,40.0,,,,,,,,0.197529247110678,0.26642771804062104,0.489227399442453,2.109375,2.100631699999894,0.09375000000000001,0.094436524999991,0.0328125,7.560483870967742e-05,584896512.0,319232.0,4487.0,1674.0,0.004570222653707989,0.0029868578255680123,0.06226602947033105,0.6875,0.7289877999992318,0.01171875,0.011419574999762996,0.005208333333333003,1.0111758263640013e-05,249675776,0,0,0,3
als|factors=16;epochs=30;regularisation=0.01;alpha=1.0|frac=0.5,software,als,0.5,,,16.0,30.0,0.01,1.0,,,,,,,,0.18626504302243502,0.24313022700119402,0.46921545201115006,2.109375,2.098398599999882,0.09375000000000001,0.09379124999998101,0.0328125,7.560483870967742e-05,584896512.0,319232.0,4487.0,1674.0,0.0019506218165429856,0.005376344086022,0.013460772600557003,0.34375,0.34918640000069034,0.01953125,0.019958875000004997,0.0019097222222220003,1.2808227133943994e-05,249675776,0,0,0,3
als|factors=16;epochs=30;regularisation=0.01;alpha=10.0|frac=0.5,software,als,0.5,,,16.0,30.0,0.01,10.0,,,,,,,,0.198155859975873,0.260454002389486,0.445400238948626,2.09375,2.092680600000676,0.09375000000000001,0.09324602499998401,0.0328125,7.560483870967742e-05,584896512.0,319232.0,4487.0,1674.0,0.0031385866261350037,0.004181600955794007,0.010314615690959983,0.171875,0.15614380000010897,0.0078125,0.006896350000260995,0.0015625000000000014,5.600358422939075e-06,249675776,0,0,0,3
als|factors=16;epochs=30;regularisation=0.01;alpha=40.0|frac=0.5,software,als,0.5,,,16.0,30.0,0.01,40.0,,,,,,,,0.19747904127766003,0.26523297491039405,0.47497013142174405,2.109375,2.108545800000001,0.09375000000000001,0.09463089999962901,0.0328125,7.560483870967742e-05,584896512.0,319232.0,4487.0,1674.0,0.005792130551662,0.0029868578255680123,0.07747909199522102,0.0625,0.07076140000208397,0.003906250000000014,0.00554274999984701,0.0019097222222220003,3.474296429045536e-06,249675776,0,0,0,3
als|factors=16;epochs=30;regularisation=0.1;alpha=1.0|frac=0.5,software,als,0.5,,,16.0,30.0,0.1,1.0,,,,,,,,0.186308581089764,0.24372759856630802,0.46646754281162806,2.125,2.163118400001622,0.09375000000000001,0.09451704999992201,0.03125,7.467144563918758e-05,584896512.0,319232.0,4487.0,1674.0,0.0009903741540689959,0.004181600955795006,0.012982875348467038,0.046875,0.03771690000053285,0.0078125,0.0056709000000410015,0.0015625000000000014,5.600358422939075e-06,249675776,0,0,0,3
als|factors=16;epochs=30;regularisation=0.1;alpha=10.0|frac=0.5,software,als,0.5,,,16.0,30.0,0.1,10.0,,,,,,,,0.19753398923881002,0.259856630824372,0.43395061728395,2.125,2.118092200000092,0.09375000000000001,0.09476300000000001,0.034722222222222,7.674565246249833e-05,584896512.0,319232.0,4487.0,1674.0,0.0033495506734829983,0.005973715651135025,0.026523297491039988,0.0625,0.06357640000169296,0.003906250000000014,0.006174924999869005,0.0019097222222220003,3.474296429045536e-06,249675776,0,0,0,3
als|factors=16;epochs=30;regularisation=0.1;alpha=40.0|frac=0.5,software,als,0.5,,,16.0,30.0,0.1,40.0,,,,,,,,0.19670967643813803,0.267025089605734,0.47524890481879706,2.125,2.111921500000107,0.09765625,0.094273224999597,0.034374999999999996,7.700492831541218e-05,584896512.0,319232.0,4487.0,1674.0,0.004795590448285009,0.007168458781362019,0.07441258462763795,0.078125,0.07973029999811798,0.003906249999999986,0.005098225000039994,0.0034722222222220017,2.540903358555697e-06,249675776,0,0,0,3
als|factors=32;epochs=5;regularisation=0.001;alpha=1.0|frac=0.5,software,als,0.5,,,32.0,5.0,0.001,1.0,,,,,,,,0.191383213965996,0.24970131421744302,0.47176423735563505,0.46875000000000006,0.47598709999988303,0.09375000000000001,0.09676377499999901,0.0328125,7.560483870967742e-05,584896512.0,638464.0,4487.0,1674.0,0.007896431136902998,0.013739545997611013,0.05764635603345303,0.015624999999999944,0.012568800000736013,0.0078125,0.008995650000145003,0.005208333333333003,7.778275587415389e-06,249675776,0,0,0,3
als|factors=32;epochs=5;regularisation=0.001;alpha=10.0|frac=0.5,software,als,0.5,,,32.0,5.0,0.001,10.0,,,,,,,,0.199069407005516,0.25686977299880503,0.5193150139386691,0.484375,0.49817520000033205,0.09375000000000001,0.100655174999701,0.0328125,7.674565246249833e-05,584896512.0,638464.0,4487.0,1674.0,0.0025107366428850086,0.004181600955795006,0.08217841497411404,0.078125,0.06793799999991301,0.014322916666666005,0.012800324999716006,0.0019097222222220003,8.556103146156944e-06,249675776,0,0,0,3
als|factors=32;epochs=5;regularisation=0.001;alpha=40.0|frac=0.5,software,als,0.5,,,32.0,5.0,0.001,40.0,,,,,,,,0.194992576783649,0.24790919952210203,0.5223217841497411,0.484375,0.48160810000013005,0.09375000000000001,0.09472835000002501,0.0328125,7.793832138590203e-05,584896512.0,638464.0,4487.0,1674.0,0.003223809984932019,0.002389486260453988,0.08289526085224996,0.031249999999999944,0.02970480000112702,0.0078125,0.004316474999996003,0.010156249999999999,8.400537634408606e-06,249675776,0,0,0,3
als|factors=32;epochs=5;regularisation=0.01;alpha=1.0|frac=0.5,software,als,0.5,,,32.0,5.0,0.01,1.0,,,,,,,,0.19149131057749602,0.25089605734767,0.47198327359617603,0.515625,0.509048699999766,0.09765625,0.096628100000089,0.0328125,7.793832138590203e-05,584896512.0,638464.0,4487.0,1674.0,0.007721813938505989,0.01314217443249699,0.0552369573874959,0.062499999999999944,0.05386059999887005,0.003906249999999986,0.007137999999826991,0.0015625000000000014,3.26687574671445e-06,249675776,0,0,0,3
als|factors=32;epochs=5;regularisation=0.01;alpha=10.0|frac=0.5,software,als,0.5,,,32.0,5.0,0.01,10.0,,,,,,,,0.19894953711941002,0.256272401433691,0.505913978494623,0.46875000000000006,0.47317309999993906,0.09375000000000001,0.09483394999995101,0.0328125,7.778275587415372e-05,584896512.0,638464.0,4487.0,1674.0,0.002034707936773017,0.0041816009557939515,0.08365193150139405,0.031249999999999944,0.02770199999758899,0.014322916666666005,0.005456616667136996,0.005208333333333003,9.489496216646783e-06,249675776,0,0,0,3
als|factors=32;epochs=5;regularisation=0.01;alpha=40.0|frac=0.5,software,als,0.5,,,32.0,5.0,0.01,40.0,,,,,,,,0.19528131435565202,0.24790919952210203,0.5143568299482271,0.484375,0.48714889999973804,0.09765625,0.09632247500030601,0.03125,7.700492831541218e-05,584896512.0,638464.0,4487.0,1674.0,0.0019225923284379998,0.004181600955795006,0.08245718837116706,0.046874999999999944,0.04715679999981104,0.0078125,0.006502000000238997,0.003124999999999996,6.533751493428914e-06,249675776,0,0,0,3
als|factors=32;epochs=5;regularisation=0.1;alpha=1.0|frac=0.5,software,als,0.5,,,32.0,5.0,0.1,1.0,,,,,,,,0.190978093477347,0.25089605734767,0.471704500199123,0.484375,0.49131330000091106,0.09765625,0.09531752499998401,0.034374999999999996,7.700492831541218e-05,584896512.0,638464.0,4487.0,1674.0,0.007895094064721997,0.01254480286738402,0.052708084428514934,0.031249999999999944,0.024252999999588964,0.003906249999999986,0.004052525000133991,0.0034722222222220017,2.126061993893539e-06,249675776,0,0,0,3
als|factors=32;epochs=5;regularisation=0.1;alpha=10.0|frac=0.5,software,als,0.5,,,32.0,5.0,0.1,10.0,,,,,,,,0.19934624613407,0.257467144563918,0.48749502190362404,0.46875000000000006,0.473667299999988,0.09765625,0.095555925000098,0.0328125,7.700492831541218e-05,584896512.0,638464.0,4487.0,1674.0,0.0017799858180629902,0.0029868578255669576,0.10135404221425798,0.046875,0.029212000001279992,0.010416666666665991,0.0030054583335190066,0.003124999999999996,5.28922739944248e-06,249675776,0,0,0,3
als|factors=32;epochs=5;regularisation=0.1;alpha=40.0|frac=0.5,software,als,0.5,,,32.0,5.0,0.1,40.0,,,,,,,,0.19517352218168701,0.24850657108721602,0.5031461569095971,0.484375,0.47065410000004704,0.09765625,0.09662840000009901,0.0328125,7.793832138590203e-05,584896512.0,638464.0,4487.0,1674.0,0.00370629756337601,0.005376344086021029,0.09860613301473503,0.015624999999999944,0.031051100000695997,0.02473958333333301,0.015015449999737002,0.0,1.4778723616089222e-05,249675776,0,0,0,3
als|factors=32;epochs=15;regularisation=0.001;alpha=1.0|frac=0.5,software,als,0.5,,,32.0,15.0,0.001,1.0,,,,,,,,0.194979697150787,0.255077658303464,0.522202309836718,1.46875,1.464205300000003,0.09375000000000001,0.094282324999994,0.03125,7.467144563918758e-05,584896512.0,638464.0,4487.0,1674.0,0.0010875445653469873,0.003584229390680982,0.008900836320191896,0.015625,0.024725200000830005,0.0078125,0.006817549999595995,0.0034722222222220017,6.74117217576e-06,249675776,0,0,0,3
als|factors=32;epochs=15;regularisation=0.001;alpha=10.0|frac=0.5,software,als,0.5,,,32.0,15.0,0.001,10.0,,,,,,,,0.20693488139368002,0.272401433691756,0.523835125448028,1.453125,1.4639216000000481,0.09375000000000001,0.09465030000001201,0.0328125,7.560483870967742e-05,584896512.0,638464.0,4487.0,1674.0,0.0037839803388940163,0.015531660692951033,0.03291517323775295,0.078125,0.076125100000354,0.003906250000000014,0.005064400000263994,0.0019097222222220003,3.474296429045536e-06,249675776,0,0,0,3
als|factors=32;epochs=15;regularisation=0.001;alpha=40.0|frac=0.5,software,als,0.5,,,32.0,15.0,0.001,40.0,,,,,,,,0.206489975826311,0.273596176821983,0.5125049780963761,1.46875,1.473452400000042,0.09765625,0.09472747500001301,0.036458333333333,8.033847499573307e-05,584896512.0,638464.0,4487.0,1674.0,0.004618372638647006,0.01194743130227005,0.014854639585822949,0.078125,0.07707139999911305,0.014322916666666005,0.008820283333230997,0.013392857142857005,7.0004480286738605e-06,249675776,0,0,0,3
als|factors=32;epochs=15;regularisation=0.01;alpha=1.0|frac=0.5,software,als,0.5,,,32.0,15.0,0.01,1.0,,,,,,,,0.19493780023551802,0.256272401433691,0.5236360015929901,1.46875,1.467493699999977,0.09765625,0.09636792499998101,0.0328125,7.793832138590203e-05,584896512.0,638464.0,4487.0,1674.0,0.0004103274375460153,0.004181600955794007,0.008144165671048031,0.9375,0.9587698999982872,0.06640625,0.067095624999638,0.0234375,5.367010155303705e-05,249675776,0,0,0,3
als|factors=32;epochs=15;regularisation=0.01;alpha=10.0|frac=0.5,software,als,0.5,,,32.0,15.0,0.01,10.0,,,,,,,,0.20690081890991102,0.270011947431302,0.5299880525686971,1.421875,1.421399199999996,0.09765625,0.094915300000025,0.0328125,7.700492831541218e-05,584896512.0,638464.0,4487.0,1674.0,0.005358290663677989,0.014934289127836953,0.03174034249303104,0.515625,0.54117369999949,0.01953125,0.017667491667149995,0.0078125,1.5400985663082453e-05,249675776,0,0,0,3
als|factors=32;epochs=15;regularisation=0.01;alpha=40.0|frac=0.5,software,als,0.5,,,32.0,15.0,0.01,40.0,,,,,,,,0.20658139284618002,0.27299880525686904,0.49844683393070405,1.421875,1.426740099999733,0.09375000000000001,0.097475574999975,0.0328125,7.467144563918758e-05,584896512.0,638464.0,4487.0,1674.0,0.0027822566746550093,0.009557945041816007,0.030067702110713024,0.125,0.11978819999944812,0.0078125,0.0075715750003839954,0.0034722222222220017,5.807779105270161e-06,249675776,0,0,0,3
als|factors=32;epochs=15;regularisation=0.1;alpha=1.0|frac=0.5,software,als,0.5,,,32.0,15.0,0.1,1.0,,,,,,,,0.195097846302651,0.256272401433691,0.5227200318598161,1.40625,1.414858399999957,0.09375000000000001,0.09524477500002601,0.0328125,7.560483870967742e-05,584896512.0,638464.0,4487.0,1674.0,0.0003443551786350141,0.004778972520908031,0.007387495021904056,0.15625,0.165492999998605,0.014322916666666005,0.012139399999947995,0.0019097222222220003,9.696916898977855e-06,249675776,0,0,0,3
als|factors=32;epochs=15;regularisation=0.1;alpha=10.0|frac=0.5,software,als,0.5,,,32.0,15.0,0.1,10.0,,,,,,,,0.207246732823637,0.272401433691756,0.5316806053365191,1.453125,1.464988399999128,0.09375000000000001,0.09659747500001001,0.0328125,7.674565246249833e-05,584896512.0,638464.0,4487.0,1674.0,0.006064032265456987,0.016129032258065,0.020808442851454,0.1875,0.20877090000067322,0.0078125,0.007572224999876004,0.0034722222222220017,5.600358422939075e-06,249675776,0,0,0,3
als|factors=32;epochs=15;regularisation=0.1;alpha=40.0|frac=0.5,software,als,0.5,,,32.0,15.0,0.1,40.0,,,,,,,,0.206484756105435,0.27180406212664204,0.499084030266825,1.421875,1.4223432999999661,0.09375000000000001,0.096868825000001,0.0328125,7.560483870967742e-05,584896512.0,638464.0,4487.0,1674.0,0.001888189658160011,0.006571087216247995,0.02272003185981697,0.0625,0.0673394000004921,0.01953125,0.017462174999991004,0.0015625000000000014,1.0734020310633244e-05,249675776,0,0,0,3
als|factors=32;epochs=30;regularisation=0.001;alpha=1.0|frac=0.5,software,als,0.5,,,32.0,30.0,0.001,1.0,,,,,,,,0.19448915023972002,0.258661887694145,0.49187574671445605,2.8125,2.846840300000167,0.09765625,0.09842842500000801,0.034722222222222,7.907913513872296e-05,584896512.0,638464.0,4487.0,1674.0,0.0025623911260750087,0.002389486260453988,0.007307845479887998,0.125,0.14159619999918505,0.01171875,0.008511824999914,0.006249999999999999,1.0734020310633244e-05,249675776,0,0,0,3
als|factors=32;epochs=30;regularisation=0.001;alpha=10.0|frac=0.5,software,als,0.5,,,32.0,30.0,0.001,10.0,,,,,,,,0.207535516920714,0.27479091995221,0.5014536041417761,2.921875,2.9174192000000403,0.09375000000000001,0.09549830000003101,0.0328125,7.560483870967742e-05,584896512.0,638464.0,4487.0,1674.0,0.0030756493596260093,0.010155316606928977,0.032477100756670985,0.125,0.12811739999960992,0.0078125,0.005282925000300989,0.0019097222222220003,5.807779105270161e-06,249675776,0,0,0,3
als|factors=32;epochs=30;regularisation=0.001;alpha=40.0|frac=0.5,software,als,0.5,,,32.0,30.0,0.001,40.0,,,,,,,,0.21037471002175,0.278972520908004,0.48996415770609303,2.859375,2.862121599999909,0.09765625,0.09605877500001701,0.03125,7.700492831541218e-05,584896512.0,638464.0,4487.0,1674.0,0.00577259226812199,0.011350059737157026,0.022720031859817025,0.234375,0.24757690000115007,0.014322916666666005,0.016264941667032004,0.005208333333333003,1.1667413381123083e-05,249675776,0,0,0,3
als|factors=32;epochs=30;regularisation=0.01;alpha=1.0|frac=0.5,software,als,0.5,,,32.0,30.0,0.01,1.0,,,,,,,,0.19388114155862501,0.25686977299880503,0.49237355635205104,2.859375,2.8808983000001263,0.09375000000000001,0.095104450000008,0.0328125,7.560483870967742e-05,584896512.0,638464.0,4487.0,1674.0,0.0028419991908210096,0.003584229390680982,0.00852250099561902,0.171875,0.15598259999933406,0.0078125,0.007956499999637004,0.0019097222222220003,5.807779105270161e-06,249675776,0,0,0,3
als|factors=32;epochs=30;regularisation=0.01;alpha=10.0|frac=0.5,software,als,0.5,,,32.0,30.0,0.01,10.0,,,,,,,,0.20754344991176502,0.27299880525686904,0.51284348864994,2.828125,2.833384499999738,0.09375000000000001,0.09465547500002401,0.0328125,7.674565246249833e-05,584896512.0,638464.0,4487.0,1674.0,0.0026995217334800092,0.008363201911589013,0.0197929111907601,0.15625,0.14601660000039285,0.0078125,0.005888899999718006,0.0019097222222220003,4.666965352449236e-06,249675776,0,0,0,3
als|factors=32;epochs=30;regularisation=0.01;alpha=40.0|frac=0.5,software,als,0.5,,,32.0,30.0,0.01,40.0,,,,,,,,0.20932745643264403,0.27718040621266404,0.46465551573078406,2.875,2.874909500000058,0.09375000000000001,0.09570815000000701,0.0328125,7.560483870967742e-05,584896512.0,638464.0,4487.0,1674.0,0.0059503156502609955,0.009557945041816007,0.05099561927518903,0.203125,0.20108710000022256,0.0078125,0.008550350000405008,0.0034722222222220017,6.74117217576e-06,249675776,0,0,0,3
als|factors=32;epochs=30;regularisation=0.1;alpha=1.0|frac=0.5,software,als,0.5,,,32.0,30.0,0.1,1.0,,,,,,,,0.193975795169221,0.257467144563918,0.491935483870967,2.875,2.88157190000129,0.09375000000000001,0.094422624999992,0.0328125,7.560483870967742e-05,584896512.0,638464.0,4487.0,1674.0,0.0024912737545299823,0.002389486260453988,0.010015929908402998,0.03125,0.05091920000017991,0.003906249999999986,0.005916299999627006,0.0,2.333482676224611e-06,249675776,0,0,0,3
als|factors=32;epochs=30;regularisation=0.1;alpha=10.0|frac=0.5,software,als,0.5,,,32.0,30.0,0.1,10.0,,,,,,,,0.207662185288878,0.273596176821983,0.51489446435683,2.828125,2.8306158000000323,0.09375000000000001,0.09489022500002801,0.0328125,7.560483870967742e-05,584896512.0,638464.0,4487.0,1674.0,0.002995643471132986,0.008363201911589013,0.02140581441656697,0.109375,0.13869739999972763,0.01171875,0.006946824999885998,0.0015625000000000014,7.933841099163672e-06,249675776,0,0,0,3
als|factors=32;epochs=30;regularisation=0.1;alpha=40.0|frac=0.5,software,als,0.5,,,32.0,30.0,0.1,40.0,,,,,,,,0.20737847416107302,0.27837514934289104,0.48673835125448006,2.859375,2.8579211999999643,0.09375000000000001,0.095333699999969,0.0328125,7.560483870967742e-05,584896512.0,638464.0,4487.0,1674.0,0.007366749636829983,0.011947431302269995,0.04370768618080406,0.125,0.12089250000099083,0.0078125,0.008334075000221,0.0019097222222220003,5.807779105270161e-06,249675776,0,0,0,3
als|factors=64;epochs=5;regularisation=0.001;alpha=1.0|frac=0.5,software,als,0.5,,,64.0,5.0,0.001,1.0,,,,,,,,0.202735783210916,0.25448028673835105,0.501871764237355,0.8437500000000001,0.837700199999972,0.09375000000000001,0.09664677499995301,0.03125,7.467144563918758e-05,584896512.0,1276928.0,4487.0,1674.0,0.0037722163025749877,0.005973715651135025,0.07911190760653103,0.078125,0.054944899999100016,0.003906249999999986,0.0072227500004370115,0.0034722222222220017,4.407689499535375e-06,249675776,0,0,0,3
als|factors=64;epochs=5;regularisation=0.001;alpha=10.0|frac=0.5,software,als,0.5,,,64.0,5.0,0.001,10.0,,,,,,,,0.20875392619166502,0.270011947431302,0.484428514536041,0.875,0.879671099999995,0.09375000000000001,0.09696017500027601,0.0328125,7.674565246249833e-05,584896512.0,1276928.0,4487.0,1674.0,0.004752254361558017,0.003584229390680982,0.03767423337315795,0.078125,0.061161600002378025,0.010416666666665991,0.009084533333028,0.0034722222222220017,5.28922739944248e-06,249675776,0,0,0,3
als|factors=64;epochs=5;regularisation=0.001;alpha=40.0|frac=0.5,software,als,0.5,,,64.0,5.0,0.001,40.0,,,,,,,,0.205090074898842,0.261648745519713,0.501334129828753,0.8437500000000001,0.8450738000001361,0.09765625,0.09716292500002001,0.0328125,7.793832138590203e-05,584896512.0,1276928.0,4487.0,1674.0,0.004872738698014023,0.005376344086021001,0.02588610115491896,0.046875,0.047397000000274025,0.007812499999999986,0.006556824999734007,0.0,4.666965352449236e-06,249675776,0,0,0,3
als|factors=64;epochs=5;regularisation=0.01;alpha=1.0|frac=0.5,software,als,0.5,,,64.0,5.0,0.01,1.0,,,,,,,,0.202567644448282,0.253882915173237,0.5029271206690561,0.8437500000000001,0.8480478999999831,0.09765625,0.09927227499974801,0.0328125,8.011623855037835e-05,584896512.0,1276928.0,4487.0,1674.0,0.0036981627032129927,0.005376344086022,0.054719235364396046,0.078125,0.082691699999486,0.007812499999999986,0.006385050000006012,0.005208333333333003,5.600358422939075e-06,249675776,0,0,0,3
als|factors=64;epochs=5;regularisation=0.01;alpha=10.0|frac=0.5,software,als,0.5,,,64.0,5.0,0.01,10.0,,,,,,,,0.20690938203981102,0.270609318996415,0.45945838311429704,0.8437500000000001,0.8457150000001541,0.09765625,0.09787325000002,0.03125,7.907913513872296e-05,584896512.0,1276928.0,4487.0,1674.0,0.005968847314801018,0.002986857825567013,0.030167264038231,0.046875,0.059518699998080016,0.007812499999999986,0.004924274999666994,0.0034722222222220017,4.666965352449209e-06,249675776,0,0,0,3
als|factors=64;epochs=5;regularisation=0.01;alpha=40.0|frac=0.5,software,als,0.5,,,64.0,5.0,0.01,40.0,,,,,,,,0.20308321482966402,0.25686977299880503,0.46989247311827903,0.8437500000000001,0.8435919000000921,0.09765625,0.098485874999823,0.034722222222222,7.907913513872296e-05,584896512.0,1276928.0,4487.0,1674.0,0.0056093381163079825,0.007168458781362019,0.043886897650337986,0.0625,0.04966649999914796,0.007812499999999986,0.005934700000012005,0.0019097222222220003,5.807779105270134e-06,249675776,0,0,0,3
als|factors=64;epochs=5;regularisation=0.1;alpha=1.0|frac=0.5,software,als,0.5,,,64.0,5.0,0.1,1.0,,,,,,,,0.20237193516527002,0.253882915173237,0.5047590601354041,0.859375,0.87208930000088,0.09765625,0.097725674999992,0.0328125,7.793832138590203e-05,584896512.0,1276928.0,4487.0,1674.0,0.003632447259470012,0.005973715651135025,0.05193150139386693,0.0625,0.06108539999991103,0.003906249999999986,0.008374900000036004,0.003124999999999996,4.200268817204289e-06,249675776,0,0,0,3
als|factors=64;epochs=5;regularisation=0.1;alpha=10.0|frac=0.5,software,als,0.5,,,64.0,5.0,0.1,10.0,,,,,,,,0.20589979261896102,0.26762246117084804,0.454101951413779,0.859375,0.8610243999999051,0.1015625,0.09917734999999,0.0328125,8.027180406212666e-05,584896512.0,1276928.0,4487.0,1674.0,0.006138813404224008,0.0017921146953399636,0.008641975308643024,0.046875,0.05598150000150803,0.014322916666666005,0.009942866666658001,0.0015625000000000014,9.489496216646783e-06,249675776,0,0,0,3
als|factors=64;epochs=5;regularisation=0.1;alpha=40.0|frac=0.5,software,als,0.5,,,64.0,5.0,0.1,40.0,,,,,,,,0.19865344892365702,0.25149342891278303,0.442074870569494,0.859375,0.8465209000000861,0.09375000000000001,0.09683130000001901,0.0328125,7.560483870967742e-05,584896512.0,1276928.0,4487.0,1674.0,0.004796510094118994,0.010752688172042973,0.036240541616886,0.0625,0.05758220000097902,0.003906249999999986,0.004072374999850012,0.0019097222222220003,3.474296429045536e-06,249675776,0,0,0,3
als|factors=64;epochs=15;regularisation=0.001;alpha=1.0|frac=0.5,software,als,0.5,,,64.0,15.0,0.001,1.0,,,,,,,,0.204266961641713,0.25806451612903203,0.49936280366387903,2.5625,2.553149300000086,0.09765625,0.098487125000247,0.0328125,7.793832138590203e-05,584896512.0,1276928.0,4487.0,1674.0,0.0011419981213899866,0.005376344086022,0.05276782158502602,0.171875,0.189877400000114,0.003906249999999986,0.0056917249999629965,0.0,2.333482676224611e-06,249675776,0,0,0,3
als|factors=64;epochs=15;regularisation=0.001;alpha=10.0|frac=0.5,software,als,0.5,,,64.0,15.0,0.001,10.0,,,,,,,,0.20914459555976503,0.27718040621266404,0.44530067702110704,2.65625,2.67228050000017,0.09765625,0.09845955000002901,0.0328125,7.793832138590203e-05,584896512.0,1276928.0,4487.0,1674.0,0.0003697727228590131,0.007765830346474989,0.01983273596176799,0.296875,0.3001862000000992,0.010416666666665991,0.011377983333356004,0.0019097222222220003,7.36343422275323e-06,249675776,0,0,0,3
als|factors=64;epochs=15;regularisation=0.001;alpha=40.0|frac=0.5,software,als,0.5,,,64.0,15.0,0.001,40.0,,,,,,,,0.20577997814422602,0.269414575866188,0.44669454400637104,2.515625,2.5163178999998763,0.09375000000000001,0.09709635000001501,0.0328125,7.674565246249833e-05,584896512.0,1276928.0,4487.0,1674.0,0.002696614760298005,0.0023894862604540434,0.008861011549183007,0.1875,0.18290310000156795,0.0078125,0.005582299999787002,0.0034722222222220017,5.600358422939075e-06,249675776,0,0,0,3
als|factors=64;epochs=15;regularisation=0.01;alpha=1.0|frac=0.5,software,als,0.5,,,64.0,15.0,0.01,1.0,,,,,,,,0.20388552327741602,0.25806451612903203,0.498626045400238,2.515625,2.517059499999959,0.1015625,0.09898082500001201,0.03125,7.933841099163679e-05,584896512.0,1276928.0,4487.0,1674.0,0.0008488326742800145,0.005376344086022,0.053604141776184,0.1875,0.17484389999845007,0.006510416666666005,0.0031550916663340006,0.0015625000000000014,2.9557447232178688e-06,249675776,0,0,0,3
als|factors=64;epochs=15;regularisation=0.01;alpha=10.0|frac=0.5,software,als,0.5,,,64.0,15.0,0.01,10.0,,,,,,,,0.208652031583755,0.27718040621266404,0.44299084030266805,2.5625,2.566697799999929,0.09765625,0.098466524999992,0.0328125,7.793832138590203e-05,584896512.0,1276928.0,4487.0,1674.0,0.00021212804405898456,0.007168458781362019,0.018677817602548996,0.140625,0.15670739999950367,0.0078125,0.009983774999909004,0.0,4.666965352449236e-06,249675776,0,0,0,3
als|factors=64;epochs=15;regularisation=0.01;alpha=40.0|frac=0.5,software,als,0.5,,,64.0,15.0,0.01,40.0,,,,,,,,0.20429936272002702,0.26642771804062104,0.43088410991636805,2.546875,2.575306999999839,0.09765625,0.09679294999978001,0.0328125,7.793832138590203e-05,584896512.0,1276928.0,4487.0,1674.0,0.0035507058149600035,0.003584229390680982,0.021385902031062998,0.15625,0.175711599998976,0.0078125,0.0065370000002649975,0.0034722222222220017,6.74117217576e-06,249675776,0,0,0,3
als|factors=64;epochs=15;regularisation=0.1;alpha=1.0|frac=0.5,software,als,0.5,,,64.0,15.0,0.1,1.0,,,,,,,,0.20398924777945102,0.257467144563918,0.49914376742333705,2.515625,2.529415100000051,0.09765625,0.097671149999996,0.034374999999999996,7.887171445639187e-05,584896512.0,1276928.0,4487.0,1674.0,0.0008010618519430079,0.006571087216247995,0.05135404221425799,0.203125,0.18065149999893038,0.0078125,0.005966249999800999,0.0019097222222220003,5.807779105270161e-06,249675776,0,0,0,3
als|factors=64;epochs=15;regularisation=0.1;alpha=10.0|frac=0.5,software,als,0.5,,,64.0,15.0,0.1,10.0,,,,,,,,0.20836618867038903,0.275985663082437,0.44402628434886504,2.53125,2.527785999999878,0.09765625,0.09767817499999801,0.0328125,7.700492831541218e-05,584896512.0,1276928.0,4487.0,1674.0,0.0014531298881290122,0.009557945041816007,0.017602548785344008,0.125,0.11721969999962312,0.0078125,0.005034074999912,0.0034722222222220017,5.807779105270161e-06,249675776,0,0,0,3
als|factors=64;epochs=15;regularisation=0.1;alpha=40.0|frac=0.5,software,als,0.5,,,64.0,15.0,0.1,40.0,,,,,,,,0.20114139538144402,0.26105137395459904,0.444006371963361,2.578125,2.577292599999055,0.09765625,0.096834025000021,0.0328125,7.793832138590203e-05,584896512.0,1276928.0,4487.0,1674.0,0.005557496006576013,0.003584229390680982,0.03866985264834699,0.109375,0.1107276000004731,0.003906249999999986,0.004975049999756995,0.0019097222222220003,3.474296429045536e-06,249675776,0,0,0,3
als|factors=64;epochs=30;regularisation=0.001;alpha=1.0|frac=0.5,software,als,0.5,,,64.0,30.0,0.001,1.0,,,,,,,,0.20362165369833302,0.25686977299880503,0.47546794105933804,5.1875,5.232954400000381,0.09375000000000001,0.09620825000001701,0.0328125,7.560483870967742e-05,584896512.0,1276928.0,4487.0,1674.0,0.0005193252261000147,0.004181600955795006,0.04020310633213903,0.265625,0.3499610000017128,0.003906249999999986,0.005130399999870999,0.0019097222222220003,3.474296429045536e-06,249675776,0,0,0,3
als|factors=64;epochs=30;regularisation=0.001;alpha=10.0|frac=0.5,software,als,0.5,,,64.0,30.0,0.001,10.0,,,,,,,,0.208290317392043,0.275985663082437,0.446555157307845,5.03125,5.037446799999998,0.09765625,0.097530624999762,0.0328125,7.793832138590203e-05,584896512.0,1276928.0,4487.0,1674.0,0.0032264209667210164,0.01135005973715697,0.006073277578654002,0.375,0.3756107000008342,0.0,0.004837050000162005,0.0034722222222220017,2.0742068233107775e-06,249675776,0,0,0,3
als|factors=64;epochs=30;regularisation=0.001;alpha=40.0|frac=0.5,software,als,0.5,,,64.0,30.0,0.001,40.0,,,,,,,,0.204263725351187,0.270011947431302,0.440800477897252,5.125,5.127508000000034,0.09765625,0.09691907500001601,0.0328125,7.700492831541218e-05,584896512.0,1276928.0,4487.0,1674.0,0.0024898774347719976,0.002389486260453988,0.013460772600558002,0.40625,0.42912210000031337,0.007812499999999986,0.008494024999891006,0.0034722222222220017,5.807779105270134e-06,249675776,0,0,0,3
als|factors=64;epochs=30;regularisation=0.01;alpha=1.0|frac=0.5,software,als,0.5,,,64.0,30.0,0.01,1.0,,,,,,,,0.20329254716699502,0.256272401433691,0.475607327757865,5.234375,5.2507291000001715,0.09765625,0.097532250000028,0.0328125,7.793832138590203e-05,584896512.0,1276928.0,4487.0,1674.0,0.0004577485638909973,0.003584229390680982,0.042194344882517,0.453125,0.4604526999992231,0.003906249999999986,0.007067000000006998,0.0019097222222220003,3.474296429045536e-06,249675776,0,0,0,3
als|factors=64;epochs=30;regularisation=0.01;alpha=10.0|frac=0.5,software,als,0.5,,,64.0,30.0,0.01,10.0,,,,,,,,0.208478742361437,0.27658303464755,0.446176821983273,5.40625,5.445656500000041,0.109375,0.10927196666671,0.034722222222222,8.607958316739679e-05,584896512.0,1276928.0,4487.0,1674.0,0.0021596114789819987,0.011350059737157026,0.006411788132217988,0.484375,0.4807691000005434,0.029947916666666005,0.023963416666371,0.003645833333333001,2.006795101553169e-05,249675776,0,0,0,3
als|factors=64;epochs=30;regularisation=0.01;alpha=40.0|frac=0.5,software,als,0.5,,,64.0,30.0,0.01,40.0,,,,,,,,0.202416725797215,0.265830346475507,0.44378733572281903,5.328125,5.348581700000068,0.09765625,0.096784599999978,0.034374999999999996,7.887171445639187e-05,584896512.0,1276928.0,4487.0,1674.0,0.0029402476857199877,0.0017921146953410183,0.014874551971326033,2.296875,2.3813308000007956,0.01171875,0.014798950000265002,0.0019097222222220003,8.141261781494758e-06,249675776,0,0,0,3
als|factors=64;epochs=30;regularisation=0.1;alpha=1.0|frac=0.5,software,als,0.5,,,64.0,30.0,0.1,1.0,,,,,,,,0.20363788958747503,0.257467144563918,0.493906810035842,5.734375,5.80422509999994,0.104166666666666,0.10262243333333201,0.036458333333333,8.400537634408604e-05,584896512.0,1276928.0,4487.0,1674.0,0.00017141961553998608,0.0029868578255669576,0.05043807248108301,4.390625,5.271966000000248,0.06640625,0.07052544999942302,0.05078125,7.000448028658782e-05,249675776,0,0,0,3
als|factors=64;epochs=30;regularisation=0.1;alpha=10.0|frac=0.5,software,als,0.5,,,64.0,30.0,0.1,10.0,,,,,,,,0.208217638374835,0.275985663082437,0.44611708482676204,5.1875,5.219282299999804,0.1015625,0.101285374999974,0.0328125,8.027180406212666e-05,584896512.0,1276928.0,4487.0,1674.0,0.0022583337484229915,0.010155316606929976,0.008183990442054978,2.03125,2.2430624000026,0.02473958333333301,0.024475625000225,0.008203124999999999,1.9679037236160904e-05,249675776,0,0,0,3
als|factors=64;epochs=30;regularisation=0.1;alpha=40.0|frac=0.5,software,als,0.5,,,64.0,30.0,0.1,40.0,,,,,,,,0.202160995304961,0.26523297491039405,0.428932696136997,5.375,5.386847799999941,0.09765625,0.097003900000004,0.038194444444444,8.115334196203374e-05,584896512.0,1276928.0,4487.0,1674.0,0.0022167375515279863,0.002389486260453988,0.02389486260453999,2.4375,2.5174207000018214,0.02604166666666599,0.025323191666301995,0.006249999999999999,1.9290123456790147e-05,249675776,0,0,0,3
als|factors=128;epochs=5;regularisation=0.001;alpha=1.0|frac=0.5,software,als,0.5,,,128.0,5.0,0.001,1.0,,,,,,,,0.19665874830975602,0.25089605734767,0.409080047789725,2.421875,2.423658899999964,0.1015625,0.101014075000023,0.034374999999999996,8.12051971326165e-05,584896512.0,2553856.0,4487.0,1674.0,0.0017735097782480003,0.0041816009557949785,0.05782556750298701,0.90625,0.9544177999996459,0.03255208333333301,0.028761516666235984,0.0078125,2.4112654320587826e-05,249511936,0,0,0,3
als|factors=128;epochs=5;regularisation=0.001;alpha=10.0|frac=0.5,software,als,0.5,,,128.0,5.0,0.001,10.0,,,,,,,,0.19936929293330002,0.25089605734767,0.44796893667861404,2.375,2.3651069999996253,0.104166666666666,0.10142113333336,0.0328125,8.182745917960974e-05,584896512.0,2553856.0,4487.0,1674.0,0.0014583360053860017,0.0035842293906810097,0.026742333731581025,0.828125,0.8391657000008768,0.036458333333332996,0.0281667666668,0.021875,3.484667463132259e-05,249511936,0,0,0,3
als|factors=128;epochs=5;regularisation=0.001;alpha=40.0|frac=0.5,software,als,0.5,,,128.0,5.0,0.001,40.0,,,,,,,,0.196877308786602,0.24850657108721602,0.42570688968538406,2.375,2.375240899998971,0.104166666666666,0.102358466666676,0.034374999999999996,8.276085225009958e-05,584896512.0,2553856.0,4487.0,1674.0,0.0019337686107299967,0.002389486260453988,0.018060533651931998,0.796875,0.7920426999985462,0.01692708333333301,0.019465450000250004,0.0078125,1.4778723616089208e-05,249511936,0,0,0,3
als|factors=128;epochs=5;regularisation=0.01;alpha=1.0|frac=0.5,software,als,0.5,,,128.0,5.0,0.01,1.0,,,,,,,,0.196629789520535,0.24970131421744302,0.40836320191158904,2.546875,2.555273100000022,0.104166666666666,0.10156050000000501,0.0328125,8.182745917960974e-05,584896512.0,2553856.0,4487.0,1674.0,0.0020463775257919814,0.004778972520908004,0.05587415372361604,0.5625,0.5432500000006257,0.01171875,0.018647483333097,0.003645833333333001,9.178365193150147e-06,249487360,0,0,0,3
als|factors=128;epochs=5;regularisation=0.01;alpha=10.0|frac=0.5,software,als,0.5,,,128.0,5.0,0.01,10.0,,,,,,,,0.19853895402284902,0.24970131421744302,0.44538032656312204,2.453125,2.449138000000175,0.11458333333333301,0.11467506666667701,0.036458333333333,9.022799681401832e-05,584896512.0,2553856.0,4487.0,1674.0,0.001970702292157983,0.005376344086022,0.028892871365989004,0.71875,0.7800128000017139,0.05859375,0.05793467499961499,0.019270833333333,4.651408801209797e-05,249487360,0,0,0,3
als|factors=128;epochs=5;regularisation=0.01;alpha=40.0|frac=0.5,software,als,0.5,,,128.0,5.0,0.01,40.0,,,,,,,,0.19399041662966102,0.24671445639187503,0.43359219434488205,2.546875,2.574562700000115,0.104166666666666,0.10120813333332901,0.0328125,8.182745917960974e-05,584896512.0,2553856.0,4487.0,1674.0,0.003918377180772981,0.005376344086022,0.018916766228594006,0.890625,0.9865250000002561,0.018229166666666005,0.017884383333542003,0.006249999999999999,1.4623158104340911e-05,249487360,0,0,0,3
als|factors=128;epochs=5;regularisation=0.1;alpha=1.0|frac=0.5,software,als,0.5,,,128.0,5.0,0.1,1.0,,,,,,,,0.19650021197442902,0.24850657108721602,0.40874153723616,2.453125,2.469157199999927,0.104166666666666,0.104332300000047,0.0328125,8.182745917960974e-05,584896512.0,2553856.0,4487.0,1674.0,0.002107675084356997,0.004778972520908031,0.05346475507765802,0.703125,0.7204497999991872,0.022135416666666005,0.022887250000319007,0.005381944444444002,1.6438089074737828e-05,249487360,0,0,0,3
als|factors=128;epochs=5;regularisation=0.1;alpha=10.0|frac=0.5,software,als,0.5,,,128.0,5.0,0.1,10.0,,,,,,,,0.197454077821963,0.24790919952210203,0.437594583831143,2.46875,2.492331199999853,0.109375,0.108125033333029,0.034374999999999996,8.58721624850657e-05,584896512.0,2553856.0,4487.0,1674.0,0.0017021332619379936,0.004181600955794007,0.012564715252886993,1.28125,1.3721480000003803,0.020833333333333995,0.022807366666786996,0.009765625,1.827894763042612e-05,249487360,0,0,0,3
als|factors=128;epochs=5;regularisation=0.1;alpha=40.0|frac=0.5,software,als,0.5,,,128.0,5.0,0.1,40.0,,,,,,,,0.19009310195768703,0.24193548387096703,0.424830744723217,2.421875,2.448289499999873,0.104166666666666,0.10607160000002501,0.034722222222222,8.296827293243065e-05,584896512.0,2553856.0,4487.0,1674.0,0.00045160653942599716,0.006571087216247995,0.013540422142573005,0.59375,0.599047800000335,0.02734375,0.022030416667045,0.006249999999999999,2.0067951015531675e-05,249487360,0,0,0,3
als|factors=128;epochs=15;regularisation=0.001;alpha=1.0|frac=0.5,software,als,0.5,,,128.0,15.0,0.001,1.0,,,,,,,,0.19570557974115801,0.24671445639187503,0.446754281162883,7.28125,7.283869500000037,0.104166666666666,0.101727633333363,0.0328125,8.182745917960974e-05,584896512.0,2553856.0,4487.0,1674.0,0.001156140140961992,0.0005973715651139966,0.07443249701314203,1.90625,2.0371345000003203,0.02734375,0.028581833333798004,0.011830357142857004,2.3401497695097972e-05,249487360,0,0,0,3
als|factors=128;epochs=15;regularisation=0.001;alpha=10.0|frac=0.5,software,als,0.5,,,128.0,15.0,0.001,10.0,,,,,,,,0.19951568408321602,0.252090800477897,0.42170450019912303,7.46875,7.601894700000003,0.104166666666666,0.10367726666663601,0.036458333333333,8.400537634408604e-05,584896512.0,2553856.0,4487.0,1674.0,0.001272060482641002,0.005376344086021001,0.027538829151733002,2.21875,2.379114599998502,0.010416666666667004,0.015366099999785998,0.006249999999999999,9.956192751891648e-06,249487360,0,0,0,3
als|factors=128;epochs=15;regularisation=0.001;alpha=40.0|frac=0.5,software,als,0.5,,,128.0,15.0,0.001,40.0,,,,,,,,0.197131163764582,0.25089605734767,0.391517323775388,7.421875,7.439490100000057,0.104166666666666,0.10284173333335801,0.036458333333333,8.182745917960974e-05,584896512.0,2553856.0,4487.0,1674.0,0.0019710031573720033,0.005376344086021001,0.042990840302667976,1.609375,1.671372099999644,0.020833333333332996,0.016239358333224013,0.006249999999999999,1.4000896057347667e-05,249487360,0,0,0,3
als|factors=128;epochs=15;regularisation=0.01;alpha=1.0|frac=0.5,software,als,0.5,,,128.0,15.0,0.01,1.0,,,,,,,,0.19555242387915903,0.24731182795698903,0.445440063719633,7.046875,7.051620599999978,0.104166666666666,0.10391693333334201,0.0328125,8.182745917960974e-05,584896512.0,2553856.0,4487.0,1674.0,0.0002262242331010078,0.0035842293906810097,0.07497013142174402,1.546875,1.5796248000006026,0.052083333333333995,0.052003466666975,0.009765625,3.69468090398801e-05,249487360,0,0,0,3
als|factors=128;epochs=15;regularisation=0.01;alpha=10.0|frac=0.5,software,als,0.5,,,128.0,15.0,0.01,10.0,,,,,,,,0.19840120816112902,0.25089605734767,0.41973317403424903,7.0625,7.078312500000038,0.104166666666666,0.10370576666665901,0.0328125,8.182745917960974e-05,584896512.0,2553856.0,4487.0,1674.0,0.001821506749932006,0.0035842293906810097,0.036140979689367025,1.9375,1.9622518999985914,0.022135416666666005,0.023743800000374002,0.006249999999999999,1.6956640780565536e-05,249487360,0,0,0,3
als|factors=128;epochs=15;regularisation=0.01;alpha=40.0|frac=0.5,software,als,0.5,,,128.0,15.0,0.01,40.0,,,,,,,,0.19473390091115503,0.24850657108721602,0.39161688570290704,7.265625,7.285545599999978,0.104166666666666,0.10355703333334501,0.0328125,8.182745917960974e-05,584896512.0,2553856.0,4487.0,1674.0,0.002231827164580008,0.004778972520908004,0.058900836320191,2.046875,2.2134836000004725,0.06640625,0.06592735000003802,0.018526785714285003,5.0736580474097985e-05,249487360,0,0,0,3
als|factors=128;epochs=15;regularisation=0.1;alpha=1.0|frac=0.5,software,als,0.5,,,128.0,15.0,0.1,1.0,,,,,,,,0.19540734384034802,0.24731182795698903,0.44458383114297,8.109375,8.249107399999957,0.119791666666666,0.11767310000019801,0.034722222222222,9.230220363732908e-05,584896512.0,2553856.0,4487.0,1674.0,0.0005080272175150002,0.002986857825567013,0.075228992433294,2.6875,2.941069399999833,0.022135416666666005,0.02704042500022301,0.006249999999999999,1.6956640780565536e-05,249487360,0,0,0,3
als|factors=128;epochs=15;regularisation=0.1;alpha=10.0|frac=0.5,software,als,0.5,,,128.0,15.0,0.1,10.0,,,,,,,,0.19693975318682203,0.24910394265232902,0.406810035842293,7.171875,7.200369000000137,0.104166666666666,0.10324443333335301,0.036458333333333,8.08940661091199e-05,584896512.0,2553856.0,4487.0,1674.0,0.000888999427281989,0.001194743130226994,0.023516527279968003,1.46875,1.5431782999978623,0.01171875,0.018077991666359997,0.013392857142857005,1.1889649826477792e-05,249466880,0,0,0,3
als|factors=128;epochs=15;regularisation=0.1;alpha=40.0|frac=0.5,software,als,0.5,,,128.0,15.0,0.1,40.0,,,,,,,,0.19269139014980402,0.24253285543608102,0.38910792512943004,7.0625,7.102366900000106,0.104166666666666,0.10360583333332801,0.0390625,8.556103146156911e-05,584896512.0,2553856.0,4487.0,1674.0,0.001113829226480012,0.002389486260453988,0.01921545201114999,1.65625,1.6299035000010917,0.022135416666666005,0.024453274999663002,0.006249999999999999,1.6956640780565536e-05,249466880,0,0,0,3
als|factors=128;epochs=30;regularisation=0.001;alpha=1.0|frac=0.5,software,als,0.5,,,128.0,30.0,0.001,1.0,,,,,,,,0.194698253494859,0.24671445639187503,0.45380326563122203,14.921875,15.05809390000013,0.104166666666666,0.10203409999996801,0.0328125,8.08940661091199e-05,584896512.0,2553856.0,4487.0,1674.0,0.0021701885740189886,0.0011947431302270217,0.05760653126244503,3.59375,3.5890804000009666,0.0546875,0.060245049999746,0.017857142857142003,4.2402713772873345e-05,249466880,0,0,0,3
als|factors=128;epochs=30;regularisation=0.001;alpha=10.0|frac=0.5,software,als,0.5,,,128.0,30.0,0.001,10.0,,,,,,,,0.197575575204951,0.24910394265232902,0.43211867781760205,14.109375,14.206564199999775,0.09765625,0.10083092500002501,0.034722222222222,7.907913513872296e-05,584896512.0,2553856.0,4487.0,1674.0,0.0032188552650820046,0.0071684587813619915,0.036559139784946015,4.6875,4.88944449999849,0.02734375,0.03143307499961699,0.010156249999999999,2.2401433691097972e-05,249466880,0,0,0,3
als|factors=128;epochs=30;regularisation=0.001;alpha=40.0|frac=0.5,software,als,0.5,,,128.0,30.0,0.001,40.0,,,,,,,,0.19584795373983901,0.253285543608124,0.39908403026682604,14.203125,14.200757299999168,0.109375,0.11494423333351701,0.034722222222222,8.815378999070757e-05,584896512.0,2553856.0,4487.0,1674.0,0.0008012235958209935,0.003584229390680982,0.00567502986857904,3.5625,3.644167399998878,0.01302083333333301,0.017803400000048,0.0069444444444440034,9.852482410726152e-06,249462784,0,0,0,3
als|factors=128;epochs=30;regularisation=0.01;alpha=1.0|frac=0.5,software,als,0.5,,,128.0,30.0,0.01,1.0,,,,,,,,0.19444792159707402,0.24671445639187503,0.45374352847471106,14.5625,14.688352299999906,0.104166666666666,0.100980000000011,0.038194444444444,8.50424797557414e-05,584896512.0,2553856.0,4487.0,1674.0,0.0018912371580390164,0.0023894862604540157,0.05764635603345303,3.828125,3.946027800000593,0.052083333333332996,0.06007114166641299,0.014062499999999999,3.951363998332259e-05,249462784,0,0,0,3
als|factors=128;epochs=30;regularisation=0.01;alpha=10.0|frac=0.5,software,als,0.5,,,128.0,30.0,0.01,10.0,,,,,,,,0.19640540560614603,0.24671445639187503,0.42612504978096305,14.421875,14.507811500000116,0.1015625,0.10093119999999,0.034722222222222,8.141261781494756e-05,584896512.0,2553856.0,4487.0,1674.0,0.0023683160287050198,0.005973715651134998,0.024093986459578,5.421875,5.912190800001554,0.02864583333333301,0.04059701666634899,0.004340277777777998,1.970496482105245e-05,249462784,0,0,0,3
als|factors=128;epochs=30;regularisation=0.01;alpha=40.0|frac=0.5,software,als,0.5,,,128.0,30.0,0.01,40.0,,,,,,,,0.194804346180447,0.24731182795698903,0.40071684587813605,14.25,14.27025759999924,0.09765625,0.098962574999973,0.0328125,7.793832138590203e-05,584896512.0,2553856.0,4487.0,1674.0,0.0004543437855799859,0.002389486260453988,0.014516129032258018,4.28125,4.443366100000048,0.031249999999999986,0.03250694999966701,0.008203124999999999,2.3568175029868598e-05,249458688,0,0,0,3
als|factors=128;epochs=30;regularisation=0.1;alpha=1.0|frac=0.5,software,als,0.5,,,128.0,30.0,0.1,1.0,,,,,,,,0.19447688462537102,0.246117084826762,0.454759060135404,14.21875,14.22055200000068,0.104166666666666,0.100229266666625,0.034722222222222,8.08940661091199e-05,584896512.0,2553856.0,4487.0,1674.0,0.0014171759397879902,0.0,0.05645161290322498,4.84375,5.118081799999118,0.062499999999999986,0.066955075000806,0.013392857142857005,4.326202802850167e-05,249458688,0,0,0,3
als|factors=128;epochs=30;regularisation=0.1;alpha=10.0|frac=0.5,software,als,0.5,,,128.0,30.0,0.1,10.0,,,,,,,,0.19590951023376402,0.245519713261648,0.42662285941855804,14.1875,14.19942120000087,0.09765625,0.100130699999965,0.0328125,7.793832138590203e-05,584896512.0,2553856.0,4487.0,1674.0,0.0024221711134929935,0.005376344086021029,0.033950617283951046,5.515625,5.8702686000006,0.10156249999999999,0.11241980000113502,0.014062499999999999,6.907108721532259e-05,249454592,0,0,0,3
als|factors=128;epochs=30;regularisation=0.1;alpha=40.0|frac=0.5,software,als,0.5,,,128.0,30.0,0.1,40.0,,,,,,,,0.19341806049357801,0.244922341696535,0.41690561529271203,14.671875,14.71150839999973,0.119791666666666,0.11893806666679001,0.0390625,9.489496216646757e-05,584896512.0,2553856.0,4487.0,1674.0,0.0011428443923849896,0.002986857825567013,0.03191955396256502,3.609375,3.719702200001848,0.02604166666666602,0.022603933333130016,0.006249999999999999,1.9290123456424134e-05,249442304,0,0,0,3
als|factors=16;epochs=5;regularisation=0.001;alpha=1.0|frac=1.0,software,als,1.0,,,16.0,5.0,0.001,1.0,,,,,,,,0.19674692900131702,0.25149342891278303,0.304938271604938,0.4375,0.43049489999975704,0.09375000000000001,0.09484175,0.034374999999999996,7.653823178016726e-05,584896512.0,319232.0,8044.0,1674.0,0.0010494365449439935,0.011947431302269995,0.04611708482676302,0.171875,0.162552500000402,0.020833333333332996,0.01711774166718301,0.005381944444444002,1.56602615159963e-05,249442304,0,0,0,3
als|factors=16;epochs=5;regularisation=0.001;alpha=10.0|frac=1.0,software,als,1.0,,,16.0,5.0,0.001,10.0,,,,,,,,0.19373485017938002,0.25567502986857804,0.417124651533253,0.375,0.37396420000004504,0.09375000000000001,0.09334062499999601,0.0328125,7.560483870967742e-05,584896512.0,319232.0,8044.0,1674.0,0.008084241256017977,0.013739545997609987,0.04739147749900402,0.09375,0.09537709999994998,0.01953125,0.021308633333774002,0.005381944444444002,1.4882433957254772e-05,249442304,0,0,0,3
als|factors=16;epochs=5;regularisation=0.001;alpha=40.0|frac=1.0,software,als,1.0,,,16.0,5.0,0.001,40.0,,,,,,,,0.17998587389831402,0.240143369175627,0.489147749900438,0.359375,0.35650860000009704,0.09765625,0.094052374999989,0.0328125,7.793832138590203e-05,584896512.0,319232.0,8044.0,1674.0,0.03961935193826799,0.023894862604540018,0.029131819992035013,0.14062499999999994,0.11903490000077,0.014322916666666005,0.014880608333744993,0.005381944444444002,1.1771123722288605e-05,249442304,0,0,0,3
als|factors=16;epochs=5;regularisation=0.01;alpha=1.0|frac=1.0,software,als,1.0,,,16.0,5.0,0.01,1.0,,,,,,,,0.196635074263861,0.25268817204301003,0.305933890880127,0.359375,0.362908999999945,0.09375000000000001,0.09547377500001601,0.034722222222222,7.674565246249833e-05,584896512.0,319232.0,8044.0,1674.0,0.0014697765147599906,0.011947431302269995,0.03416965352449197,0.07812499999999994,0.068491199997879,0.01953125,0.018373641666131008,0.005381944444444002,1.4882433957254772e-05,249442304,0,0,0,3
als|factors=16;epochs=5;regularisation=0.01;alpha=10.0|frac=1.0,software,als,1.0,,,16.0,5.0,0.01,10.0,,,,,,,,0.19391908538565403,0.256272401433691,0.42023098367184303,0.359375,0.36737750000020203,0.09765625,0.09450249999997501,0.03125,7.700492831541218e-05,584896512.0,319232.0,8044.0,1674.0,0.008793833130745998,0.01493428912783698,0.053484667463161994,0.10937500000000006,0.10413390000030598,0.02473958333333301,0.023826333334454997,0.009765625,2.0612430306650743e-05,249442304,0,0,0,3
als|factors=16;epochs=5;regularisation=0.01;alpha=40.0|frac=1.0,software,als,1.0,,,16.0,5.0,0.01,40.0,,,,,,,,0.18748818840533601,0.240143369175627,0.49542015133412903,0.390625,0.376778199999989,0.09765625,0.093803574999981,0.0328125,7.700492831541218e-05,584896512.0,319232.0,8044.0,1674.0,0.009120671539969982,0.019713261648745012,0.06041417761847795,0.09375,0.08150690000002198,0.020833333333332996,0.02479971666677301,0.0078125,1.6178813221823967e-05,249442304,0,0,0,3
als|factors=16;epochs=5;regularisation=0.1;alpha=1.0|frac=1.0,software,als,1.0,,,16.0,5.0,0.1,1.0,,,,,,,,0.196798554599313,0.253285543608124,0.309677419354838,0.375,0.381876399998873,0.104166666666666,0.10402523333323101,0.034722222222222,8.182745917960974e-05,584896512.0,319232.0,8044.0,1674.0,0.0017586296588939787,0.011947431302269995,0.033492632417363,0.10937500000000006,0.10755870000161805,0.020833333333332996,0.023478958332494,0.006249999999999999,1.5037999469003056e-05,249442304,0,0,0,3
als|factors=16;epochs=5;regularisation=0.1;alpha=10.0|frac=1.0,software,als,1.0,,,16.0,5.0,0.1,10.0,,,,,,,,0.19498660766182901,0.259259259259259,0.42704101951413703,0.359375,0.36016649999987704,0.09375000000000001,0.09426399999995201,0.0328125,7.560483870967742e-05,584896512.0,319232.0,8044.0,1674.0,0.008276824690995999,0.01433691756272401,0.046515332536836984,0.078125,0.07829100000162803,0.01953125,0.02204469166675499,0.009765625,1.7501120071684604e-05,249442304,0,0,0,3
als|factors=16;epochs=5;regularisation=0.1;alpha=40.0|frac=1.0,software,als,1.0,,,16.0,5.0,0.1,40.0,,,,,,,,0.189652486694233,0.24313022700119402,0.49480286738351204,0.375,0.36255100000016605,0.09765625,0.094452400000022,0.0328125,7.793832138590203e-05,584896512.0,319232.0,8044.0,1674.0,0.008627815763571994,0.017323775388291995,0.07331740342493004,0.10937499999999994,0.10189690000152002,0.029947916666666005,0.023905358333801002,0.008203124999999999,2.2790347471127057e-05,249442304,0,0,0,3
als|factors=16;epochs=15;regularisation=0.001;alpha=1.0|frac=1.0,software,als,1.0,,,16.0,15.0,0.001,1.0,,,,,,,,0.20316501652989402,0.264038231780167,0.292473118279569,1.09375,1.102260200001183,0.09375000000000001,0.095040549999964,0.036458333333333,7.778275587415372e-05,584896512.0,319232.0,8044.0,1674.0,0.006837739357973993,0.016129032258065,0.04328952608522496,0.234375,0.246034900001177,0.010416666666665991,0.01216819166666,0.005381944444444002,9.43764104606398e-06,249442304,0,0,0,3
als|factors=16;epochs=15;regularisation=0.001;alpha=10.0|frac=1.0,software,als,1.0,,,16.0,15.0,0.001,10.0,,,,,,,,0.20258001059313102,0.268219832735961,0.43667861409796804,1.109375,1.099647400000321,0.09375000000000001,0.094295950000002,0.0328125,7.560483870967742e-05,584896512.0,319232.0,8044.0,1674.0,0.008396454753936994,0.012544802867382965,0.043488649940263024,0.1875,0.18990900000085298,0.033854166666666005,0.032722066666943994,0.008203124999999999,2.5123830147351654e-05,249442304,0,0,0,3
als|factors=16;epochs=15;regularisation=0.001;alpha=40.0|frac=1.0,software,als,1.0,,,16.0,15.0,0.001,40.0,,,,,,,,0.19646722808851802,0.259856630824372,0.47534846674631603,1.109375,1.13953860000015,0.09765625,0.094821599999988,0.0328125,7.700492831541218e-05,584896512.0,319232.0,8044.0,1674.0,0.0011659630787260178,0.0,0.049661489446436,0.21875,0.24226549999912095,0.015624999999999986,0.018677566666762,0.0078125,1.3067502986857828e-05,249442304,0,0,0,3
als|factors=16;epochs=15;regularisation=0.01;alpha=1.0|frac=1.0,software,als,1.0,,,16.0,15.0,0.01,1.0,,,,,,,,0.20329736732288703,0.26463560334528,0.294822779769016,1.078125,1.083408200000121,0.09375000000000001,0.09358830000002101,0.0328125,7.560483870967742e-05,584896512.0,319232.0,8044.0,1674.0,0.006647668223418002,0.016129032258065,0.04380724810832398,0.265625,0.27299319999974614,0.01953125,0.019469099999242,0.008203124999999999,1.6567727001194765e-05,249442304,0,0,0,3
als|factors=16;epochs=15;regularisation=0.01;alpha=10.0|frac=1.0,software,als,1.0,,,16.0,15.0,0.01,10.0,,,,,,,,0.20181336829887603,0.26642771804062104,0.437196336121067,1.109375,1.117961899999954,0.09765625,0.09428497499999301,0.0328125,7.793832138590203e-05,584896512.0,319232.0,8044.0,1674.0,0.007549154062025998,0.010752688172043001,0.06662684189565898,0.296875,0.3074008999992661,0.029947916666666005,0.02629894166678501,0.008203124999999999,2.2790347471127057e-05,249442304,0,0,0,3
als|factors=16;epochs=15;regularisation=0.01;alpha=40.0|frac=1.0,software,als,1.0,,,16.0,15.0,0.01,40.0,,,,,,,,0.19678086286300703,0.260454002389486,0.46917562724014306,1.0625,1.073717199999009,0.09375000000000001,0.094389149999983,0.0328125,7.560483870967742e-05,584896512.0,319232.0,8044.0,1674.0,0.0016126007245009788,0.003584229390680982,0.04482277976901605,0.28125,0.2851391999975019,0.015624999999999986,0.020274599999386994,0.009765625,1.516763739545998e-05,249442304,0,0,0,3
als|factors=16;epochs=15;regularisation=0.1;alpha=1.0|frac=1.0,software,als,1.0,,,16.0,15.0,0.1,1.0,,,,,,,,0.203255069646603,0.265830346475507,0.295181202708084,1.078125,1.079459599999836,0.11458333333333301,0.114250433333306,0.034722222222222,8.919089340236294e-05,584896512.0,319232.0,8044.0,1674.0,0.006844783286243994,0.016726403823178027,0.04336917562724102,0.34375,0.321466600002168,0.02604166666666599,0.023478133333052,0.01171875,2.2556999203504597e-05,249442304,0,0,0,3
als|factors=16;epochs=15;regularisation=0.1;alpha=10.0|frac=1.0,software,als,1.0,,,16.0,15.0,0.1,10.0,,,,,,,,0.201496981864589,0.26642771804062104,0.43763440860215,1.078125,1.075636200001099,0.09375000000000001,0.09459455000001,0.0328125,7.560483870967742e-05,584896512.0,319232.0,8044.0,1674.0,0.008052225942814017,0.008960573476703038,0.07064914376742298,0.5,0.4846830999965732,0.029947916666666005,0.032346799999838,0.008203124999999999,2.2790347471127057e-05,249442304,0,0,0,3
als|factors=16;epochs=15;regularisation=0.1;alpha=40.0|frac=1.0,software,als,1.0,,,16.0,15.0,0.1,40.0,,,,,,,,0.19739661232654102,0.26105137395459904,0.47136598964555904,1.09375,1.079733299999134,0.09375000000000001,0.095998325000039,0.0328125,7.560483870967742e-05,584896512.0,319232.0,8044.0,1674.0,0.0007654115300949893,0.002389486260453988,0.034090003982477024,0.234375,0.23797559999752593,0.014322916666666005,0.016697300000941995,0.003645833333333001,1.0734020310633244e-05,249442304,0,0,0,3
als|factors=16;epochs=30;regularisation=0.001;alpha=1.0|frac=1.0,software,als,1.0,,,16.0,30.0,0.001,1.0,,,,,,,,0.20340658671826,0.270011947431302,0.30000000000000004,2.15625,2.150764900000013,0.09375000000000001,0.094724750000011,0.03125,7.467144563918758e-05,584896512.0,319232.0,8044.0,1674.0,0.005291895827953003,0.010752688172043001,0.03456790123456799,0.4375,0.4521201999996274,0.01953125,0.019158741667372997,0.0078125,1.633437873357229e-05,249442304,0,0,0,3
als|factors=16;epochs=30;regularisation=0.001;alpha=10.0|frac=1.0,software,als,1.0,,,16.0,30.0,0.001,10.0,,,,,,,,0.20107988924177603,0.267025089605734,0.44309040223018703,2.171875,2.161468000000013,0.09375000000000001,0.09388137500002301,0.0328125,7.560483870967742e-05,584896512.0,319232.0,8044.0,1674.0,0.00360064619700598,0.0029868578255669576,0.095021903624054,0.609375,0.6088374999981174,0.029947916666666005,0.031143341666848,0.010156249999999999,2.3957088809239383e-05,249442304,0,0,0,3
als|factors=16;epochs=30;regularisation=0.001;alpha=40.0|frac=1.0,software,als,1.0,,,16.0,30.0,0.001,40.0,,,,,,,,0.19918426118180402,0.26284348864994,0.46963361210673005,2.1875,2.195529000000078,0.09375000000000001,0.094560025000021,0.0328125,7.560483870967742e-05,584896512.0,319232.0,8044.0,1674.0,0.003015894023579019,0.007765830346476044,0.041059338908801035,1.0,1.1038958999997708,0.029947916666666005,0.030782749999920006,0.01171875,2.489048187972922e-05,249442304,0,0,0,3
als|factors=16;epochs=30;regularisation=0.01;alpha=1.0|frac=1.0,software,als,1.0,,,16.0,30.0,0.01,1.0,,,,,,,,0.20353197807400503,0.270609318996415,0.298884906411788,2.171875,2.155172200000152,0.09765625,0.094842150000033,0.0328125,7.793832138590203e-05,584896512.0,319232.0,8044.0,1674.0,0.0051793666034049834,0.010752688172043001,0.031461569095978026,0.859375,0.9130479999985259,0.01953125,0.022352525000466014,0.005381944444444002,1.4882433957254772e-05,249442304,0,0,0,3
als|factors=16;epochs=30;regularisation=0.01;alpha=10.0|frac=1.0,software,als,1.0,,,16.0,30.0,0.01,10.0,,,,,,,,0.20122458764765702,0.26762246117084804,0.44225408203902805,2.171875,2.152748999999858,0.09375000000000001,0.09516089999999601,0.0328125,7.560483870967742e-05,584896512.0,319232.0,8044.0,1674.0,0.003952238430553007,0.001194743130226994,0.06686579052170499,0.453125,0.4422284000029322,0.014322916666666005,0.014309991666929006,0.005208333333333003,1.1667413381123083e-05,249442304,0,0,0,3
als|factors=16;epochs=30;regularisation=0.01;alpha=40.0|frac=1.0,software,als,1.0,,,16.0,30.0,0.01,40.0,,,,,,,,0.19956690220130002,0.264038231780167,0.47196336121067306,2.1875,2.179351300000007,0.09375000000000001,0.09401287500003201,0.0328125,7.560483870967742e-05,584896512.0,319232.0,8044.0,1674.0,0.003686887136304995,0.008960573476703038,0.004818797291915977,0.4375,0.42198430000098597,0.015624999999999986,0.017246908333618,0.0069444444444440034,1.3482344351519986e-05,249442304,0,0,0,3
als|factors=16;epochs=30;regularisation=0.1;alpha=1.0|frac=1.0,software,als,1.0,,,16.0,30.0,0.1,1.0,,,,,,,,0.203533977882658,0.270011947431302,0.299163679808841,2.359375,2.424702999999908,0.09765625,0.094706024999993,0.036458333333333,8.011623855037835e-05,584896512.0,319232.0,8044.0,1674.0,0.004893516707651979,0.010155316606929032,0.045320589406611045,0.390625,0.4090136000013449,0.01953125,0.021403583332813003,0.006249999999999999,1.5400985663082453e-05,249442304,0,0,0,3
als|factors=16;epochs=30;regularisation=0.1;alpha=10.0|frac=1.0,software,als,1.0,,,16.0,30.0,0.1,10.0,,,,,,,,0.201008838810375,0.267025089605734,0.44352847471127005,2.25,2.239237999999886,0.104166666666666,0.10626876666666801,0.0328125,8.182745917960974e-05,584896512.0,319232.0,8044.0,1674.0,0.0033815266690090107,0.003584229390680982,0.04986061330147301,0.546875,0.5363277000014932,0.020833333333332996,0.022118566665842998,0.015625,2.1779171644763042e-05,249442304,0,0,0,3
als|factors=16;epochs=30;regularisation=0.1;alpha=40.0|frac=1.0,software,als,1.0,,,16.0,30.0,0.1,40.0,,,,,,,,0.199012369711444,0.264038231780167,0.450696933492632,2.21875,2.220481100000142,0.09765625,0.09428394999997601,0.0328125,7.793832138590203e-05,584896512.0,319232.0,8044.0,1674.0,0.0024119796143410033,0.003584229390680982,0.03436877737952998,0.71875,0.7352126000005228,0.01953125,0.017762724999253007,0.0078125,1.633437873357229e-05,249442304,0,0,0,3
als|factors=32;epochs=5;regularisation=0.001;alpha=1.0|frac=1.0,software,als,1.0,,,32.0,5.0,0.001,1.0,,,,,,,,0.209462039022165,0.27718040621266404,0.45091596973317405,0.484375,0.489388799999915,0.1015625,0.10075392499999201,0.034722222222222,8.141261781494756e-05,584896512.0,638464.0,8044.0,1674.0,0.006030835729048001,0.010155316606930032,0.03918757467144601,0.25,0.280120100000203,0.029947916666666005,0.02918174166673701,0.014062499999999999,2.629057148546398e-05,249442304,0,0,0,3
als|factors=32;epochs=5;regularisation=0.001;alpha=10.0|frac=1.0,software,als,1.0,,,32.0,5.0,0.001,10.0,,,,,,,,0.20984120105124401,0.270609318996415,0.513460772600557,0.5,0.49247880000007105,0.1015625,0.100866899999971,0.0328125,8.027180406212666e-05,584896512.0,638464.0,8044.0,1674.0,0.0035841362428080115,0.005376344086021001,0.026782158502589026,0.14062499999999994,0.12028810000083495,0.01953125,0.023652541666101007,0.006249999999999999,1.5400985663082453e-05,249442304,0,0,0,3
als|factors=32;epochs=5;regularisation=0.001;alpha=40.0|frac=1.0,software,als,1.0,,,32.0,5.0,0.001,40.0,,,,,,,,0.203558538203257,0.267025089605734,0.5477698128235761,0.53125,0.525453099999822,0.09375000000000001,0.09608289999999801,0.038194444444444,7.881985928580911e-05,584896512.0,638464.0,8044.0,1674.0,0.0031397957564489876,0.007168458781362019,0.084587813620071,0.109375,0.11128759999883198,0.020833333333332996,0.021348824999222,0.009765625,1.827894763042612e-05,249442304,0,0,0,3
als|factors=32;epochs=5;regularisation=0.01;alpha=1.0|frac=1.0,software,als,1.0,,,32.0,5.0,0.01,1.0,,,,,,,,0.20975818862213003,0.27718040621266404,0.452668259657506,0.5625,0.561846000000059,0.104166666666666,0.10651686666665201,0.0390625,8.556103146156911e-05,584896512.0,638464.0,8044.0,1674.0,0.006487241563359003,0.011947431302269995,0.034707287933094966,0.09375,0.11282940000091907,0.029947916666666005,0.02987387499994601,0.008203124999999999,2.2790347471127057e-05,249442304,0,0,0,3
als|factors=32;epochs=5;regularisation=0.01;alpha=10.0|frac=1.0,software,als,1.0,,,32.0,5.0,0.01,10.0,,,,,,,,0.20970232871580802,0.271206690561529,0.493249701314217,0.5,0.504353600000058,0.104166666666666,0.105487133333326,0.034722222222222,8.08940661091199e-05,584896512.0,638464.0,8044.0,1674.0,0.0025342376426649993,0.007168458781362019,0.007427319792911002,0.109375,0.10361210000155607,0.01953125,0.02137862499967,0.009765625,1.5426913248373826e-05,249442304,0,0,0,3
als|factors=32;epochs=5;regularisation=0.01;alpha=40.0|frac=1.0,software,als,1.0,,,32.0,5.0,0.01,40.0,,,,,,,,0.20399055212255301,0.26463560334528,0.5359418558343291,0.515625,0.513842199999999,0.109375,0.10959960000006201,0.034722222222222,8.607958316739679e-05,584896512.0,638464.0,8044.0,1674.0,0.004377733743077011,0.004181600955795006,0.08793309438470698,0.12499999999999994,0.10633230000166793,0.041666666666666005,0.04437734166761699,0.015625,3.422441258381243e-05,249442304,0,0,0,3
als|factors=32;epochs=5;regularisation=0.1;alpha=1.0|frac=1.0,software,als,1.0,,,32.0,5.0,0.1,1.0,,,,,,,,0.20948850408476002,0.27718040621266404,0.45059737156511304,0.484375,0.49387589999992004,0.1015625,0.10022217499999801,0.0390625,8.400537634408604e-05,584896512.0,638464.0,8044.0,1674.0,0.007357622783585982,0.014934289127837008,0.034926324173636,0.140625,0.14483399999880903,0.020833333333332996,0.023482966665445,0.008203124999999999,1.734555455993628e-05,249442304,0,0,0,3
als|factors=32;epochs=5;regularisation=0.1;alpha=10.0|frac=1.0,software,als,1.0,,,32.0,5.0,0.1,10.0,,,,,,,,0.211344755308829,0.27299880525686904,0.493588211867781,0.5,0.508824600000025,0.09765625,0.097156400000017,0.034722222222222,7.907913513872296e-05,584896512.0,638464.0,8044.0,1674.0,0.002855023680521984,0.007168458781362019,0.016367980884109956,0.109375,0.11115899999822398,0.029947916666666005,0.024920149998858,0.003645833333333001,2.006795101553169e-05,249442304,0,0,0,3
als|factors=32;epochs=5;regularisation=0.1;alpha=40.0|frac=1.0,software,als,1.0,,,32.0,5.0,0.1,40.0,,,,,,,,0.204327547229591,0.261648745519713,0.49117881322182405,0.484375,0.49230230000011904,0.09765625,0.09664514999997201,0.034722222222222,7.907913513872296e-05,584896512.0,638464.0,8044.0,1674.0,0.002119723309845001,0.0029868578255679568,0.012763839107925001,0.12499999999999994,0.12347520000002998,0.01953125,0.020478708332575993,0.006249999999999999,1.5400985663082453e-05,249442304,0,0,0,3
als|factors=32;epochs=15;regularisation=0.001;alpha=1.0|frac=1.0,software,als,1.0,,,32.0,15.0,0.001,1.0,,,,,,,,0.21058333086788,0.278972520908004,0.443628036638789,1.515625,1.521466799999871,0.104166666666666,0.101379566666613,0.034374999999999996,8.276085225009958e-05,584896512.0,638464.0,8044.0,1674.0,0.004120520431313002,0.007168458781361964,0.018140183193946002,0.375,0.3523413999992042,0.02473958333333301,0.019874374999441002,0.003645833333333001,1.6956640780565522e-05,249442304,0,0,0,3
als|factors=32;epochs=15;regularisation=0.001;alpha=10.0|frac=1.0,software,als,1.0,,,32.0,15.0,0.001,10.0,,,,,,,,0.215690517618274,0.28912783751493404,0.484388689765033,1.515625,1.5079037000000421,0.09375000000000001,0.09715927500002401,0.0328125,7.560483870967742e-05,584896512.0,638464.0,8044.0,1674.0,0.002885236368464994,0.004181600955794007,0.028395061728394955,0.34375,0.36537660000067307,0.029947916666666005,0.026677866666433,0.006249999999999999,2.162360613301477e-05,249442304,0,0,0,3
als|factors=32;epochs=15;regularisation=0.001;alpha=40.0|frac=1.0,software,als,1.0,,,32.0,15.0,0.001,40.0,,,,,,,,0.209470161195616,0.281362007168458,0.49741138988450806,1.46875,1.459963600000037,0.09765625,0.09708047499998401,0.0328125,7.793832138590203e-05,584896512.0,638464.0,8044.0,1674.0,0.0038574939525949925,0.008363201911589013,0.08020708880924005,0.34375,0.358099400000355,0.03515625,0.03154326666708601,0.006249999999999999,2.473491636798091e-05,249442304,0,0,0,3
als|factors=32;epochs=15;regularisation=0.01;alpha=1.0|frac=1.0,software,als,1.0,,,32.0,15.0,0.01,1.0,,,,,,,,0.21118137423479702,0.280167264038231,0.442731979291119,1.46875,1.471643099999937,0.09375000000000001,0.09570652500002501,0.034722222222222,7.674565246249833e-05,584896512.0,638464.0,8044.0,1674.0,0.0036234303777959997,0.006571087216247995,0.013281561131024022,0.265625,0.2636046999996331,0.014322916666666005,0.01632954999937901,0.006249999999999999,1.2289675428116313e-05,249442304,0,0,0,3
als|factors=32;epochs=15;regularisation=0.01;alpha=10.0|frac=1.0,software,als,1.0,,,32.0,15.0,0.01,10.0,,,,,,,,0.21560109194951702,0.28912783751493404,0.5040621266427711,1.453125,1.464138300000058,0.09765625,0.09747477500002301,0.0328125,7.793832138590203e-05,584896512.0,638464.0,8044.0,1674.0,0.0035210979501859863,0.005376344086022,0.053763440860215894,0.359375,0.38218649999907894,0.01953125,0.020159099999850008,0.005381944444444002,1.4882433957254772e-05,249442304,0,0,0,3
als|factors=32;epochs=15;regularisation=0.01;alpha=40.0|frac=1.0,software,als,1.0,,,32.0,15.0,0.01,40.0,,,,,,,,0.20976184334929202,0.27837514934289104,0.511469534050179,1.46875,1.459816300000056,0.09375000000000001,0.09428050000002401,0.034722222222222,7.674565246249833e-05,584896512.0,638464.0,8044.0,1674.0,0.0028669478817199834,0.003584229390680982,0.0536837913182,0.34375,0.36019889999988686,0.02473958333333301,0.022009558334502008,0.005208333333333003,1.789003385105536e-05,249442304,0,0,0,3
als|factors=32;epochs=15;regularisation=0.1;alpha=1.0|frac=1.0,software,als,1.0,,,32.0,15.0,0.1,1.0,,,,,,,,0.21113769688844802,0.280167264038231,0.44169653524492203,1.46875,1.467243399999915,0.09375000000000001,0.095534274999977,0.034722222222222,7.674565246249833e-05,584896512.0,638464.0,8044.0,1674.0,0.0036062818949590125,0.007765830346474989,0.018857029072082032,0.328125,0.33427520000077515,0.020833333333332996,0.019297849999929992,0.0069444444444440034,1.659365458648614e-05,249442304,0,0,0,3
als|factors=32;epochs=15;regularisation=0.1;alpha=10.0|frac=1.0,software,als,1.0,,,32.0,15.0,0.1,10.0,,,,,,,,0.21530032354755302,0.28853046594982,0.47988849064117806,1.46875,1.45897930000001,0.09765625,0.096214049999957,0.03125,7.700492831541218e-05,584896512.0,638464.0,8044.0,1674.0,0.003806717658761005,0.00597371565113497,0.013500597371565004,0.546875,0.555559299999004,0.015624999999999986,0.020342383333021005,0.0078125,1.4000896057347667e-05,249442304,0,0,0,3
als|factors=32;epochs=15;regularisation=0.1;alpha=40.0|frac=1.0,software,als,1.0,,,32.0,15.0,0.1,40.0,,,,,,,,0.21081884542259902,0.27837514934289104,0.510015929908403,1.484375,1.481297699999913,0.09765625,0.09525304999999601,0.0328125,7.793832138590203e-05,584896512.0,638464.0,8044.0,1674.0,0.0008284838478979928,0.0005973715651129696,0.029530067702110974,0.296875,0.3051799000022588,0.02604166666666599,0.031517108333598,0.006249999999999999,1.9290123456790147e-05,249442304,0,0,0,3
als|factors=32;epochs=30;regularisation=0.001;alpha=1.0|frac=1.0,software,als,1.0,,,32.0,30.0,0.001,1.0,,,,,,,,0.21052169672728102,0.27956989247311803,0.43827160493827105,2.96875,2.967449699999633,0.09765625,0.097848400000032,0.034722222222222,7.700492831541218e-05,584896512.0,638464.0,8044.0,1674.0,0.006946844495307997,0.009557945041816007,0.010473914774990045,0.65625,0.675905899998952,0.02473958333333301,0.025036533333605004,0.009765625,1.8538223483339966e-05,249442304,0,0,0,3
als|factors=32;epochs=30;regularisation=0.001;alpha=10.0|frac=1.0,software,als,1.0,,,32.0,30.0,0.001,10.0,,,,,,,,0.21647597491001602,0.29330943847072805,0.511708482676224,3.015625,3.012059799999406,0.09765625,0.09474744999999901,0.034722222222222,7.793832138590203e-05,584896512.0,638464.0,8044.0,1674.0,0.0013228344553539995,0.001792114695340019,0.03636001592990801,0.59375,0.582185999997364,0.01953125,0.015917616665622997,0.006249999999999999,1.4260171910261514e-05,249442304,0,0,0,3
als|factors=32;epochs=30;regularisation=0.001;alpha=40.0|frac=1.0,software,als,1.0,,,32.0,30.0,0.001,40.0,,,,,,,,0.211779022132558,0.283154121863799,0.503185981680605,2.984375,2.991373099999691,0.09765625,0.096280849999857,0.034722222222222,7.907913513872296e-05,584896512.0,638464.0,8044.0,1674.0,0.002141055148300014,0.005973715651135025,0.07461170848267601,0.6875,0.7024164000001742,0.015624999999999986,0.014786875000520006,0.004687500000000004,1.2134109916367989e-05,249442304,0,0,0,3
als|factors=32;epochs=30;regularisation=0.01;alpha=1.0|frac=1.0,software,als,1.0,,,32.0,30.0,0.01,1.0,,,,,,,,0.21036996488919701,0.27956989247311803,0.438988450816407,3.390625,3.422597600000017,0.09765625,0.09536872499995701,0.034722222222222,7.793832138590203e-05,584896512.0,638464.0,8044.0,1674.0,0.007176754528481988,0.010155316606929976,0.011270410195141967,0.75,0.7681802000006428,0.02604166666666599,0.025677183332846007,0.006249999999999999,1.8149309703969235e-05,249442304,0,0,0,3
als|factors=32;epochs=30;regularisation=0.01;alpha=10.0|frac=1.0,software,als,1.0,,,32.0,30.0,0.01,10.0,,,,,,,,0.21691685348238102,0.293906810035842,0.49864595778574206,2.96875,2.964883999999983,0.09375000000000001,0.09567367500000001,0.034722222222222,7.560483870967742e-05,584896512.0,638464.0,8044.0,1674.0,0.0017448679580189808,0.0017921146953410183,0.026941457586619033,0.859375,0.9043877000003708,0.03515625,0.031435483333249,0.008203124999999999,2.4760843953272285e-05,249442304,0,0,0,3
als|factors=32;epochs=30;regularisation=0.01;alpha=40.0|frac=1.0,software,als,1.0,,,32.0,30.0,0.01,40.0,,,,,,,,0.21254669678898103,0.28255675029868504,0.507367582636399,2.953125,2.955024099999718,0.09375000000000001,0.09507389999998801,0.034722222222222,7.560483870967742e-05,584896512.0,638464.0,8044.0,1674.0,0.0011640322612309906,0.0017921146953410183,0.04842692154520195,0.6875,0.936212799999339,0.04427083333333301,0.036397958332599,0.016294642857142,3.5039279549950884e-05,249442304,0,0,0,3
als|factors=32;epochs=30;regularisation=0.1;alpha=1.0|frac=1.0,software,als,1.0,,,32.0,30.0,0.1,1.0,,,,,,,,0.210840992970512,0.280764635603345,0.440023894862604,2.953125,2.964740600000141,0.104166666666666,0.10371393333336201,0.034722222222222,8.182745917960974e-05,584896512.0,638464.0,8044.0,1674.0,0.00702368515867699,0.009557945041816007,0.014814814814815003,1.234375,1.3338048000005074,0.02604166666666599,0.027642758334423007,0.008203124999999999,1.931605104208152e-05,249442304,0,0,0,3
als|factors=32;epochs=30;regularisation=0.1;alpha=10.0|frac=1.0,software,als,1.0,,,32.0,30.0,0.1,10.0,,,,,,,,0.21690382585148701,0.292712066905615,0.496993229788928,2.921875,2.929516199999852,0.09765625,0.097089500000038,0.0328125,7.793832138590203e-05,584896512.0,638464.0,8044.0,1674.0,0.0009151347344199812,0.0005973715651140243,0.05388291517323801,1.5,1.805470700002843,0.029947916666666005,0.030412791667004002,0.010156249999999999,2.3957088809239383e-05,249442304,0,0,0,3
als|factors=32;epochs=30;regularisation=0.1;alpha=40.0|frac=1.0,software,als,1.0,,,32.0,30.0,0.1,40.0,,,,,,,,0.21200881570155003,0.283154121863799,0.521047391477499,3.0,3.001282800000126,0.09375000000000001,0.09496109999997701,0.034374999999999996,7.653823178016726e-05,584896512.0,638464.0,8044.0,1674.0,0.002347360122509995,0.004181600955794007,0.037156511350059984,0.546875,0.5432156999995641,0.015624999999999986,0.014413949999530995,0.0078125,1.4000896057347667e-05,249442304,0,0,0,3
als|factors=64;epochs=5;regularisation=0.001;alpha=1.0|frac=1.0,software,als,1.0,,,64.0,5.0,0.001,1.0,,,,,,,,0.21501547631346601,0.281959378733572,0.49555953803265607,0.875,0.866107499999998,0.09765625,0.099879375,0.036458333333333,8.011623855037835e-05,584896512.0,1276928.0,8044.0,1674.0,0.003853600067897006,0.004778972520908031,0.02033054559936298,0.21875,0.21114440000132983,0.01692708333333301,0.016749733334033,0.006249999999999999,1.3845330545599356e-05,249442304,0,0,0,3
als|factors=64;epochs=5;regularisation=0.001;alpha=10.0|frac=1.0,software,als,1.0,,,64.0,5.0,0.001,10.0,,,,,,,,0.21837324222733,0.283154121863799,0.45969733174034205,0.859375,0.8592203000000601,0.1015625,0.09978274999997401,0.0328125,8.027180406212666e-05,584896512.0,1276928.0,8044.0,1674.0,0.0033876701719300073,0.006571087216247995,0.05915969733174098,0.171875,0.19212460000016984,0.01692708333333301,0.01917877500000001,0.008203124999999999,1.5012071883711668e-05,249442304,0,0,0,3
als|factors=64;epochs=5;regularisation=0.001;alpha=40.0|frac=1.0,software,als,1.0,,,64.0,5.0,0.001,40.0,,,,,,,,0.21265439275532502,0.275388291517323,0.476463560334528,0.859375,0.8606990999996921,0.09765625,0.096896774999947,0.034722222222222,7.700492831541218e-05,584896512.0,1276928.0,8044.0,1674.0,0.0032444873568049926,0.010155316606928977,0.02909199522102701,0.203125,0.21903269999916197,0.031249999999999986,0.027843849999044004,0.005208333333333003,1.9704964821452305e-05,249442304,0,0,0,3
als|factors=64;epochs=5;regularisation=0.01;alpha=1.0|frac=1.0,software,als,1.0,,,64.0,5.0,0.01,1.0,,,,,,,,0.21451817535398102,0.281362007168458,0.494245320589406,0.875,0.867609099999981,0.09375000000000001,0.096608874999958,0.034722222222222,7.674565246249833e-05,584896512.0,1276928.0,8044.0,1674.0,0.004239185638782006,0.00597371565113497,0.02248108323377096,0.1718749999999999,0.18155689999912283,0.015624999999999986,0.016786491666607006,0.005381944444444002,1.2548951281030147e-05,249442304,0,0,0,3
als|factors=64;epochs=5;regularisation=0.01;alpha=10.0|frac=1.0,software,als,1.0,,,64.0,5.0,0.01,10.0,,,,,,,,0.21832089070835603,0.281959378733572,0.45382317801672606,0.875,0.874028199999884,0.09765625,0.097088450000001,0.034374999999999996,7.887171445639187e-05,584896512.0,1276928.0,8044.0,1674.0,0.004015359838761001,0.008363201911589013,0.047491039426522996,0.1562499999999999,0.170813399997087,0.01171875,0.014468441667151999,0.006249999999999999,1.0734020310633217e-05,249442304,0,0,0,3
als|factors=64;epochs=5;regularisation=0.01;alpha=40.0|frac=1.0,software,als,1.0,,,64.0,5.0,0.01,40.0,,,,,,,,0.211520901705741,0.27299880525686904,0.45983671843886903,0.875,0.864395800000011,0.09765625,0.098522349999711,0.0328125,7.793832138590203e-05,584896512.0,1276928.0,8044.0,1674.0,0.0028862389973500213,0.009557945041815952,0.025448028673835,0.171875,0.18616420000034783,0.01171875,0.009190308332620994,0.0069444444444440034,1.1148861675295388e-05,249442304,0,0,0,3
als|factors=64;epochs=5;regularisation=0.1;alpha=1.0|frac=1.0,software,als,1.0,,,64.0,5.0,0.1,1.0,,,,,,,,0.214484384650507,0.281362007168458,0.49693349263241704,0.875,0.859782800000175,0.09375000000000001,0.09567367500000001,0.034722222222222,7.560483870967742e-05,584896512.0,1276928.0,8044.0,1674.0,0.003309677148706003,0.004181600955795006,0.018777379530067972,0.140625,0.14817429999902798,0.029947916666666005,0.025774875000177014,0.008203124999999999,2.1649533718306118e-05,249442304,0,0,0,3
als|factors=64;epochs=5;regularisation=0.1;alpha=10.0|frac=1.0,software,als,1.0,,,64.0,5.0,0.1,10.0,,,,,,,,0.21804803181154,0.284348864994026,0.472082835523695,0.9062500000000001,0.895356600000013,0.09765625,0.09596702499993601,0.036458333333333,7.778275587415372e-05,584896512.0,1276928.0,8044.0,1674.0,0.003675284875272994,0.007168458781362019,0.04569892473118303,0.234375,0.24734570000009592,0.036458333333332996,0.032115291667764015,0.017857142857142003,3.0113038344587828e-05,249442304,0,0,0,3
als|factors=64;epochs=5;regularisation=0.1;alpha=40.0|frac=1.0,software,als,1.0,,,64.0,5.0,0.1,40.0,,,,,,,,0.208952345087102,0.27180406212664204,0.43520509757068904,0.921875,0.924284900000202,0.104166666666666,0.097838099999989,0.0328125,8.182745917960974e-05,584896512.0,1276928.0,8044.0,1674.0,0.0005446608628979777,0.005973715651135025,0.027479091995221028,0.359375,0.394498199998225,0.02473958333333301,0.020214099999824,0.006249999999999999,1.851229589804859e-05,249442304,0,0,0,3
als|factors=64;epochs=15;regularisation=0.001;alpha=1.0|frac=1.0,software,als,1.0,,,64.0,15.0,0.001,1.0,,,,,,,,0.21734162965538803,0.28673835125448,0.48132218239745106,2.59375,2.59393640000053,0.09765625,0.09640445000002201,0.034722222222222,7.700492831541218e-05,584896512.0,1276928.0,8044.0,1674.0,0.0031670154603010148,0.005973715651135025,0.020688968538430996,0.640625,0.6846094999984871,0.02604166666666599,0.024806183333112006,0.013671875,2.1649533718306145e-05,249442304,0,0,0,3
als|factors=64;epochs=15;regularisation=0.001;alpha=10.0|frac=1.0,software,als,1.0,,,64.0,15.0,0.001,10.0,,,,,,,,0.217349348007343,0.289725209080047,0.44890481879729105,2.734375,2.73340189999999,0.1015625,0.09899092500000901,0.0328125,8.027180406212666e-05,584896512.0,1276928.0,8044.0,1674.0,0.003941527071392975,0.009557945041816007,0.013221823974511993,3.015625,3.7595376000008405,0.140625,0.14179730000114404,0.021875,9.707287933032258e-05,249442304,0,0,0,3
als|factors=64;epochs=15;regularisation=0.001;alpha=40.0|frac=1.0,software,als,1.0,,,64.0,15.0,0.001,40.0,,,,,,,,0.214864339446514,0.28494623655913903,0.459557945041815,2.703125,2.6945972999999412,0.09765625,0.09978790000002301,0.034722222222222,7.907913513872296e-05,584896512.0,1276928.0,8044.0,1674.0,0.0030032573934999918,0.0029868578255679568,0.01921545201115099,2.96875,3.9230355000017876,0.062499999999999986,0.06761434999953,0.016294642857142,4.706967912532258e-05,249442304,0,0,0,3
als|factors=64;epochs=15;regularisation=0.01;alpha=1.0|frac=1.0,software,als,1.0,,,64.0,15.0,0.01,1.0,,,,,,,,0.21750310099351503,0.287335722819593,0.480983671843886,2.8125,2.846589499999936,0.09765625,0.097492049999971,0.0328125,7.793832138590203e-05,584896512.0,1276928.0,8044.0,1674.0,0.003117672067683014,0.007765830346474989,0.017801672640382016,1.828125,2.0465040000017325,0.022135416666666005,0.028078658333319004,0.008203124999999999,1.812338211867782e-05,249442304,0,0,0,3
als|factors=64;epochs=15;regularisation=0.01;alpha=10.0|frac=1.0,software,als,1.0,,,64.0,15.0,0.01,10.0,,,,,,,,0.21660183587352702,0.28793309438470704,0.44976105137395406,2.734375,2.784828599999855,0.09765625,0.099138125000024,0.034722222222222,7.907913513872296e-05,584896512.0,1276928.0,8044.0,1674.0,0.003936454850251014,0.008960573476701983,0.011031461569096013,0.859375,0.8725058999971229,0.031249999999999986,0.028839033333346004,0.021875,3.1735364396322585e-05,249442304,0,0,0,3
als|factors=64;epochs=15;regularisation=0.01;alpha=40.0|frac=1.0,software,als,1.0,,,64.0,15.0,0.01,40.0,,,,,,,,0.213642688481665,0.283154121863799,0.45756670649143705,2.75,2.783234200000151,0.104166666666666,0.098656400000057,0.034722222222222,8.296827293243065e-05,584896512.0,1276928.0,8044.0,1674.0,0.002119020633295998,0.0005973715651130251,0.020011947431303023,2.40625,2.7985808999965234,0.06640625,0.060098699999798,0.011830357142857004,4.6736324458097984e-05,249442304,0,0,0,3
als|factors=64;epochs=15;regularisation=0.1;alpha=1.0|frac=1.0,software,als,1.0,,,64.0,15.0,0.1,1.0,,,,,,,,0.217357355162437,0.28673835125448,0.48309438470728705,2.609375,2.611369800000147,0.09765625,0.096704175000013,0.0328125,7.793832138590203e-05,584896512.0,1276928.0,8044.0,1674.0,0.0031164656715789996,0.008363201911588958,0.015133412982876016,2.03125,2.1726670999996713,0.09374999999999999,0.09258399999998802,0.019270833333333,6.75154320983226e-05,249442304,0,0,0,3
als|factors=64;epochs=15;regularisation=0.1;alpha=10.0|frac=1.0,software,als,1.0,,,64.0,15.0,0.1,10.0,,,,,,,,0.21736068693461302,0.28853046594982,0.446913580246913,2.578125,2.578922099999999,0.09765625,0.097467474999973,0.0328125,7.793832138590203e-05,584896512.0,1276928.0,8044.0,1674.0,0.003977471998780985,0.008363201911589013,0.015730784547988985,1.140625,1.2610644000033067,0.02604166666666599,0.021721383333442992,0.003645833333333001,1.7734468339307064e-05,249442304,0,0,0,3
als|factors=64;epochs=15;regularisation=0.1;alpha=40.0|frac=1.0,software,als,1.0,,,64.0,15.0,0.1,40.0,,,,,,,,0.215404557841188,0.28494623655913903,0.45523695738749503,2.765625,2.783331300001009,0.1015625,0.10121567499999101,0.03125,7.933841099163679e-05,584896512.0,1276928.0,8044.0,1674.0,0.0017862450656969953,0.0005973715651130251,0.014814814814815003,1.296875,1.3480546000012055,0.02604166666666599,0.026532566667204993,0.009765625,2.139025786539227e-05,249442304,0,0,0,3
als|factors=64;epochs=30;regularisation=0.001;alpha=1.0|frac=1.0,software,als,1.0,,,64.0,30.0,0.001,1.0,,,,,,,,0.21721161532774802,0.28912783751493404,0.48181999203504505,5.3125,5.342229300000099,0.09765625,0.09825867499995401,0.034722222222222,7.907913513872296e-05,584896512.0,1276928.0,8044.0,1674.0,0.0035380923408230014,0.003584229390680982,0.025348466746317022,1.921875,1.944079499999134,0.07031249999999999,0.08128054999906402,0.014384920634920001,5.0595830725501666e-05,249442304,0,0,0,3
als|factors=64;epochs=30;regularisation=0.001;alpha=10.0|frac=1.0,software,als,1.0,,,64.0,30.0,0.001,10.0,,,,,,,,0.22009123847629702,0.291517323775388,0.44854639585822303,5.546875,5.642263300000195,0.11458333333333301,0.11890473333331401,0.034722222222222,8.919089340236294e-05,584896512.0,1276928.0,8044.0,1674.0,0.002009685508915976,0.005376344086022,0.017980884109915996,2.046875,2.201876699999957,0.02604166666666599,0.029530241667089993,0.008246527777777998,2.0482792380193847e-05,249442304,0,0,0,3
als|factors=64;epochs=30;regularisation=0.001;alpha=40.0|frac=1.0,software,als,1.0,,,64.0,30.0,0.001,40.0,,,,,,,,0.21394645199788,0.284348864994026,0.46011549183592104,5.40625,5.402404799999886,0.1015625,0.10106342500000601,0.034722222222222,8.027180406212666e-05,584896512.0,1276928.0,8044.0,1674.0,0.0018215562689219977,0.0035842293906810374,0.021146953405017044,1.828125,1.9362493000007817,0.10937499999999999,0.107089250000172,0.019270833333333,7.570854905050167e-05,249442304,0,0,0,3
als|factors=64;epochs=30;regularisation=0.01;alpha=1.0|frac=1.0,software,als,1.0,,,64.0,30.0,0.01,1.0,,,,,,,,0.21720299234022003,0.28912783751493404,0.48088410991636804,5.375,5.366160100000343,0.09765625,0.097722824999891,0.036458333333333,8.011623855037835e-05,584896512.0,1276928.0,8044.0,1674.0,0.003245386845776993,0.0029868578255680123,0.024810832337715027,2.640625,2.8102236999977777,0.01692708333333301,0.022376708333429002,0.010156249999999999,1.6178813221823967e-05,249442304,0,0,0,3
als|factors=64;epochs=30;regularisation=0.01;alpha=10.0|frac=1.0,software,als,1.0,,,64.0,30.0,0.01,10.0,,,,,,,,0.21943241411216302,0.29032258064516103,0.44826762246117,5.625,5.637332300000708,0.109375,0.10061940000014101,0.036458333333333,8.711668657905218e-05,584896512.0,1276928.0,8044.0,1674.0,0.002360572491494989,0.003584229390680982,0.014376742333730985,1.59375,1.578344999997853,0.02734375,0.02392219999997701,0.008203124999999999,2.1234692353643987e-05,249442304,0,0,0,3
als|factors=64;epochs=30;regularisation=0.01;alpha=40.0|frac=1.0,software,als,1.0,,,64.0,30.0,0.01,40.0,,,,,,,,0.21467752377489602,0.28494623655913903,0.45682994822779704,5.5,5.677331500000946,0.104166666666666,0.10201816666691801,0.036458333333333,8.400537634408604e-05,584896512.0,1276928.0,8044.0,1674.0,0.002515173098117024,0.002389486260453988,0.021385902031062998,2.203125,2.3325654999994185,0.01171875,0.020160833333856,0.008203124999999999,1.1900761648745529e-05,249442304,0,0,0,3
als|factors=64;epochs=30;regularisation=0.1;alpha=1.0|frac=1.0,software,als,1.0,,,64.0,30.0,0.1,1.0,,,,,,,,0.21781561854334203,0.29032258064516103,0.48335324571883703,6.015625,6.030790499999057,0.09765625,0.09754872500002401,0.036458333333333,8.011623855037835e-05,584896512.0,1276928.0,8044.0,1674.0,0.003233666087161996,0.004778972520907976,0.02303863002787704,1.4375,1.392463100001578,0.02734375,0.02633646666617999,0.010156249999999999,2.2401433691097972e-05,249442304,0,0,0,3
als|factors=64;epochs=30;regularisation=0.1;alpha=10.0|frac=1.0,software,als,1.0,,,64.0,30.0,0.1,10.0,,,,,,,,0.21978811546024302,0.29032258064516103,0.444982078853046,5.4375,5.444654900000387,0.09765625,0.098978450000004,0.0390625,8.16718936678614e-05,584896512.0,1276928.0,8044.0,1674.0,0.0023691762599400146,0.003584229390680982,0.015890083632018992,1.359375,1.3927565999981653,0.022135416666666005,0.02115461666714201,0.006249999999999999,1.6956640780565536e-05,249442304,0,0,0,3
als|factors=64;epochs=30;regularisation=0.1;alpha=40.0|frac=1.0,software,als,1.0,,,64.0,30.0,0.1,40.0,,,,,,,,0.21543044069251102,0.28673835125448,0.454639585822381,5.421875,5.443459600001006,0.09765625,0.096200474999989,0.041015625,8.05051523297491e-05,584896512.0,1276928.0,8044.0,1674.0,0.001255363522898012,0.004778972520908031,0.025567502986858004,2.296875,2.4588867999998456,0.031249999999999986,0.032075674999609005,0.016294642857142,2.606833504009797e-05,249442304,0,0,0,3
als|factors=128;epochs=5;regularisation=0.001;alpha=1.0|frac=1.0,software,als,1.0,,,128.0,5.0,0.001,1.0,,,,,,,,0.21033480380183,0.26344086021505303,0.43243727598566306,2.375,2.380968399998892,0.104166666666666,0.10243900000000301,0.036458333333333,8.08940661091199e-05,584896512.0,2553856.0,8044.0,1674.0,0.0023112924878110064,0.005376344086022,0.01676622859418503,0.78125,0.815579500000239,0.01692708333333301,0.03094370833347701,0.01171875,1.4000896057347653e-05,248422400,0,0,0,3
als|factors=128;epochs=5;regularisation=0.001;alpha=10.0|frac=1.0,software,als,1.0,,,128.0,5.0,0.001,10.0,,,,,,,,0.20896933260899803,0.268219832735961,0.437594583831143,2.375,2.375921099999686,0.1015625,0.10098357500004301,0.036458333333333,8.011623855037835e-05,584896512.0,2553856.0,8044.0,1674.0,0.0018093806527059997,0.003584229390680982,0.005575467941059009,1.3125,1.406936000000087,0.06640625,0.064193425000212,0.0234375,5.1336618876363227e-05,248422400,0,0,0,3
als|factors=128;epochs=5;regularisation=0.001;alpha=40.0|frac=1.0,software,als,1.0,,,128.0,5.0,0.001,40.0,,,,,,,,0.207054601422718,0.26224611708482604,0.43030665073675806,2.421875,2.4222659999995813,0.1015625,0.099138949999996,0.034722222222222,7.933841099163679e-05,584896512.0,2553856.0,8044.0,1674.0,0.0018760923914910022,0.001792114695340019,0.023456790123457028,1.234375,1.2954949000027218,0.062499999999999986,0.061316925000483025,0.026041666666666005,5.0818067170501664e-05,248422400,0,0,0,3
als|factors=128;epochs=5;regularisation=0.01;alpha=1.0|frac=1.0,software,als,1.0,,,128.0,5.0,0.01,1.0,,,,,,,,0.20980137079344102,0.26344086021505303,0.43289526085225005,2.375,2.368430599999556,0.1015625,0.102454199999954,0.034722222222222,8.027180406212666e-05,584896512.0,2553856.0,8044.0,1674.0,0.002243400204285012,0.005376344086021001,0.017542811628833976,0.734375,0.7515129999987948,0.022135416666666005,0.024374691666555995,0.008203124999999999,1.6982568365856896e-05,248422400,0,0,0,3
als|factors=128;epochs=5;regularisation=0.01;alpha=10.0|frac=1.0,software,als,1.0,,,128.0,5.0,0.01,10.0,,,,,,,,0.208796814356342,0.267025089605734,0.43500597371565103,2.34375,2.360767099999066,0.09765625,0.100464325000018,0.034722222222222,7.907913513872296e-05,584896512.0,2553856.0,8044.0,1674.0,0.0018237306087340033,0.0035842293906810374,0.009776981282357988,1.125,1.2003730999995241,0.022135416666666005,0.02808744166789702,0.006640625000000004,1.7189989048187982e-05,248422400,0,0,0,3
als|factors=128;epochs=5;regularisation=0.01;alpha=40.0|frac=1.0,software,als,1.0,,,128.0,5.0,0.01,40.0,,,,,,,,0.20585430123426302,0.259259259259259,0.43028673835125403,2.359375,2.364214899998842,0.11458333333333301,0.102435399999952,0.034722222222222,8.805007964954202e-05,584896512.0,2553856.0,8044.0,1674.0,0.0025560948656309923,0.003584229390680982,0.011111111111112015,0.828125,0.8630385000001297,0.14453125,0.16373802499993,0.011830357142857004,9.226516422927705e-05,248422400,0,0,0,3
als|factors=128;epochs=5;regularisation=0.1;alpha=1.0|frac=1.0,software,als,1.0,,,128.0,5.0,0.1,1.0,,,,,,,,0.21000239282069902,0.26344086021505303,0.432178414974113,2.359375,2.36697070000082,0.1015625,0.10010529999999501,0.0328125,8.027180406212666e-05,584896512.0,2553856.0,8044.0,1674.0,0.0022030054195839865,0.004181600955794007,0.016666666666666996,0.734375,0.7637426999999661,0.02864583333333301,0.03178764999969101,0.01171875,2.411265432036322e-05,248422400,0,0,0,3
als|factors=128;epochs=5;regularisation=0.1;alpha=10.0|frac=1.0,software,als,1.0,,,128.0,5.0,0.1,10.0,,,,,,,,0.207831874324741,0.264038231780167,0.428414974113898,2.359375,2.358310000001438,0.104166666666666,0.102698400000008,0.0328125,8.182745917960974e-05,584896512.0,2553856.0,8044.0,1674.0,0.0012110354119750089,0.0029868578255680123,0.013321385902031024,0.859375,0.893261099999791,0.020833333333333995,0.029040999999172992,0.0078125,1.7112206292313806e-05,248422400,0,0,0,3
als|factors=128;epochs=5;regularisation=0.1;alpha=40.0|frac=1.0,software,als,1.0,,,128.0,5.0,0.1,40.0,,,,,,,,0.20280805837109803,0.255077658303464,0.42964954201513306,2.359375,2.374087500000087,0.104166666666666,0.09942374999997101,0.034722222222222,8.296827293243065e-05,584896512.0,2553856.0,8044.0,1674.0,0.0009139419167040197,0.0017921146953399636,0.02283950617283903,1.015625,1.04761480000343,0.022135416666666005,0.018237566666358007,0.005381944444444002,1.6438089074737828e-05,248422400,0,0,0,3
als|factors=128;epochs=15;regularisation=0.001;alpha=1.0|frac=1.0,software,als,1.0,,,128.0,15.0,0.001,1.0,,,,,,,,0.207735571877073,0.261648745519713,0.427578653922739,7.15625,7.177232199999707,0.104166666666666,0.09983689999997501,0.034722222222222,8.08940661091199e-05,584896512.0,2553856.0,8044.0,1674.0,0.0015490551326090007,0.005973715651135025,0.00272799681401803,2.1875,2.22961240000177,0.02734375,0.02867374166695899,0.01171875,2.1260619938277047e-05,248422400,0,0,0,3
als|factors=128;epochs=15;regularisation=0.001;alpha=10.0|frac=1.0,software,als,1.0,,,128.0,15.0,0.001,10.0,,,,,,,,0.20719524916547702,0.26224611708482604,0.43022700119474305,7.09375,7.17491660000087,0.104166666666666,0.10045493333321501,0.034722222222222,8.296827293243065e-05,584896512.0,2553856.0,8044.0,1674.0,0.003719795150458005,0.007765830346474989,0.01537236160892097,3.09375,3.2196761999987302,0.08203125,0.082348225000942,0.016294642857142,5.8737092507097973e-05,248422400,0,0,0,3
als|factors=128;epochs=15;regularisation=0.001;alpha=40.0|frac=1.0,software,als,1.0,,,128.0,15.0,0.001,40.0,,,,,,,,0.205196070387013,0.260454002389486,0.40593389088012705,7.109375,7.095088600000963,0.104166666666666,0.10324183333326101,0.034722222222222,8.182745917960974e-05,584896512.0,2553856.0,8044.0,1674.0,0.0019530438063520006,0.007168458781362019,0.016905615292712006,3.171875,3.216020699998353,0.02604166666666599,0.024991883332405013,0.005381944444444002,1.7630757998141527e-05,248422400,0,0,0,3
als|factors=128;epochs=15;regularisation=0.01;alpha=1.0|frac=1.0,software,als,1.0,,,128.0,15.0,0.01,1.0,,,,,,,,0.207502356240708,0.26105137395459904,0.42843488649940203,7.109375,7.112672600000224,0.104166666666666,0.102369733333337,0.036458333333333,8.08940661091199e-05,584896512.0,2553856.0,8044.0,1674.0,0.0014571460680870008,0.005376344086021001,0.0031461569095979636,3.265625,3.5198462999992444,0.02734375,0.02464323333318401,0.015625,2.2556999202621663e-05,248422400,0,0,0,3
als|factors=128;epochs=15;regularisation=0.01;alpha=10.0|frac=1.0,software,als,1.0,,,128.0,15.0,0.01,10.0,,,,,,,,0.206708465684303,0.26284348864994,0.425985663082437,7.0625,7.078898399999616,0.104166666666666,0.10027783333331701,0.0328125,8.08940661091199e-05,584896512.0,2553856.0,8044.0,1674.0,0.0029753910603939893,0.008363201911589013,0.02500995619275198,4.796875,5.087094499998784,0.022135416666666005,0.026942058333286,0.01171875,1.9290123456790147e-05,248422400,0,0,0,3
als|factors=128;epochs=15;regularisation=0.01;alpha=40.0|frac=1.0,software,als,1.0,,,128.0,15.0,0.01,40.0,,,,,,,,0.20480271415053103,0.259856630824372,0.40623257666268403,7.09375,7.12995150000097,0.104166666666666,0.10139239999989501,0.0328125,8.182745917960974e-05,584896512.0,2553856.0,8044.0,1674.0,0.0001257557789799968,0.003584229390680982,0.011788132218239988,2.65625,2.7438975999971262,0.022135416666666005,0.021465158332982,0.005381944444444002,1.6438089074737828e-05,248406016,0,0,0,3
als|factors=128;epochs=15;regularisation=0.1;alpha=1.0|frac=1.0,software,als,1.0,,,128.0,15.0,0.1,1.0,,,,,,,,0.207299287713574,0.26105137395459904,0.425945838311429,7.09375,7.085391500000696,0.1015625,0.101124124999955,0.0328125,8.027180406212666e-05,584896512.0,2553856.0,8044.0,1674.0,0.0018766896340700057,0.006571087216248994,0.004141776184786006,2.59375,2.645946099998583,0.04817708333333301,0.04998794166719302,0.016294642857142,3.851357597909797e-05,248406016,0,0,0,3
als|factors=128;epochs=15;regularisation=0.1;alpha=10.0|frac=1.0,software,als,1.0,,,128.0,15.0,0.1,10.0,,,,,,,,0.206038163309815,0.26224611708482604,0.427260055754679,7.09375,7.114619100000709,0.104166666666666,0.10048222499995,0.034722222222222,8.296827293243065e-05,584896512.0,2553856.0,8044.0,1674.0,0.0012597853394289982,0.0029868578255680123,0.004798884906412004,3.265625,3.5244565000016337,0.11328125,0.119030433334046,0.042187499999999996,9.287261051309799e-05,248406016,0,0,0,3
als|factors=128;epochs=15;regularisation=0.1;alpha=40.0|frac=1.0,software,als,1.0,,,128.0,15.0,0.1,40.0,,,,,,,,0.20351499507016302,0.259259259259259,0.41089207487056906,7.125,7.220821100000194,0.104166666666666,0.10077503333332001,0.0328125,8.182745917960974e-05,584896512.0,2553856.0,8044.0,1674.0,0.0019711327760179864,0.008363201911589013,0.02998805256869702,1.921875,2.047233799999958,0.01692708333333301,0.019340650000079992,0.006249999999999999,1.3845330545599356e-05,248406016,0,0,0,3
als|factors=128;epochs=30;regularisation=0.001;alpha=1.0|frac=1.0,software,als,1.0,,,128.0,30.0,0.001,1.0,,,,,,,,0.207663817215459,0.261648745519713,0.42702110712863406,14.109375,14.10777760000019,0.09765625,0.10028807499998,0.034374999999999996,7.887171445639187e-05,584896512.0,2553856.0,8044.0,1674.0,0.0012823539853760169,0.005973715651135025,0.0004579848665869912,5.546875,5.87960579999708,0.03776041666666602,0.04138836666622102,0.019270833333333,3.406884707209797e-05,248406016,0,0,0,3
als|factors=128;epochs=30;regularisation=0.001;alpha=10.0|frac=1.0,software,als,1.0,,,128.0,30.0,0.001,10.0,,,,,,,,0.207633646861131,0.265830346475507,0.43042612504978106,14.328125,14.346664499998951,0.104166666666666,0.10018210000013501,0.036458333333333,8.400537634408604e-05,584896512.0,2553856.0,8044.0,1674.0,0.0012747123445980002,0.002389486260453988,0.0011549183592189927,4.5625,4.758893600000192,0.020833333333332996,0.018591399999422012,0.0034722222222220017,1.4519447763175388e-05,248406016,0,0,0,3
als|factors=128;epochs=30;regularisation=0.001;alpha=40.0|frac=1.0,software,als,1.0,,,128.0,30.0,0.001,40.0,,,,,,,,0.205350612549923,0.261648745519713,0.41636798088410903,14.265625,14.305011399999785,0.10546875,0.10231742499991,0.034374999999999996,8.35386798088411e-05,584896512.0,2553856.0,8044.0,1674.0,0.0015442425700850082,0.0005973715651130251,0.009458383114297031,2.734375,2.7514684999987367,0.01302083333333301,0.016259741667000005,0.003645833333333001,9.956192751891662e-06,248406016,0,0,0,3
als|factors=128;epochs=30;regularisation=0.01;alpha=1.0|frac=1.0,software,als,1.0,,,128.0,30.0,0.01,1.0,,,,,,,,0.20760034445899403,0.261648745519713,0.426682596575069,14.0625,14.093053700000382,0.1015625,0.10235884999997301,0.034722222222222,8.141261781494756e-05,584896512.0,2553856.0,8044.0,1674.0,0.001073400034399985,0.005376344086021001,0.0016726403823180136,5.671875,6.242663399999856,0.01692708333333301,0.014991008332951,0.005381944444444002,1.3326778839771689e-05,248406016,0,0,0,3
als|factors=128;epochs=30;regularisation=0.01;alpha=10.0|frac=1.0,software,als,1.0,,,128.0,30.0,0.01,10.0,,,,,,,,0.20709226399489303,0.265830346475507,0.428574273197929,14.0625,14.134833800000251,0.1015625,0.100564599999984,0.034722222222222,8.027180406212666e-05,584896512.0,2553856.0,8044.0,1674.0,0.0005633371910619966,0.0005973715651140243,0.010732775786539028,3.125,3.4295542999989266,0.031249999999999986,0.026511575000312995,0.006249999999999999,2.1260619938935375e-05,248389632,0,0,0,3
als|factors=128;epochs=30;regularisation=0.01;alpha=40.0|frac=1.0,software,als,1.0,,,128.0,30.0,0.01,40.0,,,,,,,,0.20429412386870002,0.26105137395459904,0.415690959776981,14.09375,14.104688200000055,0.09765625,0.099760349999996,0.034374999999999996,7.793832138590203e-05,584896512.0,2553856.0,8044.0,1674.0,0.0026366783685050077,0.002389486260453988,0.023536439665471975,3.328125,3.556770900000629,0.020833333333332996,0.017934049999591,0.006249999999999999,1.5245420151334128e-05,248389632,0,0,0,3
als|factors=128;epochs=30;regularisation=0.1;alpha=1.0|frac=1.0,software,als,1.0,,,128.0,30.0,0.1,1.0,,,,,,,,0.20792573230209002,0.261648745519713,0.42526881720430104,14.21875,14.240585400000782,0.104166666666666,0.101678666666733,0.0328125,8.182745917960974e-05,584896512.0,2553856.0,8044.0,1674.0,0.001074408645162006,0.005376344086022,0.002588610115491996,7.453125,8.22059039999931,0.12109375000000003,0.1647479749995,0.0328125,9.193921744309797e-05,248389632,0,0,0,3
als|factors=128;epochs=30;regularisation=0.1;alpha=10.0|frac=1.0,software,als,1.0,,,128.0,30.0,0.1,10.0,,,,,,,,0.206185403881252,0.26463560334528,0.430127439267224,14.078125,14.084980099998575,0.104166666666666,0.10598113333344301,0.036458333333333,8.400537634408604e-05,584896512.0,2553856.0,8044.0,1674.0,0.0019652398192030185,0.002389486260453988,0.023217841497412017,4.609375,4.9238044999983686,0.022135416666666005,0.029912749999160007,0.008246527777777998,1.8149309703969222e-05,248389632,0,0,0,3
als|factors=128;epochs=30;regularisation=0.1;alpha=40.0|frac=1.0,software,als,1.0,,,128.0,30.0,0.1,40.0,,,,,,,,0.20405780688470002,0.260454002389486,0.40438072481083204,14.265625,14.27188009999918,0.1015625,0.101096050000023,0.0328125,8.027180406212666e-05,584896512.0,2553856.0,8044.0,1674.0,0.00485133484720901,0.008363201911589013,0.023476702508961,3.34375,3.3974177000000054,0.022135416666666005,0.023060558332568995,0.006249999999999999,1.6956640780565536e-05,248389632,0,0,0,3
multvae|latent=32;hidden=200;epochs=10;dropout=0.0|frac=0.25,software,multvae,0.25,,,,,,,32.0,200.0,10.0,0.0,,,,0.029662809539158,0.06690561529271201,0.15742731979291102,0.9375,0.9239437999999601,0.11458333333333301,0.114986633333349,0.034722222222222,8.919089340236294e-05,584896512.0,1228724.0,2605.0,1674.0,0.036143936187179,0.11947431302270001,0.08920748705695,0.296875,0.3069849999992579,0.06510416666666699,0.063034283334977,0.024479166666666004,5.3514536040457996e-05,230645760,0,0,0,3
multvae|latent=32;hidden=200;epochs=10;dropout=0.5|frac=0.25,software,multvae,0.25,,,,,,,32.0,200.0,10.0,0.5,,,,0.025951888319742003,0.06033452807646301,0.0,1.28125,1.339390300000104,0.119791666666666,0.11942903333329001,0.034722222222222,9.116138988450819e-05,584896512.0,1228724.0,2605.0,1674.0,0.0033148545367380003,0.006571087216249001,0.0,0.703125,0.757887699997809,0.0546875,0.055298249999396004,0.011830357142857004,3.8595062676603225e-05,230645760,0,0,0,3
multvae|latent=32;hidden=200;epochs=20;dropout=0.0|frac=0.25,software,multvae,0.25,,,,,,,32.0,200.0,20.0,0.0,,,,0.076507436941863,0.179808841099163,0.44715252887295903,1.859375,1.859277999999903,0.11458333333333301,0.11841320000000101,0.034722222222222,8.919089340236294e-05,584896512.0,1228724.0,2605.0,1674.0,0.06106401051502,0.124253285543608,0.11093189964157701,1.53125,1.6981491000005917,0.127604166666667,0.16173744999953898,0.024479166666666004,9.0850258860458e-05,230645760,0,0,0,3
multvae|latent=32;hidden=200;epochs=20;dropout=0.5|frac=0.25,software,multvae,0.25,,,,,,,32.0,200.0,20.0,0.5,,,,0.026874225546795003,0.05913978494623601,0.201234567901234,2.296875,2.290171999999984,0.119791666666666,0.11968743333333501,0.0328125,9.116138988450819e-05,584896512.0,1228724.0,2605.0,1674.0,0.005906757686367999,0.009557945041816,0.14824771007566703,0.703125,0.82768809999834,0.02604166666666699,0.023800033332009016,0.005381944444444002,1.8771571750457987e-05,229928960,0,0,0,3
multvae|latent=32;hidden=600;epochs=10;dropout=0.0|frac=0.25,software,multvae,0.25,,,,,,,32.0,600.0,10.0,0.0,,,,0.030603911718151,0.057347670250896,0.513759458383114,1.96875,1.991565699999682,0.15104166666666602,0.147968966666667,0.034722222222222,0.00010982925129400001,584896512.0,3679924.0,2605.0,1674.0,0.05253674157586,0.130227001194743,0.03859020310633193,0.390625,0.3984080000027461,0.03125,0.032521616667508996,0.005381944444444002,2.0742068233000005e-05,229928960,0,0,0,3
multvae|latent=32;hidden=600;epochs=10;dropout=0.5|frac=0.25,software,multvae,0.25,,,,,,,32.0,600.0,10.0,0.5,,,,0.028091930284733002,0.063321385902031,0.21146953405017901,2.1875,2.212146500000017,0.15104166666666602,0.147153099999892,0.034722222222222,0.00010982925129400001,584896512.0,3679924.0,2605.0,1674.0,0.0030098567943729997,0.009557945041816007,0.158164078056552,1.265625,1.3549686999976993,0.07552083333333398,0.075657100000172,0.011830357142857004,5.1040303616000016e-05,229928960,0,0,0,3
multvae|latent=32;hidden=600;epochs=20;dropout=0.0|frac=0.25,software,multvae,0.25,,,,,,,32.0,600.0,20.0,0.0,,,,0.038088528071262,0.06690561529271201,0.453066507367582,4.015625,4.059921799999756,0.145833333333333,0.147308566666652,0.034722222222222,0.00010785875481200001,584896512.0,3679924.0,2605.0,1674.0,0.07054440344304899,0.136798088410991,0.015053763440860013,1.90625,2.266924699997617,0.06510416666666699,0.07037930000054402,0.01026785714285701,4.5025103829000014e-05,229928960,0,0,0,3
multvae|latent=32;hidden=600;epochs=20;dropout=0.5|frac=0.25,software,multvae,0.25,,,,,,,32.0,600.0,20.0,0.5,,,,0.037576268522119004,0.07765830346475501,0.482178414974113,4.328125,4.363088000000062,0.15625,0.157994400000006,0.034722222222222,0.00011408137528200001,584896512.0,3679924.0,2605.0,1674.0,0.0027071898632850047,0.005973715651134998,0.026961369972122007,2.3125,2.700044400002298,0.12239583333333398,0.111955599998813,0.012500000000000004,8.0582935086e-05,229928960,0,0,0,3
multvae|latent=64;hidden=200;epochs=10;dropout=0.0|frac=0.25,software,multvae,0.25,,,,,,,64.0,200.0,10.0,0.0,,,,0.058036361596622,0.17084826762246103,0.199163679808841,1.28125,1.314129599999432,0.171875,0.175863633333695,0.049107142857142,0.000133786340103,584896512.0,1305780.0,2605.0,1674.0,0.041051904249157,0.126045400238948,0.12156511350059801,0.640625,0.8700543999993889,0.09635416666666699,0.14013501666704503,0.019270833333333,6.729319565245799e-05,229928960,0,0,0,3
multvae|latent=64;hidden=200;epochs=10;dropout=0.5|frac=0.25,software,multvae,0.25,,,,,,,64.0,200.0,10.0,0.5,,,,0.023362467631626003,0.05495818399044201,0.0,1.609375,1.618426900000486,0.13541666666666602,0.141311266666889,0.0390625,0.00010422889287100001,584896512.0,1305780.0,2605.0,1674.0,0.0017535631709219984,0.007765830346475003,0.00047789725209000005,0.703125,0.9758849000013479,0.0625,0.062208716666343006,0.009920634920635003,4.326202802860321e-05,229928960,0,0,0,3
multvae|latent=64;hidden=200;epochs=20;dropout=0.0|frac=0.25,software,multvae,0.25,,,,,,,64.0,200.0,20.0,0.0,,,,0.06914422950129401,0.17682198327359602,0.539625647152528,2.21875,2.300049599999965,0.130208333333333,0.12826529999999,0.034722222222222,9.85248241072614e-05,584896512.0,1305780.0,2605.0,1674.0,0.07991579131741,0.0005973715651129974,0.13287534846674603,0.609375,0.6449614000011938,0.02083333333333301,0.028600733332496006,0.006293402777777998,1.6204740806603218e-05,227860480,0,0,0,3
multvae|latent=64;hidden=200;epochs=20;dropout=0.5|frac=0.25,software,multvae,0.25,,,,,,,64.0,200.0,20.0,0.5,,,,0.026796570075514003,0.063321385902031,0.058781362007168006,2.890625,3.006816000000071,0.13541666666666602,0.13797886666664702,0.034722222222222,0.00010163613434200001,584896512.0,1305780.0,2605.0,1674.0,0.001178136138013,0.0035842293906810027,0.132218239745121,1.734375,2.1056298000003157,0.02604166666666699,0.03136393333321999,0.006293402777777998,1.9316051041637066e-05,227860480,0,0,0,3
multvae|latent=64;hidden=600;epochs=10;dropout=0.0|frac=0.25,software,multvae,0.25,,,,,,,64.0,600.0,10.0,0.0,,,,0.039214420774476004,0.06690561529271201,0.487136598964555,2.0625,2.074004900000091,0.15625,0.149083349999955,0.0328125,0.00011294056152900001,584896512.0,3910580.0,2605.0,1674.0,0.04495548363297,0.12365591397849501,0.13345280764635603,1.25,1.3477367999985286,0.0546875,0.051825833332865,0.014062499999999999,4.1069295101e-05,227860480,0,0,0,3
multvae|latent=64;hidden=600;epochs=10;dropout=0.5|frac=0.25,software,multvae,0.25,,,,,,,64.0,600.0,10.0,0.5,,,,0.029455054368259,0.068100358422939,0.150876144962166,2.3125,2.370166199999858,0.145833333333333,0.14773459999999702,0.034722222222222,0.00010785875481200001,584896512.0,3910580.0,2605.0,1674.0,0.0010307713214089999,0.0035842293906810097,0.052050975706889005,1.296875,1.334575800003222,0.02604166666666699,0.037768550000691986,0.008203124999999999,2.0456864794999997e-05,227860480,0,0,0,3
multvae|latent=64;hidden=600;epochs=20;dropout=0.0|frac=0.25,software,multvae,0.25,,,,,,,64.0,600.0,20.0,0.0,,,,0.043790242213525,0.074074074074074,0.466905615292712,4.609375,4.694967299999917,0.15625,0.15965030000006603,0.034722222222222,0.00011387395459900001,584896512.0,3910580.0,2605.0,1674.0,0.074515898814802,0.12485065710872101,0.023695738749501982,1.28125,1.3631307000014208,0.0546875,0.065439733335249,0.006640625000000004,3.6428257334e-05,227860480,0,0,0,3
multvae|latent=64;hidden=600;epochs=20;dropout=0.5|frac=0.25,software,multvae,0.25,,,,,,,64.0,600.0,20.0,0.5,,,,0.040821739887176,0.081242532855436,0.45382317801672606,4.640625,4.638591999999789,0.1640625,0.16068044999997202,0.0390625,0.00012134109916300001,584896512.0,3910580.0,2605.0,1674.0,0.06458540655866601,0.132019115890084,0.09145758661887704,1.484375,1.5578229000002475,0.0390625,0.037996566667062,0.010156249999999999,2.940188171999999e-05,227860480,0,0,0,3
multvae|latent=128;hidden=200;epochs=10;dropout=0.0|frac=0.25,software,multvae,0.25,,,,,,,128.0,200.0,10.0,0.0,,,,0.025980728288738,0.060931899641577005,0.148944643568299,1.328125,1.443292399999791,0.15104166666666602,0.15127960000002802,0.046875,0.000118229788928,584896512.0,1459892.0,2605.0,1674.0,0.003603556374113002,0.006571087216247995,0.09663480684986,0.375,0.44723779999730995,0.067708333333334,0.07122373333330302,0.018526785714285003,5.151440803249182e-05,227860480,0,0,0,3
multvae|latent=128;hidden=200;epochs=10;dropout=0.5|frac=0.25,software,multvae,0.25,,,,,,,128.0,200.0,10.0,0.5,,,,0.024669084031242003,0.057945041816009006,0.0,1.515625,1.569753200001287,0.140625,0.141897633333428,0.041015625,0.00010850694444400001,584896512.0,1459892.0,2605.0,1674.0,0.004009673240392003,0.012544802867383006,0.0,0.65625,0.7706900999996831,0.151041666666667,0.252242299999883,0.017708333333333007,0.00010080645161196816,227860480,0,0,0,3
multvae|latent=128;hidden=200;epochs=20;dropout=0.0|frac=0.25,software,multvae,0.25,,,,,,,128.0,200.0,20.0,0.0,,,,0.035948261442297,0.068100358422939,0.43532457188371104,2.578125,2.648692499999015,0.140625,0.14108309999937702,0.041015625,0.00010850694444400001,584896512.0,1459892.0,2605.0,1674.0,0.041518578144831994,0.13261648745519702,0.15280764635603306,1.046875,1.2486188999996561,0.04947916666666699,0.04870903333320101,0.012500000000000004,3.702459179596815e-05,227860480,0,0,0,3
multvae|latent=128;hidden=200;epochs=20;dropout=0.5|frac=0.25,software,multvae,0.25,,,,,,,128.0,200.0,20.0,0.5,,,,0.027243581783901002,0.062126642771804005,0.076105137395459,3.234375,3.256048700000974,0.13541666666666602,0.13611380000050602,0.0390625,0.00010422889287100001,584896512.0,1459892.0,2605.0,1674.0,0.0037828677808999997,0.010752688172042994,0.032974910394265006,1.046875,1.273829299999306,0.04166666666666699,0.03761286666660202,0.014384920634920001,3.348362443263706e-05,227860480,0,0,0,3
multvae|latent=128;hidden=600;epochs=10;dropout=0.0|frac=0.25,software,multvae,0.25,,,,,,,128.0,600.0,10.0,0.0,,,,0.036761566842752,0.06929510155316601,0.414197530864197,2.484375,2.4809355000002142,0.1875,0.205200899999908,0.0390625,0.00013534199522100002,584896512.0,4371892.0,2605.0,1674.0,0.050382124871908004,0.12544802867383503,0.06188769414575901,1.203125,1.280242899998484,0.08072916666666699,0.092886649999248,0.008593750000000004,5.335897053000001e-05,227860480,0,0,0,3
multvae|latent=128;hidden=600;epochs=10;dropout=0.5|frac=0.25,software,multvae,0.25,,,,,,,128.0,600.0,10.0,0.5,,,,0.027124212545390002,0.05913978494623601,0.07068896853843,3.046875,3.13319730000012,0.1796875,0.17953205000048902,0.04296875,0.000133008512544,584896512.0,4371892.0,2605.0,1674.0,0.002270144713012002,0.005376344086021008,0.127359617682198,0.875,0.9116198000028821,0.213541666666667,0.20605173333357701,0.011830357142857004,0.000134630838596,226566144,0,0,0,3
multvae|latent=128;hidden=600;epochs=20;dropout=0.0|frac=0.25,software,multvae,0.25,,,,,,,128.0,600.0,20.0,0.0,,,,0.051180506256826006,0.08661887694145701,0.48665870171246506,5.40625,5.4538419999989864,0.1796875,0.18068434999986402,0.0390625,0.00013067502986800002,584896512.0,4371892.0,2605.0,1674.0,0.08206120818621901,0.12903225806451601,0.036360015929909006,1.640625,1.802547199999025,0.05729166666666699,0.06245279999999803,0.010156249999999999,4.0291467542999987e-05,226566144,0,0,0,3
multvae|latent=128;hidden=600;epochs=20;dropout=0.5|frac=0.25,software,multvae,0.25,,,,,,,128.0,600.0,20.0,0.5,,,,0.038627493991682006,0.08064516129032201,0.41224611708482606,6.09375,6.229287599999225,0.1953125,0.19215755000004703,0.04296875,0.000142342443249,584896512.0,4371892.0,2605.0,1674.0,0.043255615007939,0.126045400238948,0.01242532855435996,2.765625,3.3817217000014352,0.05729166666666699,0.060385783333080006,0.008246527777777998,3.915065378999999e-05,226566144,0,0,0,3
multvae|latent=32;hidden=200;epochs=10;dropout=0.0|frac=0.5,software,multvae,0.5,,,,,,,32.0,200.0,10.0,0.0,,,,0.11470153237703401,0.19354838709677402,0.13448825169255202,1.03125,1.041162199999234,0.125,0.123134799999964,0.034722222222222,9.427270011947433e-05,584896512.0,1228724.0,4487.0,1674.0,0.04790416941239099,0.0017921146953399913,0.015113500597371987,0.203125,0.20952619999934508,0.015625000000000014,0.019522566666636987,0.010156249999999999,1.4260171909670922e-05,226566144,0,0,0,3
multvae|latent=32;hidden=200;epochs=10;dropout=0.5|frac=0.5,software,multvae,0.5,,,,,,,32.0,200.0,10.0,0.5,,,,0.025019764132377,0.05615292712066901,0.005177220230983001,1.1875,1.191976099999919,0.13541666666666602,0.13452246666687,0.0390625,0.00010422889287100001,584896512.0,1228724.0,4487.0,1674.0,0.037325554511275005,0.12485065710872101,0.005475906013540001,0.46875,0.572294899999179,0.04166666666666699,0.043935099999847,0.014062499999999999,3.329101951345799e-05,226566144,0,0,0,3
multvae|latent=32;hidden=200;epochs=20;dropout=0.0|frac=0.5,software,multvae,0.5,,,,,,,32.0,200.0,20.0,0.0,,,,0.181578902704484,0.229390681003584,0.46226602947033,2.171875,2.168465099999594,0.13541666666666602,0.13776176666700202,0.0390625,0.00010422889287100001,584896512.0,1228724.0,4487.0,1674.0,0.005099378816153993,0.011350059737156998,0.09717244125846208,1.390625,1.5035880000014008,0.07291666666666699,0.070529983333169,0.012152777777777998,5.0818067170637054e-05,226566144,0,0,0,3
multvae|latent=32;hidden=200;epochs=20;dropout=0.5|frac=0.5,software,multvae,0.5,,,,,,,32.0,200.0,20.0,0.5,,,,0.12430219697914902,0.218040621266427,0.23936678614097903,2.671875,2.676499000000149,0.125,0.12510826666660502,0.034722222222222,9.541351387229522e-05,584896512.0,1228724.0,4487.0,1674.0,0.047517180995083994,0.010155316606929005,0.06071286340103499,1.0625,1.1932772000018312,0.046875,0.04672151666576001,0.014062499999999999,3.640232974842413e-05,226566144,0,0,0,3
multvae|latent=32;hidden=600;epochs=10;dropout=0.0|frac=0.5,software,multvae,0.5,,,,,,,32.0,600.0,10.0,0.0,,,,0.17851084249189803,0.22222222222222202,0.493946634806849,2.125,2.195499199999631,0.1640625,0.165979949999837,0.034722222222222,0.000118748340634,584896512.0,3679924.0,4487.0,1674.0,0.005507387420402993,0.011350059737155999,0.05880127439267202,1.25,1.404572400002508,0.0390625,0.038028283332703,0.010156249999999999,2.940188171999999e-05,226566144,0,0,0,3
multvae|latent=32;hidden=600;epochs=10;dropout=0.5|frac=0.5,software,multvae,0.5,,,,,,,32.0,600.0,10.0,0.5,,,,0.169551122675831,0.22043010752688103,0.24396654719235303,2.578125,2.622562300000027,0.1640625,0.167119850000744,0.0390625,0.00012134109916300001,584896512.0,3679924.0,4487.0,1674.0,0.067718501411398,0.014934289127837008,0.06666666666666698,1.15625,1.3276321000012112,0.10677083333333398,0.181547383333206,0.014732142857142007,7.258242305300001e-05,226566144,0,0,0,3
multvae|latent=32;hidden=600;epochs=20;dropout=0.0|frac=0.5,software,multvae,0.5,,,,,,,32.0,600.0,20.0,0.0,,,,0.18344798610446503,0.23058542413381103,0.454340900039824,4.34375,4.359648000001471,0.1640625,0.16633625000031302,0.034722222222222,0.00012250784050100001,584896512.0,3679924.0,4487.0,1674.0,0.0053884775727889855,0.005973715651134998,0.005475906013540033,0.890625,0.9148336999992353,0.02604166666666699,0.026116466666736005,0.006640625000000004,1.576397185699999e-05,226566144,0,0,0,3
multvae|latent=32;hidden=600;epochs=20;dropout=0.5|frac=0.5,software,multvae,0.5,,,,,,,32.0,600.0,20.0,0.5,,,,0.14177597740619102,0.25149342891278303,0.47270011947431306,4.6875,4.705363099999886,0.171875,0.17255240000122202,0.0390625,0.000126008064516,584896512.0,3679924.0,4487.0,1674.0,0.05718405628642498,0.010155316606930004,0.014516129032258018,0.828125,0.8252309000017704,0.04166666666666699,0.04480871666699701,0.006640625000000004,2.8857402430000007e-05,226566144,0,0,0,3
multvae|latent=64;hidden=200;epochs=10;dropout=0.0|frac=0.5,software,multvae,0.5,,,,,,,64.0,200.0,10.0,0.0,,,,0.153278144639265,0.18279569892473102,0.137674233373158,1.046875,1.068302700001368,0.125,0.12691443333324,0.034722222222222,9.541351387229522e-05,584896512.0,1305780.0,4487.0,1674.0,0.052902297521496,0.013739545997609987,0.04641577060931901,0.2499999999999999,0.30240550000007704,0.02604166666666602,0.02081213333319,0.005381944444444002,1.8771571750424132e-05,226566144,0,0,0,3
multvae|latent=64;hidden=200;epochs=10;dropout=0.5|frac=0.5,software,multvae,0.5,,,,,,,64.0,200.0,10.0,0.5,,,,0.022932372464623003,0.053763440860215006,0.0060135404221420006,1.140625,1.150621799999953,0.119791666666666,0.11975530000002702,0.034374999999999996,9.209478295499803e-05,584896512.0,1305780.0,4487.0,1674.0,0.039883083663659,0.127240143369176,0.0033452807646350002,0.5,0.5132771999997199,0.02083333333333301,0.023050933333555,0.009765625,1.827894762994785e-05,226566144,0,0,0,3
multvae|latent=64;hidden=200;epochs=20;dropout=0.0|frac=0.5,software,multvae,0.5,,,,,,,64.0,200.0,20.0,0.0,,,,0.17346954757791402,0.22222222222222202,0.530625248904818,2.03125,2.056783800000175,0.125,0.12894846666677,0.036458333333333,9.645061728395064e-05,584896512.0,1305780.0,4487.0,1674.0,0.008762854112357027,0.01433691756272401,0.017662285941855926,0.296875,0.355238300000565,0.0390625,0.05443851666662701,0.010156249999999999,2.940188171952569e-05,226566144,0,0,0,3
multvae|latent=64;hidden=200;epochs=20;dropout=0.5|frac=0.5,software,multvae,0.5,,,,,,,64.0,200.0,20.0,0.5,,,,0.124544455053038,0.21983273596176803,0.200617283950617,2.484375,2.476914200000465,0.130208333333333,0.131424566666585,0.038194444444444,0.00010059903093,584896512.0,1305780.0,4487.0,1674.0,0.045704827653079,0.004778972520908004,0.06276383910792502,0.96875,1.03208560000121,0.04166666666666699,0.04760313333357201,0.007118055555555003,2.9142605867457983e-05,226566144,0,0,0,3
multvae|latent=64;hidden=600;epochs=10;dropout=0.0|frac=0.5,software,multvae,0.5,,,,,,,64.0,600.0,10.0,0.0,,,,0.17750395109977402,0.22461170848267603,0.46180804460374303,2.140625,2.153397000000041,0.15625,0.156699650000064,0.036458333333333,0.00011511847869300001,584896512.0,3910580.0,4487.0,1674.0,0.010202355860413015,0.025089605734767012,0.06979291119076098,0.5625,0.6155474999995927,0.0234375,0.022490116666328996,0.005381944444444002,1.7215916633000003e-05,226566144,0,0,0,3
multvae|latent=64;hidden=600;epochs=10;dropout=0.5|frac=0.5,software,multvae,0.5,,,,,,,64.0,600.0,10.0,0.5,,,,0.16808697024649802,0.21624850657108702,0.197152528872959,2.453125,2.475261399998999,0.1640625,0.161252100000638,0.038194444444444,0.00012082254745700001,584896512.0,3910580.0,4487.0,1674.0,0.003675674803992973,0.007168458781362019,0.021943448825168993,1.0625,1.144773700000314,0.0546875,0.05433263333270599,0.006640625000000004,3.6635678017e-05,226566144,0,0,0,3
multvae|latent=64;hidden=600;epochs=20;dropout=0.0|frac=0.5,software,multvae,0.5,,,,,,,64.0,600.0,20.0,0.0,,,,0.189147171066627,0.244922341696535,0.44978096375945803,4.1875,4.183436000000256,0.15625,0.15285930000004502,0.034722222222222,0.00011408137528200001,584896512.0,3910580.0,4487.0,1674.0,0.010387632953757997,0.01732377538829097,0.09295101553166107,0.609375,0.6028066000017138,0.03645833333333398,0.029186200000064,0.0034722222222220017,2.3853378468e-05,226566144,0,0,0,3
multvae|latent=64;hidden=600;epochs=20;dropout=0.5|frac=0.5,software,multvae,0.5,,,,,,,64.0,600.0,20.0,0.5,,,,0.18718057040482,0.253882915173237,0.528554360812425,5.015625,5.116708300000027,0.15625,0.159978799998498,0.036458333333333,0.00011511847869300001,584896512.0,3910580.0,4487.0,1674.0,0.005742533978255998,0.004778972520907976,0.11915571485464005,0.90625,0.9994213999980275,0.046875,0.047431100000039,0.006293402777777998,3.1761291982000016e-05,226566144,0,0,0,3
multvae|latent=128;hidden=200;epochs=10;dropout=0.0|frac=0.5,software,multvae,0.5,,,,,,,128.0,200.0,10.0,0.0,,,,0.080975894473773,0.19772998805256803,0.10581441656710401,1.03125,1.040930399999979,0.119791666666666,0.120434633333237,0.034722222222222,9.230220363732908e-05,584896512.0,1459892.0,4487.0,1674.0,0.020348117993858994,0.007765830346476016,0.018677817602548996,0.203125,0.20063149999623497,0.02604166666666602,0.02398653333390599,0.0017361111111110009,1.659365458560322e-05,225820672,0,0,0,3
multvae|latent=128;hidden=200;epochs=10;dropout=0.5|frac=0.5,software,multvae,0.5,,,,,,,128.0,200.0,10.0,0.5,,,,0.02392540549225,0.056750298685782005,0.005157307845479,1.1875,1.194127200000366,0.119791666666666,0.11826390000002601,0.0328125,9.116138988450819e-05,584896512.0,1459892.0,4487.0,1674.0,0.0027575664696129973,0.005973715651134998,0.0015531660692950002,0.21875,0.22593179999967083,0.02604166666666699,0.029625499999990007,0.006249999999999999,1.9290123456457988e-05,225820672,0,0,0,3
multvae|latent=128;hidden=200;epochs=20;dropout=0.0|frac=0.5,software,multvae,0.5,,,,,,,128.0,200.0,20.0,0.0,,,,0.178833071226802,0.22580645161290303,0.503584229390681,2.328125,2.315463999999338,0.125,0.12816219999998102,0.038194444444444,9.7487720695606e-05,584896512.0,1459892.0,4487.0,1674.0,0.008268877425509025,0.011947431302270023,0.04370768618080495,1.234375,1.4602538999997712,0.04166666666666699,0.04177885000050702,0.011830357142857004,3.195760084145799e-05,225820672,0,0,0,3
multvae|latent=128;hidden=200;epochs=20;dropout=0.5|frac=0.5,software,multvae,0.5,,,,,,,128.0,200.0,20.0,0.5,,,,0.10849329002140401,0.21983273596176803,0.14595778574273202,2.609375,2.609395100000256,0.119791666666666,0.120344899999963,0.034722222222222,9.116138988450819e-05,584896512.0,1459892.0,4487.0,1674.0,0.016313684092589,0.013739545997610014,0.03162086818000798,0.375,0.36068560000057914,0.02083333333333301,0.015307800000301006,0.003645833333333001,1.3482344351519986e-05,225820672,0,0,0,3
multvae|latent=128;hidden=600;epochs=10;dropout=0.0|frac=0.5,software,multvae,0.5,,,,,,,128.0,600.0,10.0,0.0,,,,0.180515052556447,0.228195937873357,0.38138191955396206,2.4375,2.438990499998908,0.15625,0.15733885000008702,0.034374999999999996,0.00011387395459900001,584896512.0,4371892.0,4487.0,1674.0,0.008676374410675008,0.010752688172043001,0.06194743130227004,0.609375,0.714234299999589,0.01822916666666699,0.020832666667047,0.003645833333333001,1.3067502986999994e-05,225820672,0,0,0,3
multvae|latent=128;hidden=600;epochs=10;dropout=0.5|frac=0.5,software,multvae,0.5,,,,,,,128.0,600.0,10.0,0.5,,,,0.16757863593172,0.217443249701314,0.13928713659896402,2.671875,2.689227300001221,0.1640625,0.166261700000177,0.036458333333333,0.00011978544404600001,584896512.0,4371892.0,4487.0,1674.0,0.004388962636830002,0.0071684587813619915,0.023357228195936997,0.5,0.5477494999995538,0.166666666666667,0.15974303333314305,0.008203124999999999,0.000104462241139,225820672,0,0,0,3
multvae|latent=128;hidden=600;epochs=20;dropout=0.0|frac=0.5,software,multvae,0.5,,,,,,,128.0,600.0,20.0,0.0,,,,0.19089348888323002,0.244922341696535,0.466288331342094,4.828125,4.84634079999887,0.15625,0.16345609999916602,0.036458333333333,0.00011511847869300001,584896512.0,4371892.0,4487.0,1674.0,0.008921647278038014,0.016726403823178,0.035424133811230996,1.578125,1.7062181999986032,0.01822916666666699,0.018334350000107996,0.0034722222222220017,1.2963792645000001e-05,225820672,0,0,0,3
multvae|latent=128;hidden=600;epochs=20;dropout=0.5|frac=0.5,software,multvae,0.5,,,,,,,128.0,600.0,20.0,0.5,,,,0.188975184659594,0.252090800477897,0.47895260852250104,5.25,5.262782099998731,0.1640625,0.160924349999959,0.034722222222222,0.00011760752688100001,584896512.0,4371892.0,4487.0,1674.0,0.006459542758953024,0.008960573476702982,0.13269613699721194,1.53125,1.9049472999995487,0.02604166666666699,0.019718266667647005,0.003645833333333001,1.6593654585999996e-05,225820672,0,0,0,3
multvae|latent=32;hidden=200;epochs=10;dropout=0.0|frac=1.0,software,multvae,1.0,,,,,,,32.0,200.0,10.0,0.0,,,,0.16837003616467902,0.21087216248506502,0.19763042612504902,0.859375,0.848881799998707,0.11458333333333301,0.11753829999997802,0.034722222222222,8.919089340236294e-05,584896512.0,1228724.0,8044.0,1674.0,0.00461176190533602,0.006571087216249022,0.017443249701314,0.1406249999999999,0.14018259999829696,0.005208333333332996,0.013859799999409006,0.0034722222222220017,5.185517058276917e-06,225820672,0,0,0,3
multvae|latent=32;hidden=200;epochs=10;dropout=0.5|frac=1.0,software,multvae,1.0,,,,,,,32.0,200.0,10.0,0.5,,,,0.15866496407946,0.19354838709677402,0.042712066905615007,1.1875,1.202209499999298,0.125,0.12572603333319401,0.036458333333333,9.645061728395064e-05,584896512.0,1228724.0,8044.0,1674.0,0.066830161427795,0.005973715651134998,0.11322182397451203,0.1875,0.22267080000028683,0.0703125,0.064459466666145,0.004340277777777998,4.459544670060323e-05,225820672,0,0,0,3
multvae|latent=32;hidden=200;epochs=20;dropout=0.0|frac=1.0,software,multvae,1.0,,,,,,,32.0,200.0,20.0,0.0,,,,0.19774670556075202,0.25567502986857804,0.46937475109518106,1.953125,1.955638799998269,0.125,0.126800600000327,0.036458333333333,9.645061728395064e-05,584896512.0,1228724.0,8044.0,1674.0,0.003889458794024997,0.007765830346475988,0.029589804858622004,0.59375,0.6669874000008349,0.0546875,0.061911683333392004,0.008203124999999999,3.7569071086525696e-05,225820672,0,0,0,3
multvae|latent=32;hidden=200;epochs=20;dropout=0.5|frac=1.0,software,multvae,1.0,,,,,,,32.0,200.0,20.0,0.5,,,,0.18770851017307102,0.24193548387096703,0.274651533253683,2.296875,2.309985800000049,0.125,0.123614899999665,0.038194444444444,9.7487720695606e-05,584896512.0,1228724.0,8044.0,1674.0,0.0018273420676249985,0.005376344086021001,0.030943847072879005,0.296875,0.3048840999999811,0.01041666666666699,0.008719833333241,0.004340277777777998,8.815378999070764e-06,225820672,0,0,0,3
multvae|latent=32;hidden=600;epochs=10;dropout=0.0|frac=1.0,software,multvae,1.0,,,,,,,32.0,600.0,10.0,0.0,,,,0.20043405329465602,0.256272401433691,0.47566706491437605,2.03125,2.066736100001435,0.15625,0.157303100000717,0.034722222222222,0.00011387395459900001,584896512.0,3679924.0,8044.0,1674.0,0.004373026532261015,0.003584229390680982,0.04159697331740403,0.3125,0.32405960000005485,0.015625,0.018992199999956022,0.0020833333333330067,1.037103411600001e-05,225820672,0,0,0,3
multvae|latent=32;hidden=600;epochs=10;dropout=0.5|frac=1.0,software,multvae,1.0,,,,,,,32.0,600.0,10.0,0.5,,,,0.188185426352556,0.24313022700119402,0.293448825169255,2.265625,2.256340899999486,0.15625,0.155783199999859,0.036458333333333,0.00011511847869300001,584896512.0,3679924.0,8044.0,1674.0,0.007485111090254987,0.0029868578255669853,0.05388291517323801,0.515625,0.6173432000000503,0.005208333333333981,0.004464249999273001,0.0017361111111110009,4.148413646000009e-06,225820672,0,0,0,3
multvae|latent=32;hidden=600;epochs=20;dropout=0.0|frac=1.0,software,multvae,1.0,,,,,,,32.0,600.0,20.0,0.0,,,,0.20062748591357502,0.25806451612903203,0.46843886897650305,3.875,3.89855290000014,0.15104166666666602,0.15319759999996002,0.034722222222222,0.000112007168458,584896512.0,3679924.0,8044.0,1674.0,0.007355649798858999,0.01792114695340502,0.08926722421346095,0.671875,0.676569099998233,0.015625,0.01801226666611902,0.0017361111111110009,9.333930705000007e-06,225820672,0,0,0,3
multvae|latent=32;hidden=600;epochs=20;dropout=0.5|frac=1.0,software,multvae,1.0,,,,,,,32.0,600.0,20.0,0.5,,,,0.205158231677665,0.273596176821983,0.5596176821983271,4.125,4.14739789999976,0.15104166666666602,0.15681873333354202,0.034374999999999996,0.00010982925129400001,584896512.0,3679924.0,8044.0,1674.0,0.013376006761386006,0.022102747909200027,0.012584627638390966,0.6875,0.6825238000001268,0.010416666666666019,0.024954766666724,0.003645833333333001,7.467144564e-06,225820672,0,0,0,3
multvae|latent=64;hidden=200;epochs=10;dropout=0.0|frac=1.0,software,multvae,1.0,,,,,,,64.0,200.0,10.0,0.0,,,,0.162734246536882,0.195340501792114,0.20416168857029002,0.953125,0.95855019999999,0.119791666666666,0.11941466666667101,0.034722222222222,9.230220363732908e-05,584896512.0,1305780.0,8044.0,1674.0,0.004282591004294983,0.005973715651134998,0.022182397451215002,0.15625,0.16426470000078586,0.015625,0.014217466666498993,0.005381944444444002,1.2548951280457986e-05,225820672,0,0,0,3
multvae|latent=64;hidden=200;epochs=10;dropout=0.5|frac=1.0,software,multvae,1.0,,,,,,,64.0,200.0,10.0,0.5,,,,0.156982343888408,0.191756272401433,0.038988450816407005,1.15625,1.148310500000207,0.130208333333333,0.12846009999945301,0.038194444444444,0.00010059903093,584896512.0,1305780.0,8044.0,1674.0,0.045573032562384014,0.009557945041816007,0.10009956192751901,0.15625,0.15737579999768103,0.044270833333333995,0.05067925000025801,0.014062499999999999,3.484667463149182e-05,225820672,0,0,0,3
multvae|latent=64;hidden=200;epochs=20;dropout=0.0|frac=1.0,software,multvae,1.0,,,,,,,64.0,200.0,20.0,0.0,,,,0.19927231296710102,0.25686977299880503,0.448606133014735,2.03125,2.061231300000145,0.125,0.12245070000002001,0.034722222222222,9.541351387229522e-05,584896512.0,1305780.0,8044.0,1674.0,0.0035617586337149953,0.0041816009557939515,0.05862206292313904,0.328125,0.32830939999985276,0.02083333333333301,0.021193966666032016,0.0020833333333330067,1.3689765032968152e-05,225820672,0,0,0,3
multvae|latent=64;hidden=200;epochs=20;dropout=0.5|frac=1.0,software,multvae,1.0,,,,,,,64.0,200.0,20.0,0.5,,,,0.190008618988132,0.24253285543608102,0.23914774990043802,2.234375,2.241133100000297,0.119791666666666,0.11778833333346402,0.034374999999999996,9.116138988450819e-05,584896512.0,1305780.0,8044.0,1674.0,0.0033930891929200013,0.0071684587813619915,0.023098367184387986,0.34375,0.33645330000035845,0.01041666666666699,0.016673566666213002,0.006249999999999999,9.02279968140185e-06,225820672,0,0,0,3
multvae|latent=64;hidden=600;epochs=10;dropout=0.0|frac=1.0,software,multvae,1.0,,,,,,,64.0,600.0,10.0,0.0,,,,0.198499339780207,0.25448028673835105,0.43108323377140506,1.890625,1.8878979000000982,0.145833333333333,0.144875099999959,0.034722222222222,0.00010785875481200001,584896512.0,3910580.0,8044.0,1674.0,0.004871852330641996,0.008363201911589013,0.03936678614097999,0.328125,0.34978389999923887,0.0234375,0.02013091666716102,0.0017361111111110009,1.5037999469000006e-05,225820672,0,0,0,3
multvae|latent=64;hidden=600;epochs=10;dropout=0.5|frac=1.0,software,multvae,1.0,,,,,,,64.0,600.0,10.0,0.5,,,,0.191938571458307,0.24731182795698903,0.259916367980884,2.15625,2.162458199999946,0.15625,0.14839600000004702,0.034722222222222,0.00011408137528200001,584896512.0,3910580.0,8044.0,1674.0,0.0015224005304650123,0.004181600955795006,0.017443249701315028,0.34375,0.33372280000003185,0.01822916666666699,0.016993550000429986,0.003645833333333001,1.3067502986999994e-05,225820672,0,0,0,3
multvae|latent=64;hidden=600;epochs=20;dropout=0.0|frac=1.0,software,multvae,1.0,,,,,,,64.0,600.0,20.0,0.0,,,,0.20246146006061802,0.257467144563918,0.47710075667064905,4.03125,4.091401399999995,0.15625,0.149521750000076,0.034722222222222,0.00011294056152900001,584896512.0,3910580.0,8044.0,1674.0,0.0024330805221940144,0.011947431302269995,0.004838709677419006,0.734375,0.7249044000018339,0.015625,0.019380283334006015,0.005381944444444002,1.1408137528000012e-05,225820672,0,0,0,3
multvae|latent=64;hidden=600;epochs=20;dropout=0.5|frac=1.0,software,multvae,1.0,,,,,,,64.0,600.0,20.0,0.5,,,,0.21175697334708501,0.280167264038231,0.535503783353245,4.8125,4.850238200000604,0.1640625,0.16427019999900902,0.034722222222222,0.00011978544404600001,584896512.0,3910580.0,8044.0,1674.0,0.005315688171113997,0.007168458781361964,0.015671047391476955,1.140625,1.1845653000000311,0.03125,0.028183149999829016,0.0020833333333330067,1.8875282092e-05,225820672,0,0,0,3
multvae|latent=128;hidden=200;epochs=10;dropout=0.0|frac=1.0,software,multvae,1.0,,,,,,,128.0,200.0,10.0,0.0,,,,0.16886561490108,0.21027479091995202,0.192672242134607,1.03125,1.055976099999952,0.125,0.12384443333333602,0.034722222222222,9.541351387229522e-05,584896512.0,1459892.0,8044.0,1674.0,0.003410953706279002,0.002986857825567013,0.007407407407407002,0.1562499999999999,0.17512960000021804,0.02083333333333301,0.020397199999934,0.003645833333333001,1.4623158103457991e-05,225820672,0,0,0,3
multvae|latent=128;hidden=200;epochs=10;dropout=0.5|frac=1.0,software,multvae,1.0,,,,,,,128.0,200.0,10.0,0.5,,,,0.085625550785018,0.190561529271206,0.037495021903624005,1.21875,1.219470800000181,0.119791666666666,0.12156343333329701,0.036458333333333,9.606170350457985e-05,584896512.0,1459892.0,8044.0,1674.0,0.03452785681290099,0.011350059737155999,0.09565909996017499,0.203125,0.19924999999966597,0.015625,0.01491566666724499,0.006293402777777998,1.0371034116553833e-05,225820672,0,0,0,3
multvae|latent=128;hidden=200;epochs=20;dropout=0.0|frac=1.0,software,multvae,1.0,,,,,,,128.0,200.0,20.0,0.0,,,,0.19858603902632402,0.256272401433691,0.45207088809239304,2.078125,2.078028599999925,0.119791666666666,0.12163390000008101,0.034374999999999996,9.209478295499803e-05,584896512.0,1459892.0,8044.0,1674.0,0.0019556627257870107,0.006571087216248994,0.033651931501394006,0.296875,0.22214940000049,0.015625,0.014682899999874002,0.003645833333333001,1.1511847869374758e-05,225820672,0,0,0,3
multvae|latent=128;hidden=200;epochs=20;dropout=0.5|frac=1.0,software,multvae,1.0,,,,,,,128.0,200.0,20.0,0.5,,,,0.18797131300980702,0.245519713261648,0.22246117084826703,2.4375,2.429575900000145,0.119791666666666,0.121746266666529,0.034722222222222,9.230220363732908e-05,584896512.0,1459892.0,8044.0,1674.0,0.009228306706792977,0.014336917562723983,0.071186778176026,0.390625,0.41702200000327183,0.015625,0.018544333333314997,0.0020833333333330067,1.057845479888492e-05,225820672,0,0,0,3
multvae|latent=128;hidden=600;epochs=10;dropout=0.0|frac=1.0,software,multvae,1.0,,,,,,,128.0,600.0,10.0,0.0,,,,0.20152333136435802,0.259856630824372,0.43319394663480604,2.1875,2.184751499999947,0.15625,0.15779459999998802,0.0328125,0.000112007168458,584896512.0,4371892.0,8044.0,1674.0,0.002690607783078003,0.003584229390680982,0.016666666666665997,0.359375,0.35807349999959115,0.01822916666666699,0.020344433334077983,0.0034722222222220017,1.2030399574999991e-05,225820672,0,0,0,3
multvae|latent=128;hidden=600;epochs=10;dropout=0.5|frac=1.0,software,multvae,1.0,,,,,,,128.0,600.0,10.0,0.5,,,,0.19007210081469,0.24790919952210203,0.212704101951413,2.34375,2.356835699999919,0.1640625,0.166097549999904,0.038194444444444,0.00012082254745700001,584896512.0,4371892.0,8044.0,1674.0,0.00803144549038401,0.020908004778973005,0.034826762246117,0.375,0.35858800000278324,0.02604166666666699,0.02665431666703999,0.004340277777777998,1.8149309704e-05,225820672,0,0,0,3
multvae|latent=128;hidden=600;epochs=20;dropout=0.0|frac=1.0,software,multvae,1.0,,,,,,,128.0,600.0,20.0,0.0,,,,0.20977001107530102,0.272401433691756,0.456730386300278,4.59375,4.6421268999997665,0.15104166666666602,0.15220323333339,0.034722222222222,0.00010982925129400001,584896512.0,4371892.0,8044.0,1674.0,0.00784068038986499,0.01314217443249699,0.04311031461569098,0.8125,0.8368134999982431,0.01822916666666699,0.019314283334096988,0.006249999999999999,1.3482344351000003e-05,225820672,0,0,0,3
multvae|latent=128;hidden=600;epochs=20;dropout=0.5|frac=1.0,software,multvae,1.0,,,,,,,128.0,600.0,20.0,0.5,,,,0.208753219161658,0.271206690561529,0.539924332935085,4.71875,4.721056800000042,0.171875,0.173231700000087,0.034722222222222,0.000126008064516,584896512.0,4371892.0,8044.0,1674.0,0.005325463249844009,0.004181600955795006,0.04175627240143398,1.265625,1.2992875999971147,0.03385416666666699,0.030066549999295006,0.004687500000000004,2.043093720999999e-05,225820672,0,0,0,3
markov|order=1;smoothing=0.0;decay=false|frac=0.25,software,markov,0.25,,,,,,,,,,,1.0,0.0,0.0,0.176456479262103,0.196535244922341,0.21033452807646302,0.0045289855072460005,0.004692830434782001,0.21875000000000003,0.219613350000145,0.041015625,0.00015517659796800002,395444224.0,18100.0,2605.0,1674.0,0.0,0.0,0.0,0.0,0.0,0.0,0.0,0.0,0.0,0,0,0,0,1
markov|order=1;smoothing=0.0;decay=true|frac=0.25,software,markov,0.25,,,,,,,,,,,1.0,0.0,1.0,0.176169377378068,0.196535244922341,0.21033452807646302,0.004807692307692,0.004677684615384,0.2421875,0.271172250000063,0.044642857142857005,0.000171344299368,395444224.0,18100.0,2605.0,1674.0,0.0,0.0,0.0,0.0,0.0,0.0,0.0,0.0,0.0,0,0,0,0,1
markov|order=1;smoothing=0.1;decay=false|frac=0.25,software,markov,0.25,,,,,,,,,,,1.0,0.1,0.0,0.183709191551745,0.219235364396654,0.38996415770609305,0.005482456140350001,0.005435247368423,0.2265625,0.22967610000000602,0.041015625,0.00015984356332100002,395444224.0,18100.0,2605.0,1674.0,0.0,0.0,0.0,0.0,0.0,0.0,0.0,0.0,0.0,0,0,0,0,1
markov|order=1;smoothing=0.1;decay=true|frac=0.25,software,markov,0.25,,,,,,,,,,,1.0,0.1,1.0,0.18344541595468702,0.219235364396654,0.38996415770609305,0.007102272727272,0.006792811363642,0.3125,0.33694930000001405,0.046875,0.00021468040621200002,395444224.0,18100.0,2605.0,1674.0,0.0,0.0,0.0,0.0,0.0,0.0,0.0,0.0,0.0,0,0,0,0,1
markov|order=1;smoothing=0.5;decay=false|frac=0.25,software,markov,0.25,,,,,,,,,,,1.0,0.5,0.0,0.183709191551745,0.219235364396654,0.38996415770609305,0.011574074074074,0.013691681481473001,0.453125,0.5220211000000741,0.053571428571428006,0.00030268603857300003,395444224.0,18100.0,2605.0,1674.0,0.0,0.0,0.0,0.0,0.0,0.0,0.0,0.0,0.0,0,0,0,0,1
markov|order=1;smoothing=0.5;decay=true|frac=0.25,software,markov,0.25,,,,,,,,,,,1.0,0.5,1.0,0.183424067738979,0.219235364396654,0.38996415770609305,0.010416666666666,0.011985623333339001,0.421875,0.42706709999993103,0.04296875,0.00027768443847000005,395444224.0,18100.0,2605.0,1674.0,0.0,0.0,0.0,0.0,0.0,0.0,0.0,0.0,0.0,0,0,0,0,1
markov|order=2;smoothing=0.0;decay=false|frac=0.25,software,markov,0.25,,,,,,,,,,,2.0,0.0,0.0,0.17556042191443302,0.195340501792114,0.21033452807646302,0.011574074074074,0.011619562962955,0.2578125,0.261781250000012,0.044642857142857005,0.00018067823007300002,395444224.0,24452.0,2605.0,1674.0,0.0,0.0,0.0,0.0,0.0,0.0,0.0,0.0,0.0,0,0,0,0,1
markov|order=2;smoothing=0.0;decay=true|frac=0.25,software,markov,0.25,,,,,,,,,,,2.0,0.0,1.0,0.175195106318587,0.195340501792114,0.21033452807646302,0.007102272727272,0.007174654545451,0.578125,0.822069600000304,0.08125,0.000393891875746,395444224.0,24452.0,2605.0,1674.0,0.0,0.0,0.0,0.0,0.0,0.0,0.0,0.0,0.0,0,0,0,0,1
markov|order=2;smoothing=0.1;decay=false|frac=0.25,software,markov,0.25,,,,,,,,,,,2.0,0.1,0.0,0.18356693319281,0.219235364396654,0.38996415770609305,0.014880952380952002,0.016485876190472003,0.53125,0.551899300000059,0.057291666666666005,0.000351578056551,395444224.0,24452.0,2605.0,1674.0,0.0,0.0,0.0,0.0,0.0,0.0,0.0,0.0,0.0,0,0,0,0,1
markov|order=2;smoothing=0.1;decay=true|frac=0.25,software,markov,0.25,,,,,,,,,,,2.0,0.1,1.0,0.183224943883941,0.219235364396654,0.38996415770609305,0.013221153846153001,0.0209295,0.5,0.5953988999999631,0.059895833333333,0.000334465850258,395444224.0,24452.0,2605.0,1674.0,0.0,0.0,0.0,0.0,0.0,0.0,0.0,0.0,0.0,0,0,0,0,1
markov|order=2;smoothing=0.5;decay=false|frac=0.25,software,markov,0.25,,,,,,,,,,,2.0,0.5,0.0,0.18356693319281,0.219235364396654,0.38996415770609305,0.010775862068965001,0.011278175862069001,0.40625000000000006,0.428912899999886,0.052083333333333,0.000273795300677,395444224.0,24452.0,2605.0,1674.0,0.0,0.0,0.0,0.0,0.0,0.0,0.0,0.0,0.0,0,0,0,0,1
markov|order=2;smoothing=0.5;decay=true|frac=0.25,software,markov,0.25,,,,,,,,,,,2.0,0.5,1.0,0.183224943883941,0.219235364396654,0.38996415770609305,0.008223684210526001,0.008119428947362001,0.25,0.25489085000003703,0.038194444444444,0.000172159166334,395444224.0,24452.0,2605.0,1674.0,0.0,0.0,0.0,0.0,0.0,0.0,0.0,0.0,0.0,0,0,0,0,1
markov|order=1;smoothing=0.0;decay=false|frac=0.5,software,markov,0.5,,,,,,,,,,,1.0,0.0,0.0,0.21260864403106003,0.24910394265232902,0.33078454798884904,0.00801282051282,0.007878638461534,0.2265625,0.233657850000099,0.0625,0.00017267771804,395444224.0,38584.0,4487.0,1674.0,0.0,0.0,0.0,0.0,0.0,0.0,0.0,0.0,0.0,0,0,0,0,1
markov|order=1;smoothing=0.0;decay=true|frac=0.5,software,markov,0.5,,,,,,,,,,,1.0,0.0,1.0,0.21298752733689402,0.25149342891278303,0.33193946634806804,0.010110294117647,0.010205285294111001,0.234375,0.23060235000002602,0.046875,0.00016801075268800002,395444224.0,38584.0,4487.0,1674.0,0.0,0.0,0.0,0.0,0.0,0.0,0.0,0.0,0.0,0,0,0,0,1
markov|order=1;smoothing=0.1;decay=false|frac=0.5,software,markov,0.5,,,,,,,,,,,1.0,0.1,0.0,0.21853732128038303,0.265830346475507,0.464237355635205,0.008223684210526001,0.008377560526313001,0.234375,0.237799700000095,0.038194444444444,0.00016282523562900002,395444224.0,38584.0,4487.0,1674.0,0.0,0.0,0.0,0.0,0.0,0.0,0.0,0.0,0.0,0,0,0,0,1
markov|order=1;smoothing=0.1;decay=true|frac=0.5,software,markov,0.5,,,,,,,,,,,1.0,0.1,1.0,0.21810473132493802,0.26344086021505303,0.472242134607725,0.009191176470588001,0.009107967647062001,0.2421875,0.243734900000163,0.034722222222222,0.000165417994159,395444224.0,38584.0,4487.0,1674.0,0.0,0.0,0.0,0.0,0.0,0.0,0.0,0.0,0.0,0,0,0,0,1
markov|order=1;smoothing=0.5;decay=false|frac=0.5,software,markov,0.5,,,,,,,,,,,1.0,0.5,0.0,0.21848885504039803,0.265830346475507,0.46113102349661406,0.00801282051282,0.007857041025638,0.234375,0.23950509999986003,0.0328125,0.000159610215053,395444224.0,38584.0,4487.0,1674.0,0.0,0.0,0.0,0.0,0.0,0.0,0.0,0.0,0.0,0,0,0,0,1
markov|order=1;smoothing=0.5;decay=true|frac=0.5,software,markov,0.5,,,,,,,,,,,1.0,0.5,1.0,0.218155999432208,0.26344086021505303,0.46722421346077203,0.00801282051282,0.007959002564103,0.234375,0.236820749999878,0.034722222222222,0.000160751028806,395444224.0,38584.0,4487.0,1674.0,0.0,0.0,0.0,0.0,0.0,0.0,0.0,0.0,0.0,0,0,0,0,1
markov|order=2;smoothing=0.0;decay=false|frac=0.5,software,markov,0.5,,,,,,,,,,,2.0,0.0,0.0,0.20658878830335,0.240143369175627,0.326363998407009,0.0125,0.012597996000004,0.65625,0.6829695999999781,0.078125,0.00043869474313,395444224.0,68624.0,4487.0,1674.0,0.0,0.0,0.0,0.0,0.0,0.0,0.0,0.0,0.0,0,0,0,0,1
markov|order=2;smoothing=0.0;decay=true|frac=0.5,software,markov,0.5,,,,,,,,,,,2.0,0.0,1.0,0.20690655414396902,0.24193548387096703,0.326244524093986,0.020833333333333003,0.020906206666677002,0.40625000000000006,0.41039319999981605,0.057291666666666005,0.000276906610911,395444224.0,68624.0,4487.0,1674.0,0.0,0.0,0.0,0.0,0.0,0.0,0.0,0.0,0.0,0,0,0,0,1
markov|order=2;smoothing=0.1;decay=false|frac=0.5,software,markov,0.5,,,,,,,,,,,2.0,0.1,0.0,0.217143959169975,0.265830346475507,0.46463560334528003,0.011574074074074,0.011459774074073,0.2421875,0.240829300000086,0.0390625,0.00016801075268800002,395444224.0,68624.0,4487.0,1674.0,0.0,0.0,0.0,0.0,0.0,0.0,0.0,0.0,0.0,0,0,0,0,1
markov|order=2;smoothing=0.1;decay=true|frac=0.5,software,markov,0.5,,,,,,,,,,,2.0,0.1,1.0,0.216786508894658,0.26344086021505303,0.47190362405416103,0.012019230769230001,0.011764553846170001,0.2421875,0.24155335000000303,0.0328125,0.000164277180406,395444224.0,68624.0,4487.0,1674.0,0.0,0.0,0.0,0.0,0.0,0.0,0.0,0.0,0.0,0,0,0,0,1
markov|order=2;smoothing=0.5;decay=false|frac=0.5,software,markov,0.5,,,,,,,,,,,2.0,0.5,0.0,0.217143959169975,0.265830346475507,0.464157706093189,0.011574074074074,0.011198214814831001,0.2421875,0.24240594999992002,0.0328125,0.000164277180406,395444224.0,68624.0,4487.0,1674.0,0.0,0.0,0.0,0.0,0.0,0.0,0.0,0.0,0.0,0,0,0,0,1
markov|order=2;smoothing=0.5;decay=true|frac=0.5,software,markov,0.5,,,,,,,,,,,2.0,0.5,1.0,0.21661382978694102,0.26284348864994,0.47070888092393404,0.010416666666666,0.010476873333345,0.2421875,0.24562194999998602,0.034722222222222,0.000165417994159,395444224.0,68624.0,4487.0,1674.0,0.0,0.0,0.0,0.0,0.0,0.0,0.0,0.0,0.0,0,0,0,0,1
markov|order=1;smoothing=0.0;decay=false|frac=1.0,software,markov,1.0,,,,,,,,,,,1.0,0.0,0.0,0.233814356686446,0.28673835125448,0.39946236559139703,0.0125,0.011984264000002002,0.21875000000000003,0.220244000000093,0.038194444444444,0.00015349130492400002,395444224.0,72412.0,8044.0,1674.0,0.0,0.0,0.0,0.0,0.0,0.0,0.0,0.0,0.0,0,0,0,0,1
markov|order=1;smoothing=0.0;decay=true|frac=1.0,software,markov,1.0,,,,,,,,,,,1.0,0.0,1.0,0.23218863303898102,0.287335722819593,0.39932297889287105,0.011160714285714001,0.011217353571428001,0.21875000000000003,0.22156114999984303,0.0390625,0.00015400985663000002,395444224.0,72412.0,8044.0,1674.0,0.0,0.0,0.0,0.0,0.0,0.0,0.0,0.0,0.0,0,0,0,0,1
markov|order=1;smoothing=0.1;decay=false|frac=1.0,software,markov,1.0,,,,,,,,,,,1.0,0.1,0.0,0.23493725813301103,0.293906810035842,0.45125448028673804,0.011574074074074,0.011574396296307,0.2109375,0.21567379999987601,0.034722222222222,0.00014675013274900001,395444224.0,72412.0,8044.0,1674.0,0.0,0.0,0.0,0.0,0.0,0.0,0.0,0.0,0.0,0,0,0,0,1
markov|order=1;smoothing=0.1;decay=true|frac=1.0,software,markov,1.0,,,,,,,,,,,1.0,0.1,1.0,0.23534803761404102,0.293906810035842,0.48321385902031005,0.011160714285714001,0.010853932142854001,0.2421875,0.231826100000034,0.034722222222222,0.000165417994159,395444224.0,72412.0,8044.0,1674.0,0.0,0.0,0.0,0.0,0.0,0.0,0.0,0.0,0.0,0,0,0,0,1
markov|order=1;smoothing=0.5;decay=false|frac=1.0,software,markov,1.0,,,,,,,,,,,1.0,0.5,0.0,0.23493725813301103,0.293906810035842,0.45125448028673804,0.014880952380952002,0.016632557142851,0.2421875,0.24597134999999,0.0390625,0.00016801075268800002,395444224.0,72412.0,8044.0,1674.0,0.0,0.0,0.0,0.0,0.0,0.0,0.0,0.0,0.0,0,0,0,0,1
markov|order=1;smoothing=0.5;decay=true|frac=1.0,software,markov,1.0,,,,,,,,,,,1.0,0.5,1.0,0.235366632471109,0.29450418160095504,0.48524492234169603,0.011574074074074,0.011671485185194001,0.25,0.24902184999996202,0.034722222222222,0.000170084959511,395444224.0,72412.0,8044.0,1674.0,0.0,0.0,0.0,0.0,0.0,0.0,0.0,0.0,0.0,0,0,0,0,1
markov|order=2;smoothing=0.0;decay=false|frac=1.0,software,markov,1.0,,,,,,,,,,,2.0,0.0,0.0,0.22104714147553603,0.264038231780167,0.37724014336917505,0.0205078125,0.019939693749989003,0.2734375,0.281399349999901,0.0390625,0.00018667861409700002,395444224.0,174572.0,8044.0,1674.0,0.0,0.0,0.0,0.0,0.0,0.0,0.0,0.0,0.0,0,0,0,0,1
markov|order=2;smoothing=0.0;decay=true|frac=1.0,software,markov,1.0,,,,,,,,,,,2.0,0.0,1.0,0.219970735785765,0.265830346475507,0.376085225009956,0.017361111111111,0.01733982222221,0.28125,0.277206700000078,0.0390625,0.00019134557945000002,395444224.0,174572.0,8044.0,1674.0,0.0,0.0,0.0,0.0,0.0,0.0,0.0,0.0,0.0,0,0,0,0,1
markov|order=2;smoothing=0.1;decay=false|frac=1.0,software,markov,1.0,,,,,,,,,,,2.0,0.1,0.0,0.23292910908865902,0.293906810035842,0.45798486658701704,0.01953125,0.019785925000007,0.2578125,0.263500799999974,0.034722222222222,0.00017475192486300002,395444224.0,174572.0,8044.0,1674.0,0.0,0.0,0.0,0.0,0.0,0.0,0.0,0.0,0.0,0,0,0,0,1
markov|order=2;smoothing=0.1;decay=true|frac=1.0,software,markov,1.0,,,,,,,,,,,2.0,0.1,1.0,0.23367998620524902,0.293906810035842,0.483114297092791,0.018382352941176003,0.017774388235278,0.328125,0.328726799999913,0.0328125,0.00021561379928300003,395444224.0,174572.0,8044.0,1674.0,0.0,0.0,0.0,0.0,0.0,0.0,0.0,0.0,0.0,0,0,0,0,1
markov|order=2;smoothing=0.5;decay=false|frac=1.0,software,markov,1.0,,,,,,,,,,,2.0,0.5,0.0,0.23292910908865902,0.293906810035842,0.45798486658701704,0.01953125,0.019126593750002002,0.28125,0.278629050000063,0.034722222222222,0.00018875282092100003,395444224.0,174572.0,8044.0,1674.0,0.0,0.0,0.0,0.0,0.0,0.0,0.0,0.0,0.0,0,0,0,0,1
markov|order=2;smoothing=0.5;decay=true|frac=1.0,software,markov,1.0,,,,,,,,,,,2.0,0.5,1.0,0.23379321232259803,0.295101553166069,0.48327359617682203,0.017361111111111,0.017609427777769002,0.265625,0.26955369999996004,0.034722222222222,0.00017941889021600002,395444224.0,174572.0,8044.0,1674.0,0.0,0.0,0.0,0.0,0.0,0.0,0.0,0.0,0.0,0,0,0,0,1
popularity||frac=0.25,gift_cards,popularity,0.25,,,,,,,,,,,,,,0.099684401008618,0.23162583518930902,0.0,8.697467297522963e-05,8.354319510154559e-05,0.024038461538461002,0.024669907692301003,0.0026260504201680002,5.93864408878165e-05,395444224.0,1168.0,636.0,449.0,0.0,0.0,0.0,0.0,0.0,0.0,0.0,0.0,0.0,0,0,0,0,1
popularity||frac=0.5,gift_cards,popularity,0.5,,,,,,,,,,,,,,0.091025123512025,0.20267260579064503,0.0,8.30675172780436e-05,8.15682615629941e-05,0.0234375,0.023954092857138003,0.00244140625,5.7636762249443207e-05,395444224.0,1168.0,1164.0,449.0,0.0,0.0,0.0,0.0,0.0,0.0,0.0,0.0,0.0,0,0,0,0,1
popularity||frac=1.0,gift_cards,popularity,1.0,,,,,,,,,,,,,,0.08369290327416501,0.173719376391982,0.0,8.391514500537057e-05,8.287336197639874e-05,0.0234375,0.023845342857124002,0.002422480620155,5.7594611626180486e-05,395444224.0,1168.0,2041.0,449.0,0.0,0.0,0.0,0.0,0.0,0.0,0.0,0.0,0.0,0,0,0,0,1
itemknn|topk=10;shrink=0.0|frac=0.25,gift_cards,itemknn,0.25,10.0,0.0,,,,,,,,,,,,0.079086120481252,0.171492204899777,0.39888641425389704,0.0012651821862340001,0.001259518218624,0.024038461538461002,0.024165923076907,0.002403846153846,5.8891553880418034e-05,395444224.0,170528.0,636.0,449.0,0.0,0.0,0.0,0.0,0.0,0.0,0.0,0.0,0.0,0,0,0,0,1
itemknn|topk=10;shrink=10.0|frac=0.25,gift_cards,itemknn,0.25,10.0,10.0,,,,,,,,,,,,0.083513069054562,0.171492204899777,0.39970304380103905,0.001286008230452,0.001264525514403,0.024038461538461002,0.025154461538442002,0.0025,5.9105704985437734e-05,395444224.0,170528.0,636.0,449.0,0.0,0.0,0.0,0.0,0.0,0.0,0.0,0.0,0.0,0,0,0,0,1
itemknn|topk=10;shrink=100.0|frac=0.25,gift_cards,itemknn,0.25,10.0,100.0,,,,,,,,,,,,0.083513069054562,0.171492204899777,0.399406087602078,0.0012703252032520002,0.0012547581300810001,0.0234375,0.023732621428572003,0.00244140625,5.7636762249443207e-05,395444224.0,170528.0,636.0,449.0,0.0,0.0,0.0,0.0,0.0,0.0,0.0,0.0,0.0,0,0,0,0,1
itemknn|topk=50;shrink=0.0|frac=0.25,gift_cards,itemknn,0.25,50.0,0.0,,,,,,,,,,,,0.08070889356192201,0.175946547884187,0.40014847809948,0.0013130252100840001,0.001306999999998,0.024038461538461002,0.024374992307667,0.002480158730158,5.906151507487812e-05,395444224.0,170528.0,636.0,449.0,0.0,0.0,0.0,0.0,0.0,0.0,0.0,0.0,0.0,0,0,0,0,1
itemknn|topk=50;shrink=10.0|frac=0.25,gift_cards,itemknn,0.25,50.0,10.0,,,,,,,,,,,,0.08583404482906501,0.173719376391982,0.40259836674090504,0.001329787234042,0.001301460000001,0.0234375,0.023633128571418003,0.002422480620155,5.7594611626180486e-05,395444224.0,170528.0,636.0,449.0,0.0,0.0,0.0,0.0,0.0,0.0,0.0,0.0,0.0,0,0,0,0,1
itemknn|topk=50;shrink=100.0|frac=0.25,gift_cards,itemknn,0.25,50.0,100.0,,,,,,,,,,,,0.08583404482906501,0.173719376391982,0.403043801039346,0.0013020833333330002,0.001294961249999,0.0234375,0.023762285714285,0.002422480620155,5.7594611626180486e-05,395444224.0,170528.0,636.0,449.0,0.0,0.0,0.0,0.0,0.0,0.0,0.0,0.0,0.0,0,0,0,0,1
itemknn|topk=100;shrink=0.0|frac=0.25,gift_cards,itemknn,0.25,100.0,0.0,,,,,,,,,,,,0.08070889356192201,0.175946547884187,0.40014847809948,0.001358695652173,0.001339284782609,0.0234375,0.023616671428564003,0.002403846153846,5.755310947404488e-05,395444224.0,170528.0,636.0,449.0,0.0,0.0,0.0,0.0,0.0,0.0,0.0,0.0,0.0,0,0,0,0,1
itemknn|topk=100;shrink=10.0|frac=0.25,gift_cards,itemknn,0.25,100.0,10.0,,,,,,,,,,,,0.08583404482906501,0.173719376391982,0.40259836674090504,0.0013469827586200002,0.0013351629310350002,0.0234375,0.023842271428553,0.0025,5.776726057906459e-05,395444224.0,170528.0,636.0,449.0,0.0,0.0,0.0,0.0,0.0,0.0,0.0,0.0,0.0,0,0,0,0,1
itemknn|topk=100;shrink=100.0|frac=0.25,gift_cards,itemknn,0.25,100.0,100.0,,,,,,,,,,,,0.08583404482906501,0.173719376391982,0.403043801039346,0.001460280373831,0.0014331831775700001,0.024038461538461002,0.024361715384622003,0.0024606299212590003,5.9018021068421784e-05,395444224.0,170528.0,636.0,449.0,0.0,0.0,0.0,0.0,0.0,0.0,0.0,0.0,0.0,0,0,0,0,1
itemknn|topk=300;shrink=0.0|frac=0.25,gift_cards,itemknn,0.25,300.0,0.0,,,,,,,,,,,,0.08070889356192201,0.175946547884187,0.40014847809948,0.00034799554565700003,0.000341980289532,0.024038461538461002,0.024358161538447002,0.0025,5.9105704985437734e-05,395444224.0,170528.0,636.0,449.0,0.0,0.0,0.0,0.0,0.0,0.0,0.0,0.0,0.0,0,0,0,0,1
itemknn|topk=300;shrink=10.0|frac=0.25,gift_cards,itemknn,0.25,300.0,10.0,,,,,,,,,,,,0.08583404482906501,0.173719376391982,0.40259836674090504,0.000338203463203,0.000333433982683,0.0234375,0.024039150000005,0.0024606299212590003,5.767957666204864e-05,395444224.0,170528.0,636.0,449.0,0.0,0.0,0.0,0.0,0.0,0.0,0.0,0.0,0.0,0,0,0,0,1
itemknn|topk=300;shrink=100.0|frac=0.25,gift_cards,itemknn,0.25,300.0,100.0,,,,,,,,,,,,0.08583404482906501,0.173719376391982,0.403043801039346,0.00032894736842100004,0.000324164421052,0.0234375,0.02390329285715,0.0024606299212590003,5.767957666204864e-05,395444224.0,170528.0,636.0,449.0,0.0,0.0,0.0,0.0,0.0,0.0,0.0,0.0,0.0,0,0,0,0,1
itemknn|topk=10;shrink=0.0|frac=0.5,gift_cards,itemknn,0.5,10.0,0.0,,,,,,,,,,,,0.13556503900889702,0.273942093541202,0.435857461024498,0.001726519337016,0.001713220994475,0.024038461538461002,0.024394015384621003,0.0027654867256630003,5.9696989452394786e-05,395444224.0,170528.0,1164.0,449.0,0.0,0.0,0.0,0.0,0.0,0.0,0.0,0.0,0.0,0,0,0,0,1
itemknn|topk=10;shrink=10.0|frac=0.5,gift_cards,itemknn,0.5,10.0,10.0,,,,,,,,,,,,0.177103206988262,0.32516703786191503,0.5417965850037121,0.0014671361502340001,0.0014594953051650001,0.024038461538461002,0.024782300000004,0.0025406504065040004,5.919624041195013e-05,395444224.0,170528.0,1164.0,449.0,0.0,0.0,0.0,0.0,0.0,0.0,0.0,0.0,0.0,0,0,0,0,1
itemknn|topk=10;shrink=100.0|frac=0.5,gift_cards,itemknn,0.5,10.0,100.0,,,,,,,,,,,,0.175890756358624,0.33184855233853,0.566815144766147,0.001453488372093,0.001437165581395,0.024038461538461002,0.025140138461525,0.003188775510204,6.0639726166293146e-05,395444224.0,170528.0,1164.0,449.0,0.0,0.0,0.0,0.0,0.0,0.0,0.0,0.0,0.0,0,0,0,0,1
itemknn|topk=50;shrink=0.0|frac=0.5,gift_cards,itemknn,0.5,50.0,0.0,,,,,,,,,,,,0.14502247418695802,0.28953229398663705,0.46421677802524103,0.00204248366013,0.001961750980391,0.024038461538461002,0.025085599999993,0.002648305084745,5.943600584233252e-05,395444224.0,170528.0,1164.0,449.0,0.0,0.0,0.0,0.0,0.0,0.0,0.0,0.0,0.0,0,0,0,0,1
itemknn|topk=50;shrink=10.0|frac=0.5,gift_cards,itemknn,0.5,50.0,10.0,,,,,,,,,,,,0.18183650779235602,0.33407572383073403,0.5705270972531551,0.0015624999999999999,0.0015435000000000002,0.025240384615384002,0.025675699999982003,0.002582644628099,6.196665755787036e-05,395444224.0,170528.0,1164.0,449.0,0.0,0.0,0.0,0.0,0.0,0.0,0.0,0.0,0.0,0,0,0,0,1
itemknn|topk=50;shrink=100.0|frac=0.5,gift_cards,itemknn,0.5,50.0,100.0,,,,,,,,,,,,0.18068043527722802,0.34075723830734905,0.5899034892353371,0.0015318627450980002,0.0015132441176470002,0.024038461538461002,0.024838307692299003,0.0026041666666660004,5.933770201587575e-05,395444224.0,170528.0,1164.0,449.0,0.0,0.0,0.0,0.0,0.0,0.0,0.0,0.0,0.0,0,0,0,0,1
itemknn|topk=100;shrink=0.0|frac=0.5,gift_cards,itemknn,0.5,100.0,0.0,,,,,,,,,,,,0.145212189211506,0.28953229398663705,0.46354862657757906,0.0016108247422680002,0.001559796391753,0.024038461538461002,0.024246553846156003,0.0028409090909090003,5.9864967994143956e-05,395444224.0,170528.0,1164.0,449.0,0.0,0.0,0.0,0.0,0.0,0.0,0.0,0.0,0.0,0,0,0,0,1
itemknn|topk=100;shrink=10.0|frac=0.5,gift_cards,itemknn,0.5,100.0,10.0,,,,,,,,,,,,0.182021870088859,0.33407572383073403,0.572531551596139,0.001594387755102,0.00156804744898,0.026041666666666,0.026986458333340003,0.0026260504201680002,6.384792224239363e-05,395444224.0,170528.0,1164.0,449.0,0.0,0.0,0.0,0.0,0.0,0.0,0.0,0.0,0.0,0,0,0,0,1
itemknn|topk=100;shrink=100.0|frac=0.5,gift_cards,itemknn,0.5,100.0,100.0,,,,,,,,,,,,0.180881298179788,0.34075723830734905,0.590571640682999,0.0015862944162430002,0.0015676487309650002,0.0234375,0.025191464285723,0.002648305084745,5.8097561435959385e-05,395444224.0,170528.0,1164.0,449.0,0.0,0.0,0.0,0.0,0.0,0.0,0.0,0.0,0.0,0,0,0,0,1
itemknn|topk=300;shrink=0.0|frac=0.5,gift_cards,itemknn,0.5,300.0,0.0,,,,,,,,,,,,0.145212189211506,0.28953229398663705,0.46354862657757906,0.00039506953223700003,0.000388574715549,0.024038461538461002,0.024647576923073,0.002582644628099,5.9289768745124084e-05,395444224.0,170528.0,1164.0,449.0,0.0,0.0,0.0,0.0,0.0,0.0,0.0,0.0,0.0,0,0,0,0,1
itemknn|topk=300;shrink=10.0|frac=0.5,gift_cards,itemknn,0.5,300.0,10.0,,,,,,,,,,,,0.182021870088859,0.33407572383073403,0.572531551596139,0.000388681592039,0.000383477114427,0.024038461538461002,0.024813200000013,0.0026041666666660004,5.933770201587575e-05,395444224.0,170528.0,1164.0,449.0,0.0,0.0,0.0,0.0,0.0,0.0,0.0,0.0,0.0,0,0,0,0,1
itemknn|topk=300;shrink=100.0|frac=0.5,gift_cards,itemknn,0.5,300.0,100.0,,,,,,,,,,,,0.180881298179788,0.34075723830734905,0.590571640682999,0.00038202933985300006,0.000374071026894,0.024038461538461002,0.024657253846166002,0.002582644628099,5.9289768745124084e-05,395444224.0,170528.0,1164.0,449.0,0.0,0.0,0.0,0.0,0.0,0.0,0.0,0.0,0.0,0,0,0,0,1
itemknn|topk=10;shrink=0.0|frac=1.0,gift_cards,itemknn,1.0,10.0,0.0,,,,,,,,,,,,0.17080694507528002,0.33407572383073403,0.599034892353377,0.0017458100558650001,0.0017297932960880001,0.024038461538461002,0.024863615384604004,0.00267094017094,5.948641806102831e-05,395444224.0,170528.0,2041.0,449.0,0.0,0.0,0.0,0.0,0.0,0.0,0.0,0.0,0.0,0,0,0,0,1
itemknn|topk=10;shrink=10.0|frac=1.0,gift_cards,itemknn,1.0,10.0,10.0,,,,,,,,,,,,0.184225132023998,0.383073496659242,0.6043058648849291,0.0017458100558650001,0.001731501117319,0.025240384615384002,0.025492046153850003,0.0025614754098360003,6.191951007844251e-05,395444224.0,170528.0,2041.0,449.0,0.0,0.0,0.0,0.0,0.0,0.0,0.0,0.0,0.0,0,0,0,0,1
itemknn|topk=10;shrink=100.0|frac=1.0,gift_cards,itemknn,1.0,10.0,100.0,,,,,,,,,,,,0.177906290399718,0.37639198218262804,0.455085374907201,0.0017361111111110002,0.0017190688888880001,0.0234375,0.024748307142869002,0.0025406504065040004,5.785779600557698e-05,395444224.0,170528.0,2041.0,449.0,0.0,0.0,0.0,0.0,0.0,0.0,0.0,0.0,0.0,0,0,0,0,1
itemknn|topk=50;shrink=0.0|frac=1.0,gift_cards,itemknn,1.0,50.0,0.0,,,,,,,,,,,,0.189495277955462,0.38084632516703704,0.6220489977728281,0.001775568181818,0.001756913068181,0.024038461538461002,0.024469992307716,0.0025406504065040004,5.919624041195013e-05,395444224.0,170528.0,2041.0,449.0,0.0,0.0,0.0,0.0,0.0,0.0,0.0,0.0,0.0,0,0,0,0,1
itemknn|topk=50;shrink=10.0|frac=1.0,gift_cards,itemknn,1.0,50.0,10.0,,,,,,,,,,,,0.187210772057533,0.39420935412026703,0.5506310319227911,0.001775568181818,0.001759915340908,0.024038461538461002,0.024903146153869002,0.0026260504201680002,5.93864408878165e-05,395444224.0,170528.0,2041.0,449.0,0.0,0.0,0.0,0.0,0.0,0.0,0.0,0.0,0.0,0,0,0,0,1
itemknn|topk=50;shrink=100.0|frac=1.0,gift_cards,itemknn,1.0,50.0,100.0,,,,,,,,,,,,0.18600173604422301,0.40089086859688106,0.385597624350408,0.0018601190476190002,0.0018082499999990001,0.024038461538461002,0.024801423076916,0.0026041666666660004,5.933770201587575e-05,395444224.0,170528.0,2041.0,449.0,0.0,0.0,0.0,0.0,0.0,0.0,0.0,0.0,0.0,0,0,0,0,1
itemknn|topk=100;shrink=0.0|frac=1.0,gift_cards,itemknn,1.0,100.0,0.0,,,,,,,,,,,,0.18979372851436002,0.378619153674832,0.6135857461024491,0.0018601190476190002,0.00184201904762,0.024038461538461002,0.024843523076889,0.0026041666666660004,5.933770201587575e-05,395444224.0,170528.0,2041.0,449.0,0.0,0.0,0.0,0.0,0.0,0.0,0.0,0.0,0.0,0,0,0,0,1
itemknn|topk=100;shrink=10.0|frac=1.0,gift_cards,itemknn,1.0,100.0,10.0,,,,,,,,,,,,0.19015383249776302,0.40089086859688106,0.544320712694877,0.0018491124260350002,0.0018186775147920001,0.024038461538461002,0.024758115384604002,0.002582644628099,5.9289768745124084e-05,395444224.0,170528.0,2041.0,449.0,0.0,0.0,0.0,0.0,0.0,0.0,0.0,0.0,0.0,0,0,0,0,1
itemknn|topk=100;shrink=100.0|frac=1.0,gift_cards,itemknn,1.0,100.0,100.0,,,,,,,,,,,,0.18659517293159403,0.40089086859688106,0.38062360801781703,0.001827485380116,0.0018077999999990002,0.024038461538461002,0.024490953846137004,0.002582644628099,5.9289768745124084e-05,395444224.0,170528.0,2041.0,449.0,0.0,0.0,0.0,0.0,0.0,0.0,0.0,0.0,0.0,0,0,0,0,1
itemknn|topk=300;shrink=0.0|frac=1.0,gift_cards,itemknn,1.0,300.0,0.0,,,,,,,,,,,,0.18979372851436002,0.378619153674832,0.612249443207127,0.000520833333333,0.0005389231666660001,0.024038461538461002,0.026117792307699002,0.0026041666666660004,5.933770201587575e-05,395444224.0,170528.0,2041.0,449.0,0.0,0.0,0.0,0.0,0.0,0.0,0.0,0.0,0.0,0,0,0,0,1
itemknn|topk=300;shrink=10.0|frac=1.0,gift_cards,itemknn,1.0,300.0,10.0,,,,,,,,,,,,0.19015383249776302,0.40089086859688106,0.544320712694877,0.000493680884676,0.000484765876777,0.024038461538461002,0.024851646153855003,0.002648305084745,5.943600584233252e-05,395444224.0,170528.0,2041.0,449.0,0.0,0.0,0.0,0.0,0.0,0.0,0.0,0.0,0.0,0,0,0,0,1
itemknn|topk=300;shrink=100.0|frac=1.0,gift_cards,itemknn,1.0,300.0,100.0,,,,,,,,,,,,0.18659517293159403,0.40089086859688106,0.38062360801781703,0.00046159527326400005,0.000478502511078,0.026041666666666,0.026685375000018004,0.0025614754098360003,6.370410262027335e-05,395444224.0,170528.0,2041.0,449.0,0.0,0.0,0.0,0.0,0.0,0.0,0.0,0.0,0.0,0,0,0,0,1
als|factors=16;epochs=5;regularisation=0.001;alpha=1.0|frac=0.25,gift_cards,als,0.25,,,16.0,5.0,0.001,1.0,,,,,,,,0.093401688047461,0.184855233853006,0.5856718634001481,0.08984375,0.083395975000257,0.024038461538461002,0.024227861538467003,0.002582644628099,5.9289768745124084e-05,584896512.0,77056.0,636.0,449.0,0.004553089846609001,0.013363028953229994,0.044840386043058955,0.015625000000000014,0.013409549999437997,0.0037202380952379988,0.0034617261905749985,0.0003607503607510002,9.089061149194771e-06,225820672,0,0,0,3
als|factors=16;epochs=5;regularisation=0.001;alpha=10.0|frac=0.25,gift_cards,als,0.25,,,16.0,5.0,0.001,10.0,,,,,,,,0.089701832142352,0.16703786191536701,0.514328136599851,0.08203125,0.08264680000002,0.024038461538461002,0.025174161538486003,0.002582644628099,5.9696989452394786e-05,584896512.0,77056.0,636.0,449.0,0.004555639834502995,0.02004454342984399,0.017965850037120035,0.0078125,0.009432424999431005,0.010491071428571998,0.014420651428476004,0.0002654867256630003,2.354947896808598e-05,225820672,0,0,0,3
als|factors=16;epochs=5;regularisation=0.001;alpha=40.0|frac=0.25,gift_cards,als,0.25,,,16.0,5.0,0.001,40.0,,,,,,,,0.08024083175341401,0.15590200445434302,0.484929472902746,0.08203125,0.087898500000051,0.025240384615384002,0.024952976923067003,0.002648305084745,6.216330687377458e-05,584896512.0,77056.0,636.0,449.0,0.01809997107841199,0.03563474387527801,0.036599851521899984,0.0078125,0.009089600000151993,0.0020032051282049997,0.0023566185895439982,0.000248459550785,4.964431164356031e-06,225820672,0,0,0,3
als|factors=16;epochs=5;regularisation=0.01;alpha=1.0|frac=0.25,gift_cards,als,0.25,,,16.0,5.0,0.01,1.0,,,,,,,,0.093471066116441,0.187082405345211,0.586117297698589,0.0859375,0.085442349999993,0.026041666666666,0.025365891666600002,0.0025406504065040004,6.365772176652726e-05,584896512.0,77056.0,636.0,449.0,0.003905253166435002,0.006681514476614997,0.04773570898292501,0.0078125,0.007371825000063989,0.0020032051282049997,0.00276185833328,0.0002901785714280003,5.1077587965115694e-06,225820672,0,0,0,3
als|factors=16;epochs=5;regularisation=0.01;alpha=10.0|frac=0.25,gift_cards,als,0.25,,,16.0,5.0,0.01,10.0,,,,,,,,0.089203609779,0.16035634743875202,0.49918337045285804,0.0859375,0.084708349999914,0.024038461538461002,0.024461330769239002,0.002582644628099,5.9289768745124084e-05,584896512.0,77056.0,636.0,449.0,0.00041166351701799053,0.013363028953229994,0.02962138084632504,0.0078125,0.008579875000577997,0.0037202380952379988,0.0025163476189590007,0.000270017281106,8.886983020810873e-06,225820672,0,0,0,3
als|factors=16;epochs=5;regularisation=0.01;alpha=40.0|frac=0.25,gift_cards,als,0.25,,,16.0,5.0,0.01,40.0,,,,,,,,0.07570137738712901,0.15144766146993302,0.467260579064588,0.08203125,0.08422710000002001,0.026041666666666,0.025290108333327004,0.0027654867256630003,6.41584708069719e-05,584896512.0,77056.0,636.0,449.0,0.018553158438585002,0.03340757238307401,0.03890126206384498,0.0078125,0.008588300000155993,0.0020032051282049997,0.0027322057694860007,0.0007991688643810002,6.24136746678434e-06,225820672,0,0,0,3
als|factors=16;epochs=5;regularisation=0.1;alpha=1.0|frac=0.25,gift_cards,als,0.25,,,16.0,5.0,0.1,1.0,,,,,,,,0.093368830408007,0.184855233853006,0.583073496659242,0.08203125,0.08297657500008801,0.024038461538461002,0.024298700000004003,0.002693965517241,5.9537699455908506e-05,584896512.0,77056.0,636.0,449.0,0.004987400533247005,0.011135857461024995,0.04387527839643701,0.01171875,0.009047274999829005,0.0026041666666660017,0.002883985714106002,0.0003187474500200003,6.509830994848706e-06,225820672,0,0,0,3
als|factors=16;epochs=5;regularisation=0.1;alpha=10.0|frac=0.25,gift_cards,als,0.25,,,16.0,5.0,0.1,10.0,,,,,,,,0.087274342270271,0.16481069042316202,0.5138827023014101,0.08203125,0.08326192499998701,0.024038461538461002,0.024550584615378002,0.0025614754098360003,5.924262126569622e-05,584896512.0,77056.0,636.0,449.0,0.004856372207622001,0.008908685968819996,0.022865627319970994,0.0078125,0.007187474999227006,0.002918956043955999,0.0029204368129879983,0.00037390906531500033,7.3337752990453335e-06,225820672,0,0,0,3
als|factors=16;epochs=5;regularisation=0.1;alpha=40.0|frac=0.25,gift_cards,als,0.25,,,16.0,5.0,0.1,40.0,,,,,,,,0.076741185842937,0.16035634743875202,0.47691165553080905,0.08203125,0.082633125000029,0.024038461538461002,0.024100299999995002,0.0026260504201680002,5.93864408878165e-05,584896512.0,77056.0,636.0,449.0,0.017093919967193005,0.033407572383073014,0.027023014105419962,0.0078125,0.007472875000075999,0.0037202380952379988,0.003058113095340001,0.00024122807017500037,8.822864510943279e-06,225820672,0,0,0,3
als|factors=16;epochs=15;regularisation=0.001;alpha=1.0|frac=0.25,gift_cards,als,0.25,,,16.0,15.0,0.001,1.0,,,,,,,,0.10325791875854301,0.19821826280623603,0.560653303637713,0.265625,0.27108260000022705,0.024038461538461002,0.025019569230677,0.0025,6.110289681268669e-05,584896512.0,77056.0,636.0,449.0,0.00939927692338599,0.024498886414253962,0.00846325167037898,0.0390625,0.02842905000034099,0.006087662337662,0.005334498051879001,0.000916580400276,1.3514078102051376e-05,225820672,0,0,0,3
als|factors=16;epochs=15;regularisation=0.001;alpha=10.0|frac=0.25,gift_cards,als,0.25,,,16.0,15.0,0.001,10.0,,,,,,,,0.107456810959988,0.195991091314031,0.48151447661469904,0.2421875,0.24538555000071902,0.024038461538461002,0.024106976923086002,0.0025,5.885068534892573e-05,584896512.0,77056.0,636.0,449.0,0.008293020048113997,0.02004454342984402,0.031403118040088995,0.0390625,0.03716424999947801,0.005022321428571997,0.00456740476182,0.00033189512114100003,1.166973882610079e-05,225820672,0,0,0,3
als|factors=16;epochs=15;regularisation=0.001;alpha=40.0|frac=0.25,gift_cards,als,0.25,,,16.0,15.0,0.001,40.0,,,,,,,,0.104365149636146,0.187082405345211,0.467854491462509,0.25,0.248455300000387,0.0234375,0.023463192857142,0.0026041666666660004,5.799925760950261e-05,584896512.0,77056.0,636.0,449.0,0.0037816905887930047,0.017817371937639992,0.0010393466963619646,0.03125,0.03666809999913298,0.000600961538461002,0.0021104401099710027,0.00038027916965000007,2.1853913320953164e-06,225820672,0,0,0,3
als|factors=16;epochs=15;regularisation=0.01;alpha=1.0|frac=0.25,gift_cards,als,0.25,,,16.0,15.0,0.01,1.0,,,,,,,,0.10317270436891901,0.19821826280623603,0.55909428359317,0.2578125,0.261465300000054,0.0234375,0.023731349999999003,0.002480158730158,5.7723070668504966e-05,584896512.0,77056.0,636.0,449.0,0.009487572036454006,0.024498886414254017,0.010616184112843041,0.0078125,0.01258959999972803,0.0018028846153840018,0.001916948351668002,0.0002853279955050002,4.650807596636088e-06,225820672,0,0,0,3
als|factors=16;epochs=15;regularisation=0.01;alpha=10.0|frac=0.25,gift_cards,als,0.25,,,16.0,15.0,0.01,10.0,,,,,,,,0.10789683192038702,0.195991091314031,0.4909428359317,0.2578125,0.255038600000261,0.0234375,0.023583271428573003,0.00244140625,5.7636762249443207e-05,584896512.0,77056.0,636.0,449.0,0.0075870887387709945,0.015590200445434022,0.038084632516703965,0.015625,0.022401900000887015,0.0026041666666660017,0.003329394047578999,0.00039950284090900035,6.689687099277861e-06,225820672,0,0,0,3
als|factors=16;epochs=15;regularisation=0.01;alpha=40.0|frac=0.25,gift_cards,als,0.25,,,16.0,15.0,0.01,40.0,,,,,,,,0.09990193275053101,0.182628062360801,0.467112100965107,0.25,0.25602329999946905,0.025240384615384002,0.025391538461497002,0.0025614754098360003,6.242887124011845e-05,584896512.0,77056.0,636.0,449.0,0.004557390616768006,0.011135857461024995,0.006607275426875003,0.03125,0.026547100000471002,0.004370629370629001,0.009472197902084003,0.00024952816492399997,9.68776028351307e-06,225820672,0,0,0,3
als|factors=16;epochs=15;regularisation=0.1;alpha=1.0|frac=0.25,gift_cards,als,0.25,,,16.0,15.0,0.1,1.0,,,,,,,,0.10544435697373801,0.20489977728285003,0.561321455085375,0.2421875,0.24747504999982,0.024038461538461002,0.023818730769212003,0.0025201612903220003,5.915060763649026e-05,584896512.0,77056.0,636.0,449.0,0.008155766514421,0.02227171492204899,0.009576837416481077,0.03125,0.034028900000522,0.0020032051282049997,0.0021925160256920026,0.00039950284090900035,5.351242692904717e-06,225820672,0,0,0,3
als|factors=16;epochs=15;regularisation=0.1;alpha=10.0|frac=0.25,gift_cards,als,0.25,,,16.0,15.0,0.1,10.0,,,,,,,,0.10783777136179401,0.195991091314031,0.482405345211581,0.25,0.248951049999959,0.0234375,0.024450035714283003,0.002648305084745,5.8097561435959385e-05,584896512.0,77056.0,636.0,449.0,0.009137859450663005,0.02004454342984402,0.039420935412027014,0.0234375,0.021472599999925013,0.001717032967032999,0.0022673516481880006,0.00048748328628799974,4.909835753497322e-06,225820672,0,0,0,3
als|factors=16;epochs=15;regularisation=0.1;alpha=40.0|frac=0.25,gift_cards,als,0.25,,,16.0,15.0,0.1,40.0,,,,,,,,0.10371905286058401,0.193763919821826,0.462806236080178,0.25,0.24639279999996602,0.024038461538461002,0.024364169230746,0.0025406504065040004,5.919624041195013e-05,584896512.0,77056.0,636.0,449.0,0.005559992381759998,0.013363028953229023,0.009354120267260013,0.0625,0.05838449999919301,0.0078125,0.008780385714213,0.0009920634920640003,1.9609272810831856e-05,225820672,0,0,0,3
als|factors=16;epochs=30;regularisation=0.001;alpha=1.0|frac=0.25,gift_cards,als,0.25,,,16.0,30.0,0.001,1.0,,,,,,,,0.104121180763537,0.20712694877505503,0.552412769116555,0.46875000000000006,0.48328439999932005,0.024038461538461002,0.023482261538482003,0.0025,5.9018021068421784e-05,584896512.0,77056.0,636.0,449.0,0.0004899128109540074,0.004454342984409998,0.03459539717891602,0.14062499999999994,0.1368645000011391,0.00390625,0.004086209523848,0.000573350661265,9.889154972214403e-06,225820672,0,0,0,3
als|factors=16;epochs=30;regularisation=0.001;alpha=10.0|frac=0.25,gift_cards,als,0.25,,,16.0,30.0,0.001,10.0,,,,,,,,0.11090469474366,0.191536748329621,0.472160356347438,0.484375,0.493441299999176,0.024038461538461002,0.02370913076923,0.0025,5.9105704985437734e-05,584896512.0,77056.0,636.0,449.0,0.005982664502549001,0.015590200445434022,0.015441722345954034,0.10937499999999994,0.10485610000159806,0.004370629370629001,0.003993134965130998,0.0005634014423070003,1.098893276823398e-05,225820672,0,0,0,3
als|factors=16;epochs=30;regularisation=0.001;alpha=40.0|frac=0.25,gift_cards,als,0.25,,,16.0,30.0,0.001,40.0,,,,,,,,0.10595295983312601,0.189309576837416,0.45248700816629506,0.484375,0.49364830000013105,0.024038461538461002,0.023685230769248,0.002480158730158,5.906151507487812e-05,584896512.0,77056.0,636.0,449.0,0.007816031219119002,0.02227171492204902,0.014476614699332035,0.14062499999999994,0.12745210000184704,0.004971590909090003,0.0058076850649050014,0.0006223192401960003,1.2458597214447642e-05,225820672,0,0,0,3
als|factors=16;epochs=30;regularisation=0.01;alpha=1.0|frac=0.25,gift_cards,als,0.25,,,16.0,30.0,0.01,1.0,,,,,,,,0.102571342843239,0.20712694877505503,0.550927988121752,0.53125,0.514005400000314,0.024038461538461002,0.023724415384619002,0.0025,5.8891553880418034e-05,584896512.0,77056.0,636.0,449.0,0.0020843250934220042,0.011135857461024024,0.03942093541202696,0.109375,0.10993079999980199,0.0037202380952379988,0.0032887761902939995,0.000463126323218,9.102918869270191e-06,225820672,0,0,0,3
als|factors=16;epochs=30;regularisation=0.01;alpha=10.0|frac=0.25,gift_cards,als,0.25,,,16.0,30.0,0.01,10.0,,,,,,,,0.10843623638083001,0.189309576837416,0.45902004454342904,0.484375,0.49320519999855605,0.024038461538461002,0.024133369230744002,0.0025,5.9105704985437734e-05,584896512.0,77056.0,636.0,449.0,0.007103101913095003,0.015590200445434022,0.029769858945805028,0.07812499999999994,0.06354870000041096,0.0026041666666660017,0.003175629761765001,0.00030485680440400006,6.478894144923265e-06,225820672,0,0,0,3
als|factors=16;epochs=30;regularisation=0.01;alpha=40.0|frac=0.25,gift_cards,als,0.25,,,16.0,30.0,0.01,40.0,,,,,,,,0.110268544031814,0.20489977728285003,0.45812917594654706,0.5,0.497771700000157,0.024038461538461002,0.024108200000018003,0.0025406504065040004,5.8891553880418034e-05,584896512.0,77056.0,636.0,449.0,0.010551681807079008,0.024498886414254017,0.028359317000742013,0.09375,0.09254530000134797,0.005022321428571997,0.00436911071453,0.0010302197802190003,1.3175360704083073e-05,225820672,0,0,0,3
als|factors=16;epochs=30;regularisation=0.1;alpha=1.0|frac=0.25,gift_cards,als,0.25,,,16.0,30.0,0.1,1.0,,,,,,,,0.10271252203667501,0.20489977728285003,0.552338530066815,0.53125,0.509482299999945,0.024038461538461002,0.023952269230763,0.0025201612903220003,5.9105704985437734e-05,584896512.0,77056.0,636.0,449.0,0.004646155892564008,0.008908685968818997,0.029101707498144003,0.125,0.14582340000197297,0.007508116883116998,0.006437782467649002,0.0017808219178080003,2.0643157039203844e-05,225820672,0,0,0,3
als|factors=16;epochs=30;regularisation=0.1;alpha=10.0|frac=0.25,gift_cards,als,0.25,,,16.0,30.0,0.1,10.0,,,,,,,,0.109733352046362,0.19821826280623603,0.48559762435040804,0.546875,0.500677699999869,0.024038461538461002,0.023946238461541,0.002480158730158,5.906151507487812e-05,584896512.0,77056.0,636.0,449.0,0.005617515972623999,0.006681514476615025,0.025389755011135995,0.140625,0.14505229999667807,0.006392045454545001,0.006383801948107001,0.0015142899525310005,1.760876482645234e-05,225820672,0,0,0,3
als|factors=16;epochs=30;regularisation=0.1;alpha=40.0|frac=0.25,gift_cards,als,0.25,,,16.0,30.0,0.1,40.0,,,,,,,,0.10500546120940801,0.195991091314031,0.447512991833704,0.484375,0.49060090000057205,0.024038461538461002,0.023711607692313,0.0025,5.9105704985437734e-05,584896512.0,77056.0,636.0,449.0,0.0070282663648229965,0.013363028953229023,0.005419450631031997,0.37500000000000006,0.400843100000202,0.013020833333333003,0.013877784920609,0.0008513621794870004,3.0895758380446585e-05,225820672,0,0,0,3
als|factors=32;epochs=5;regularisation=0.001;alpha=1.0|frac=0.25,gift_cards,als,0.25,,,32.0,5.0,0.001,1.0,,,,,,,,0.072944095800859,0.14699331848552302,0.455827765404602,0.109375,0.11032176666655301,0.024038461538461002,0.023868992307703,0.00244140625,5.893305603255363e-05,584896512.0,154112.0,636.0,449.0,0.005560404894799004,0.011135857461024995,0.0028210838901260304,0.02604166666666602,0.025985666665899007,0.004971590909090003,0.004506523376281001,0.001128655743481,1.3544144816764535e-05,225820672,0,0,0,3
als|factors=32;epochs=5;regularisation=0.001;alpha=10.0|frac=0.25,gift_cards,als,0.25,,,32.0,5.0,0.001,10.0,,,,,,,,0.08083947336159901,0.16481069042316202,0.442093541202672,0.109375,0.11296933333323901,0.024038461538461002,0.02388809230769,0.0025406504065040004,5.919624041195013e-05,584896512.0,154112.0,636.0,449.0,0.013215801209064001,0.02895322939866299,0.009651076466221986,0.0546875,0.05438168333391,0.008774038461539,0.009360520000001003,0.0007350470430110001,2.1178364152670853e-05,225820672,0,0,0,3
als|factors=32;epochs=5;regularisation=0.001;alpha=40.0|frac=0.25,gift_cards,als,0.25,,,32.0,5.0,0.001,40.0,,,,,,,,0.070499334488933,0.135857461024498,0.41729769858945803,0.109375,0.112682966667004,0.024038461538461002,0.024392192307704,0.002480158730158,5.9018021068421784e-05,584896512.0,154112.0,636.0,449.0,0.017038310735964998,0.04231625835189301,0.024573125463993983,0.0546875,0.05308816666623302,0.0078125,0.009416921428316002,0.0014950662812720002,2.068605227699982e-05,225820672,0,0,0,3
als|factors=32;epochs=5;regularisation=0.01;alpha=1.0|frac=0.25,gift_cards,als,0.25,,,32.0,5.0,0.01,1.0,,,,,,,,0.07423519039871501,0.14922048997772802,0.449814402375649,0.109375,0.111917733333333,0.025240384615384002,0.024735184615390003,0.0025,6.1782593798184e-05,584896512.0,154112.0,636.0,449.0,0.006298212383367002,0.011135857461025023,0.006458797327395016,0.046875,0.05667463333217401,0.011284722222222002,0.011768640476273,0.0013884949896010002,2.8225428088693293e-05,225820672,0,0,0,3
als|factors=32;epochs=5;regularisation=0.01;alpha=10.0|frac=0.25,gift_cards,als,0.25,,,32.0,5.0,0.01,10.0,,,,,,,,0.07630687719128701,0.15590200445434302,0.44083147735708905,0.109375,0.110180900000007,0.024038461538461002,0.023766653846171003,0.002480158730158,5.897520665581635e-05,584896512.0,154112.0,636.0,449.0,0.008406747503203998,0.02227171492204899,0.019970304380103998,0.09375,0.08812016666706801,0.016741071428571997,0.016994133928879,0.002022879464285,4.1704228090642334e-05,225820672,0,0,0,3
als|factors=32;epochs=5;regularisation=0.01;alpha=40.0|frac=0.25,gift_cards,als,0.25,,,32.0,5.0,0.01,40.0,,,,,,,,0.063777492249142,0.133630289532294,0.397475872308834,0.109375,0.11012230000051201,0.024038461538461002,0.023708307692301003,0.002480158730158,5.897520665581635e-05,584896512.0,154112.0,636.0,449.0,0.011101526533844004,0.013363028953229023,0.036674090571641005,0.078125,0.07530391666705302,0.016741071428571997,0.015933989285842998,0.0015650040064100002,4.0684460923881865e-05,225820672,0,0,0,3
als|factors=32;epochs=5;regularisation=0.1;alpha=1.0|frac=0.25,gift_cards,als,0.25,,,32.0,5.0,0.1,1.0,,,,,,,,0.074096541053108,0.14922048997772802,0.45204157386785404,0.119791666666666,0.12196700000034301,0.024038461538461002,0.023664007692332,0.0025,5.906151507487812e-05,584896512.0,154112.0,636.0,449.0,0.007344859347244007,0.006681514476614997,0.0033407572383069573,0.083333333333334,0.07603378333396901,0.024553571428571997,0.021967464285807998,0.0013778659612,5.770956819491409e-05,225820672,0,0,0,3
als|factors=32;epochs=5;regularisation=0.1;alpha=10.0|frac=0.25,gift_cards,als,0.25,,,32.0,5.0,0.1,10.0,,,,,,,,0.07641095068723301,0.16035634743875202,0.42969561989606503,0.109375,0.11293603333372901,0.024038461538461002,0.023933546153819003,0.0025201612903220003,5.915060763649026e-05,584896512.0,154112.0,636.0,449.0,0.005248015662239008,0.02004454342984399,0.011358574610244976,0.0625,0.060572699998981,0.009375000000000001,0.011768254285717997,0.0013612140871170002,2.3911389949037208e-05,225820672,0,0,0,3
als|factors=32;epochs=5;regularisation=0.1;alpha=40.0|frac=0.25,gift_cards,als,0.25,,,32.0,5.0,0.1,40.0,,,,,,,,0.060535611986553,0.131403118040089,0.40007423904974004,0.109375,0.11039096666718201,0.025240384615384002,0.023970046153828,0.002480158730158,6.16099448452999e-05,584896512.0,154112.0,636.0,449.0,0.006321416776430992,0.013363028953228995,0.02858203414996302,0.0546875,0.058793000000151,0.012053571428571993,0.011910471428694003,0.0011694734028330003,2.9321529446327863e-05,225820672,0,0,0,3
als|factors=32;epochs=15;regularisation=0.001;alpha=1.0|frac=0.25,gift_cards,als,0.25,,,32.0,15.0,0.001,1.0,,,,,,,,0.09325754637667501,0.171492204899777,0.43652561247216004,0.328125,0.333441200000379,0.024038461538461002,0.024781799999975002,0.0025406504065040004,5.915060763649026e-05,584896512.0,154112.0,636.0,449.0,0.0034216211771530003,0.011135857461023996,0.03140311804009005,0.234375,0.25134499999831,0.016741071428571997,0.016081905357104003,0.0016465053763440002,4.0906654095176024e-05,225820672,0,0,0,3
als|factors=32;epochs=15;regularisation=0.001;alpha=10.0|frac=0.25,gift_cards,als,0.25,,,32.0,15.0,0.001,10.0,,,,,,,,0.08718725826488301,0.169265033407572,0.41447661469933106,0.375,0.37742430000071103,0.024038461538461002,0.023709876923056,0.002480158730158,5.893305603255363e-05,584896512.0,154112.0,636.0,449.0,0.001314346792947993,0.02004454342984399,0.00920564216777997,0.203125,0.19950410000046803,0.012400793650793999,0.012804572221891002,0.001583929636255,3.101791798896476e-05,225820672,0,0,0,3
als|factors=32;epochs=15;regularisation=0.001;alpha=40.0|frac=0.25,gift_cards,als,0.25,,,32.0,15.0,0.001,40.0,,,,,,,,0.08515959188025,0.16703786191536701,0.40920564216778005,0.34375000000000006,0.34032270000034204,0.024038461538461002,0.024534053846169003,0.002480158730158,5.906151507487812e-05,584896512.0,154112.0,636.0,449.0,0.004773334910355004,0.017817371937638993,0.023608017817371985,0.15625,0.156834199999139,0.012400793650793999,0.011597276190182002,0.0012350643382350005,3.036939418491971e-05,225820672,0,0,0,3
als|factors=32;epochs=15;regularisation=0.01;alpha=1.0|frac=0.25,gift_cards,als,0.25,,,32.0,15.0,0.01,1.0,,,,,,,,0.09269959326882901,0.171492204899777,0.42472160356347405,0.328125,0.33316719999993405,0.024038461538461002,0.023748992307691,0.0025,5.897520665581635e-05,584896512.0,154112.0,636.0,449.0,0.0032912762525919986,0.008908685968819996,0.038158871566443986,0.25,0.252514100000554,0.016741071428571997,0.017445798214339,0.0021541819852940007,4.195247141172726e-05,225820672,0,0,0,3
als|factors=32;epochs=15;regularisation=0.01;alpha=10.0|frac=0.25,gift_cards,als,0.25,,,32.0,15.0,0.01,10.0,,,,,,,,0.08600602678576401,0.16481069042316202,0.40682999257609503,0.359375,0.36168129999987203,0.024038461538461002,0.024172553846151003,0.0025,5.9105704985437734e-05,584896512.0,154112.0,636.0,449.0,0.003318789271032005,0.02227171492204899,0.010022271714921982,0.07812500000000006,0.06742930000109504,0.000600961538461002,0.001426701648347,0.0008288437629509998,3.184421606708755e-06,225820672,0,0,0,3
als|factors=32;epochs=15;regularisation=0.01;alpha=40.0|frac=0.25,gift_cards,als,0.25,,,32.0,15.0,0.01,40.0,,,,,,,,0.083032150156641,0.173719376391982,0.40014847809948,0.328125,0.327718300000015,0.0234375,0.023865371428558,0.0026260504201680002,5.804799648144336e-05,584896512.0,154112.0,636.0,449.0,0.0018122786417420073,0.015590200445434993,0.012620638455828004,0.046875,0.05138040000201799,0.007508116883116998,0.010291071428464,0.0006764069264070002,1.8228338105843665e-05,225820672,0,0,0,3
als|factors=32;epochs=15;regularisation=0.1;alpha=1.0|frac=0.25,gift_cards,als,0.25,,,32.0,15.0,0.1,1.0,,,,,,,,0.09301665311472401,0.171492204899777,0.43340757238307304,0.34375000000000006,0.347065399999792,0.024038461538461002,0.024150261538439,0.0025,5.9105704985437734e-05,584896512.0,154112.0,636.0,449.0,0.0037322105356519947,0.008908685968819996,0.03689680772086101,0.0625,0.06198999999833199,0.0037202380952379988,0.002935295238092002,0.0009920634920640003,1.0495103757909986e-05,225820672,0,0,0,3
als|factors=32;epochs=15;regularisation=0.1;alpha=10.0|frac=0.25,gift_cards,als,0.25,,,32.0,15.0,0.1,10.0,,,,,,,,0.08668782087207301,0.16703786191536701,0.40898292501855904,0.328125,0.33137360000000604,0.025240384615384002,0.024675961538482002,0.0025406504065040004,6.18731292246964e-05,584896512.0,154112.0,636.0,449.0,0.007332378986466992,0.035634743875277985,0.010096510764662003,0.046875,0.05151459999979202,0.002918956043955999,0.002007980219856001,0.0003100198412700002,7.191483040592157e-06,225820672,0,0,0,3
als|factors=32;epochs=15;regularisation=0.1;alpha=40.0|frac=0.25,gift_cards,als,0.25,,,32.0,15.0,0.1,40.0,,,,,,,,0.084535366940566,0.178173719376391,0.40356347438752704,0.328125,0.328521100000216,0.024038461538461002,0.023848592307681,0.002480158730158,5.8891553880418034e-05,584896512.0,154112.0,636.0,449.0,0.0034452614811290028,0.013363028953228995,0.032442464736452015,0.015625000000000056,0.015470499998627985,0.001717032967032999,0.0014060483518119997,0.0001576292559900003,4.005233066169926e-06,225820672,0,0,0,3
als|factors=32;epochs=30;regularisation=0.001;alpha=1.0|frac=0.25,gift_cards,als,0.25,,,32.0,30.0,0.001,1.0,,,,,,,,0.08911537008640501,0.16481069042316202,0.45397178916109804,0.65625,0.658707500000218,0.024038461538461002,0.023815761538466002,0.0025,5.9018021068421784e-05,584896512.0,154112.0,636.0,449.0,0.003801823734704002,0.006681514476614997,0.004305864884930011,0.03125,0.03285469999900703,0.001717032967032999,0.0015383241758009994,0.00012201470683999988,4.008190635038171e-06,225820672,0,0,0,3
als|factors=32;epochs=30;regularisation=0.001;alpha=10.0|frac=0.25,gift_cards,als,0.25,,,32.0,30.0,0.001,10.0,,,,,,,,0.094699736956262,0.180400890868596,0.424573125463994,0.671875,0.670636400000148,0.024038461538461002,0.023811700000001,0.00244140625,5.897520665581635e-05,584896512.0,154112.0,636.0,449.0,0.0024496983920379994,0.008908685968818997,0.01930215293244203,0.03125,0.02767520000043,0.0018028846153840018,0.002416883516531,0.001109730113636,6.486892492251624e-06,225820672,0,0,0,3
als|factors=32;epochs=30;regularisation=0.001;alpha=40.0|frac=0.25,gift_cards,als,0.25,,,32.0,30.0,0.001,40.0,,,,,,,,0.09281586931192401,0.173719376391982,0.39420935412026703,0.65625,0.6586461000006231,0.024038461538461002,0.023933023076936,0.0025201612903220003,5.915060763649026e-05,584896512.0,154112.0,636.0,449.0,0.0040291855323740106,0.008908685968818997,0.028953229398664015,0.09375,0.08497550000129206,0.0,0.0007806846153399979,0.00016016400794400002,3.567127125704537e-07,225820672,0,0,0,3
als|factors=32;epochs=30;regularisation=0.01;alpha=1.0|frac=0.25,gift_cards,als,0.25,,,32.0,30.0,0.01,1.0,,,,,,,,0.08835983195603801,0.16258351893095702,0.45463994060876006,0.671875,0.6754180999996601,0.0234375,0.023554071428536,0.002480158730158,5.776726057906459e-05,584896512.0,154112.0,636.0,449.0,0.004141656345248004,0.006681514476614997,0.007869339272457032,0.015625,0.018755899998722958,0.0018028846153840018,0.0016058192306969976,3.9370078740999775e-05,4.058827225575739e-06,225820672,0,0,0,3
als|factors=32;epochs=30;regularisation=0.01;alpha=10.0|frac=0.25,gift_cards,als,0.25,,,32.0,30.0,0.01,10.0,,,,,,,,0.093246511956902,0.171492204899777,0.412026726057906,0.671875,0.6731716999997841,0.024038461538461002,0.023714353846151,0.002480158730158,5.893305603255363e-05,584896512.0,154112.0,636.0,449.0,0.0036862764638919965,0.004454342984409998,0.032145508537489986,0.046875,0.03847529999802701,0.000600961538461002,0.0009440796704519999,9.768067016700018e-05,1.4275369679852927e-06,225820672,0,0,0,3
als|factors=32;epochs=30;regularisation=0.01;alpha=40.0|frac=0.25,gift_cards,als,0.25,,,32.0,30.0,0.01,40.0,,,,,,,,0.091368140626309,0.175946547884187,0.405048255382331,0.671875,0.66684560000067,0.024038461538461002,0.024020246153668,0.002582644628099,5.906151507487812e-05,584896512.0,154112.0,636.0,449.0,0.005659437053667005,0.002227171492204,0.015887156644394995,0.09375,0.08395049999808202,0.001717032967032999,0.0015373362637160007,0.0005538218523660002,4.829329446454482e-06,225820672,0,0,0,3
als|factors=32;epochs=30;regularisation=0.1;alpha=1.0|frac=0.25,gift_cards,als,0.25,,,32.0,30.0,0.1,1.0,,,,,,,,0.08828594647708,0.16258351893095702,0.452561247216035,0.6875,0.685156400000778,0.024038461538461002,0.023751653846165,0.002480158730158,5.897520665581635e-05,584896512.0,154112.0,636.0,449.0,0.004218438348600001,0.006681514476614997,0.005864884929472958,0.06250000000000011,0.06562459999759096,0.001717032967032999,0.0010389978021700004,0.00012006915983600033,4.005233066169926e-06,225820672,0,0,0,3
als|factors=32;epochs=30;regularisation=0.1;alpha=10.0|frac=0.25,gift_cards,als,0.25,,,32.0,30.0,0.1,10.0,,,,,,,,0.093603292818555,0.173719376391982,0.40972531551596103,0.65625,0.665332500000204,0.025240384615384002,0.024324830769238002,0.0025614754098360003,6.16099448452999e-05,584896512.0,154112.0,636.0,449.0,0.0025818505256210017,0.008908685968818997,0.009576837416481021,0.015625,0.01751449999755994,0.010491071428571998,0.009710784285563004,0.0016893614851080005,2.6818347714918768e-05,225820672,0,0,0,3
als|factors=32;epochs=30;regularisation=0.1;alpha=40.0|frac=0.25,gift_cards,als,0.25,,,32.0,30.0,0.1,40.0,,,,,,,,0.09273881140447701,0.173719376391982,0.403489235337787,0.671875,0.672475700001086,0.024038461538461002,0.023830292307698002,0.0025406504065040004,5.906151507487812e-05,584896512.0,154112.0,636.0,449.0,0.011879320120938008,0.02004454342984399,0.03890126206384603,0.109375,0.10578870000108498,0.000600961538461002,0.0012121087913310007,0.00010248589794100002,1.4319727395471015e-06,225820672,0,0,0,3
als|factors=64;epochs=5;regularisation=0.001;alpha=1.0|frac=0.25,gift_cards,als,0.25,,,64.0,5.0,0.001,1.0,,,,,,,,0.040555540207734005,0.084632516703786,0.378025241276911,0.203125,0.20447115000024402,0.024038461538461002,0.023761607692309002,0.0025614754098360003,5.9105704985437734e-05,584896512.0,308224.0,636.0,449.0,0.008922945993987998,0.028953229398664,0.009576837416481021,0.015625,0.01295924999999401,0.005022321428571997,0.004131863095088999,0.0005339805825240003,1.223792116093459e-05,225820672,0,0,0,3
als|factors=64;epochs=5;regularisation=0.001;alpha=10.0|frac=0.25,gift_cards,als,0.25,,,64.0,5.0,0.001,10.0,,,,,,,,0.052827625586160006,0.10690423162583501,0.369710467706013,0.203125,0.20331904999989,0.024038461538461002,0.024116123076929,0.0025406504065040004,5.906151507487812e-05,584896512.0,308224.0,636.0,449.0,0.0032540366541629964,0.013363028953230008,0.04625092798812197,0.03125,0.02109160000145499,0.001717032967032999,0.0013063329671130011,0.00010248589794100002,3.917655208525785e-06,225820672,0,0,0,3
als|factors=64;epochs=5;regularisation=0.001;alpha=40.0|frac=0.25,gift_cards,als,0.25,,,64.0,5.0,0.001,40.0,,,,,,,,0.056989291961377,0.11581291759465401,0.38188567186340006,0.203125,0.20568234999996002,0.024038461538461002,0.024077607692316,0.002480158730158,6.094193680081944e-05,584896512.0,308224.0,636.0,449.0,0.0065394249469030025,0.015590200445433994,0.028507795100223,0.0078125,0.012461299999812991,0.002918956043955999,0.001432568681144001,0.0008638381638469998,6.457521681641763e-06,225820672,0,0,0,3
als|factors=64;epochs=5;regularisation=0.01;alpha=1.0|frac=0.25,gift_cards,als,0.25,,,64.0,5.0,0.01,1.0,,,,,,,,0.04141523125468,0.08240534521158101,0.37772828507795103,0.203125,0.20120244999998202,0.024038461538461002,0.023854550000026002,0.002480158730158,5.897520665581635e-05,584896512.0,308224.0,636.0,449.0,0.008433372061532003,0.022271714922049005,0.010319227913881956,0.0625,0.061063300000115034,0.0026041666666660017,0.0022440256407910003,0.00018464417016800022,6.124851573888666e-06,225820672,0,0,0,3
als|factors=64;epochs=5;regularisation=0.01;alpha=10.0|frac=0.25,gift_cards,als,0.25,,,64.0,5.0,0.01,10.0,,,,,,,,0.050701842952217004,0.097995545657015,0.38960653303637705,0.2109375,0.20965290000003703,0.024038461538461002,0.024027753846159003,0.0025201612903220003,5.893305603255363e-05,584896512.0,308224.0,636.0,449.0,0.0036487413287190004,0.011135857461025009,0.046102449888640984,0.0078125,0.008226150000155003,0.001717032967032999,0.0014983846154529995,0.000248459550785,4.159937299889882e-06,225820672,0,0,0,3
als|factors=64;epochs=5;regularisation=0.01;alpha=40.0|frac=0.25,gift_cards,als,0.25,,,64.0,5.0,0.01,40.0,,,,,,,,0.049917521564543,0.10244988864142501,0.39888641425389704,0.203125,0.20357629999944002,0.025240384615384002,0.024152807692294,0.0025,6.16099448452999e-05,584896512.0,308224.0,636.0,449.0,0.0004811737175670003,0.002227171492204999,0.023162583518930968,0.023437500000000028,0.017938549999825998,0.005022321428571997,0.004063934523705001,0.0003430061055080002,1.1776855577361119e-05,225820672,0,0,0,3
als|factors=64;epochs=5;regularisation=0.1;alpha=1.0|frac=0.25,gift_cards,als,0.25,,,64.0,5.0,0.1,1.0,,,,,,,,0.041900565374744,0.089086859688195,0.38069784706755705,0.203125,0.20354215000043002,0.024038461538461002,0.024451361538432,0.002480158730158,5.9018021068421784e-05,584896512.0,308224.0,636.0,449.0,0.008455383705549005,0.026726057906459003,0.02331106161841101,0.0234375,0.025370449999399997,0.001717032967032999,0.001917531868078002,0.00023333559598199974,4.3003112563822095e-06,225820672,0,0,0,3
als|factors=64;epochs=5;regularisation=0.1;alpha=10.0|frac=0.25,gift_cards,als,0.25,,,64.0,5.0,0.1,10.0,,,,,,,,0.048537546523045004,0.097995545657015,0.38433556050482504,0.203125,0.20481864999965102,0.024038461538461002,0.02417441538462,0.002480158730158,5.897520665581635e-05,584896512.0,308224.0,636.0,449.0,0.005718737408262002,0.017817371937640006,0.04068299925760899,0.0078125,0.016076000000112,0.005022321428571997,0.004185207142871999,0.0010698297050560001,1.348195691195741e-05,225820672,0,0,0,3
als|factors=64;epochs=5;regularisation=0.1;alpha=40.0|frac=0.25,gift_cards,als,0.25,,,64.0,5.0,0.1,40.0,,,,,,,,0.04484245344125801,0.089086859688195,0.39383815887156604,0.203125,0.20252724999954802,0.025240384615384002,0.024014807692310004,0.0025201612903220003,6.15684426931643e-05,584896512.0,308224.0,636.0,449.0,0.001407310020994,0.008908685968818997,0.015590200445434022,0.0546875,0.05108959999893098,0.0037202380952379988,0.0032603214284400023,0.00024445893089900016,8.57100643577123e-06,225820672,0,0,0,3
als|factors=64;epochs=15;regularisation=0.001;alpha=1.0|frac=0.25,gift_cards,als,0.25,,,64.0,15.0,0.001,1.0,,,,,,,,0.048958136188840005,0.097995545657015,0.38537490720118706,0.625,0.6274066999994831,0.0234375,0.023732278571417003,0.0025201612903220003,5.767957666204864e-05,584896512.0,308224.0,636.0,449.0,0.007495996981466996,0.017817371937639007,0.011804008908684993,0.0625,0.047171400000023955,0.001717032967032999,0.0011791076924940018,8.002048524500009e-05,3.778494099891959e-06,225820672,0,0,0,3
als|factors=64;epochs=15;regularisation=0.001;alpha=10.0|frac=0.25,gift_cards,als,0.25,,,64.0,15.0,0.001,10.0,,,,,,,,0.061831488290289005,0.11581291759465401,0.39636228656273204,0.59375,0.6050577999994851,0.024038461538461002,0.023836523076904002,0.0025,5.9105704985437734e-05,584896512.0,308224.0,636.0,449.0,0.005306416116984007,0.017817371937639992,0.062063845582776,0.046875,0.03944849999834299,0.000600961538461002,0.001356161538432002,0.00011816978634900024,1.601628785769641e-06,225820672,0,0,0,3
als|factors=64;epochs=15;regularisation=0.001;alpha=40.0|frac=0.25,gift_cards,als,0.25,,,64.0,15.0,0.001,40.0,,,,,,,,0.061118029611646,0.11581291759465401,0.404008908685968,0.609375,0.607839599999351,0.024038461538461002,0.023784976923077003,0.0024606299212590003,5.9018021068421784e-05,584896512.0,308224.0,636.0,449.0,0.0031725508247399947,0.015590200445433994,0.065553080920564,0.03125,0.03500230000099702,0.001717032967032999,0.0017868445053789983,3.8752480158000136e-05,3.910435294413587e-06,225820672,0,0,0,3
als|factors=64;epochs=15;regularisation=0.01;alpha=1.0|frac=0.25,gift_cards,als,0.25,,,64.0,15.0,0.01,1.0,,,,,,,,0.04859561228702,0.097995545657015,0.381588715664439,0.59375,0.603558099999645,0.024038461538461002,0.024022892307689003,0.002480158730158,5.906151507487812e-05,584896512.0,308224.0,636.0,449.0,0.006482813242599,0.013363028953230008,0.015812917594654974,0.03125,0.022622999999839966,0.0,0.0011053615383459989,7.631257631200011e-05,1.6996119446008258e-07,225820672,0,0,0,3
als|factors=64;epochs=15;regularisation=0.01;alpha=10.0|frac=0.25,gift_cards,als,0.25,,,64.0,15.0,0.01,10.0,,,,,,,,0.063349202505652,0.120267260579064,0.38611729769858905,0.59375,0.6060001000000731,0.024038461538461002,0.023439207692158,0.0025406504065040004,5.906151507487812e-05,584896512.0,308224.0,636.0,449.0,0.004760049200189007,0.015590200445434993,0.021083890126206983,0.015625,0.01849970000330392,0.001717032967032999,0.0010967851647779997,8.13166796780002e-05,3.870507729097923e-06,225820672,0,0,0,3
als|factors=64;epochs=15;regularisation=0.01;alpha=40.0|frac=0.25,gift_cards,als,0.25,,,64.0,15.0,0.01,40.0,,,,,,,,0.059384402863962,0.11581291759465401,0.39057164068299904,0.625,0.627432099998259,0.0234375,0.023695814285702003,0.002480158730158,5.7723070668504966e-05,584896512.0,308224.0,636.0,449.0,0.005971900165279008,0.015590200445434993,0.037045285820341,0.046875,0.05385169999908601,0.000600961538461002,0.000767197802406,7.875504032200031e-05,1.513845387047052e-06,225820672,0,0,0,3
als|factors=64;epochs=15;regularisation=0.1;alpha=1.0|frac=0.25,gift_cards,als,0.25,,,64.0,15.0,0.1,1.0,,,,,,,,0.050012031472579,0.10022271714922001,0.38218262806236003,0.59375,0.6062254999997091,0.024038461538461002,0.023626961538236003,0.002480158730158,5.8891553880418034e-05,584896512.0,308224.0,636.0,449.0,0.0053426636119780005,0.011135857461025009,0.02360801781737204,0.03125,0.030388600002424937,0.000600961538461002,0.0017585329670650011,9.615384615400003e-05,1.3826343169327684e-06,225820672,0,0,0,3
als|factors=64;epochs=15;regularisation=0.1;alpha=10.0|frac=0.25,gift_cards,als,0.25,,,64.0,15.0,0.1,10.0,,,,,,,,0.06312351454833201,0.122494432071269,0.38181143281366,0.59375,0.605201100000158,0.0234375,0.023711950000038003,0.002480158730158,5.7723070668504966e-05,584896512.0,308224.0,636.0,449.0,0.005833402282774,0.013363028953229994,0.021529324424647,0.03125,0.019911900000807004,0.000600961538461002,0.0012173895603550013,0.00012006915983600033,1.605859016253016e-06,225820672,0,0,0,3
als|factors=64;epochs=15;regularisation=0.1;alpha=40.0|frac=0.25,gift_cards,als,0.25,,,64.0,15.0,0.1,40.0,,,,,,,,0.058413515931447,0.120267260579064,0.39057164068299904,0.609375,0.614509799999723,0.024038461538461002,0.023609261538625,0.0024606299212590003,5.897520665581635e-05,584896512.0,308224.0,636.0,449.0,0.004171129289259001,0.006681514476614997,0.01685226429101705,0.03125,0.022681399999783025,0.000600961538461002,0.0010171346153769988,1.9223671259000277e-05,1.3384444063731444e-06,225820672,0,0,0,3
als|factors=64;epochs=30;regularisation=0.001;alpha=1.0|frac=0.25,gift_cards,als,0.25,,,64.0,30.0,0.001,1.0,,,,,,,,0.04650040411868701,0.093541202672605,0.389680772086117,1.21875,1.221791500000108,0.0234375,0.023303371428742004,0.0025,5.776726057906459e-05,584896512.0,308224.0,636.0,449.0,0.009460006161161001,0.020044543429845005,0.018411284335560996,0.046875,0.041645299999800045,0.001717032967032999,0.0015880412088279984,5.953136906300003e-05,3.6915403072833528e-06,225820672,0,0,0,3
als|factors=64;epochs=30;regularisation=0.001;alpha=10.0|frac=0.25,gift_cards,als,0.25,,,64.0,30.0,0.001,10.0,,,,,,,,0.06609979329250601,0.122494432071269,0.398440979955456,1.21875,1.215221800000108,0.024038461538461002,0.023310846153785002,0.002480158730158,5.893305603255363e-05,584896512.0,308224.0,636.0,449.0,0.007041203217803008,0.015590200445433994,0.038455827765405015,0.078125,0.07972370000061302,0.001717032967032999,0.0011642170328859981,9.768067016700018e-05,3.735034313739686e-06,225820672,0,0,0,3
als|factors=64;epochs=30;regularisation=0.001;alpha=40.0|frac=0.25,gift_cards,als,0.25,,,64.0,30.0,0.001,40.0,,,,,,,,0.06659485560443901,0.129175946547884,0.38685968819599104,1.234375,1.24323379999987,0.024038461538461002,0.024088276923066,0.0024606299212590003,5.897520665581635e-05,584896512.0,308224.0,636.0,449.0,0.0037503088820100006,0.013363028953229994,0.031625835189309004,0.03125,0.03370030000132784,0.002918956043955999,0.0018947747252500008,0.00012006915983600033,6.725615885372548e-06,225820672,0,0,0,3
als|factors=64;epochs=30;regularisation=0.01;alpha=1.0|frac=0.25,gift_cards,als,0.25,,,64.0,30.0,0.01,1.0,,,,,,,,0.04803729472900901,0.097995545657015,0.38611729769858905,1.21875,1.2205787000002601,0.024038461538461002,0.024107623076885003,0.0025201612903220003,5.915060763649026e-05,584896512.0,308224.0,636.0,449.0,0.010450663230460996,0.024498886414254004,0.008908685968819996,0.09375,0.10824209999918799,0.001717032967032999,0.0015416010988839983,0.000256761383088,4.395978508064493e-06,225820672,0,0,0,3
als|factors=64;epochs=30;regularisation=0.01;alpha=10.0|frac=0.25,gift_cards,als,0.25,,,64.0,30.0,0.01,10.0,,,,,,,,0.066231714051877,0.129175946547884,0.38878990348923503,1.203125,1.207291100001384,0.024038461538461002,0.024018376922937002,0.002480158730158,5.9018021068421784e-05,584896512.0,308224.0,636.0,449.0,0.005112826857501009,0.011135857461024995,0.022345953971789012,0.03125,0.04525209999837898,0.0021634615384610034,0.001198863589746,5.953136906300003e-05,4.907492424555456e-06,225820672,0,0,0,3
als|factors=64;epochs=30;regularisation=0.01;alpha=40.0|frac=0.25,gift_cards,als,0.25,,,64.0,30.0,0.01,40.0,,,,,,,,0.06719130281306601,0.129175946547884,0.402301410541945,1.203125,1.209477000000333,0.0234375,0.023669392307615,0.0024606299212590003,5.767957666204864e-05,584896512.0,308224.0,636.0,449.0,0.005109812396080993,0.008908685968818997,0.03697104677060198,0.03125,0.04159830000116904,0.000600961538461002,0.0008112999999600017,9.924415650400037e-05,1.5594781625069207e-06,225820672,0,0,0,3
als|factors=64;epochs=30;regularisation=0.1;alpha=1.0|frac=0.25,gift_cards,als,0.25,,,64.0,30.0,0.1,1.0,,,,,,,,0.048729770916733,0.09576837416481,0.379435783221974,1.234375,1.239568799999688,0.0234375,0.023704314285721003,0.0024606299212590003,5.767957666204864e-05,584896512.0,308224.0,636.0,449.0,0.007225119761144996,0.015590200445435007,0.018188567186339988,0.234375,0.23597120000113092,0.000600961538461002,0.0014369961538229989,9.924415650400037e-05,1.5594781625069207e-06,225820672,0,0,0,3
als|factors=64;epochs=30;regularisation=0.1;alpha=10.0|frac=0.25,gift_cards,als,0.25,,,64.0,30.0,0.1,10.0,,,,,,,,0.067977886525401,0.133630289532294,0.39346696362286504,1.21875,1.223839599999337,0.024038461538461002,0.023667746153863002,0.002693965517241,5.906151507487812e-05,584896512.0,308224.0,636.0,449.0,0.0058216599628109975,0.015590200445433994,0.01507052709725304,0.21875,0.2042692000004529,0.001717032967032999,0.0030476395603639996,0.0006448412698419996,4.784114587509105e-06,225820672,0,0,0,3
als|factors=64;epochs=30;regularisation=0.1;alpha=40.0|frac=0.25,gift_cards,als,0.25,,,64.0,30.0,0.1,40.0,,,,,,,,0.065765451674514,0.129175946547884,0.390645879732739,1.234375,1.243573700001434,0.0234375,0.023699671428598003,0.0025406504065040004,5.767957666204864e-05,584896512.0,308224.0,636.0,449.0,0.003519397452545009,0.002227171492204999,0.039495174461767035,0.1875,0.31920209999998406,0.018694196428571997,0.029295983928218,0.00030485680440400006,4.2135930395837585e-05,225820672,0,0,0,3
als|factors=128;epochs=5;regularisation=0.001;alpha=1.0|frac=0.25,gift_cards,als,0.25,,,128.0,5.0,0.001,1.0,,,,,,,,0.046450955585605004,0.089086859688195,0.36614699331848505,0.578125,0.588839000000007,0.024038461538461002,0.023939523076933002,0.0025,5.9105704985437734e-05,584896512.0,616448.0,636.0,449.0,0.000606810254965999,0.013363028953228995,0.048106904231625,0.21875,0.20113709999941498,0.0012019230769229998,0.0023896461540200004,0.00037390906531500033,3.5096484236935127e-06,225820672,0,0,0,3
als|factors=128;epochs=5;regularisation=0.001;alpha=10.0|frac=0.25,gift_cards,als,0.25,,,128.0,5.0,0.001,10.0,,,,,,,,0.066600606036289,0.126948775055679,0.382702301410541,0.59375,0.600477800002408,0.025240384615384002,0.02488664615381,0.0024606299212590003,6.165209546856263e-05,584896512.0,616448.0,636.0,449.0,0.014878326074641998,0.02672605790645899,0.014550853749072001,0.046875,0.033843100001377024,0.0018028846153840018,0.0022065010988840013,0.0001627604166660004,4.335014166573383e-06,225820672,0,0,0,3
als|factors=128;epochs=5;regularisation=0.001;alpha=40.0|frac=0.25,gift_cards,als,0.25,,,128.0,5.0,0.001,40.0,,,,,,,,0.07420274548899701,0.129175946547884,0.399628804751299,0.578125,0.587892399998963,0.024038461538461002,0.02377289999976,0.0025,5.9105704985437734e-05,584896512.0,616448.0,636.0,449.0,0.011860858370160002,0.02004454342984399,0.03377876763177501,0.03125,0.03232650000063597,0.000600961538461002,0.0012142098900340022,0.00018464417016800022,1.7496786383732935e-06,225820672,0,0,0,3
als|factors=128;epochs=5;regularisation=0.01;alpha=1.0|frac=0.25,gift_cards,als,0.25,,,128.0,5.0,0.01,1.0,,,,,,,,0.043158137060211,0.093541202672605,0.38671121009651005,0.578125,0.5824697999996711,0.024038461538461002,0.023944546153835,0.0025,5.8891553880418034e-05,584896512.0,616448.0,636.0,449.0,0.015062523595891004,0.03786191536748401,0.030883444691908013,0.015625,0.016590199997609023,0.001717032967032999,0.0013918093406109985,0.00013680425265800034,3.7335914488394347e-06,225820672,0,0,0,3
als|factors=128;epochs=5;regularisation=0.01;alpha=10.0|frac=0.25,gift_cards,als,0.25,,,128.0,5.0,0.01,10.0,,,,,,,,0.062118659210101006,0.122494432071269,0.38789903489235306,0.578125,0.5811443000002321,0.024038461538461002,0.023901084615352,0.0024606299212590003,5.9018021068421784e-05,584896512.0,616448.0,636.0,449.0,0.020616194563622,0.042316258351892996,0.024498886414254017,0.015625,0.018342700002904055,0.000600961538461002,0.0010640148350000017,0.00022582446459000005,1.8413942161520365e-06,225820672,0,0,0,3
als|factors=128;epochs=5;regularisation=0.01;alpha=40.0|frac=0.25,gift_cards,als,0.25,,,128.0,5.0,0.01,40.0,,,,,,,,0.06936664881950601,0.133630289532294,0.43073496659242705,0.578125,0.5833930999997391,0.024038461538461002,0.024004223076924004,0.00244140625,5.897520665581635e-05,584896512.0,616448.0,636.0,449.0,0.004407144697812004,0.013363028953228995,0.01796585003711998,0.015625,0.023772899999584984,0.0012019230769229998,0.000510853846067999,0.0008138020833330004,4.489365613043229e-06,225820672,0,0,0,3
als|factors=128;epochs=5;regularisation=0.1;alpha=1.0|frac=0.25,gift_cards,als,0.25,,,128.0,5.0,0.1,1.0,,,,,,,,0.062196668095632006,0.135857461024498,0.430066815144766,0.578125,0.5800495000003131,0.024038461538461002,0.024310630769133004,0.002422480620155,5.919624041195013e-05,584896512.0,616448.0,636.0,449.0,0.0024921894513370013,0.011135857461023996,0.04068299925760899,0.0625,0.05020400000012093,0.0020032051282049997,0.0013671185896379986,0.00013680425265800034,4.4199792024415225e-06,225820672,0,0,0,3
als|factors=128;epochs=5;regularisation=0.1;alpha=10.0|frac=0.25,gift_cards,als,0.25,,,128.0,5.0,0.1,10.0,,,,,,,,0.06327252334920301,0.122494432071269,0.403043801039346,0.578125,0.58059300000059,0.024038461538461002,0.024747123077059,0.0025614754098360003,5.924262126569622e-05,584896512.0,616448.0,636.0,449.0,0.011287850360978,0.02004454342984499,0.024498886414254017,0.015625,0.01695360000076107,0.000600961538461002,0.0062710631867619986,0.00042556622706400003,2.286253375335766e-06,225820672,0,0,0,3
als|factors=128;epochs=5;regularisation=0.1;alpha=40.0|frac=0.25,gift_cards,als,0.25,,,128.0,5.0,0.1,40.0,,,,,,,,0.07373624131674601,0.138084632516703,0.41855976243504,0.578125,0.5800767000000631,0.0234375,0.023816942857073004,0.0025201612903220003,5.781216323011712e-05,584896512.0,616448.0,636.0,449.0,0.019622816891036995,0.04008908685968801,0.006755753526354991,0.015625,0.013175300000056955,0.001717032967032999,0.0012605774725149982,7.875504032200031e-05,3.64872589467792e-06,225820672,0,0,0,3
als|factors=128;epochs=15;regularisation=0.001;alpha=1.0|frac=0.25,gift_cards,als,0.25,,,128.0,15.0,0.001,1.0,,,,,,,,0.040291860676072,0.086859688195991,0.400965107646622,1.78125,1.782945099999779,0.024038461538461002,0.023738576923138,0.002480158730158,5.897520665581635e-05,584896512.0,616448.0,636.0,449.0,0.009503654480100002,0.004454342984408999,0.03303637713437302,0.03125,0.03186540000024207,0.001717032967032999,0.001155653846181999,7.875504032200031e-05,3.735034313739686e-06,225820672,0,0,0,3
als|factors=128;epochs=15;regularisation=0.001;alpha=10.0|frac=0.25,gift_cards,als,0.25,,,128.0,15.0,0.001,10.0,,,,,,,,0.057717815230931,0.10022271714922001,0.388938381588715,1.75,1.758645400000205,0.024038461538461002,0.024144653846003002,0.002480158730158,6.0229998286791165e-05,584896512.0,616448.0,636.0,449.0,0.004495453459148001,0.011135857461025009,0.034446919079436034,0.046875,0.040398699997239884,0.0018028846153840018,0.0015063978022610003,0.000544177771048,3.971839212663093e-06,225820672,0,0,0,3
als|factors=128;epochs=15;regularisation=0.001;alpha=40.0|frac=0.25,gift_cards,als,0.25,,,128.0,15.0,0.001,40.0,,,,,,,,0.06894519706886401,0.118040089086859,0.40979955456570105,1.765625,1.7730424000001221,0.0234375,0.023940535714278,0.002480158730158,5.7723070668504966e-05,584896512.0,616448.0,636.0,449.0,0.008710975431863999,0.02004454342984399,0.03459539717891602,0.046875,0.038551999999071995,0.000600961538461002,0.001277503846172999,0.00023333559598199974,1.8581227938598664e-06,225820672,0,0,0,3
als|factors=128;epochs=15;regularisation=0.01;alpha=1.0|frac=0.25,gift_cards,als,0.25,,,128.0,15.0,0.01,1.0,,,,,,,,0.041558756439749,0.089086859688195,0.40103934669636204,1.734375,1.742460600000413,0.024038461538461002,0.024225261538469003,0.00244140625,5.8891553880418034e-05,584896512.0,616448.0,636.0,449.0,0.00629988976201,0.031180400890869014,0.01306607275426902,0.078125,0.07050389999949402,0.0018028846153840018,0.0021961895604320006,7.631257631200011e-05,4.101641638181172e-06,225820672,0,0,0,3
als|factors=128;epochs=15;regularisation=0.01;alpha=10.0|frac=0.25,gift_cards,als,0.25,,,128.0,15.0,0.01,10.0,,,,,,,,0.05186274325745,0.10467706013363001,0.38069784706755705,1.734375,1.739742899999328,0.024038461538461002,0.024176046153850002,0.002480158730158,5.906151507487812e-05,584896512.0,616448.0,636.0,449.0,0.0065872839969060015,0.017817371937639007,0.02783964365256103,0.0625,0.059898199998769996,0.000600961538461002,0.0012235461538460009,0.00012201470683999988,1.6101920830754448e-06,225820672,0,0,0,3
als|factors=128;epochs=15;regularisation=0.01;alpha=40.0|frac=0.25,gift_cards,als,0.25,,,128.0,15.0,0.01,40.0,,,,,,,,0.06169487240853801,0.10913140311804001,0.39591685226429,1.75,1.752678200000446,0.024038461538461002,0.024253307692316,0.0024606299212590003,5.9018021068421784e-05,584896512.0,616448.0,636.0,449.0,0.002747074386888995,0.017817371937638993,0.01061618411284404,0.078125,0.08540190000121628,0.0026041666666660017,0.0023680309525710014,0.0002035698000130001,6.253310616213146e-06,225820672,0,0,0,3
als|factors=128;epochs=15;regularisation=0.1;alpha=1.0|frac=0.25,gift_cards,als,0.25,,,128.0,15.0,0.1,1.0,,,,,,,,0.084139988003119,0.187082405345211,0.48448403860430506,1.75,1.7482907999983581,0.0234375,0.02398650714297,0.0025201612903220003,5.781216323011712e-05,584896512.0,616448.0,636.0,449.0,0.011322847442302011,0.028953229398663016,0.04617668893838195,0.125,0.11297179999792184,0.001717032967032999,0.001020287912199002,4.0002560164000174e-05,3.735034313739686e-06,225820672,0,0,0,3
als|factors=128;epochs=15;regularisation=0.1;alpha=10.0|frac=0.25,gift_cards,als,0.25,,,128.0,15.0,0.1,10.0,,,,,,,,0.05841876033936601,0.11358574610244901,0.370081662954714,1.78125,1.786803099999815,0.024038461538461002,0.024160738461572,0.0024606299212590003,5.9018021068421784e-05,584896512.0,616448.0,636.0,449.0,0.007024261809284997,0.004454342984409998,0.04639940608760201,0.046875,0.0607583999990311,0.0018028846153840018,0.0018659956043960008,1.9223671259000277e-05,4.0581476317248525e-06,225820672,0,0,0,3
als|factors=128;epochs=15;regularisation=0.1;alpha=40.0|frac=0.25,gift_cards,als,0.25,,,128.0,15.0,0.1,40.0,,,,,,,,0.057107959802767005,0.11135857461024501,0.39168522642910103,1.890625,1.898251000000527,0.024038461538461002,0.024173253846059003,0.002480158730158,5.9105704985437734e-05,584896512.0,616448.0,636.0,449.0,0.01594593279312201,0.042316258351892996,0.00423162583518899,0.21875,0.2303600999971418,0.0018028846153840018,0.001096804945098999,5.859375000000005e-05,3.929024800057667e-06,225820672,0,0,0,3
als|factors=128;epochs=30;regularisation=0.001;alpha=1.0|frac=0.25,gift_cards,als,0.25,,,128.0,30.0,0.001,1.0,,,,,,,,0.03503919259194,0.07572383073496601,0.430660727542687,3.5,3.509285899999668,0.024038461538461002,0.024143769230774003,0.002480158730158,5.906151507487812e-05,584896512.0,616448.0,636.0,449.0,0.0036733010668479962,0.004454342984409998,0.038010393466964,0.1875,0.17039719999957015,0.0,0.0007459461537040017,0.00012006915983600033,2.674146098798717e-07,225820672,0,0,0,3
als|factors=128;epochs=30;regularisation=0.001;alpha=10.0|frac=0.25,gift_cards,als,0.25,,,128.0,30.0,0.001,10.0,,,,,,,,0.047479854211418,0.093541202672605,0.38886414253897505,3.5,3.504011600000012,0.024038461538461002,0.024034907692286,0.002480158730158,5.906151507487812e-05,584896512.0,616448.0,636.0,449.0,0.006546842997203005,0.022271714922049005,0.034966592427617016,0.203125,0.19004030000087369,0.000600961538461002,0.001268489560311,0.0001627604166660004,1.7009397664325405e-06,225820672,0,0,0,3
als|factors=128;epochs=30;regularisation=0.001;alpha=40.0|frac=0.25,gift_cards,als,0.25,,,128.0,30.0,0.001,40.0,,,,,,,,0.06535821314470501,0.118040089086859,0.400742390497401,3.53125,3.553519099999903,0.024038461538461002,0.024273046153841002,0.0025201612903220003,5.915060763649026e-05,584896512.0,616448.0,636.0,449.0,0.004400609558215002,0.02004454342984399,0.015367483296212958,0.03125,0.057010199998331235,0.002918956043955999,0.0016030329669180013,4.0002560164000174e-05,6.590108249710244e-06,225820672,0,0,0,3
als|factors=128;epochs=30;regularisation=0.01;alpha=1.0|frac=0.25,gift_cards,als,0.25,,,128.0,30.0,0.01,1.0,,,,,,,,0.043177583859477,0.09576837416481,0.40994803266518104,3.484375,3.492131299999528,0.024038461538461002,0.023788592307727,0.002422480620155,5.906151507487812e-05,584896512.0,616448.0,636.0,449.0,0.007311902630811003,0.028953229398664,0.047884187082404994,0.078125,0.0672312000006059,0.0018028846153840018,0.0015722346153409991,7.631257631200011e-05,3.973831066983817e-06,225820672,0,0,0,3
als|factors=128;epochs=30;regularisation=0.01;alpha=10.0|frac=0.25,gift_cards,als,0.25,,,128.0,30.0,0.01,10.0,,,,,,,,0.030299319724747004,0.069042316258351,0.400742390497401,3.5625,3.617822199999864,0.024038461538461002,0.024170438461554002,0.0025201612903220003,5.915060763649026e-05,584896512.0,616448.0,636.0,449.0,0.002281673039307,0.01113585746102401,0.02048997772828598,0.1875,0.2215238000012496,0.0,0.0011235692307029997,0.00012605042016800017,2.8073590237876573e-07,225820672,0,0,0,3
als|factors=128;epochs=30;regularisation=0.01;alpha=40.0|frac=0.25,gift_cards,als,0.25,,,128.0,30.0,0.01,40.0,,,,,,,,0.045172243352907,0.084632516703786,0.393541202672605,3.484375,3.490396299999702,0.026041666666666,0.024254316666694004,0.0025201612903220003,6.339453738713076e-05,584896512.0,616448.0,636.0,449.0,0.002397885193991006,0.006681514476613998,0.009502598366741,0.234375,0.25007549999872936,0.00390625,0.002442142857164001,0.0003430061055080002,9.246270457329911e-06,225820672,0,0,0,3
als|factors=128;epochs=30;regularisation=0.1;alpha=1.0|frac=0.25,gift_cards,als,0.25,,,128.0,30.0,0.1,1.0,,,,,,,,0.081526420718442,0.175946547884187,0.43541202672605706,3.515625,3.522449000000051,0.024038461538461002,0.023965153846137,0.00244140625,5.8891553880418034e-05,584896512.0,616448.0,636.0,449.0,0.006317312826728996,0.02227171492204899,0.03756495916852198,0.1875,0.23232990000042308,0.000600961538461002,0.0018408324175560008,0.000290119363395,1.9009372064652993e-06,225820672,0,0,0,3
als|factors=128;epochs=30;regularisation=0.1;alpha=10.0|frac=0.25,gift_cards,als,0.25,,,128.0,30.0,0.1,10.0,,,,,,,,0.06201561125935501,0.133630289532294,0.40824053452115805,3.5,3.495533499999965,0.024038461538461002,0.024663653846171002,0.0025,5.9105704985437734e-05,584896512.0,616448.0,636.0,449.0,0.006259168949424,0.008908685968818997,0.032071269487749965,0.203125,0.2449965000032539,0.007211538461538998,0.007292473845967002,0.0006526531559400001,1.751490337968611e-05,225820672,0,0,0,3
als|factors=128;epochs=30;regularisation=0.1;alpha=40.0|frac=0.25,gift_cards,als,0.25,,,128.0,30.0,0.1,40.0,,,,,,,,0.046772749907666,0.10022271714922001,0.42524127691165503,3.484375,3.485044400000333,0.024038461538461002,0.024106523076905,0.0025406504065040004,5.919624041195013e-05,584896512.0,616448.0,636.0,449.0,0.003155050670509002,0.006681514476615011,0.04417223459539704,0.59375,0.6249886999999035,0.0037202380952379988,0.002754090475849,0.00010416666666600034,8.517605260366945e-06,225820672,0,0,0,3
als|factors=16;epochs=5;regularisation=0.001;alpha=1.0|frac=0.5,gift_cards,als,0.5,,,16.0,5.0,0.001,1.0,,,,,,,,0.129418387356627,0.249443207126948,0.553600593912397,0.0859375,0.08664917499982,0.024038461538461002,0.023848753846183002,0.00244140625,5.897520665581635e-05,584896512.0,77056.0,1164.0,449.0,0.01288559793709601,0.04231625835189301,0.007349665924275994,0.00390625,0.0042034250004690105,0.001717032967032999,0.0016207939560650003,7.875504032200031e-05,3.9995278560257284e-06,225820672,0,0,0,3
als|factors=16;epochs=5;regularisation=0.001;alpha=10.0|frac=0.5,gift_cards,als,0.5,,,16.0,5.0,0.001,10.0,,,,,,,,0.134719195367193,0.25612472160356303,0.5371195248700811,0.0859375,0.087088849999986,0.024038461538461002,0.024228346153834002,0.0025201612903220003,5.919624041195013e-05,584896512.0,77056.0,1164.0,449.0,0.014152523398199002,0.046770601336303036,0.019450631031922017,0.00390625,0.002198499999395004,0.0018028846153840018,0.0007830978022340014,9.924415650400037e-05,4.190734199793334e-06,225820672,0,0,0,3
als|factors=16;epochs=5;regularisation=0.001;alpha=40.0|frac=0.5,gift_cards,als,0.5,,,16.0,5.0,0.001,40.0,,,,,,,,0.12631782412710302,0.244988864142538,0.5230883444691901,0.0859375,0.087783274999765,0.024038461538461002,0.024023900000009,0.0025406504065040004,5.906151507487812e-05,584896512.0,77056.0,1164.0,449.0,0.029011416534654,0.057906458797327975,0.04951744617668896,0.007812500000000014,0.008172450000188,0.002918956043955999,0.0029248890111310023,0.00019078144078199999,6.791193337176282e-06,225820672,0,0,0,3
als|factors=16;epochs=5;regularisation=0.01;alpha=1.0|frac=0.5,gift_cards,als,0.5,,,16.0,5.0,0.01,1.0,,,,,,,,0.130126541096747,0.249443207126948,0.555530809205642,0.0859375,0.086600524999994,0.024038461538461002,0.023775038461525,0.0028409090909090003,6.127101060285917e-05,584896512.0,77056.0,1164.0,449.0,0.012414172855398004,0.037861915367483984,0.0068299925760950675,0.00390625,0.0037052500005070044,0.0026041666666660017,0.002590497619037003,0.0009722222222220004,6.559188769656478e-06,225820672,0,0,0,3
als|factors=16;epochs=5;regularisation=0.01;alpha=10.0|frac=0.5,gift_cards,als,0.5,,,16.0,5.0,0.01,10.0,,,,,,,,0.129360450974173,0.247216035634743,0.5262806236080171,0.09375000000000001,0.092779874999905,0.024038461538461002,0.024547707692293003,0.0027173913043470003,5.943600584233252e-05,584896512.0,77056.0,1164.0,449.0,0.009848946080233983,0.02227171492204899,0.018708240534520915,0.01171875,0.008240524999791998,0.002918956043955999,0.0026226554944329995,0.0004457543211949999,7.339920145988448e-06,225820672,0,0,0,3
als|factors=16;epochs=5;regularisation=0.01;alpha=40.0|frac=0.5,gift_cards,als,0.5,,,16.0,5.0,0.01,40.0,,,,,,,,0.11666754392947101,0.22717149220489902,0.49413511507052704,0.08984375,0.08863807499994801,0.024038461538461002,0.024487392307701,0.002582644628099,5.9289768745124084e-05,584896512.0,77056.0,1164.0,449.0,0.018069792524414,0.035634743875278985,0.05018559762435004,0.00390625,0.00227492500016499,0.0026041666666660017,0.0021521047619470005,0.0003054970672279997,6.48032012003302e-06,225820672,0,0,0,3
als|factors=16;epochs=5;regularisation=0.1;alpha=1.0|frac=0.5,gift_cards,als,0.5,,,16.0,5.0,0.1,1.0,,,,,,,,0.129745103918764,0.249443207126948,0.555827765404602,0.08984375,0.08951235000006301,0.024038461538461002,0.024728400000010003,0.002648305084745,5.9537699455908506e-05,584896512.0,77056.0,1164.0,449.0,0.014429841378678018,0.04677060133630301,0.0013363028953229383,0.015625,0.014252475000376005,0.0012019230769229998,0.0014884538460980014,0.0001324901074049997,2.4835042361099886e-06,225820672,0,0,0,3
als|factors=16;epochs=5;regularisation=0.1;alpha=10.0|frac=0.5,gift_cards,als,0.5,,,16.0,5.0,0.1,10.0,,,,,,,,0.129204721804332,0.244988864142538,0.524573125463994,0.0859375,0.088452725000024,0.024038461538461002,0.024518584615389003,0.0025614754098360003,5.924262126569622e-05,584896512.0,77056.0,1164.0,449.0,0.008104361886305006,0.006681514476615025,0.02048997772828509,0.00390625,0.002060624999785002,0.0,0.0009319999999900033,8.400537634400008e-05,1.8709437938548842e-07,225820672,0,0,0,3
als|factors=16;epochs=5;regularisation=0.1;alpha=40.0|frac=0.5,gift_cards,als,0.5,,,16.0,5.0,0.1,40.0,,,,,,,,0.117787971160782,0.23385300668151401,0.48693392724573104,0.0859375,0.08702117499979001,0.024038461538461002,0.024150453846232003,0.0025614754098360003,5.943600584233252e-05,584896512.0,77056.0,1164.0,449.0,0.007892924123117998,0.008908685968819996,0.06035634743875301,0.00390625,0.0009110500001269922,0.002918956043955999,0.0019651500000049983,0.00010765467824099982,6.547396541844212e-06,225820672,0,0,0,3
als|factors=16;epochs=15;regularisation=0.001;alpha=1.0|frac=0.5,gift_cards,als,0.5,,,16.0,15.0,0.001,1.0,,,,,,,,0.14098877355310402,0.26057906458797303,0.5386043058648851,0.2578125,0.26421209999989503,0.024038461538461002,0.024808584615374003,0.002648305084745,5.943600584233252e-05,584896512.0,77056.0,1164.0,449.0,0.01958609198658401,0.017817371937638993,0.005345211581291975,0.03125,0.030055250001396028,0.004370629370629001,0.005495261538304,0.000204011315827,1.0188509323957729e-05,225820672,0,0,0,3
als|factors=16;epochs=15;regularisation=0.001;alpha=10.0|frac=0.5,gift_cards,als,0.5,,,16.0,15.0,0.001,10.0,,,,,,,,0.135705130356563,0.262806236080178,0.516778025241276,0.265625,0.264416350000828,0.024038461538461002,0.023927084615514002,0.002693965517241,5.9589872701134456e-05,584896512.0,77056.0,1164.0,449.0,0.011527384533190022,0.031180400890869042,0.030660727542687005,0.0234375,0.027752949999922005,0.0037202380952379988,0.00344061666658,0.00021739130434700023,8.717602700399711e-06,225820672,0,0,0,3
als|factors=16;epochs=15;regularisation=0.001;alpha=40.0|frac=0.5,gift_cards,als,0.5,,,16.0,15.0,0.001,40.0,,,,,,,,0.137656356086436,0.267260579064588,0.5092056421677801,0.265625,0.266041949998907,0.028409090909090003,0.028343345454521003,0.0031565656565650003,7.030213043576075e-05,584896512.0,77056.0,1164.0,449.0,0.01412561483027,0.031180400890868987,0.027319970304379937,0.03125,0.04288975000008599,0.010937499999999996,0.011812057143079997,0.0008967391304340001,2.6356880023240053e-05,225820672,0,0,0,3
als|factors=16;epochs=15;regularisation=0.01;alpha=1.0|frac=0.5,gift_cards,als,0.5,,,16.0,15.0,0.01,1.0,,,,,,,,0.139226436319682,0.26057906458797303,0.540311804008908,0.28125,0.282752550000168,0.025240384615384002,0.025806076923065004,0.002866972477064,6.259990443752525e-05,584896512.0,77056.0,1164.0,449.0,0.017529399775211008,0.013363028953228995,0.009799554565701918,0.265625,0.27407530000164104,0.007211538461538998,0.006317181538711001,0.0006481251036999998,1.750481863082065e-05,225820672,0,0,0,3
als|factors=16;epochs=15;regularisation=0.01;alpha=10.0|frac=0.5,gift_cards,als,0.5,,,16.0,15.0,0.01,10.0,,,,,,,,0.13722079087958,0.253897550111358,0.512991833704528,0.265625,0.26748095000016203,0.025240384615384002,0.025033715384604003,0.0026041666666660004,6.201459082862202e-05,584896512.0,77056.0,1164.0,449.0,0.01467902448584299,0.02895322939866396,0.02687453600593903,0.07812500000000006,0.10850025000127,0.015873015873016,0.016475491269707,0.0009705855485519998,3.751358891217816e-05,225820672,0,0,0,3
als|factors=16;epochs=15;regularisation=0.01;alpha=40.0|frac=0.5,gift_cards,als,0.5,,,16.0,15.0,0.01,40.0,,,,,,,,0.134446585049353,0.25612472160356303,0.489383815887156,0.265625,0.26974605000032104,0.025240384615384002,0.025326430769242,0.0031565656565650003,6.324487811124782e-05,584896512.0,77056.0,1164.0,449.0,0.012341183274987982,0.024498886414254017,0.014328136599851993,0.015625,0.010719199999584983,0.017578125,0.023030562499959998,0.0012788318452380005,4.199767671545234e-05,225820672,0,0,0,3
als|factors=16;epochs=15;regularisation=0.1;alpha=1.0|frac=0.5,gift_cards,als,0.5,,,16.0,15.0,0.1,1.0,,,,,,,,0.13905355907521,0.26057906458797303,0.539198218262806,0.3125,0.308211550000123,0.026041666666666,0.026686166666574,0.0027901785714280003,6.42134637819493e-05,584896512.0,77056.0,1164.0,449.0,0.016901103440692983,0.013363028953228995,0.007720861172976989,0.0703125,0.08101715000066201,0.004971590909090003,0.005273487662328002,0.0008602150537630002,1.298843198853976e-05,225820672,0,0,0,3
als|factors=16;epochs=15;regularisation=0.1;alpha=10.0|frac=0.5,gift_cards,als,0.5,,,16.0,15.0,0.1,10.0,,,,,,,,0.14079871639935201,0.262806236080178,0.5087602078693391,0.3125,0.31526680000024504,0.022321428571428003,0.024676178571358003,0.0030339805825240003,5.647084444087492e-05,584896512.0,77056.0,1164.0,449.0,0.013948997698014998,0.028953229398664015,0.032071269487749965,0.1015625,0.087372450000203,0.006087662337662,0.0057891896102679995,0.000523075083692,1.472324592729255e-05,225820672,0,0,0,3
als|factors=16;epochs=15;regularisation=0.1;alpha=40.0|frac=0.5,gift_cards,als,0.5,,,16.0,15.0,0.1,40.0,,,,,,,,0.132511111583017,0.244988864142538,0.47654046028210806,0.296875,0.299810349999916,0.028409090909090003,0.028157754545439003,0.0028409090909090003,6.959910913140311e-05,584896512.0,77056.0,1164.0,449.0,0.008315995218947991,0.01781737193763902,0.021083890126205984,0.1328125,0.12500844999885902,0.008928571428571997,0.010163185714321,0.0006686142198819999,2.1374578281632346e-05,225820672,0,0,0,3
als|factors=16;epochs=30;regularisation=0.001;alpha=1.0|frac=0.5,gift_cards,als,0.5,,,16.0,30.0,0.001,1.0,,,,,,,,0.14246773063731302,0.262806236080178,0.5463994060876021,0.5625,0.561311599998589,0.025240384615384002,0.024947969230617,0.002648305084745,6.211289465507881e-05,584896512.0,77056.0,1164.0,449.0,0.003237709782914988,0.0022271714922050267,0.02182628062360803,0.09375,0.12985059999937199,0.0037202380952379988,0.0030288999999609975,0.00024952816492399997,8.841350245351004e-06,225820672,0,0,0,3
als|factors=16;epochs=30;regularisation=0.001;alpha=10.0|frac=0.5,gift_cards,als,0.5,,,16.0,30.0,0.001,10.0,,,,,,,,0.14379107268798402,0.276169265033407,0.525241276911655,0.546875,0.546575000000302,0.026041666666666,0.025653708333303,0.0031565656565650003,6.502947065307867e-05,584896512.0,77056.0,1164.0,449.0,0.006312146425144993,0.02227171492204899,0.030363771343726975,0.0625,0.05185439999877395,0.006087662337662,0.005207204545667001,0.00111355963991,1.6038356297488452e-05,225820672,0,0,0,3
als|factors=16;epochs=30;regularisation=0.001;alpha=40.0|frac=0.5,gift_cards,als,0.5,,,16.0,30.0,0.001,40.0,,,,,,,,0.134804493777462,0.253897550111358,0.49613956941351106,0.640625,0.618321500000092,0.025240384615384002,0.024802861538214004,0.0026041666666660004,6.201459082862202e-05,584896512.0,77056.0,1164.0,449.0,0.0049956419429739995,0.017817371937638993,0.011061618411284002,0.2031250000000001,0.23278609999943,0.0026041666666660017,0.0039035821428330016,0.0005339805825240003,6.9891920917393015e-06,225820672,0,0,0,3
als|factors=16;epochs=30;regularisation=0.01;alpha=1.0|frac=0.5,gift_cards,als,0.5,,,16.0,30.0,0.01,1.0,,,,,,,,0.14256548058055202,0.26503340757238303,0.547809948032665,0.546875,0.545625599999766,0.024038461538461002,0.023849953846365003,0.0025614754098360003,5.906151507487812e-05,584896512.0,77056.0,1164.0,449.0,0.0016630480613059884,0.004454342984408999,0.020786933927246065,0.140625,0.17394250000006695,0.006087662337662,0.005756388961091,0.0003607503607510002,1.4180614741058713e-05,225820672,0,0,0,3
als|factors=16;epochs=30;regularisation=0.01;alpha=10.0|frac=0.5,gift_cards,als,0.5,,,16.0,30.0,0.01,10.0,,,,,,,,0.145352204221387,0.278396436525612,0.520193021529324,0.546875,0.541189999999915,0.025240384615384002,0.024961999999997,0.0025614754098360003,6.201459082862202e-05,584896512.0,77056.0,1164.0,449.0,0.007838986410732995,0.031180400890869042,0.024573125463993928,0.0625,0.07197629999973298,0.0037202380952379988,0.003149659340503999,0.0001627604166660004,8.553022839808818e-06,225820672,0,0,0,3
als|factors=16;epochs=30;regularisation=0.01;alpha=40.0|frac=0.5,gift_cards,als,0.5,,,16.0,30.0,0.01,40.0,,,,,,,,0.13362195451528,0.25612472160356303,0.49294729027468404,0.515625,0.522269900000083,0.024038461538461002,0.023770138461539,0.0025406504065040004,5.919624041195013e-05,584896512.0,77056.0,1164.0,449.0,0.003751952043379997,0.006681514476614969,0.030883444691908013,0.046875,0.046513000001141,0.002918956043955999,0.001726478571357,0.00015331511073699965,6.842474732056502e-06,225820672,0,0,0,3
als|factors=16;epochs=30;regularisation=0.1;alpha=1.0|frac=0.5,gift_cards,als,0.5,,,16.0,30.0,0.1,1.0,,,,,,,,0.143268747020964,0.269487750556792,0.544691907943578,0.53125,0.5262437999999741,0.024038461538461002,0.023779576923306,0.0025201612903220003,5.915060763649026e-05,584896512.0,77056.0,1164.0,449.0,0.002415403963200974,0.0066815144766140255,0.01700074239049698,0.015625,0.015026999999463997,0.000600961538461002,0.001169932967039003,6.049167634600023e-05,1.4731697434451613e-06,225820672,0,0,0,3
als|factors=16;epochs=30;regularisation=0.1;alpha=10.0|frac=0.5,gift_cards,als,0.5,,,16.0,30.0,0.1,10.0,,,,,,,,0.141739876247771,0.267260579064588,0.512026726057906,0.515625,0.5199915000011971,0.024038461538461002,0.023954600000042,0.0025406504065040004,5.919624041195013e-05,584896512.0,77056.0,1164.0,449.0,0.009602522446366002,0.02004454342984402,0.01967334818114408,0.0625,0.05277329999989899,0.010683760683761,0.014549313675176999,0.00016016400794400002,2.415127993698177e-05,225820672,0,0,0,3
als|factors=16;epochs=30;regularisation=0.1;alpha=40.0|frac=0.5,gift_cards,als,0.5,,,16.0,30.0,0.1,40.0,,,,,,,,0.13290784215103402,0.25612472160356303,0.47520415738678506,0.515625,0.523945300003106,0.024038461538461002,0.023752846153701,0.002582644628099,5.9289768745124084e-05,584896512.0,77056.0,1164.0,449.0,0.0032930841390279852,0.004454342984409998,0.03325909428359297,0.046875,0.029673200000160938,0.001717032967032999,0.0018245175823730017,6.457501033199989e-05,3.967946497472098e-06,225820672,0,0,0,3
als|factors=32;epochs=5;regularisation=0.001;alpha=1.0|frac=0.5,gift_cards,als,0.5,,,32.0,5.0,0.001,1.0,,,,,,,,0.107168196873911,0.20489977728285003,0.44231625835189303,0.11458333333333301,0.115748699999433,0.024038461538461002,0.023981207692346,0.0025201612903220003,5.915060763649026e-05,584896512.0,154112.0,1164.0,449.0,0.015444248209818004,0.01781737193763902,0.020638455827764968,0.0,0.0009137666667509842,0.001717032967032999,0.0016188923077059998,0.0001507788806179998,4.159937299889882e-06,225820672,0,0,0,3
als|factors=32;epochs=5;regularisation=0.001;alpha=10.0|frac=0.5,gift_cards,als,0.5,,,32.0,5.0,0.001,10.0,,,,,,,,0.100903421201988,0.20044543429844003,0.433556050482553,0.125,0.12423233333326301,0.026041666666666,0.026236400000016,0.0028153153153150003,6.426944762134071e-05,584896512.0,154112.0,1164.0,449.0,0.007063746919008004,0.02004454342984402,0.00846325167037898,0.04947916666666699,0.058674766666324,0.005022321428571997,0.004255019047681,0.0013308168795980002,1.4149528525988406e-05,225820672,0,0,0,3
als|factors=32;epochs=5;regularisation=0.001;alpha=40.0|frac=0.5,gift_cards,als,0.5,,,32.0,5.0,0.001,40.0,,,,,,,,0.09734521933554001,0.191536748329621,0.4275426874536,0.125,0.127179666666658,0.025240384615384002,0.024669992307700003,0.002693965517241,6.191951007844251e-05,584896512.0,154112.0,1164.0,449.0,0.016839021984081007,0.031180400890869014,0.024350408314773975,0.08072916666666699,0.10965180000009,0.005022321428571997,0.004875464285543002,0.00050225008036,1.2009089981127245e-05,225820672,0,0,0,3
als|factors=32;epochs=5;regularisation=0.01;alpha=1.0|frac=0.5,gift_cards,als,0.5,,,32.0,5.0,0.01,1.0,,,,,,,,0.10792224016300901,0.20712694877505503,0.44639940608760204,0.119791666666666,0.122081066666699,0.025240384615384002,0.024562492307723,0.002480158730158,6.169490988116806e-05,584896512.0,154112.0,1164.0,449.0,0.01579508810869401,0.02004454342984402,0.021529324424648,0.02604166666666699,0.029577733333401995,0.0026041666666660017,0.0022927095238369985,0.000573350661265,7.0333820022989256e-06,225820672,0,0,0,3
als|factors=32;epochs=5;regularisation=0.01;alpha=10.0|frac=0.5,gift_cards,als,0.5,,,32.0,5.0,0.01,10.0,,,,,,,,0.097361995091538,0.193763919821826,0.419970304380103,0.11458333333333301,0.118217100000038,0.025240384615384002,0.024824500000249,0.0025201612903220003,6.206332970056277e-05,584896512.0,154112.0,1164.0,449.0,0.0061074283444670086,0.006681514476614997,0.018337045285820974,0.02604166666666699,0.024218333333617018,0.0026041666666660017,0.003275697619079001,0.00018464417016800022,5.975326741624184e-06,225820672,0,0,0,3
als|factors=32;epochs=5;regularisation=0.01;alpha=40.0|frac=0.5,gift_cards,als,0.5,,,32.0,5.0,0.01,40.0,,,,,,,,0.08789553163616201,0.184855233853006,0.41841128433556,0.119791666666666,0.11883340000000901,0.025240384615384002,0.024623623076947,0.002582644628099,6.191951007844251e-05,584896512.0,154112.0,1164.0,449.0,0.008904458193128004,0.028953229398664015,0.007943578322196998,0.01041666666666699,0.011042633333394003,0.002918956043955999,0.002666103296668002,0.0001324901074049997,6.748946398882538e-06,225820672,0,0,0,3
als|factors=32;epochs=5;regularisation=0.1;alpha=1.0|frac=0.5,gift_cards,als,0.5,,,32.0,5.0,0.1,1.0,,,,,,,,0.10855887557687101,0.20712694877505503,0.447884187082405,0.11458333333333301,0.12002140000064701,0.024038461538461002,0.024424592307556003,0.0027901785714280003,5.975198242737218e-05,584896512.0,154112.0,1164.0,449.0,0.016615988387188002,0.02004454342984402,0.022939866369711015,0.005208333333332996,0.006462733333137002,0.0026041666666660017,0.003491333333332,0.0005538218523660002,7.0333820022989256e-06,225820672,0,0,0,3
als|factors=32;epochs=5;regularisation=0.1;alpha=10.0|frac=0.5,gift_cards,als,0.5,,,32.0,5.0,0.1,10.0,,,,,,,,0.102280111366515,0.193763919821826,0.42256867112100904,0.11458333333333301,0.11870893333313301,0.025240384615384002,0.024857099999980002,0.002582644628099,6.196665755787036e-05,584896512.0,154112.0,1164.0,449.0,0.007211795535511004,0.01781737193763902,0.011804008908686048,0.01041666666666699,0.010644533333864017,0.006392045454545001,0.007890926623006,0.0013173742848539998,1.717019986503211e-05,225820672,0,0,0,3
als|factors=32;epochs=5;regularisation=0.1;alpha=40.0|frac=0.5,gift_cards,als,0.5,,,32.0,5.0,0.1,40.0,,,,,,,,0.08578162463340201,0.180400890868596,0.40571640682999205,0.11458333333333301,0.11502966666663801,0.024038461538461002,0.024981330769221002,0.0028153153153150003,5.980796626676359e-05,584896512.0,154112.0,1164.0,449.0,0.003213298988535007,0.011135857461023996,0.016035634743875038,0.11197916666666699,0.107826916665242,0.010491071428571998,0.011455181428546998,0.00041335978836,2.428603834505838e-05,225820672,0,0,0,3
als|factors=32;epochs=15;regularisation=0.001;alpha=1.0|frac=0.5,gift_cards,als,0.5,,,32.0,15.0,0.001,1.0,,,,,,,,0.10491082559935001,0.195991091314031,0.434298440979955,0.34375000000000006,0.35042039999962005,0.025240384615384002,0.024468869230776003,0.0026260504201680002,6.206332970056277e-05,584896512.0,154112.0,1164.0,449.0,0.0028771252932879993,0.01559020044543502,0.013288789903489029,0.031249999999999944,0.03551829999742101,0.0037202380952379988,0.002382388095395,0.0003409090909090003,9.044871238635154e-06,225820672,0,0,0,3
als|factors=32;epochs=15;regularisation=0.001;alpha=10.0|frac=0.5,gift_cards,als,0.5,,,32.0,15.0,0.001,10.0,,,,,,,,0.107060514131738,0.20489977728285003,0.43192279138827006,0.359375,0.358559100000093,0.024038461538461002,0.024660584615398003,0.002582644628099,5.9289768745124084e-05,584896512.0,154112.0,1164.0,449.0,0.0015947776501600008,0.008908685968819996,0.009354120267260013,0.046875,0.04183879999982304,0.0018028846153840018,0.002392316483495003,6.248333777699984e-05,4.1544943277532385e-06,225820672,0,0,0,3
als|factors=32;epochs=15;regularisation=0.001;alpha=40.0|frac=0.5,gift_cards,als,0.5,,,32.0,15.0,0.001,40.0,,,,,,,,0.102122746277697,0.20044543429844003,0.42761692650334004,0.34375000000000006,0.34413730000005605,0.025240384615384002,0.024636323077104002,0.0026041666666660004,6.201459082862202e-05,584896512.0,154112.0,1164.0,449.0,0.008569694705841,0.006681514476613998,0.021009651076465963,0.015624999999999944,0.024464600001011028,0.002918956043955999,0.0028693010988390007,0.00012605042016800017,6.781751590476855e-06,225820672,0,0,0,3
als|factors=32;epochs=15;regularisation=0.01;alpha=1.0|frac=0.5,gift_cards,als,0.5,,,32.0,15.0,0.01,1.0,,,,,,,,0.106081227688693,0.193763919821826,0.430215293244246,0.375,0.375541399998837,0.0234375,0.023903542857169002,0.002480158730158,5.7723070668504966e-05,584896512.0,154112.0,1164.0,449.0,0.00409266739667799,0.011135857461024995,0.010764662212323972,0.03125,0.03504549999934198,0.000600961538461002,0.001449503296689001,3.8752480158000136e-05,1.4247528254349105e-06,225820672,0,0,0,3
als|factors=32;epochs=15;regularisation=0.01;alpha=10.0|frac=0.5,gift_cards,als,0.5,,,32.0,15.0,0.01,10.0,,,,,,,,0.108003625868582,0.20489977728285003,0.42487008166295404,0.34375000000000006,0.350041699999565,0.024038461538461002,0.02398321538462,0.0025406504065040004,5.93864408878165e-05,584896512.0,154112.0,1164.0,449.0,0.004978404948143,0.011135857461023996,0.013140311804008986,0.015625000000000056,0.011303400000542974,0.0018028846153840018,0.0018567258241669986,0.00016542049890899994,4.193552562647756e-06,225820672,0,0,0,3
als|factors=32;epochs=15;regularisation=0.01;alpha=40.0|frac=0.5,gift_cards,als,0.5,,,32.0,15.0,0.01,40.0,,,,,,,,0.10215986490134601,0.19821826280623603,0.41692650334075704,0.34375000000000006,0.345856599999933,0.024038461538461002,0.024023015384640002,0.002480158730158,5.906151507487812e-05,584896512.0,154112.0,1164.0,449.0,0.01400755462917,0.013363028953229023,0.012472160356346962,0.03125,0.019567999999707986,0.000600961538461002,0.0014235434064969986,0.00010084548857700005,1.5630446036475832e-06,225820672,0,0,0,3
als|factors=32;epochs=15;regularisation=0.1;alpha=1.0|frac=0.5,gift_cards,als,0.5,,,32.0,15.0,0.1,1.0,,,,,,,,0.10670792185625001,0.195991091314031,0.432368225686711,0.34375000000000006,0.340423900000132,0.024038461538461002,0.024012853846180002,0.0024606299212590003,5.8891553880418034e-05,584896512.0,154112.0,1164.0,449.0,0.003649331702926001,0.011135857461024995,0.01618411284335497,0.03125,0.012166299999080032,0.000600961538461002,0.0021629472528450003,0.0002222042663220002,1.7068642257678606e-06,225820672,0,0,0,3
als|factors=32;epochs=15;regularisation=0.1;alpha=10.0|frac=0.5,gift_cards,als,0.5,,,32.0,15.0,0.1,10.0,,,,,,,,0.10710061354763901,0.20712694877505503,0.424424647364513,0.328125,0.34081369999876104,0.024038461538461002,0.023967876923052002,0.0025,5.915060763649026e-05,584896512.0,154112.0,1164.0,449.0,0.007591546579739997,0.006681514476614997,0.010690423162584006,0.046875,0.04426770000145597,0.0018028846153840018,0.0017581494506540007,4.0002560164000174e-05,4.059523129679037e-06,225820672,0,0,0,3
als|factors=32;epochs=15;regularisation=0.1;alpha=40.0|frac=0.5,gift_cards,als,0.5,,,32.0,15.0,0.1,40.0,,,,,,,,0.10049233910416001,0.191536748329621,0.40029695619896005,0.34375000000000006,0.34112040000036303,0.024038461538461002,0.023870692307704004,0.0025406504065040004,5.915060763649026e-05,584896512.0,154112.0,1164.0,449.0,0.017040528760374,0.02004454342984402,0.01952487008166298,0.0625,0.065478799997436,0.001717032967032999,0.001395330769199999,6.248333777699984e-05,3.917655208525785e-06,225820672,0,0,0,3
als|factors=32;epochs=30;regularisation=0.001;alpha=1.0|frac=0.5,gift_cards,als,0.5,,,32.0,30.0,0.001,1.0,,,,,,,,0.11490189634232201,0.20489977728285003,0.44112843355605,0.6875,0.685112999999546,0.024038461538461002,0.023692576923062002,0.0025,5.906151507487812e-05,584896512.0,154112.0,1164.0,449.0,0.009530641193230993,0.03340757238307401,0.005790645879732992,0.078125,0.08127410000133806,0.000600961538461002,0.0006878373625209995,0.00012400793650800025,1.570441436811157e-06,225820672,0,0,0,3
als|factors=32;epochs=30;regularisation=0.001;alpha=10.0|frac=0.5,gift_cards,als,0.5,,,32.0,30.0,0.001,10.0,,,,,,,,0.106072583086079,0.21158129175946502,0.43036377134372605,0.6875,0.68415559999994,0.0234375,0.023417878571438,0.0025,5.776726057906459e-05,584896512.0,154112.0,1164.0,449.0,0.007207508451612998,0.015590200445433994,0.018114328136600022,0.015625,0.004890600001089984,0.001717032967032999,0.0008094769230129993,2.0161290322000258e-05,3.869029526404345e-06,225820672,0,0,0,3
als|factors=32;epochs=30;regularisation=0.001;alpha=40.0|frac=0.5,gift_cards,als,0.5,,,32.0,30.0,0.001,40.0,,,,,,,,0.101901675741542,0.20935412026726002,0.42435040831477305,0.6875,0.684603599998808,0.024038461538461002,0.023187200000113,0.002480158730158,5.897520665581635e-05,584896512.0,154112.0,1164.0,449.0,0.006954298560765987,0.013363028953228995,0.013140311804009042,0.015625,0.01817919999803097,0.001717032967032999,0.0013947620878839995,5.859375000000005e-05,3.7799369647922035e-06,225820672,0,0,0,3
als|factors=32;epochs=30;regularisation=0.01;alpha=1.0|frac=0.5,gift_cards,als,0.5,,,32.0,30.0,0.01,1.0,,,,,,,,0.11485644333983001,0.20489977728285003,0.44157386785449104,0.671875,0.6814806999991561,0.0234375,0.023424578571523,0.00244140625,5.7636762249443207e-05,584896512.0,154112.0,1164.0,449.0,0.009285706671209995,0.03340757238307401,0.005790645879731993,0.015625,0.015153699999699954,0.0,0.00046459285717299903,3.8752480158000136e-05,8.630841906175936e-08,225820672,0,0,0,3
als|factors=32;epochs=30;regularisation=0.01;alpha=10.0|frac=0.5,gift_cards,als,0.5,,,32.0,30.0,0.01,10.0,,,,,,,,0.106992876850325,0.20044543429844003,0.42991833704528504,0.671875,0.6832962999997101,0.0234375,0.023710671428489,0.0025201612903220003,5.795132433875094e-05,584896512.0,154112.0,1164.0,449.0,0.003053771793620999,0.026726057906459016,0.005790645879732992,0.015625,0.013818200002334025,0.001717032967032999,0.0007480714285919982,8.26446280990001e-05,3.7792242242993033e-06,225820672,0,0,0,3
als|factors=32;epochs=30;regularisation=0.01;alpha=40.0|frac=0.5,gift_cards,als,0.5,,,32.0,30.0,0.01,40.0,,,,,,,,0.10482880325782201,0.20267260579064503,0.425018559762435,0.671875,0.681402899999739,0.024038461538461002,0.02349324615408,0.0024606299212590003,5.9018021068421784e-05,584896512.0,154112.0,1164.0,449.0,0.005682009707791008,0.013363028953228995,0.010022271714921982,0.015625,0.018102399999860963,0.001717032967032999,0.001401568131909,0.00010084548857700005,3.599526678077382e-06,225820672,0,0,0,3
als|factors=32;epochs=30;regularisation=0.1;alpha=1.0|frac=0.5,gift_cards,als,0.5,,,32.0,30.0,0.1,1.0,,,,,,,,0.11557647033470302,0.20712694877505503,0.44231625835189303,0.6875,0.683897400000205,0.024038461538461002,0.023742938461544003,0.002480158730158,5.897520665581635e-05,584896512.0,154112.0,1164.0,449.0,0.009579465854599012,0.03340757238307401,0.010838901262062994,0.03125,0.022503800002595997,0.000600961538461002,0.0008528384613699994,7.875504032200031e-05,1.4275369679852927e-06,225820672,0,0,0,3
als|factors=32;epochs=30;regularisation=0.1;alpha=10.0|frac=0.5,gift_cards,als,0.5,,,32.0,30.0,0.1,10.0,,,,,,,,0.10723494850300001,0.20267260579064503,0.42858203414996204,0.6875,0.6868491999994141,0.024038461538461002,0.023832953846207,0.002480158730158,5.9018021068421784e-05,584896512.0,154112.0,1164.0,449.0,0.0021530221475970085,0.004454342984409998,0.004677060133630007,0.015625,0.01151090000030397,0.001717032967032999,0.000767706044041,5.953136906300003e-05,3.735034313739686e-06,225820672,0,0,0,3
als|factors=32;epochs=30;regularisation=0.1;alpha=40.0|frac=0.5,gift_cards,als,0.5,,,32.0,30.0,0.1,40.0,,,,,,,,0.10365080739547501,0.195991091314031,0.41752041573867804,0.671875,0.6809000000012021,0.0234375,0.023504178571394002,0.0025201612903220003,5.776726057906459e-05,584896512.0,154112.0,1164.0,449.0,0.002056457241328996,0.011135857461024024,0.01269487750556797,0.03125,0.01563550000082603,0.001717032967032999,0.001570637912059001,6.147540983600028e-05,3.7321132461458567e-06,225820672,0,0,0,3
als|factors=64;epochs=5;regularisation=0.001;alpha=1.0|frac=0.5,gift_cards,als,0.5,,,64.0,5.0,0.001,1.0,,,,,,,,0.056004109001773,0.118040089086859,0.39391239792130606,0.1953125,0.200285750000148,0.024038461538461002,0.023856030769226003,0.0025,5.9105704985437734e-05,584896512.0,308224.0,1164.0,449.0,0.013161279148584004,0.026726057906459003,0.018040089086859,0.0078125,0.009601500000825991,0.002918956043955999,0.0016798043956799992,8.13166796780002e-05,6.319909497279977e-06,225820672,0,0,0,3
als|factors=64;epochs=5;regularisation=0.001;alpha=10.0|frac=0.5,gift_cards,als,0.5,,,64.0,5.0,0.001,10.0,,,,,,,,0.06643472597888901,0.133630289532294,0.382553823311061,0.203125,0.20185279999986902,0.024038461538461002,0.023862884615552003,0.0025406504065040004,5.915060763649026e-05,584896512.0,308224.0,1164.0,449.0,0.006823971777383996,0.017817371937638993,0.019153674832961987,0.0078125,0.0072362000007610006,0.000600961538461002,0.0011956197802469974,2.0489116182000056e-05,1.3384444063731444e-06,225820672,0,0,0,3
als|factors=64;epochs=5;regularisation=0.001;alpha=40.0|frac=0.5,gift_cards,als,0.5,,,64.0,5.0,0.001,40.0,,,,,,,,0.068305846090841,0.140311804008908,0.38960653303637705,0.1953125,0.20138014999997703,0.024038461538461002,0.024145300000012002,0.002480158730158,5.93864408878165e-05,584896512.0,308224.0,1164.0,449.0,0.010006524521308992,0.017817371937638993,0.005419450631031997,0.0078125,0.0033264499988950036,0.0026041666666660017,0.0018614547619089997,0.0002035698000130001,5.671466718625797e-06,225820672,0,0,0,3
als|factors=64;epochs=5;regularisation=0.01;alpha=1.0|frac=0.5,gift_cards,als,0.5,,,64.0,5.0,0.01,1.0,,,,,,,,0.052929278183913006,0.11135857461024501,0.400593912397921,0.203125,0.205487700000958,0.024038461538461002,0.024007746153634,0.0025,5.9105704985437734e-05,584896512.0,308224.0,1164.0,449.0,0.010604507496008997,0.026726057906459003,0.01410541945063104,0.0078125,0.00810469999987598,0.0,0.000675400000056,7.875504032200031e-05,1.7540098067390768e-07,225820672,0,0,0,3
als|factors=64;epochs=5;regularisation=0.01;alpha=10.0|frac=0.5,gift_cards,als,0.5,,,64.0,5.0,0.01,10.0,,,,,,,,0.062505708265244,0.124721603563474,0.39250185597624304,0.1953125,0.201087450000159,0.024038461538461002,0.023519530769240002,0.002480158730158,5.897520665581635e-05,584896512.0,308224.0,1164.0,449.0,0.010353530032384005,0.02895322939866299,0.009576837416481021,0.0078125,0.009687600000687996,0.001717032967032999,0.001024013186842001,5.859375000000005e-05,3.868316785911438e-06,225820672,0,0,0,3
als|factors=64;epochs=5;regularisation=0.01;alpha=40.0|frac=0.5,gift_cards,als,0.5,,,64.0,5.0,0.01,40.0,,,,,,,,0.061148541563518004,0.122494432071269,0.387527839643652,0.1953125,0.200195050000047,0.024038461538461002,0.023437885714364,0.002480158730158,5.893305603255363e-05,584896512.0,308224.0,1164.0,449.0,0.011326221185788007,0.028953229398663988,0.004825538233110993,0.0078125,0.00522329999967,0.001717032967032999,0.0006917153847240017,5.767811000300001e-05,3.824126875351821e-06,225820672,0,0,0,3
als|factors=64;epochs=5;regularisation=0.1;alpha=1.0|frac=0.5,gift_cards,als,0.5,,,64.0,5.0,0.1,1.0,,,,,,,,0.055159762767777,0.118040089086859,0.39866369710467703,0.203125,0.20244004999949503,0.0234375,0.023869323077143,0.002480158730158,5.785779600557698e-05,584896512.0,308224.0,1164.0,449.0,0.011749796454313996,0.024498886414254004,0.0030438010393469828,0.0,0.003027099999372007,0.000600961538461002,0.0008722571428740021,0.00011816978634900024,1.2099853640486647e-06,225820672,0,0,0,3
als|factors=64;epochs=5;regularisation=0.1;alpha=10.0|frac=0.5,gift_cards,als,0.5,,,64.0,5.0,0.1,10.0,,,,,,,,0.06231537424808001,0.120267260579064,0.39094283593170004,0.203125,0.204154799999741,0.024038461538461002,0.023804115384476,0.0026260504201680002,5.93864408878165e-05,584896512.0,308224.0,1164.0,449.0,0.010335813127278,0.02895322939866299,0.022494432071269,0.0078125,0.008831099999725006,0.001717032967032999,0.0014260351647330007,0.00022106677985300012,4.316480505313636e-06,225820672,0,0,0,3
als|factors=64;epochs=5;regularisation=0.1;alpha=40.0|frac=0.5,gift_cards,als,0.5,,,64.0,5.0,0.1,40.0,,,,,,,,0.058346107586131006,0.11135857461024501,0.385597624350408,0.1953125,0.20352564999939202,0.024038461538461002,0.023706084615381002,0.0025406504065040004,5.919624041195013e-05,584896512.0,308224.0,1164.0,449.0,0.014390804752353,0.044543429844097995,0.019153674832962042,0.015625,0.011280749999286993,0.001717032967032999,0.001312939560423998,4.0650406504000314e-05,3.914662301864214e-06,225820672,0,0,0,3
als|factors=64;epochs=15;regularisation=0.001;alpha=1.0|frac=0.5,gift_cards,als,0.5,,,64.0,15.0,0.001,1.0,,,,,,,,0.054252801321091004,0.118040089086859,0.397030438010393,0.59375,0.600438500001473,0.0234375,0.024144953846154,0.0025201612903220003,5.795132433875094e-05,584896512.0,308224.0,1164.0,449.0,0.006830444850858,0.02004454342984399,0.01722345953971799,0.0625,0.06325359999937108,0.000600961538461002,0.001633228571466,0.00012201470683999988,1.4710309744416192e-06,225820672,0,0,0,3
als|factors=64;epochs=15;regularisation=0.001;alpha=10.0|frac=0.5,gift_cards,als,0.5,,,64.0,15.0,0.001,10.0,,,,,,,,0.068230903323166,0.14699331848552302,0.38611729769858905,0.59375,0.6028260000002771,0.024038461538461002,0.023862569230739,0.0025,5.9105704985437734e-05,584896512.0,308224.0,1164.0,449.0,0.009223298834569002,0.02004454342984402,0.014922048997773052,0.0625,0.053418500002409,0.009375000000000001,0.009916178571490002,0.0010905064423769998,2.330847759994771e-05,225820672,0,0,0,3
als|factors=64;epochs=15;regularisation=0.001;alpha=40.0|frac=0.5,gift_cards,als,0.5,,,64.0,15.0,0.001,40.0,,,,,,,,0.066942156997901,0.14253897550111302,0.38337045285820304,0.609375,0.6047591999999891,0.024038461538461002,0.024107015384603,0.002480158730158,5.906151507487812e-05,584896512.0,308224.0,1164.0,449.0,0.004359007325584002,0.004454342984410026,0.020267260579063973,0.21875,0.26601770000161196,0.007508116883116998,0.010040796753323998,0.0009539072039070002,1.8846378812971235e-05,225820672,0,0,0,3
als|factors=64;epochs=15;regularisation=0.01;alpha=1.0|frac=0.5,gift_cards,als,0.5,,,64.0,15.0,0.01,1.0,,,,,,,,0.05116433661498,0.10913140311804001,0.39443207126948704,0.59375,0.5986426999998,0.024038461538461002,0.024230507692314003,0.0025406504065040004,5.919624041195013e-05,584896512.0,308224.0,1164.0,449.0,0.006128056753936004,0.017817371937638993,0.009502598366741,0.1875000000000001,0.225702399997317,0.004971590909090003,0.006768818831147001,0.00020689883474500018,1.1533384730148489e-05,225820672,0,0,0,3
als|factors=64;epochs=15;regularisation=0.01;alpha=10.0|frac=0.5,gift_cards,als,0.5,,,64.0,15.0,0.01,10.0,,,,,,,,0.06361929951113701,0.131403118040089,0.385003711952487,0.59375,0.5961626999996951,0.024038461538461002,0.023927946153854,0.0025,5.897520665581635e-05,584896512.0,308224.0,1164.0,449.0,0.010743586085771,0.026726057906459016,0.011952487008166035,0.078125,0.09053770000355099,0.001717032967032999,0.002968867032994999,0.00022953392094000012,4.2048399509424e-06,225820672,0,0,0,3
als|factors=64;epochs=15;regularisation=0.01;alpha=40.0|frac=0.5,gift_cards,als,0.5,,,64.0,15.0,0.01,40.0,,,,,,,,0.063136058010039,0.133630289532294,0.37795100222717104,0.59375,0.598113999999895,0.024038461538461002,0.023679253846169,0.0025614754098360003,5.897520665581635e-05,584896512.0,308224.0,1164.0,449.0,0.003972982910176996,0.006681514476613998,0.01410541945063104,0.0625,0.06379209999977298,0.0037202380952379988,0.0025739642858410017,0.00012006915983600033,8.285608229928946e-06,225820672,0,0,0,3
als|factors=64;epochs=15;regularisation=0.1;alpha=1.0|frac=0.5,gift_cards,als,0.5,,,64.0,15.0,0.1,1.0,,,,,,,,0.050924636932418006,0.10913140311804001,0.394357832219747,0.59375,0.5980985000005601,0.025240384615384002,0.024801284615442003,0.0025406504065040004,6.173840388762438e-05,584896512.0,308224.0,1164.0,449.0,0.004778155857869004,0.013363028953228995,0.003118040089087004,0.03125,0.0396678999977661,0.002918956043955999,0.0021449730768850032,0.0006139006757819999,7.733552435172784e-06,225820672,0,0,0,3
als|factors=64;epochs=15;regularisation=0.1;alpha=10.0|frac=0.5,gift_cards,als,0.5,,,64.0,15.0,0.1,10.0,,,,,,,,0.06484510564925901,0.135857461024498,0.383444691907943,0.59375,0.603387700000894,0.024038461538461002,0.023941115384611,0.0025406504065040004,5.919624041195013e-05,584896512.0,308224.0,1164.0,449.0,0.011240421744899004,0.026726057906459016,0.0057164068299929705,0.15625,0.194741700000577,0.010336538461538994,0.012127912307859,0.000913904643743,2.5056666158756824e-05,225820672,0,0,0,3
als|factors=64;epochs=15;regularisation=0.1;alpha=40.0|frac=0.5,gift_cards,als,0.5,,,64.0,15.0,0.1,40.0,,,,,,,,0.062082407468768,0.129175946547884,0.378470675575352,0.640625,0.639597600000342,0.0234375,0.023874492857138004,0.002582644628099,5.7723070668504966e-05,584896512.0,308224.0,1164.0,449.0,0.0051124029354669975,0.011135857461024995,0.006533036377133983,0.578125,0.5995962000015429,0.018694196428571997,0.019309762500143,0.0018006631876500002,4.541731340322775e-05,225820672,0,0,0,3
als|factors=64;epochs=30;regularisation=0.001;alpha=1.0|frac=0.5,gift_cards,als,0.5,,,64.0,30.0,0.001,1.0,,,,,,,,0.05278349154138601,0.11358574610244901,0.39658500371195204,1.1875,1.192263400000229,0.02734375,0.027276824999982,0.0025201612903220003,6.65120518715425e-05,584896512.0,308224.0,1164.0,449.0,0.005621722127227002,0.02227171492204899,0.007052709725314965,0.375,0.42000890000008395,0.007508116883116998,0.007231703246716001,0.0006565656565650003,1.8184148195284048e-05,225820672,0,0,0,3
als|factors=64;epochs=30;regularisation=0.001;alpha=10.0|frac=0.5,gift_cards,als,0.5,,,64.0,30.0,0.001,10.0,,,,,,,,0.06706856526221501,0.14476614699331802,0.378619153674833,1.1875,1.196927499999219,0.0234375,0.023687785714303,0.00244140625,5.7636762249443207e-05,584896512.0,308224.0,1164.0,449.0,0.005248633366833996,0.015590200445434022,0.005864884929473013,0.296875,0.30664270000170313,0.00390625,0.003764710714242999,0.000526094276094,9.871590815354723e-06,225820672,0,0,0,3
als|factors=64;epochs=30;regularisation=0.001;alpha=40.0|frac=0.5,gift_cards,als,0.5,,,64.0,30.0,0.001,40.0,,,,,,,,0.067160905293798,0.14253897550111302,0.382553823311061,1.1875,1.196825900000476,0.024038461538461002,0.023857330769225003,0.0025201612903220003,5.915060763649026e-05,584896512.0,308224.0,1164.0,449.0,0.0011233983428039912,0.006681514476615025,0.01477357089829201,0.125,0.11294230000021388,0.0,0.002115446153766,0.000252559267241,5.624928000921549e-07,225820672,0,0,0,3
als|factors=64;epochs=30;regularisation=0.01;alpha=1.0|frac=0.5,gift_cards,als,0.5,,,64.0,30.0,0.01,1.0,,,,,,,,0.051244090762634004,0.10913140311804001,0.39324424647364503,1.203125,1.204267700000855,0.024038461538461002,0.023768769230768,0.002480158730158,5.893305603255363e-05,584896512.0,308224.0,1164.0,449.0,0.0021260613345829987,0.011135857461023996,0.0047512991833699725,0.203125,0.1871687999991989,0.0026041666666660017,0.002652523809610001,0.0004184284707540002,6.603378680216102e-06,225820672,0,0,0,3
als|factors=64;epochs=30;regularisation=0.01;alpha=10.0|frac=0.5,gift_cards,als,0.5,,,64.0,30.0,0.01,10.0,,,,,,,,0.065073528838077,0.138084632516703,0.388567186340014,1.1875,1.196039400000245,0.024038461538461002,0.024369246153862,0.0025614754098360003,5.9696989452394786e-05,584896512.0,308224.0,1164.0,449.0,0.007951642726655002,0.02227171492204902,0.008314773570897993,0.390625,0.40620420000050217,0.002918956043955999,0.003151307142826,0.0002853279955050002,6.682121878916215e-06,225820672,0,0,0,3
als|factors=64;epochs=30;regularisation=0.01;alpha=40.0|frac=0.5,gift_cards,als,0.5,,,64.0,30.0,0.01,40.0,,,,,,,,0.06434068343103201,0.133630289532294,0.38062360801781703,1.21875,1.225137200000062,0.025240384615384002,0.024649707692298004,0.00244140625,6.165209546856263e-05,584896512.0,308224.0,1164.0,449.0,0.006305544753687005,0.013363028953229023,0.00527097253155101,0.203125,0.197321900001044,0.0020032051282049997,0.0028103499999609996,0.0006526531559400001,5.915051857785569e-06,225820672,0,0,0,3
als|factors=64;epochs=30;regularisation=0.1;alpha=1.0|frac=0.5,gift_cards,als,0.5,,,64.0,30.0,0.1,1.0,,,,,,,,0.052165799815645,0.11358574610244901,0.393986636971046,1.25,1.2648393999998,0.024038461538461002,0.024290138461555002,0.0025614754098360003,5.924262126569622e-05,584896512.0,308224.0,1164.0,449.0,0.001259409171269002,0.002227171492204,0.009651076466221042,0.25,0.243728800000099,0.0037202380952379988,0.004127258333201999,0.0003409090909090003,9.044871238635154e-06,225820672,0,0,0,3
als|factors=64;epochs=30;regularisation=0.1;alpha=10.0|frac=0.5,gift_cards,als,0.5,,,64.0,30.0,0.1,10.0,,,,,,,,0.06393708017555,0.135857461024498,0.38218262806236003,1.265625,1.325672299999951,0.024038461538461002,0.024190730769217003,0.0025,5.9105704985437734e-05,584896512.0,308224.0,1164.0,449.0,0.008399346359799997,0.024498886414254017,0.008314773570897993,0.25,0.2498476999990089,0.0037202380952379988,0.0038687202380359997,0.0003607503607510002,9.089061149194771e-06,225820672,0,0,0,3
als|factors=64;epochs=30;regularisation=0.1;alpha=40.0|frac=0.5,gift_cards,als,0.5,,,64.0,30.0,0.1,40.0,,,,,,,,0.063684418843375,0.133630289532294,0.38262806236080105,1.1875,1.200069500000154,0.025240384615384002,0.024232907692329,0.002480158730158,6.16099448452999e-05,584896512.0,308224.0,1164.0,449.0,0.005627527288180993,0.008908685968818997,0.010022271714922037,0.28125,0.293558699999267,0.010491071428571998,0.009392087142960998,0.000766294890049,2.4943626299814665e-05,225820672,0,0,0,3
als|factors=128;epochs=5;regularisation=0.001;alpha=1.0|frac=0.5,gift_cards,als,0.5,,,128.0,5.0,0.001,1.0,,,,,,,,0.017905350756073,0.035634743875278,0.425167037861915,0.546875,0.552845299999717,0.024038461538461002,0.024318653846141004,0.002582644628099,5.9289768745124084e-05,584896512.0,616448.0,1164.0,449.0,0.0024921003113160013,0.013363028953229002,0.009725315515962007,0.1875000000000001,0.16079920000083792,0.010491071428571998,0.010559912856765004,0.00021739130434700023,2.384958292409633e-05,225820672,0,0,0,3
als|factors=128;epochs=5;regularisation=0.001;alpha=10.0|frac=0.5,gift_cards,als,0.5,,,128.0,5.0,0.001,10.0,,,,,,,,0.033020368717742,0.07795100222717101,0.426132145508537,0.546875,0.5538734000001561,0.024038461538461002,0.024370630769226003,0.002693965517241,5.9537699455908506e-05,584896512.0,616448.0,1164.0,449.0,0.007451891074201002,0.017817371937639007,0.030957683741648034,0.015625,0.01862860000255706,0.005022321428571997,0.0037295321427720032,0.00041471506635399995,1.2109212683576488e-05,225820672,0,0,0,3
als|factors=128;epochs=5;regularisation=0.001;alpha=40.0|frac=0.5,gift_cards,als,0.5,,,128.0,5.0,0.001,40.0,,,,,,,,0.048775490415814006,0.09576837416481,0.412026726057906,0.5625,0.568529699999999,0.025240384615384002,0.024657915384663002,0.0025201612903220003,6.1782593798184e-05,584896512.0,616448.0,1164.0,449.0,0.0023902913493840036,0.00890868596882001,0.020193021529324007,0.078125,0.09064260000195601,0.002918956043955999,0.0021393269230530025,8.26446280990001e-05,6.6401767967319284e-06,225820672,0,0,0,3
als|factors=128;epochs=5;regularisation=0.01;alpha=1.0|frac=0.5,gift_cards,als,0.5,,,128.0,5.0,0.01,1.0,,,,,,,,0.016639350912925,0.037861915367483005,0.42197475872308804,0.546875,0.5530473000003441,0.024038461538461002,0.024042938461556,0.0025614754098360003,5.924262126569622e-05,584896512.0,616448.0,1164.0,449.0,0.0027724594754999984,0.0,0.007943578322196998,0.03125,0.01776450000215901,0.0,0.00031253846170299984,0.00018464417016800022,4.1123423200014914e-07,225820672,0,0,0,3
als|factors=128;epochs=5;regularisation=0.01;alpha=10.0|frac=0.5,gift_cards,als,0.5,,,128.0,5.0,0.01,10.0,,,,,,,,0.036223885757671,0.071269487750556,0.42026726057906405,0.546875,0.5540037000009761,0.024038461538461002,0.024263792307745002,0.0025406504065040004,5.919624041195013e-05,584896512.0,616448.0,1164.0,449.0,0.017548024467084998,0.031180400890869014,0.018114328136599966,0.015625,0.01776009999730399,0.001717032967032999,0.0015492719780670003,8.540001366399985e-05,4.0143273512182e-06,225820672,0,0,0,3
als|factors=128;epochs=5;regularisation=0.01;alpha=40.0|frac=0.5,gift_cards,als,0.5,,,128.0,5.0,0.01,40.0,,,,,,,,0.060661944315019006,0.120267260579064,0.42175204157386703,0.546875,0.5518747000000981,0.024038461538461002,0.02457350000007,0.0025,5.943600584233252e-05,584896512.0,616448.0,1164.0,449.0,0.021870358307970003,0.04231625835189301,0.012546399406086983,0.03125,0.023523600000770917,0.002918956043955999,0.0019917983515400015,0.00024445893089900016,6.286864583078389e-06,225820672,0,0,0,3
als|factors=128;epochs=5;regularisation=0.1;alpha=1.0|frac=0.5,gift_cards,als,0.5,,,128.0,5.0,0.1,1.0,,,,,,,,0.024623479741942,0.053452115812917006,0.411432813659985,0.546875,0.548465299999861,0.024038461538461002,0.02454276923079,0.002582644628099,5.9289768745124084e-05,584896512.0,616448.0,1164.0,449.0,0.001799852599842,0.006681514476615004,0.008314773570898992,0.015625,0.023526299999502953,0.002918956043955999,0.0017393505493769994,0.00010765467824099982,6.740781118480512e-06,225820672,0,0,0,3
als|factors=128;epochs=5;regularisation=0.1;alpha=10.0|frac=0.5,gift_cards,als,0.5,,,128.0,5.0,0.1,10.0,,,,,,,,0.049730536949768006,0.097995545657015,0.39443207126948704,0.546875,0.54922660000011,0.024038461538461002,0.02410714615385,0.002480158730158,5.906151507487812e-05,584896512.0,616448.0,1164.0,449.0,0.018379208059403004,0.024498886414254004,0.034669636228656986,0.015625,0.01582860000053099,0.000600961538461002,0.001705404395609001,0.0002035698000130001,1.7918292616360138e-06,225820672,0,0,0,3
als|factors=128;epochs=5;regularisation=0.1;alpha=40.0|frac=0.5,gift_cards,als,0.5,,,128.0,5.0,0.1,40.0,,,,,,,,0.06300876375846501,0.122494432071269,0.40801781737193704,0.5625,0.573208400001021,0.024038461538461002,0.024454530769197003,0.002648305084745,5.943600584233252e-05,584896512.0,616448.0,1164.0,449.0,0.025328511994769,0.04454342984409801,0.033481811432814035,0.03125,0.034409800000503976,0.001717032967032999,0.001767437362664999,0.00022106677985300012,4.316480505313636e-06,225820672,0,0,0,3
als|factors=128;epochs=15;regularisation=0.001;alpha=1.0|frac=0.5,gift_cards,als,0.5,,,128.0,15.0,0.001,1.0,,,,,,,,0.020619428805722,0.044543429844097,0.41573867854491403,1.703125,1.7779062999998132,0.024038461538461002,0.024421007692301003,0.0025614754098360003,5.915060763649026e-05,584896512.0,616448.0,1164.0,449.0,0.0008107671069489987,0.006681514476613998,0.026057906458796964,0.125,0.12568499999861116,0.008928571428571997,0.009234099999775997,0.000840053763441,2.16643899164784e-05,225820672,0,0,0,3
als|factors=128;epochs=15;regularisation=0.001;alpha=10.0|frac=0.5,gift_cards,als,0.5,,,128.0,15.0,0.001,10.0,,,,,,,,0.024777576305303,0.05122494432071201,0.42271714922049003,1.640625,1.649926799999775,0.024038461538461002,0.024088369230762,0.002648305084745,5.943600584233252e-05,584896512.0,616448.0,1164.0,449.0,0.006934354578237,0.015590200445434993,0.02301410541944998,0.546875,0.545094099999915,0.0078125,0.008781057143019005,0.0011694734028330003,2.000439510653336e-05,225820672,0,0,0,3
als|factors=128;epochs=15;regularisation=0.001;alpha=40.0|frac=0.5,gift_cards,als,0.5,,,128.0,15.0,0.001,40.0,,,,,,,,0.042677671831654,0.0913140311804,0.40720118782479503,1.65625,1.661626399999932,0.024038461538461002,0.024230315384626003,0.0025201612903220003,5.915060763649026e-05,584896512.0,616448.0,1164.0,449.0,0.005202001425227996,0.013363028953228995,0.018634001484781004,0.21875,0.21440619999884802,0.005022321428571997,0.00472164166673,0.000295154024993,1.184292974067741e-05,225820672,0,0,0,3
als|factors=128;epochs=15;regularisation=0.01;alpha=1.0|frac=0.5,gift_cards,als,0.5,,,128.0,15.0,0.01,1.0,,,,,,,,0.020367621908119003,0.044543429844097,0.41447661469933106,1.671875,1.669699300000502,0.024038461538461002,0.024634515384465,0.002582644628099,5.9289768745124084e-05,584896512.0,616448.0,1164.0,449.0,0.0009556165894989976,0.006681514476613998,0.02190051967334805,0.09375,0.09039439999924115,0.0037202380952379988,0.0030163178571839984,0.0001876751634859999,8.703593003839699e-06,225820672,0,0,0,3
als|factors=128;epochs=15;regularisation=0.01;alpha=10.0|frac=0.5,gift_cards,als,0.5,,,128.0,15.0,0.01,10.0,,,,,,,,0.021336358171671,0.044543429844097,0.406978470675575,1.640625,1.65183049999996,0.024038461538461002,0.023912764285601,0.0024606299212590003,5.9018021068421784e-05,584896512.0,616448.0,1164.0,449.0,0.0034581632394009992,0.008908685968819004,0.024647364513735004,0.078125,0.06578199999967094,0.0018028846153840018,0.0004697923077050005,0.00012006915983600033,3.747918609239548e-06,225820672,0,0,0,3
als|factors=128;epochs=15;regularisation=0.01;alpha=40.0|frac=0.5,gift_cards,als,0.5,,,128.0,15.0,0.01,40.0,,,,,,,,0.035698364936019,0.07572383073496601,0.427097253155159,1.71875,1.717379800000344,0.025240384615384002,0.025687458333322002,0.0026260504201680002,6.231985007919834e-05,584896512.0,616448.0,1164.0,449.0,0.008024031651047002,0.017817371937639007,0.02605790645879702,0.078125,0.1484285999986239,0.0037202380952379988,0.0026305785712300023,0.00020057766367100006,8.475808705795333e-06,225820672,0,0,0,3
als|factors=128;epochs=15;regularisation=0.1;alpha=1.0|frac=0.5,gift_cards,als,0.5,,,128.0,15.0,0.1,1.0,,,,,,,,0.035104206579623,0.07349665924276101,0.41343726800296904,1.65625,1.662301100000149,0.025240384615384002,0.024350069230982003,0.0025201612903220003,6.182749644923654e-05,584896512.0,616448.0,1164.0,449.0,0.003483064245760996,0.008908685968819996,0.008982925018560017,0.0625,0.06268740000268691,0.0018028846153840018,0.0017661208791189993,8.13166796780002e-05,4.1964394099375455e-06,225820672,0,0,0,3
als|factors=128;epochs=15;regularisation=0.1;alpha=10.0|frac=0.5,gift_cards,als,0.5,,,128.0,15.0,0.1,10.0,,,,,,,,0.022445673736538,0.048997772828507,0.41989606533036306,1.671875,1.6711755000001172,0.024038461538461002,0.024257615384647,0.0025614754098360003,5.924262126569622e-05,584896512.0,616448.0,1164.0,449.0,0.0007691422394159979,0.004454342984410005,0.021677802524127987,0.0625,0.04559330000120099,0.0,0.0015196384615589996,0.00016542049890899994,3.6841981939471623e-07,225820672,0,0,0,3
als|factors=128;epochs=15;regularisation=0.1;alpha=40.0|frac=0.5,gift_cards,als,0.5,,,128.0,15.0,0.1,40.0,,,,,,,,0.039092397959412,0.08017817371937601,0.420341499628804,1.703125,1.713496100001066,0.028409090909090003,0.028472263636351,0.0026260504201680002,6.912058202507568e-05,584896512.0,616448.0,1164.0,449.0,0.004604162313478002,0.006681514476614997,0.029324424647363956,0.140625,0.17439220000005573,0.0037878787878789996,0.005170348484818999,0.00032074780058700004,9.150616009944964e-06,225820672,0,0,0,3
als|factors=128;epochs=30;regularisation=0.001;alpha=1.0|frac=0.5,gift_cards,als,0.5,,,128.0,30.0,0.001,1.0,,,,,,,,0.021230901718370002,0.042316258351893,0.42873051224944303,3.578125,3.5949478000002273,0.024038461538461002,0.024277276923105003,0.002582644628099,5.9289768745124084e-05,584896512.0,616448.0,1164.0,449.0,0.001895095421397,0.002227171492204,0.025389755011135995,0.53125,0.573502100000042,0.0018028846153840018,0.0011756318681209986,8.682967490899985e-05,3.821948642483126e-06,225820672,0,0,0,3
als|factors=128;epochs=30;regularisation=0.001;alpha=10.0|frac=0.5,gift_cards,als,0.5,,,128.0,30.0,0.001,10.0,,,,,,,,0.02394752834585,0.053452115812917006,0.40586488492947204,3.375,3.373533699999825,0.025240384615384002,0.025069392307719002,0.0025,6.254185680689023e-05,584896512.0,616448.0,1164.0,449.0,0.005460299876109,0.015590200445434,0.038530066815145037,0.25,0.2415303000016138,0.0020032051282049997,0.0017338538461370012,0.00038027916965000007,4.549165271593069e-06,225820672,0,0,0,3
als|factors=128;epochs=30;regularisation=0.001;alpha=40.0|frac=0.5,gift_cards,als,0.5,,,128.0,30.0,0.001,40.0,,,,,,,,0.034745647118367,0.07349665924276101,0.401336302895322,3.375,3.377092899998388,0.024038461538461002,0.024087153846406,0.0025201612903220003,5.915060763649026e-05,584896512.0,616448.0,1164.0,449.0,0.013392996328565002,0.020044543429844006,0.020935412026726996,0.125,0.13591309999947,0.0,0.0004987461538450005,4.131411951400002e-05,9.201362920596403e-08,225820672,0,0,0,3
als|factors=128;epochs=30;regularisation=0.01;alpha=1.0|frac=0.5,gift_cards,als,0.5,,,128.0,30.0,0.01,1.0,,,,,,,,0.021901347143012003,0.044543429844097,0.42583518930957603,3.28125,3.293729500001063,0.024038461538461002,0.024019346153846002,0.0025201612903220003,5.915060763649026e-05,584896512.0,616448.0,1164.0,449.0,0.002014292467947997,0.002227171492204,0.01870824053452097,0.125,0.12368750000268758,0.004370629370629001,0.0072240643357810025,4.0002560164000174e-05,9.823233698871308e-06,225820672,0,0,0,3
als|factors=128;epochs=30;regularisation=0.01;alpha=10.0|frac=0.5,gift_cards,als,0.5,,,128.0,30.0,0.01,10.0,,,,,,,,0.023603918741193,0.05122494432071201,0.40430586488492903,3.34375,3.364835200001835,0.024038461538461002,0.024164115384617,0.002480158730158,5.906151507487812e-05,584896512.0,616448.0,1164.0,449.0,0.004549708743310999,0.011135857461024003,0.031180400890868987,0.0625,0.10834449999902107,0.001717032967032999,0.0010278576923259987,0.00014123837809900015,4.138688964659554e-06,225820672,0,0,0,3
als|factors=128;epochs=30;regularisation=0.01;alpha=40.0|frac=0.5,gift_cards,als,0.5,,,128.0,30.0,0.01,40.0,,,,,,,,0.0233865646843,0.053452115812917006,0.42954714179658504,3.28125,3.305322299998806,0.024038461538461002,0.02402277692307,0.00244140625,5.897520665581635e-05,584896512.0,616448.0,1164.0,449.0,0.0012591403937259986,0.004454342984410005,0.018634001484781004,0.09375,0.09381270000267339,0.0012019230769229998,0.001699715384558001,0.0001389947896810002,2.986454045888881e-06,225820672,0,0,0,3
als|factors=128;epochs=30;regularisation=0.1;alpha=1.0|frac=0.5,gift_cards,als,0.5,,,128.0,30.0,0.1,1.0,,,,,,,,0.038714437040127,0.084632516703786,0.419005196733481,3.28125,3.291932499998438,0.024038461538461002,0.023867553846125003,0.00244140625,5.897520665581635e-05,584896512.0,616448.0,1164.0,449.0,0.0010077460630149998,0.004454342984409998,0.016555308092055965,0.25,0.25583479999932024,0.0,0.0015241076923229978,0.000290119363395,6.461455754904713e-07,225820672,0,0,0,3
als|factors=128;epochs=30;regularisation=0.1;alpha=10.0|frac=0.5,gift_cards,als,0.5,,,128.0,30.0,0.1,10.0,,,,,,,,0.024421655449614003,0.05122494432071201,0.403489235337787,3.328125,3.331112899999425,0.024038461538461002,0.024517407692306002,0.0025,5.9105704985437734e-05,584896512.0,616448.0,1164.0,449.0,0.004233908524948003,0.011135857461025002,0.02175204157386801,0.296875,0.26080890000093904,0.00390625,0.0029672988096410002,0.00022582446459000005,9.202838451204304e-06,225820672,0,0,0,3
als|factors=128;epochs=30;regularisation=0.1;alpha=40.0|frac=0.5,gift_cards,als,0.5,,,128.0,30.0,0.1,40.0,,,,,,,,0.024046852779208,0.05122494432071201,0.41076466221232305,3.296875,3.2993361999997433,0.025240384615384002,0.0241377,0.0025201612903220003,6.16099448452999e-05,584896512.0,616448.0,1164.0,449.0,0.0010625093346019986,0.006681514476615004,0.016555308092055965,0.359375,0.36707990000013524,0.002918956043955999,0.0023769120877190006,0.000248459550785,6.836826112636151e-06,225820672,0,0,0,3
als|factors=16;epochs=5;regularisation=0.001;alpha=1.0|frac=1.0,gift_cards,als,1.0,,,16.0,5.0,0.001,1.0,,,,,,,,0.144801771880529,0.267260579064588,0.5141796585003711,0.0859375,0.08654975000001701,0.024038461538461002,0.023740676923073002,0.002480158730158,5.893305603255363e-05,584896512.0,77056.0,2041.0,449.0,0.021809404889262002,0.04231625835189301,0.0057164068299930815,0.018229166666666005,0.018287774999408007,0.0037202380952379988,0.003725066666664001,0.0002035698000130001,8.610534042867336e-06,225820672,0,0,0,3
als|factors=16;epochs=5;regularisation=0.001;alpha=10.0|frac=1.0,gift_cards,als,1.0,,,16.0,5.0,0.001,10.0,,,,,,,,0.134754671220879,0.267260579064588,0.515664439495174,0.0859375,0.085819499999956,0.024038461538461002,0.023995453846160003,0.002480158730158,5.893305603255363e-05,584896512.0,77056.0,2041.0,449.0,0.008400035007040008,0.017817371937639992,0.013140311804007987,0.01171875,0.013466474999859993,0.0037202380952379988,0.003488134523650002,0.0003187474500200003,8.867054421502896e-06,225820672,0,0,0,3
als|factors=16;epochs=5;regularisation=0.001;alpha=40.0|frac=1.0,gift_cards,als,1.0,,,16.0,5.0,0.001,40.0,,,,,,,,0.127830036614538,0.253897550111358,0.519970304380103,0.0859375,0.086604125000121,0.024038461538461002,0.024097684615403,0.002480158730158,5.897520665581635e-05,584896512.0,77056.0,2041.0,449.0,0.022224325581103002,0.03563474387527801,0.006533036377134982,0.01171875,0.0151838000005,0.007508116883116998,0.006879022077980999,0.0004521122685180001,1.7642487018879e-05,225820672,0,0,0,3
als|factors=16;epochs=5;regularisation=0.01;alpha=1.0|frac=1.0,gift_cards,als,1.0,,,16.0,5.0,0.01,1.0,,,,,,,,0.14562559779230402,0.269487750556792,0.5146250927988121,0.0859375,0.086629124999944,0.024038461538461002,0.024050523076906003,0.0025,5.9018021068421784e-05,584896512.0,77056.0,2041.0,449.0,0.019131921719088008,0.04231625835189301,0.011210096510764989,0.018229166666666005,0.014887366667001994,0.0037202380952379988,0.003529419047654001,0.0006959357353060001,9.747892542992761e-06,225820672,0,0,0,3
als|factors=16;epochs=5;regularisation=0.01;alpha=10.0|frac=1.0,gift_cards,als,1.0,,,16.0,5.0,0.01,10.0,,,,,,,,0.13739170748843602,0.26057906458797303,0.5064587973273941,0.0859375,0.086433925000164,0.0234375,0.023662821428583003,0.0024606299212590003,5.767957666204864e-05,584896512.0,77056.0,2041.0,449.0,0.007053201408788984,0.02004454342984502,0.018559762435040983,0.01171875,0.019182000000000005,0.005022321428571997,0.004176803571551001,0.0004046823882220001,1.2086868188850543e-05,225820672,0,0,0,3
als|factors=16;epochs=5;regularisation=0.01;alpha=40.0|frac=1.0,gift_cards,als,1.0,,,16.0,5.0,0.01,40.0,,,,,,,,0.126386691238276,0.247216035634743,0.49049740163325906,0.0859375,0.086767975000043,0.0234375,0.023441457142878003,0.002480158730158,5.7723070668504966e-05,584896512.0,77056.0,2041.0,449.0,0.01385507428834,0.033407572383073014,0.010838901262063994,0.01171875,0.011545400000158995,0.0037202380952379988,0.0030818880952989992,0.0002853279955050002,8.921082607445608e-06,225820672,0,0,0,3
als|factors=16;epochs=5;regularisation=0.1;alpha=1.0|frac=1.0,gift_cards,als,1.0,,,16.0,5.0,0.1,1.0,,,,,,,,0.147744729595079,0.271714922048997,0.5211581291759461,0.0859375,0.086337624999941,0.0234375,0.023886557142857003,0.002480158730158,5.767957666204864e-05,584896512.0,77056.0,2041.0,449.0,0.017373587532796997,0.03563474387527804,0.001633259094284023,0.01171875,0.012073924999527003,0.005022321428571997,0.005095183333175001,0.00030485680440400006,1.1821045487920736e-05,225820672,0,0,0,3
als|factors=16;epochs=5;regularisation=0.1;alpha=10.0|frac=1.0,gift_cards,als,1.0,,,16.0,5.0,0.1,10.0,,,,,,,,0.134748063295651,0.262806236080178,0.514476614699331,0.0859375,0.086799599999949,0.024038461538461002,0.024439807692313003,0.0025201612903220003,5.915060763649026e-05,584896512.0,77056.0,2041.0,449.0,0.012174512359545003,0.02004454342984502,0.014031180400891019,0.0234375,0.024472583333287,0.0037202380952379988,0.0040799107143919995,0.00041335978836,9.206231366587699e-06,225820672,0,0,0,3
als|factors=16;epochs=5;regularisation=0.1;alpha=40.0|frac=1.0,gift_cards,als,1.0,,,16.0,5.0,0.1,40.0,,,,,,,,0.128885798299439,0.238307349665924,0.48285077951002203,0.0859375,0.086675575000072,0.024038461538461002,0.024235446153852,0.0025406504065040004,5.906151507487812e-05,584896512.0,77056.0,2041.0,449.0,0.005401051477771007,0.017817371937638993,0.037490720118783016,0.007812500000000014,0.007758225000088992,0.0037202380952379988,0.003919853571591001,0.0003607503607510002,8.954335812122768e-06,225820672,0,0,0,3
als|factors=16;epochs=15;regularisation=0.001;alpha=1.0|frac=1.0,gift_cards,als,1.0,,,16.0,15.0,0.001,1.0,,,,,,,,0.151100129735597,0.278396436525612,0.504454342984409,0.2578125,0.25691594999989303,0.0234375,0.023494035714293003,0.0025201612903220003,5.781216323011712e-05,584896512.0,77056.0,2041.0,449.0,0.010313565188165008,0.008908685968820051,0.005048255382331002,0.015625,0.018064849999063992,0.000600961538461002,0.001311773626325001,0.00032954865016900006,2.072405765323539e-06,225820672,0,0,0,3
als|factors=16;epochs=15;regularisation=0.001;alpha=10.0|frac=1.0,gift_cards,als,1.0,,,16.0,15.0,0.001,10.0,,,,,,,,0.146854353408125,0.273942093541202,0.508908685968819,0.265625,0.264348400000017,0.0234375,0.023699771428580003,0.0025406504065040004,5.767957666204864e-05,584896512.0,77056.0,2041.0,449.0,0.0067162126308659975,0.015590200445434022,0.028062360801782038,0.0234375,0.025275400000282,0.001717032967032999,0.0018504335164950016,0.0001435367454070001,3.965588479277447e-06,225820672,0,0,0,3
als|factors=16;epochs=15;regularisation=0.001;alpha=40.0|frac=1.0,gift_cards,als,1.0,,,16.0,15.0,0.001,40.0,,,,,,,,0.143927801927486,0.273942093541202,0.508537490720118,0.2578125,0.259376400000292,0.024038461538461002,0.023411384615393,0.0024606299212590003,5.893305603255363e-05,584896512.0,77056.0,2041.0,449.0,0.00734274514286401,0.008908685968819996,0.030586488492946984,0.015625,0.01585305000003201,0.001717032967032999,0.0015279362636309995,0.00029491068419200015,4.395978508064493e-06,225820672,0,0,0,3
als|factors=16;epochs=15;regularisation=0.01;alpha=1.0|frac=1.0,gift_cards,als,1.0,,,16.0,15.0,0.01,1.0,,,,,,,,0.153380068634402,0.282850779510022,0.5056421677802521,0.2578125,0.26059944999997203,0.024038461538461002,0.024025692307707004,0.0025614754098360003,5.924262126569622e-05,584896512.0,77056.0,2041.0,449.0,0.007070087148978027,0.0044543429844100535,0.006978470675574999,0.0390625,0.03373020000094601,0.008774038461539,0.009322211538473,0.00032408047566300033,2.0263071129626222e-05,225820672,0,0,0,3
als|factors=16;epochs=15;regularisation=0.01;alpha=10.0|frac=1.0,gift_cards,als,1.0,,,16.0,15.0,0.01,10.0,,,,,,,,0.14544964794717102,0.273942093541202,0.5030438010393461,0.265625,0.26978109999981803,0.024038461538461002,0.023720992307691,0.0025,5.9105704985437734e-05,584896512.0,77056.0,2041.0,449.0,0.0029718270045230033,0.013363028953228995,0.01870824053452097,0.0546875,0.052402250000341044,0.0026041666666660017,0.0025838821427979983,0.00012201470683999988,6.071673437652584e-06,225820672,0,0,0,3
als|factors=16;epochs=15;regularisation=0.01;alpha=40.0|frac=1.0,gift_cards,als,1.0,,,16.0,15.0,0.01,40.0,,,,,,,,0.14071047600521502,0.273942093541202,0.504008908685968,0.2578125,0.258357499999874,0.0234375,0.023541342857145,0.0025201612903220003,5.781216323011712e-05,584896512.0,77056.0,2041.0,449.0,0.004795947510101012,0.015590200445433966,0.04988864142539001,0.015625,0.01415715000121004,0.0,0.000633414285662999,8.002048524500009e-05,1.7821934352834338e-07,225820672,0,0,0,3
als|factors=16;epochs=15;regularisation=0.1;alpha=1.0|frac=1.0,gift_cards,als,1.0,,,16.0,15.0,0.1,1.0,,,,,,,,0.15401585023438602,0.28507795100222705,0.5060876020786931,0.2578125,0.259924399999363,0.0234375,0.023819978571444002,0.0025,5.7723070668504966e-05,584896512.0,77056.0,2041.0,449.0,0.0064592638194999885,0.004454342984409998,0.004380103934669921,0.015625,0.015253599999823009,0.001116071428571997,0.000449700000120002,6.049167634600023e-05,2.3951470424662903e-06,225820672,0,0,0,3
als|factors=16;epochs=15;regularisation=0.1;alpha=10.0|frac=1.0,gift_cards,als,1.0,,,16.0,15.0,0.1,10.0,,,,,,,,0.145565263515923,0.271714922048997,0.5003711952487,0.265625,0.271044750000328,0.024038461538461002,0.023747107692263,0.0026260504201680002,5.93864408878165e-05,584896512.0,77056.0,2041.0,449.0,0.008239433750254016,0.013363028953229994,0.03266518188567197,0.015625,0.014391500000329016,0.005791083916083999,0.00760338321673,2.2254664576999966e-05,1.2947301961384435e-05,225820672,0,0,0,3
als|factors=16;epochs=15;regularisation=0.1;alpha=40.0|frac=1.0,gift_cards,als,1.0,,,16.0,15.0,0.1,40.0,,,,,,,,0.144699760980762,0.276169265033407,0.483221974758723,0.265625,0.26380129999961305,0.024038461538461002,0.023718084615386003,0.0025,5.9018021068421784e-05,584896512.0,77056.0,2041.0,449.0,0.013155252830389014,0.02227171492204899,0.025835189309576068,0.0234375,0.02242954999996999,0.001717032967032999,0.0017097873627049988,0.00023333559598199974,4.256121345822592e-06,225820672,0,0,0,3
als|factors=16;epochs=30;regularisation=0.001;alpha=1.0|frac=1.0,gift_cards,als,1.0,,,16.0,30.0,0.001,1.0,,,,,,,,0.154005780933502,0.280623608017817,0.49769858945805506,0.5625,0.565312200000335,0.024038461538461002,0.023893361538459,0.0025,5.9105704985437734e-05,584896512.0,77056.0,2041.0,449.0,0.00656654451751601,0.01336302895322905,0.014922048997772053,0.015625,0.028768700001365,0.0018028846153840018,0.001520490109904002,0.0002222042663220002,3.5204462117209405e-06,225820672,0,0,0,3
als|factors=16;epochs=30;regularisation=0.001;alpha=10.0|frac=1.0,gift_cards,als,1.0,,,16.0,30.0,0.001,10.0,,,,,,,,0.15566076635452902,0.287305122494432,0.50460282108389,0.546875,0.545617199999469,0.024038461538461002,0.023723692307717002,0.0025406504065040004,5.9018021068421784e-05,584896512.0,77056.0,2041.0,449.0,0.007411707800500017,0.00668151447661397,0.03459539717891602,0.046875,0.04163919999746202,0.001717032967032999,0.0016710142856509978,0.00032954865016900006,4.379868890773879e-06,225820672,0,0,0,3
als|factors=16;epochs=30;regularisation=0.001;alpha=40.0|frac=1.0,gift_cards,als,1.0,,,16.0,30.0,0.001,40.0,,,,,,,,0.14524993992128402,0.280623608017817,0.508982925018559,0.53125,0.527845000000525,0.024038461538461002,0.023543446153815,0.002480158730158,5.906151507487812e-05,584896512.0,77056.0,2041.0,449.0,0.0052968602177060065,0.0022271714922050267,0.04224201930215299,0.015625,0.016589700000168017,0.0018028846153840018,0.0010786873626680016,0.00010084548857700005,4.239933416393872e-06,225820672,0,0,0,3
als|factors=16;epochs=30;regularisation=0.01;alpha=1.0|frac=1.0,gift_cards,als,1.0,,,16.0,30.0,0.01,1.0,,,,,,,,0.152500731968848,0.280623608017817,0.49495174461766805,0.515625,0.519303499999296,0.0234375,0.023684461538428,0.00244140625,5.7512240942552586e-05,584896512.0,77056.0,2041.0,449.0,0.0059086867474729965,0.013363028953229994,0.013956941351150998,0.03125,0.021479500002897,0.001717032967032999,0.001366050000018,0.00030846933403499976,3.261634075259666e-06,225820672,0,0,0,3
als|factors=16;epochs=30;regularisation=0.01;alpha=10.0|frac=1.0,gift_cards,als,1.0,,,16.0,30.0,0.01,10.0,,,,,,,,0.15157266694805402,0.282850779510022,0.49896065330363704,0.515625,0.523508000000219,0.024038461538461002,0.023801323076895003,0.00244140625,5.893305603255363e-05,584896512.0,77056.0,2041.0,449.0,0.010606170727840009,0.017817371937638993,0.017000742390498036,0.03125,0.03257140000005199,0.000600961538461002,0.0013653560440770006,0.0001389947896810002,1.605859016253016e-06,225820672,0,0,0,3
als|factors=16;epochs=30;regularisation=0.01;alpha=40.0|frac=1.0,gift_cards,als,1.0,,,16.0,30.0,0.01,40.0,,,,,,,,0.141757847163059,0.280623608017817,0.509873793615441,0.53125,0.541551999998773,0.024038461538461002,0.024420976923081,0.0025,5.9105704985437734e-05,584896512.0,77056.0,2041.0,449.0,0.004442635826527985,0.02004454342984402,0.04172234595397195,0.03125,0.032061400000202966,0.0012019230769229998,0.0014685846154650004,0.0001876751634859999,3.0948735866570277e-06,225820672,0,0,0,3
als|factors=16;epochs=30;regularisation=0.1;alpha=1.0|frac=1.0,gift_cards,als,1.0,,,16.0,30.0,0.1,1.0,,,,,,,,0.15235593176912102,0.278396436525612,0.49569413511507004,0.5625,0.5310448000000171,0.024038461538461002,0.023953800000002003,0.0024606299212590003,5.9018021068421784e-05,584896512.0,77056.0,2041.0,449.0,0.005338255781517004,0.008908685968820051,0.009799554565701973,0.0625,0.05642850000003796,0.0012019230769229998,0.0014153461537570015,0.00012006915983600033,2.9443034226261605e-06,225820672,0,0,0,3
als|factors=16;epochs=30;regularisation=0.1;alpha=10.0|frac=1.0,gift_cards,als,1.0,,,16.0,30.0,0.1,10.0,,,,,,,,0.151576815606238,0.287305122494432,0.49747587230883406,0.53125,0.5351812999997491,0.0234375,0.023632150000009,0.002582644628099,5.795132433875094e-05,584896512.0,77056.0,2041.0,449.0,0.002578393295815995,0.01336302895323005,0.01655530809205702,0.03125,0.037216100002751995,0.000600961538461002,0.0007570489010950004,0.00012605042016800017,1.6191803087519101e-06,225820672,0,0,0,3
als|factors=16;epochs=30;regularisation=0.1;alpha=40.0|frac=1.0,gift_cards,als,1.0,,,16.0,30.0,0.1,40.0,,,,,,,,0.145094803073284,0.280623608017817,0.501707498144023,0.53125,0.53300339999987,0.024038461538461002,0.024782492307692004,0.0025201612903220003,5.915060763649026e-05,584896512.0,77056.0,2041.0,449.0,0.002291276839158002,0.004454342984409998,0.028433556050482034,0.03125,0.022276200001669966,0.000600961538461002,0.0017301489011950014,8.002048524500009e-05,1.5166637499014878e-06,225820672,0,0,0,3
als|factors=32;epochs=5;regularisation=0.001;alpha=1.0|frac=1.0,gift_cards,als,1.0,,,32.0,5.0,0.001,1.0,,,,,,,,0.123970123044152,0.21826280623608002,0.43214550853749,0.11458333333333301,0.118348799999997,0.024038461538461002,0.024124961538361002,0.0025201612903220003,5.915060763649026e-05,584896512.0,154112.0,2041.0,449.0,0.017599387764510005,0.02672605790645899,0.008389012620637959,0.005208333333332996,0.004876133334315996,0.000600961538461002,0.0006937434066030014,0.0001627604166660004,1.7009397664325405e-06,225820672,0,0,0,3
als|factors=32;epochs=5;regularisation=0.001;alpha=10.0|frac=1.0,gift_cards,als,1.0,,,32.0,5.0,0.001,10.0,,,,,,,,0.12156335750047001,0.22048997772828502,0.436080178173719,0.11458333333333301,0.11756710000008701,0.0234375,0.023500869230771,0.0024606299212590003,5.795132433875094e-05,584896512.0,154112.0,2041.0,449.0,0.014940344580176984,0.02672605790645899,0.0023014105419449926,0.01041666666666699,0.005543266666185001,0.001717032967032999,0.0012042928570479977,0.00014123837809900015,3.866941287957254e-06,225820672,0,0,0,3
als|factors=32;epochs=5;regularisation=0.001;alpha=40.0|frac=1.0,gift_cards,als,1.0,,,32.0,5.0,0.001,40.0,,,,,,,,0.11777846208916701,0.22494432071269402,0.442464736451373,0.11458333333333301,0.11826553333351801,0.024038461538461002,0.023661592307689,0.002480158730158,5.906151507487812e-05,584896512.0,154112.0,2041.0,449.0,0.022287532142196018,0.02227171492204899,0.018634001484781004,0.005208333333332996,0.005399299999681001,0.000600961538461002,0.001285195054892,0.00028059814891600015,1.9633846044034276e-06,225820672,0,0,0,3
als|factors=32;epochs=5;regularisation=0.01;alpha=1.0|frac=1.0,gift_cards,als,1.0,,,32.0,5.0,0.01,1.0,,,,,,,,0.12285666971450601,0.21603563474387502,0.42991833704528504,0.11458333333333301,0.118774833333494,0.024038461538461002,0.023684984615381002,0.0025,5.9105704985437734e-05,584896512.0,154112.0,2041.0,449.0,0.018850487566852994,0.031180400890868987,0.00319227913882697,0.01041666666666699,0.006718000000546009,0.000600961538461002,0.0013244417581670005,6.049167634600023e-05,1.4731697434451613e-06,225820672,0,0,0,3
als|factors=32;epochs=5;regularisation=0.01;alpha=10.0|frac=1.0,gift_cards,als,1.0,,,32.0,5.0,0.01,10.0,,,,,,,,0.119418188832312,0.22048997772828502,0.431403118040089,0.11458333333333301,0.11788459999964501,0.024038461538461002,0.024030753846126,0.0025,5.9105704985437734e-05,584896512.0,154112.0,2041.0,449.0,0.015147765271296992,0.031180400890868987,0.014402375649591959,0.01041666666666699,0.005439500000192998,0.0018028846153840018,0.003335753296617002,0.0003607503607510002,4.818786138385265e-06,225820672,0,0,0,3
als|factors=32;epochs=5;regularisation=0.01;alpha=40.0|frac=1.0,gift_cards,als,1.0,,,32.0,5.0,0.01,40.0,,,,,,,,0.11084084317867302,0.21603563474387502,0.41714922048997705,0.119791666666666,0.11965796666663601,0.025240384615384002,0.02537821538443,0.0025406504065040004,6.18731292246964e-05,584896512.0,154112.0,2041.0,449.0,0.012040094857374006,0.013363028953229994,0.011729769858946026,0.026041666666667004,0.024078099999921,0.0026041666666660017,0.002455058333237,8.002048524500009e-05,5.62170641742194e-06,225820672,0,0,0,3
als|factors=32;epochs=5;regularisation=0.1;alpha=1.0|frac=1.0,gift_cards,als,1.0,,,32.0,5.0,0.1,1.0,,,,,,,,0.123240617060918,0.21826280623608002,0.42776540460282103,0.119791666666666,0.11808329999985201,0.024038461538461002,0.023592885714281003,0.002480158730158,5.906151507487812e-05,584896512.0,154112.0,2041.0,449.0,0.022745041528632992,0.04231625835189298,0.008537490720119001,0.005208333333332996,0.004014499999812002,0.0018028846153840018,0.0018182692308000015,0.00012006915983600033,4.282747828999305e-06,225820672,0,0,0,3
als|factors=32;epochs=5;regularisation=0.1;alpha=10.0|frac=1.0,gift_cards,als,1.0,,,32.0,5.0,0.1,10.0,,,,,,,,0.121857143722259,0.22494432071269402,0.43348181143281306,0.11458333333333301,0.11781566666680401,0.024038461538461002,0.023616569230783,0.0024606299212590003,5.9105704985437734e-05,584896512.0,154112.0,2041.0,449.0,0.015177373414187997,0.04008908685968798,0.015515961395695,0.005208333333332996,0.005441500000113009,0.0026041666666660017,0.0023257547619280027,5.859375000000005e-05,5.842740173555716e-06,225820672,0,0,0,3
als|factors=32;epochs=5;regularisation=0.1;alpha=40.0|frac=1.0,gift_cards,als,1.0,,,32.0,5.0,0.1,40.0,,,,,,,,0.104152857022896,0.19821826280623603,0.41930215293244205,0.119791666666666,0.12125376666638901,0.024038461538461002,0.024027153846138002,0.0025201612903220003,5.915060763649026e-05,584896512.0,154112.0,2041.0,449.0,0.015574080213079003,0.033407572383073014,0.00876020786933901,0.01041666666666699,0.006293766667112996,0.0018028846153840018,0.0016589714284459996,8.002048524500009e-05,4.193552562647756e-06,225820672,0,0,0,3
als|factors=32;epochs=15;regularisation=0.001;alpha=1.0|frac=1.0,gift_cards,als,1.0,,,32.0,15.0,0.001,1.0,,,,,,,,0.133436491896523,0.22939866369710402,0.44090571640683,0.34375000000000006,0.350495500000761,0.024038461538461002,0.023579699999992,0.0025201612903220003,5.897520665581635e-05,584896512.0,154112.0,2041.0,449.0,0.004845071276434992,0.013363028953229994,0.0032665181885679906,0.015624999999999944,0.014502999997147992,0.001717032967032999,0.0017754412087379982,0.0001627604166660004,4.011221254737316e-06,225820672,0,0,0,3
als|factors=32;epochs=15;regularisation=0.001;alpha=10.0|frac=1.0,gift_cards,als,1.0,,,32.0,15.0,0.001,10.0,,,,,,,,0.131484498579081,0.23385300668151401,0.428656273199703,0.359375,0.356602699999712,0.024038461538461002,0.023808515384609003,0.0025614754098360003,5.9018021068421784e-05,584896512.0,154112.0,2041.0,449.0,0.012661859404416997,0.008908685968819996,0.00497401633259098,0.015624999999999944,0.019440499999291982,0.0037202380952379988,0.002706353571522997,0.00032954865016900006,8.794969391604902e-06,225820672,0,0,0,3
als|factors=32;epochs=15;regularisation=0.001;alpha=40.0|frac=1.0,gift_cards,als,1.0,,,32.0,15.0,0.001,40.0,,,,,,,,0.126443554609308,0.22494432071269402,0.43348181143281306,0.359375,0.365649999999732,0.024038461538461002,0.023735607692287,0.002480158730158,5.897520665581635e-05,584896512.0,154112.0,2041.0,449.0,0.009361828477414985,0.008908685968818997,0.006755753526354991,0.046874999999999944,0.04335790000050099,0.000600961538461002,0.001334262088165998,0.0002759850543470003,1.8668020326294906e-06,225820672,0,0,0,3
als|factors=32;epochs=15;regularisation=0.01;alpha=1.0|frac=1.0,gift_cards,als,1.0,,,32.0,15.0,0.01,1.0,,,,,,,,0.13207658899191901,0.23162583518930902,0.43949517446176606,0.34375000000000006,0.351696800000354,0.024038461538461002,0.024343007692305,0.0025201612903220003,5.915060763649026e-05,584896512.0,154112.0,2041.0,449.0,0.005355317687326999,0.013363028953229994,0.0036377134372689857,0.015624999999999944,0.027869499997905,0.006392045454545001,0.009866756493525,0.001047115070284,1.6568286246837114e-05,225820672,0,0,0,3
als|factors=32;epochs=15;regularisation=0.01;alpha=10.0|frac=1.0,gift_cards,als,1.0,,,32.0,15.0,0.01,10.0,,,,,,,,0.13143914192969702,0.236080178173719,0.429844097995545,0.359375,0.358433600000353,0.024038461538461002,0.023945076923085003,0.0025201612903220003,5.893305603255363e-05,584896512.0,154112.0,2041.0,449.0,0.008663925346396983,0.006681514476614997,0.015961395694135017,0.453125,0.4980696000016001,0.014136904761905,0.015820084127232,0.0009377344336080002,3.335625506758491e-05,225820672,0,0,0,3
als|factors=32;epochs=15;regularisation=0.01;alpha=40.0|frac=1.0,gift_cards,als,1.0,,,32.0,15.0,0.01,40.0,,,,,,,,0.123731016730102,0.22494432071269402,0.41677802524127605,0.34375000000000006,0.352502799999911,0.024038461538461002,0.023701961538475,0.0025406504065040004,5.9018021068421784e-05,584896512.0,154112.0,2041.0,449.0,0.007526558060249988,0.006681514476613998,0.017594654788417985,0.171875,0.1713190999998921,0.008928571428571997,0.010334962857295002,0.0012596081739790002,2.2512603824733782e-05,225820672,0,0,0,3
als|factors=32;epochs=15;regularisation=0.1;alpha=1.0|frac=1.0,gift_cards,als,1.0,,,32.0,15.0,0.1,1.0,,,,,,,,0.13300080743182002,0.23385300668151401,0.44127691165553,0.34375000000000006,0.34680389999994005,0.024038461538461002,0.024047307692329004,0.0025406504065040004,5.9105704985437734e-05,584896512.0,154112.0,2041.0,449.0,0.0027853660244430145,0.008908685968819996,0.007275426874535973,0.17187499999999994,0.17183510000131802,0.010491071428571998,0.010814942856918003,0.001051136363636,2.561594072539805e-05,225820672,0,0,0,3
als|factors=32;epochs=15;regularisation=0.1;alpha=10.0|frac=1.0,gift_cards,als,1.0,,,32.0,15.0,0.1,10.0,,,,,,,,0.135645725681943,0.238307349665924,0.43170007423904905,0.34375000000000006,0.35098979999975205,0.024038461538461002,0.0242488,0.0025406504065040004,5.919624041195013e-05,584896512.0,154112.0,2041.0,449.0,0.007542558822936002,0.002227171492204999,0.024647364513734005,0.15624999999999994,0.15973060000033107,0.011284722222222002,0.011152803174317997,0.0007945784120740001,2.690267401847601e-05,225820672,0,0,0,3
als|factors=32;epochs=15;regularisation=0.1;alpha=40.0|frac=1.0,gift_cards,als,1.0,,,32.0,15.0,0.1,40.0,,,,,,,,0.125784289839003,0.22939866369710402,0.414328136599851,0.34375000000000006,0.34958010000036605,0.024038461538461002,0.023735292307684,0.0024606299212590003,5.9018021068421784e-05,584896512.0,154112.0,2041.0,449.0,0.005509432364755984,0.02004454342984399,0.01833704528582003,0.18749999999999994,0.23163270000077296,0.0234375,0.025843078571468003,0.0011923146802320004,5.485482111355681e-05,225820672,0,0,0,3
als|factors=32;epochs=30;regularisation=0.001;alpha=1.0|frac=1.0,gift_cards,als,1.0,,,32.0,30.0,0.001,1.0,,,,,,,,0.12814459008084,0.22717149220489902,0.43652561247216004,0.703125,0.7012451999999031,0.024038461538461002,0.023753907692340002,0.0025,5.9018021068421784e-05,584896512.0,154112.0,2041.0,449.0,0.0024291155765379935,0.008908685968819025,0.012694877505568025,0.375,0.40307259999826783,0.010491071428571998,0.011691689999939001,0.0010905064423769998,2.5706476151910436e-05,225820672,0,0,0,3
als|factors=32;epochs=30;regularisation=0.001;alpha=10.0|frac=1.0,gift_cards,als,1.0,,,32.0,30.0,0.001,10.0,,,,,,,,0.134524395548647,0.23385300668151401,0.43593170007423904,0.703125,0.704053400000702,0.0234375,0.023538500000021,0.0026041666666660004,5.767957666204864e-05,584896512.0,154112.0,2041.0,449.0,0.00871676536653701,0.013363028953229994,0.006607275426875003,0.359375,0.400089899999329,0.014136904761905,0.012626969047319005,0.0008288437629509998,3.3011607526611625e-05,225820672,0,0,0,3
als|factors=32;epochs=30;regularisation=0.001;alpha=40.0|frac=1.0,gift_cards,als,1.0,,,32.0,30.0,0.001,40.0,,,,,,,,0.132703285486364,0.23162583518930902,0.42895322939866304,0.734375,0.734907899999598,0.024038461538461002,0.023631092307718003,0.0025614754098360003,5.9105704985437734e-05,584896512.0,154112.0,2041.0,449.0,0.00884555187248201,0.011135857461024995,0.011135857461025023,0.40625,0.451151600002049,0.012400793650793999,0.015290619047730998,0.001011235955056,2.9733973710498368e-05,225820672,0,0,0,3
als|factors=32;epochs=30;regularisation=0.01;alpha=1.0|frac=1.0,gift_cards,als,1.0,,,32.0,30.0,0.01,1.0,,,,,,,,0.12822354498476302,0.22494432071269402,0.43444691907943506,0.703125,0.7017885000004751,0.024038461538461002,0.024357992307718002,0.0025406504065040004,5.919624041195013e-05,584896512.0,154112.0,2041.0,449.0,0.001004161065743997,0.0044543429844090265,0.014996288047513018,0.359375,0.4008045999989919,0.010491071428571998,0.010906898571504998,0.0010115923009630001,2.5618404742837e-05,225820672,0,0,0,3
als|factors=32;epochs=30;regularisation=0.01;alpha=10.0|frac=1.0,gift_cards,als,1.0,,,32.0,30.0,0.01,10.0,,,,,,,,0.132771863379038,0.23162583518930902,0.43652561247216004,0.6875,0.699141200000667,0.024038461538461002,0.023558646153840002,0.0024606299212590003,5.897520665581635e-05,584896512.0,154112.0,2041.0,449.0,0.0033071676905839786,0.011135857461024995,0.006978470675575998,0.375,0.398919300002035,0.009375000000000001,0.013084208571594001,0.0009926596840650003,2.3047741676628287e-05,225820672,0,0,0,3
als|factors=32;epochs=30;regularisation=0.01;alpha=40.0|frac=1.0,gift_cards,als,1.0,,,32.0,30.0,0.01,40.0,,,,,,,,0.12938552902829,0.22717149220489902,0.42078693392724503,0.703125,0.745418099999369,0.024038461538461002,0.023562230769235002,0.0025406504065040004,5.919624041195013e-05,584896512.0,154112.0,2041.0,449.0,0.0017464685019329962,0.008908685968818997,0.007275426874536028,0.34375,0.40106580000247105,0.012419871794872,0.014796860683837999,0.00146484375,3.09236426389127e-05,225820672,0,0,0,3
als|factors=32;epochs=30;regularisation=0.1;alpha=1.0|frac=1.0,gift_cards,als,1.0,,,32.0,30.0,0.1,1.0,,,,,,,,0.1287660244711,0.22717149220489902,0.43266518188567105,0.7187500000000001,0.7310054000008671,0.024038461538461002,0.023918630769213002,0.002480158730158,5.9018021068421784e-05,584896512.0,154112.0,2041.0,449.0,0.0018137383252430084,0.002227171492204999,0.021529324424647,0.203125,0.21555579999949304,0.006392045454545001,0.0066066909091930005,0.00021031024968099984,1.4661084399391766e-05,225820672,0,0,0,3
als|factors=32;epochs=30;regularisation=0.1;alpha=10.0|frac=1.0,gift_cards,als,1.0,,,32.0,30.0,0.1,10.0,,,,,,,,0.13305501206279802,0.22939866369710402,0.43170007423904905,0.7187500000000001,0.7183878000000731,0.024038461538461002,0.023464557142850003,0.0025614754098360003,5.924262126569622e-05,584896512.0,154112.0,2041.0,449.0,0.0068445206473390086,0.013363028953229994,0.007275426874536028,0.125,0.12506610000127694,0.004971590909090003,0.0060292426573579985,0.0008830618351060001,1.3039315688635404e-05,225820672,0,0,0,3
als|factors=32;epochs=30;regularisation=0.1;alpha=40.0|frac=1.0,gift_cards,als,1.0,,,32.0,30.0,0.1,40.0,,,,,,,,0.130602686475,0.22939866369710402,0.42524127691165503,0.703125,0.7098869000001281,0.024038461538461002,0.023776899999994,0.0025,5.8810436037607545e-05,584896512.0,154112.0,2041.0,449.0,0.0049198584109239885,0.02004454342984399,0.006829992576095012,0.2656250000000001,0.278968900000109,0.011284722222222002,0.011155069047553003,0.000580688965123,2.613103659191402e-05,225820672,0,0,0,3
als|factors=64;epochs=5;regularisation=0.001;alpha=1.0|frac=1.0,gift_cards,als,1.0,,,64.0,5.0,0.001,1.0,,,,,,,,0.071922928344765,0.14476614699331802,0.41150705270972504,0.203125,0.20408685000074903,0.024038461538461002,0.023605999999989,0.00244140625,5.8810436037607545e-05,584896512.0,308224.0,2041.0,449.0,0.008922868908164003,0.026726057906459016,0.0020044543429839634,0.109375,0.12015085000143702,0.011284722222222002,0.011639076984494002,0.0014906004489340001,2.828806383870882e-05,225820672,0,0,0,3
als|factors=64;epochs=5;regularisation=0.001;alpha=10.0|frac=1.0,gift_cards,als,1.0,,,64.0,5.0,0.001,10.0,,,,,,,,0.08068719218048001,0.169265033407572,0.403860430586488,0.203125,0.205374250000204,0.024038461538461002,0.023740407692317,0.0025201612903220003,5.915060763649026e-05,584896512.0,308224.0,2041.0,449.0,0.014421128298458,0.033407572383073986,0.016629547141795986,0.1328125,0.133650200002193,0.009375000000000001,0.008761535714594999,0.0031328320802000006,2.7857087038308474e-05,225820672,0,0,0,3
als|factors=64;epochs=5;regularisation=0.001;alpha=40.0|frac=1.0,gift_cards,als,1.0,,,64.0,5.0,0.001,40.0,,,,,,,,0.077526419000931,0.15367483296213802,0.40593912397921306,0.203125,0.205511199999818,0.024038461538461002,0.023746246153852003,0.00244140625,5.885068534892573e-05,584896512.0,308224.0,2041.0,449.0,0.014929533438682002,0.017817371937638993,0.033184855233853006,0.1640625,0.167399699997758,0.036458333333333,0.039074833333438,0.0022100920520880005,8.59966933595568e-05,225820672,0,0,0,3
als|factors=64;epochs=5;regularisation=0.01;alpha=1.0|frac=1.0,gift_cards,als,1.0,,,64.0,5.0,0.01,1.0,,,,,,,,0.06941082542985101,0.14253897550111302,0.41351150705270906,0.203125,0.20569714999965003,0.024038461538461002,0.024097907692311002,0.0025406504065040004,5.919624041195013e-05,584896512.0,308224.0,2041.0,449.0,0.009376467093552998,0.01781737193763902,0.0063845582776539955,0.14062500000000006,0.15276010000116,0.012400793650793999,0.011541115079299002,0.000636404366243,2.903607576177445e-05,225820672,0,0,0,3
als|factors=64;epochs=5;regularisation=0.01;alpha=10.0|frac=1.0,gift_cards,als,1.0,,,64.0,5.0,0.01,10.0,,,,,,,,0.07480275233429201,0.15367483296213802,0.40319227913882705,0.203125,0.205244350000612,0.024038461538461002,0.024088000000014,0.002582644628099,5.9289768745124084e-05,584896512.0,308224.0,2041.0,449.0,0.004246070788551007,0.011135857461024995,0.011804008908685992,0.0703125,0.06688740000004101,0.014136904761905,0.012835422222162999,0.0013173742848539998,3.4419329725520545e-05,225820672,0,0,0,3
als|factors=64;epochs=5;regularisation=0.01;alpha=40.0|frac=1.0,gift_cards,als,1.0,,,64.0,5.0,0.01,40.0,,,,,,,,0.07412968005333201,0.14922048997772802,0.406013363028953,0.203125,0.20782030000009402,0.024038461538461002,0.023896615384588003,0.0025201612903220003,5.915060763649026e-05,584896512.0,308224.0,2041.0,449.0,0.008296553781426005,0.008908685968819996,0.02123236822568697,0.14062500000000006,0.129517349998423,0.016741071428571997,0.016204455356662997,0.0013860887096779997,4.0372294294540864e-05,225820672,0,0,0,3
als|factors=64;epochs=5;regularisation=0.1;alpha=1.0|frac=1.0,gift_cards,als,1.0,,,64.0,5.0,0.1,1.0,,,,,,,,0.070198512515945,0.14922048997772802,0.416109873793615,0.203125,0.20444049999969102,0.024038461538461002,0.024148846153856002,0.00244140625,5.897520665581635e-05,584896512.0,308224.0,2041.0,449.0,0.010448138170486995,0.01781737193763902,0.002004454342984019,0.0703125,0.0744920500008,0.00390625,0.005929816666702,0.0004444918569089999,9.689848233650733e-06,225820672,0,0,0,3
als|factors=64;epochs=5;regularisation=0.1;alpha=10.0|frac=1.0,gift_cards,als,1.0,,,64.0,5.0,0.1,10.0,,,,,,,,0.073895193787155,0.15144766146993302,0.40475129918337005,0.203125,0.20483275000060502,0.0234375,0.023823057142863,0.0025406504065040004,5.767957666204864e-05,584896512.0,308224.0,2041.0,449.0,0.004796454229144001,0.006681514476614997,0.007126948775056041,0.03125,0.035254449999683996,0.0037202380952379988,0.002919263095160003,0.00028059814891600015,8.732329084430893e-06,225820672,0,0,0,3
als|factors=64;epochs=5;regularisation=0.1;alpha=40.0|frac=1.0,gift_cards,als,1.0,,,64.0,5.0,0.1,40.0,,,,,,,,0.070143250184135,0.140311804008908,0.40913140311804,0.203125,0.20824615000037702,0.024038461538461002,0.023842984615384002,0.0025406504065040004,5.919624041195013e-05,584896512.0,308224.0,2041.0,449.0,0.008187399007793,0.011135857461024024,0.007572383073496003,0.015625000000000028,0.024715899998910024,0.0012019230769229998,0.0026724923079130027,0.0001876751634859999,3.0948735866570277e-06,225820672,0,0,0,3
als|factors=64;epochs=15;regularisation=0.001;alpha=1.0|frac=1.0,gift_cards,als,1.0,,,64.0,15.0,0.001,1.0,,,,,,,,0.067604502479586,0.14253897550111302,0.419005196733481,0.609375,0.615309799999977,0.024038461538461002,0.023718299999997,0.0024606299212590003,5.897520665581635e-05,584896512.0,308224.0,2041.0,449.0,0.008331540354888006,0.015590200445434022,0.008685968819598988,0.078125,0.07618300000103795,0.0018028846153840018,0.001558211538694003,0.00018464417016800022,4.383753038514129e-06,225820672,0,0,0,3
als|factors=64;epochs=15;regularisation=0.001;alpha=10.0|frac=1.0,gift_cards,als,1.0,,,64.0,15.0,0.001,10.0,,,,,,,,0.080998980475879,0.15812917594654702,0.397253155159613,0.703125,0.6989751000000971,0.024038461538461002,0.024174276923076003,0.0025406504065040004,5.919624041195013e-05,584896512.0,308224.0,2041.0,449.0,0.005337726691893002,0.02227171492204899,0.012175204157386044,0.09375,0.10219940000115402,0.001717032967032999,0.0019155763735630021,0.00021739130434700023,4.308294591048543e-06,225820672,0,0,0,3
als|factors=64;epochs=15;regularisation=0.001;alpha=40.0|frac=1.0,gift_cards,als,1.0,,,64.0,15.0,0.001,40.0,,,,,,,,0.084782206047207,0.173719376391982,0.391462509279881,0.609375,0.6133336999992021,0.022321428571428003,0.023934435714279,0.0025201612903220003,5.532648076113843e-05,584896512.0,308224.0,2041.0,449.0,0.008213781155298,0.02449888641425399,0.009725315515961952,0.078125,0.07418540000071505,0.001717032967032999,0.0029979994504600004,0.00021380678708299988,4.3003112563822095e-06,225820672,0,0,0,3
als|factors=64;epochs=15;regularisation=0.01;alpha=1.0|frac=1.0,gift_cards,als,1.0,,,64.0,15.0,0.01,1.0,,,,,,,,0.067979896647179,0.14253897550111302,0.41841128433556,0.625,0.633925300000555,0.024038461538461002,0.023652107692319003,0.0026260504201680002,5.9018021068421784e-05,584896512.0,308224.0,2041.0,449.0,0.006042996923951008,0.006681514476615025,0.012769116555307991,0.09375,0.07708980000143095,0.0026041666666660017,0.002685771428808003,0.00030485680440400006,5.489377196371991e-06,225820672,0,0,0,3
als|factors=64;epochs=15;regularisation=0.01;alpha=10.0|frac=1.0,gift_cards,als,1.0,,,64.0,15.0,0.01,10.0,,,,,,,,0.07890939941380301,0.15812917594654702,0.399183370452858,0.609375,0.618433900001036,0.0234375,0.023633500000024003,0.002480158730158,5.7723070668504966e-05,584896512.0,308224.0,2041.0,449.0,0.002927811829350993,0.011135857461023996,0.012397921306606996,0.078125,0.07448750000048698,0.0018028846153840018,0.0022830824176170023,0.00016814635458700005,4.389823986573846e-06,225820672,0,0,0,3
als|factors=64;epochs=15;regularisation=0.01;alpha=40.0|frac=1.0,gift_cards,als,1.0,,,64.0,15.0,0.01,40.0,,,,,,,,0.078373265585623,0.15812917594654702,0.39502598366740904,0.59375,0.6069865999998001,0.024038461538461002,0.023678823076946003,0.002480158730158,5.9018021068421784e-05,584896512.0,308224.0,2041.0,449.0,0.0041338103268680065,0.013363028953228995,0.012472160356347961,0.09375,0.08481760000177008,0.0037202380952379988,0.0034108690477819975,0.00028059814891600015,8.867054421502896e-06,225820672,0,0,0,3
als|factors=64;epochs=15;regularisation=0.1;alpha=1.0|frac=1.0,gift_cards,als,1.0,,,64.0,15.0,0.1,1.0,,,,,,,,0.070543589905722,0.14699331848552302,0.41425389755011105,0.59375,0.6111056000008831,0.024038461538461002,0.023873753846146,0.0025,5.9105704985437734e-05,584896512.0,308224.0,2041.0,449.0,0.005026946439892002,0.006681514476614997,0.014402375649592014,0.09375,0.080553299999792,0.0037202380952379988,0.0038444845237489977,0.00021739130434700023,8.769775945625675e-06,225820672,0,0,0,3
als|factors=64;epochs=15;regularisation=0.1;alpha=10.0|frac=1.0,gift_cards,als,1.0,,,64.0,15.0,0.1,10.0,,,,,,,,0.08125229751452501,0.16258351893095702,0.397995545657015,0.609375,0.6182852000001731,0.024038461538461002,0.023741914285697,0.002480158730158,5.9018021068421784e-05,584896512.0,308224.0,2041.0,449.0,0.0028851161815559995,0.017817371937638993,0.01098737936154398,0.078125,0.08232030000090207,0.0018028846153840018,0.0016348461537680006,0.0001435367454070001,4.291520160117056e-06,225820672,0,0,0,3
als|factors=64;epochs=15;regularisation=0.1;alpha=40.0|frac=1.0,gift_cards,als,1.0,,,64.0,15.0,0.1,40.0,,,,,,,,0.07751663950168301,0.15812917594654702,0.40237564959168504,0.609375,0.609320499999739,0.024038461538461002,0.023774057142873003,0.002480158730158,5.906151507487812e-05,584896512.0,308224.0,2041.0,449.0,0.005885313238978007,0.008908685968818997,0.013511507052709981,0.0625,0.06270979999908399,0.0018028846153840018,0.003073061538509003,0.0001876751634859999,4.433317993030172e-06,225820672,0,0,0,3
als|factors=64;epochs=30;regularisation=0.001;alpha=1.0|frac=1.0,gift_cards,als,1.0,,,64.0,30.0,0.001,1.0,,,,,,,,0.069255520890091,0.140311804008908,0.409651076466221,1.25,1.269850600000154,0.024038461538461002,0.024488053846128,0.0025406504065040004,5.919624041195013e-05,584896512.0,308224.0,2041.0,449.0,0.0017913109343030004,0.008908685968820024,0.006829992576095012,0.125,0.11051959999895189,0.0018028846153840018,0.0025726236264119982,0.0002998218201750004,4.683087829755136e-06,225820672,0,0,0,3
als|factors=64;epochs=30;regularisation=0.001;alpha=10.0|frac=1.0,gift_cards,als,1.0,,,64.0,30.0,0.001,10.0,,,,,,,,0.082678026969179,0.16481069042316202,0.39539717891610904,1.21875,1.223965499999849,0.024038461538461002,0.023626076923077003,0.0025614754098360003,5.906151507487812e-05,584896512.0,308224.0,2041.0,449.0,0.007215775154625001,0.02672605790645899,0.0031922791388270255,0.21875,0.21026059999894708,0.0037202380952379988,0.003321648809582002,0.00019078144078199999,8.52940502526103e-06,225820672,0,0,0,3
als|factors=64;epochs=30;regularisation=0.001;alpha=40.0|frac=1.0,gift_cards,als,1.0,,,64.0,30.0,0.001,40.0,,,,,,,,0.084634879394264,0.169265033407572,0.397847067557535,1.234375,1.2370583000001711,0.026041666666666,0.025639524999974003,0.0025,6.347950242299892e-05,584896512.0,308224.0,2041.0,449.0,0.0023210205326039957,0.008908685968819996,0.005642167780253005,0.21875,0.22643210000205705,0.0078125,0.007472029999891001,0.00023333559598199974,1.7831771753321574e-05,225820672,0,0,0,3
als|factors=64;epochs=30;regularisation=0.01;alpha=1.0|frac=1.0,gift_cards,als,1.0,,,64.0,30.0,0.01,1.0,,,,,,,,0.069407058196916,0.140311804008908,0.40927988121752,1.25,1.249463899999682,0.024038461538461002,0.024341223076939002,0.0025,5.9105704985437734e-05,584896512.0,308224.0,2041.0,449.0,0.0010814575015119926,0.008908685968820024,0.0032665181885679906,0.3125,0.32115630000180406,0.005022321428571997,0.004877671428533001,8.002048524500009e-05,1.1363790453932424e-05,225820672,0,0,0,3
als|factors=64;epochs=30;regularisation=0.01;alpha=10.0|frac=1.0,gift_cards,als,1.0,,,64.0,30.0,0.01,10.0,,,,,,,,0.079845475836243,0.15812917594654702,0.395916852264291,1.21875,1.218524500000057,0.024038461538461002,0.02370631538462,0.0025,5.9105704985437734e-05,584896512.0,308224.0,2041.0,449.0,0.004282316319230997,0.02004454342984399,0.002449888641425979,0.203125,0.20925359999773807,0.005022321428571997,0.005017871428727998,0.0004521122685180001,1.2192502666124593e-05,225820672,0,0,0,3
als|factors=64;epochs=30;regularisation=0.01;alpha=40.0|frac=1.0,gift_cards,als,1.0,,,64.0,30.0,0.01,40.0,,,,,,,,0.080372920279837,0.16035634743875202,0.38975501113585703,1.21875,1.2177747999999151,0.024038461538461002,0.024250069230744003,0.0025,5.9105704985437734e-05,584896512.0,308224.0,2041.0,449.0,0.002039262492014013,0.004454342984408999,0.012249443207127009,0.25,0.24692149999828006,0.0020032051282049997,0.003786358333177999,0.0003607503607510002,5.2649342738429506e-06,225820672,0,0,0,3
als|factors=64;epochs=30;regularisation=0.1;alpha=1.0|frac=1.0,gift_cards,als,1.0,,,64.0,30.0,0.1,1.0,,,,,,,,0.069383214211323,0.140311804008908,0.410022271714922,1.28125,1.279708999999911,0.024038461538461002,0.024197046153858003,0.0025,5.906151507487812e-05,584896512.0,308224.0,2041.0,449.0,0.001865604572966001,0.006681514476615025,0.004083147735709003,0.28125,0.29628960000081905,0.007508116883116998,0.0075032896101900025,0.0004960317460320001,1.778242173565115e-05,225820672,0,0,0,3
als|factors=64;epochs=30;regularisation=0.1;alpha=10.0|frac=1.0,gift_cards,als,1.0,,,64.0,30.0,0.1,10.0,,,,,,,,0.080166596114307,0.16035634743875202,0.39599109131403104,1.21875,1.221345499999643,0.024038461538461002,0.023749192307709003,0.0025406504065040004,5.893305603255363e-05,584896512.0,308224.0,2041.0,449.0,0.00413685615956301,0.02227171492204899,0.010170749814402968,0.25,0.2693508999982439,0.0037202380952379988,0.0026825369046670003,0.00022582446459000005,8.525373660311362e-06,225820672,0,0,0,3
als|factors=64;epochs=30;regularisation=0.1;alpha=40.0|frac=1.0,gift_cards,als,1.0,,,64.0,30.0,0.1,40.0,,,,,,,,0.079962079207419,0.15812917594654702,0.40118782479584203,1.25,1.249943000000257,0.024038461538461002,0.026340314285724004,0.0025,5.906151507487812e-05,584896512.0,308224.0,2041.0,449.0,0.003790931848939999,0.011135857461023996,0.012323682256866975,0.234375,0.2415177999973821,0.00390625,0.0025572307693389994,0.0002610693400170003,9.237144922439744e-06,225820672,0,0,0,3
als|factors=128;epochs=5;regularisation=0.001;alpha=1.0|frac=1.0,gift_cards,als,1.0,,,128.0,5.0,0.001,1.0,,,,,,,,0.023238442945542,0.05122494432071201,0.425760950259836,0.5625,0.563620200000514,0.024038461538461002,0.023912284615387,0.0025201612903220003,5.915060763649026e-05,584896512.0,616448.0,2041.0,449.0,0.004713340567234003,0.013363028953230001,0.05493689680772096,0.109375,0.10744940000086001,0.004971590909090003,0.004119366883272,0.0003928346951600002,1.1947495777842275e-05,225820672,0,0,0,3
als|factors=128;epochs=5;regularisation=0.001;alpha=10.0|frac=1.0,gift_cards,als,1.0,,,128.0,5.0,0.001,10.0,,,,,,,,0.024267917515753003,0.055679287305122005,0.44662212323682204,0.5625,0.56236379999973,0.025240384615384002,0.024403576923060003,0.0025201612903220003,6.182749644923654e-05,584896512.0,616448.0,2041.0,449.0,0.008907150437194002,0.01781737193764,0.01804008908686,0.078125,0.09018189999733306,0.007508116883116998,0.006325596753012003,0.0003351565851570002,1.7468315074105704e-05,225820672,0,0,0,3
als|factors=128;epochs=5;regularisation=0.001;alpha=40.0|frac=1.0,gift_cards,als,1.0,,,128.0,5.0,0.001,40.0,,,,,,,,0.030658998665952,0.07572383073496601,0.44988864142538904,0.5625,0.573149699999703,0.024038461538461002,0.024300746153830002,0.0025201612903220003,5.915060763649026e-05,584896512.0,616448.0,2041.0,449.0,0.015686939910799,0.028953229398663002,0.024721603563475025,0.109375,0.11040949999778704,0.004971590909090003,0.005004290909049001,0.00032954865016900006,1.1806546902582725e-05,225820672,0,0,0,3
als|factors=128;epochs=5;regularisation=0.01;alpha=1.0|frac=1.0,gift_cards,als,1.0,,,128.0,5.0,0.01,1.0,,,,,,,,0.022567997520901002,0.048997772828507,0.42412769116555304,0.5625,0.563713699999425,0.024038461538461002,0.024045207692324003,0.0026041666666660004,5.933770201587575e-05,584896512.0,616448.0,2041.0,449.0,0.004094192355773001,0.011135857461025002,0.051521900519673036,0.078125,0.08206710000058604,0.0037202380952379988,0.0029866369049640004,0.00022106677985300012,8.777961859890761e-06,225820672,0,0,0,3
als|factors=128;epochs=5;regularisation=0.01;alpha=10.0|frac=1.0,gift_cards,als,1.0,,,128.0,5.0,0.01,10.0,,,,,,,,0.027896704072714003,0.064587973273942,0.47223459539717905,0.546875,0.5592539000008401,0.024038461538461002,0.024207984615399,0.0025201612903220003,5.915060763649026e-05,584896512.0,616448.0,2041.0,449.0,0.008205526854099001,0.020044543429844,0.026206384558278006,0.078125,0.07294619999993301,0.0020032051282049997,0.0028745320512079987,0.00037390906531500033,5.294240965524363e-06,225820672,0,0,0,3
als|factors=128;epochs=5;regularisation=0.01;alpha=40.0|frac=1.0,gift_cards,als,1.0,,,128.0,5.0,0.01,40.0,,,,,,,,0.049246784411685,0.11135857461024501,0.44773570898292503,0.5625,0.565173000000868,0.024038461538461002,0.024317115384607003,0.0025201612903220003,5.9105704985437734e-05,584896512.0,616448.0,2041.0,449.0,0.015417051364610995,0.035634743875278,0.014253897550111028,0.046875,0.06456399999933604,0.0037202380952379988,0.001859471428663998,0.00012605042016800017,8.521441481255201e-06,225820672,0,0,0,3
als|factors=128;epochs=5;regularisation=0.1;alpha=1.0|frac=1.0,gift_cards,als,1.0,,,128.0,5.0,0.1,1.0,,,,,,,,0.023787666317887,0.053452115812917006,0.42873051224944303,0.5625,0.5687555000004061,0.024038461538461002,0.023935207692305,0.0025,5.9105704985437734e-05,584896512.0,616448.0,2041.0,449.0,0.0071131148318610005,0.02004454342984399,0.034149962880475004,0.078125,0.07808190000105308,0.003305288461538998,0.003891296154040002,0.00014589169001000008,7.686370047990643e-06,225820672,0,0,0,3
als|factors=128;epochs=5;regularisation=0.1;alpha=10.0|frac=1.0,gift_cards,als,1.0,,,128.0,5.0,0.1,10.0,,,,,,,,0.034831568725803,0.07572383073496601,0.47876763177431303,0.5625,0.5656868999994911,0.024038461538461002,0.024144292307692,0.0025201612903220003,5.9018021068421784e-05,584896512.0,616448.0,2041.0,449.0,0.014736976581112001,0.022271714922049005,0.020193021529324007,0.046875,0.04941179999832401,0.002918956043955999,0.0021076307691870015,0.00035468539405600005,7.158374318371433e-06,225820672,0,0,0,3
als|factors=128;epochs=5;regularisation=0.1;alpha=40.0|frac=1.0,gift_cards,als,1.0,,,128.0,5.0,0.1,40.0,,,,,,,,0.061509076621539004,0.118040089086859,0.433927245731254,0.5625,0.5620245999998581,0.024038461538461002,0.023917415384613002,0.0025,5.893305603255363e-05,584896512.0,616448.0,2041.0,449.0,0.020734712195363006,0.03786191536748401,0.015441722345953979,0.265625,0.27180520000001707,0.007508116883116998,0.009421611688570999,0.0005537098560350001,1.778242173565115e-05,225820672,0,0,0,3
als|factors=128;epochs=15;regularisation=0.001;alpha=1.0|frac=1.0,gift_cards,als,1.0,,,128.0,15.0,0.001,1.0,,,,,,,,0.026430114157363002,0.053452115812917006,0.441648106904231,1.671875,1.681035499999779,0.024038461538461002,0.024498892307677003,0.0025201612903220003,5.915060763649026e-05,584896512.0,616448.0,2041.0,449.0,0.002496309178408998,0.002227171492204999,0.026132145508536986,0.671875,0.6499313999993319,0.004971590909090003,0.005360120779069,0.000252559267241,1.1635078343724465e-05,225820672,0,0,0,3
als|factors=128;epochs=15;regularisation=0.001;alpha=10.0|frac=1.0,gift_cards,als,1.0,,,128.0,15.0,0.001,10.0,,,,,,,,0.025274905185422,0.05122494432071201,0.429472902746844,1.6875,1.712697999999363,0.024038461538461002,0.023933661538474003,0.0025,5.9018021068421784e-05,584896512.0,616448.0,2041.0,449.0,0.001246195597155001,0.002227171492205006,0.04914625092798902,0.25,0.24454699999978402,0.0026041666666660017,0.003810473809781001,0.00035468539405600005,6.502187042276124e-06,225820672,0,0,0,3
als|factors=128;epochs=15;regularisation=0.001;alpha=40.0|frac=1.0,gift_cards,als,1.0,,,128.0,15.0,0.001,40.0,,,,,,,,0.028019582140938002,0.062360801781737,0.457757980697847,1.6875,1.69808489999923,0.024038461538461002,0.024070123076923,0.0025406504065040004,5.919624041195013e-05,584896512.0,616448.0,2041.0,449.0,0.005993478770221997,0.017817371937639007,0.02783964365256103,0.34375,0.38028869999970993,0.004370629370629001,0.0058622671329600015,0.0006643700787409995,1.1213807236903179e-05,225820672,0,0,0,3
als|factors=128;epochs=15;regularisation=0.01;alpha=1.0|frac=1.0,gift_cards,als,1.0,,,128.0,15.0,0.01,1.0,,,,,,,,0.026416966524397,0.055679287305122005,0.43942093541202604,1.6875,1.68170149999969,0.024038461538461002,0.024201115384585,0.0025201612903220003,5.9018021068421784e-05,584896512.0,616448.0,2041.0,449.0,0.0022859744317900027,0.002227171492204999,0.024498886414254017,0.5,0.673448599998665,0.005022321428571997,0.005375788095426999,0.0007281455889449999,1.2674689640206976e-05,225820672,0,0,0,3
als|factors=128;epochs=15;regularisation=0.01;alpha=10.0|frac=1.0,gift_cards,als,1.0,,,128.0,15.0,0.01,10.0,,,,,,,,0.024473153446450003,0.048997772828507,0.43749072011878204,1.671875,1.679518700000699,0.025240384615384002,0.024738553846138003,0.0025201612903220003,6.182749644923654e-05,584896512.0,616448.0,2041.0,449.0,0.0014528071112739974,0.006681514476615004,0.03474387527839601,0.21875,0.20272440000144432,0.0026041666666660017,0.0032311976193299986,0.0001876751634859999,6.217910534861022e-06,225820672,0,0,0,3
als|factors=128;epochs=15;regularisation=0.01;alpha=40.0|frac=1.0,gift_cards,als,1.0,,,128.0,15.0,0.01,40.0,,,,,,,,0.028423194963955,0.060133630289532,0.45731254639940605,1.6875,1.687099699998725,0.024038461538461002,0.024025238461525003,0.002582644628099,5.897520665581635e-05,584896512.0,616448.0,2041.0,449.0,0.003829860176446001,0.011135857461024995,0.030883444691908013,0.234375,0.255037600002197,0.0026041666666660017,0.0018600857143350018,0.0006223192401960003,6.871375342457862e-06,225820672,0,0,0,3
als|factors=128;epochs=15;regularisation=0.1;alpha=1.0|frac=1.0,gift_cards,als,1.0,,,128.0,15.0,0.1,1.0,,,,,,,,0.028745530572114004,0.060133630289532,0.44677060133630203,1.71875,1.718705999999656,0.024038461538461002,0.024570076923072,0.0025,5.9105704985437734e-05,584896512.0,616448.0,2041.0,449.0,0.0019678075326350006,0.0,0.021232368225687026,0.265625,0.2729380999981008,0.0037202380952379988,0.004190458333401002,0.0002610693400170003,8.867054421502896e-06,225820672,0,0,0,3
als|factors=128;epochs=15;regularisation=0.1;alpha=10.0|frac=1.0,gift_cards,als,1.0,,,128.0,15.0,0.1,10.0,,,,,,,,0.027603634826227002,0.055679287305122005,0.44639940608760204,1.671875,1.6749787999997352,0.024038461538461002,0.023794476923075,0.0025201612903220003,5.9018021068421784e-05,584896512.0,616448.0,2041.0,449.0,0.004174348391613,0.008908685968820003,0.042613214550853984,0.265625,0.3065977000001121,0.0037202380952379988,0.003255070238083,0.00016542049890899994,8.521441481255201e-06,225820672,0,0,0,3
als|factors=128;epochs=15;regularisation=0.1;alpha=40.0|frac=1.0,gift_cards,als,1.0,,,128.0,15.0,0.1,40.0,,,,,,,,0.028850139714578,0.064587973273942,0.47861915367483304,1.671875,1.683157800000117,0.024038461538461002,0.023714792307705002,0.00244140625,5.897520665581635e-05,584896512.0,616448.0,2041.0,449.0,0.0021532211647009997,0.004454342984409998,0.012694877505568025,0.15625,0.14993890000141596,0.0012019230769229998,0.0016303307693299983,0.0002998218201750004,3.3446434233819913e-06,225820672,0,0,0,3
als|factors=128;epochs=30;regularisation=0.001;alpha=1.0|frac=1.0,gift_cards,als,1.0,,,128.0,30.0,0.001,1.0,,,,,,,,0.025873875100393,0.05122494432071201,0.44587973273942005,3.359375,3.37701460000062,0.0234375,0.023817921428547002,0.0025201612903220003,5.7723070668504966e-05,584896512.0,616448.0,2041.0,449.0,0.0003893973277330001,0.002227171492204999,0.017074981440238002,0.421875,0.44342190000179516,0.002918956043955999,0.0028416417581060005,0.00010248589794100002,6.6401767967319284e-06,225820672,0,0,0,3
als|factors=128;epochs=30;regularisation=0.001;alpha=10.0|frac=1.0,gift_cards,als,1.0,,,128.0,30.0,0.001,10.0,,,,,,,,0.023319874841262002,0.048997772828507,0.437639198218262,3.375,3.382208900000478,0.024038461538461002,0.023779615384648,0.0025614754098360003,5.915060763649026e-05,584896512.0,616448.0,2041.0,449.0,0.002275060796136999,0.008908685968820003,0.02568671121009597,0.453125,0.4774589000016931,0.004971590909090003,0.0045613233766040005,0.00022106677985300012,1.1472925544388155e-05,225820672,0,0,0,3
als|factors=128;epochs=30;regularisation=0.001;alpha=40.0|frac=1.0,gift_cards,als,1.0,,,128.0,30.0,0.001,40.0,,,,,,,,0.023490196454845003,0.05122494432071201,0.451596139569413,3.390625,3.392881800000395,0.022321428571428003,0.024105528571421002,0.0025614754098360003,5.54184943903444e-05,584896512.0,616448.0,2041.0,449.0,0.0006745243013289992,0.004454342984410005,0.03459539717891602,0.53125,0.5538950999984991,0.006087662337662,0.004774785714336,0.0003468111867419997,1.4330676000899721e-05,225820672,0,0,0,3
als|factors=128;epochs=30;regularisation=0.01;alpha=1.0|frac=1.0,gift_cards,als,1.0,,,128.0,30.0,0.01,1.0,,,,,,,,0.025776272091843,0.053452115812917006,0.446176688938381,3.375,3.367522799999278,0.024038461538461002,0.024177253846154,0.0025,5.9105704985437734e-05,584896512.0,616448.0,2041.0,449.0,0.0009291002398190001,0.002227171492204999,0.01336302895323005,0.828125,0.8673912000003838,0.005791083916083999,0.006393497202844999,0.0004791544976630001,1.3964896244426422e-05,225820672,0,0,0,3
als|factors=128;epochs=30;regularisation=0.01;alpha=10.0|frac=1.0,gift_cards,als,1.0,,,128.0,30.0,0.01,10.0,,,,,,,,0.024249494973665003,0.046770601336302,0.435634743875278,3.390625,3.3952731999997923,0.024038461538461002,0.023980507692298002,0.002582644628099,5.897520665581635e-05,584896512.0,616448.0,2041.0,449.0,0.0021778458964709993,0.002227171492204999,0.02182628062360803,0.421875,0.4236562000000963,0.0026041666666660017,0.003102532142510002,0.0001627604166660004,5.751992490198614e-06,225820672,0,0,0,3
als|factors=128;epochs=30;regularisation=0.01;alpha=40.0|frac=1.0,gift_cards,als,1.0,,,128.0,30.0,0.01,40.0,,,,,,,,0.02329926061898,0.044543429844097,0.45204157386785404,3.390625,3.393215800000689,0.024038461538461002,0.023889561538488,0.0024606299212590003,5.9018021068421784e-05,584896512.0,616448.0,2041.0,449.0,0.00018256267712499913,0.006681514476613998,0.03682256867112099,0.296875,0.3132082000001901,0.0026041666666660017,0.002355171428722002,0.00020689883474500018,6.260724947466455e-06,225820672,0,0,0,3
als|factors=128;epochs=30;regularisation=0.1;alpha=1.0|frac=1.0,gift_cards,als,1.0,,,128.0,30.0,0.1,1.0,,,,,,,,0.031075720944981,0.066815144766147,0.45924276169265005,3.359375,3.383162599999195,0.024038461538461002,0.024046423076889003,0.002480158730158,5.9018021068421784e-05,584896512.0,616448.0,2041.0,449.0,0.0011771225907790013,0.004454342984408999,0.00994803266518196,0.265625,0.28021929999795203,0.0018028846153840018,0.0017984236264369999,8.002048524500009e-05,4.15005855619143e-06,225820672,0,0,0,3
als|factors=128;epochs=30;regularisation=0.1;alpha=10.0|frac=1.0,gift_cards,als,1.0,,,128.0,30.0,0.1,10.0,,,,,,,,0.026263440195177002,0.053452115812917006,0.43125463994060803,3.359375,3.362553000000844,0.024038461538461002,0.023905023076937003,0.0024606299212590003,5.9018021068421784e-05,584896512.0,616448.0,2041.0,449.0,0.001865869672900998,0.002227171492204999,0.0275426874536,0.265625,0.2830593000016961,0.0026041666666660017,0.002079519047671001,0.000252559267241,6.362418561042418e-06,225820672,0,0,0,3
als|factors=128;epochs=30;regularisation=0.1;alpha=40.0|frac=1.0,gift_cards,als,1.0,,,128.0,30.0,0.1,40.0,,,,,,,,0.023842283675785003,0.048997772828507,0.461098737936154,3.359375,3.3744142999985343,0.025240384615384002,0.025399069230773,0.0026260504201680002,6.206332970056277e-05,584896512.0,616448.0,2041.0,449.0,0.0030036849888309992,0.008908685968820003,0.012472160356347017,0.1875,0.20467989999997416,0.002918956043955999,0.002871073076946,0.00024122807017500037,7.038271969112429e-06,225820672,0,0,0,3
multvae|latent=32;hidden=200;epochs=10;dropout=0.0|frac=0.25,gift_cards,multvae,0.25,,,,,,,32.0,200.0,10.0,0.0,,,,0.09967056110287101,0.22494432071269402,0.010690423162583,0.125,0.12877269999989902,0.026041666666666,0.025664841666639,0.00244140625,6.331216670350284e-05,584896512.0,312840.0,636.0,449.0,0.022453535978022007,0.04677060133630301,0.432962138084632,0.020833333333333995,0.012273166667000984,0.0008012820512819999,0.002751408974501001,0.0003799905424570001,2.5063753384092714e-06,225820672,0,0,0,3
multvae|latent=32;hidden=200;epochs=10;dropout=0.5|frac=0.25,gift_cards,multvae,0.25,,,,,,,32.0,200.0,10.0,0.5,,,,0.09547269034149201,0.21158129175946502,0.019599109131403003,0.13541666666666602,0.138611633333615,0.025240384615384002,0.025486276923087,0.0025406504065040004,6.18731292246964e-05,584896512.0,312840.0,636.0,449.0,0.015622780394004998,0.037861915367483984,0.57728285077951,0.01041666666666699,0.011927066666581998,0.0008012820512819999,0.002704165384854001,0.00021031024968099984,2.252989534437373e-06,225820672,0,0,0,3
multvae|latent=32;hidden=200;epochs=20;dropout=0.0|frac=0.25,gift_cards,multvae,0.25,,,,,,,32.0,200.0,20.0,0.0,,,,0.097385473661592,0.21158129175946502,0.133333333333333,0.2578125,0.260442499999953,0.025240384615384002,0.025329399999988,0.0025406504065040004,6.165209546856263e-05,584896512.0,312840.0,636.0,449.0,0.0028664403504670005,0.015590200445433994,0.219153674832962,0.0546875,0.061845899999298015,0.008774038461539,0.007800776923250003,0.000506706957547,2.0448777867664945e-05,225820672,0,0,0,3
multvae|latent=32;hidden=200;epochs=20;dropout=0.5|frac=0.25,gift_cards,multvae,0.25,,,,,,,32.0,200.0,20.0,0.5,,,,0.098993861974389,0.22271714922049,0.024944320712694004,0.2734375,0.275078349999603,0.026041666666666,0.025505949999986004,0.0025,6.339453738713076e-05,584896512.0,312840.0,636.0,449.0,0.010886203091479002,0.02227171492204899,0.07839643652561201,0.0625,0.06322935000139301,0.003305288461538998,0.002465457051258998,0.0002714848970859999,7.793438705523045e-06,225820672,0,0,0,3
multvae|latent=32;hidden=600;epochs=10;dropout=0.0|frac=0.25,gift_cards,multvae,0.25,,,,,,,32.0,600.0,10.0,0.0,,,,0.10510563904058601,0.22271714922049,0.24810690423162501,0.203125,0.203550350000114,0.028409090909090003,0.027896754545467,0.002480158730158,6.879565621213729e-05,584896512.0,936840.0,636.0,449.0,0.032283201865504,0.062360801781737,0.19331848552338604,0.023437500000000028,0.015129949998936992,0.0024857954545450013,0.002366385605964999,4.0002560164000174e-05,5.447200210204024e-06,225820672,0,0,0,3
multvae|latent=32;hidden=600;epochs=10;dropout=0.5|frac=0.25,gift_cards,multvae,0.25,,,,,,,32.0,600.0,10.0,0.5,,,,0.09964091313628201,0.21826280623608002,0.08730512249443201,0.21875000000000003,0.21999880000021202,0.028409090909090003,0.028024527272712003,0.0025,6.866719716981281e-05,584896512.0,936840.0,636.0,449.0,0.002319203063752995,0.008908685968819968,0.028507795100222,0.015625,0.022412549999899,0.0037878787878789996,0.0024578734847829978,0.00016016400794400002,8.62031941197763e-06,225820672,0,0,0,3
multvae|latent=32;hidden=600;epochs=20;dropout=0.0|frac=0.25,gift_cards,multvae,0.25,,,,,,,32.0,600.0,20.0,0.0,,,,0.10178551681513201,0.189309576837416,0.5960653303637711,0.390625,0.39997470000025703,0.028409090909090003,0.028039899999963,0.002480158730158,6.879565621213729e-05,584896512.0,936840.0,636.0,449.0,0.028444110980387002,0.04231625835189398,0.05738678544914699,0.03125,0.027713999999831984,0.0014204545454549987,0.0018519545453529983,0.00018464417016800022,3.574830101609375e-06,225820672,0,0,0,3
multvae|latent=32;hidden=600;epochs=20;dropout=0.5|frac=0.25,gift_cards,multvae,0.25,,,,,,,32.0,600.0,20.0,0.5,,,,0.116977110824085,0.244988864142538,0.36941351150705204,0.421875,0.423503500000151,0.029829545454545,0.028806563636366002,0.00244140625,7.187294366268476e-05,584896512.0,936840.0,636.0,449.0,0.013786888780449008,0.04008908685968798,0.19740163325909404,0.046874999999999944,0.042057300001034026,0.005468750000000001,0.004884986666851002,0.00034877232142800033,1.2956619869551375e-05,225820672,0,0,0,3
multvae|latent=64;hidden=200;epochs=10;dropout=0.0|frac=0.25,gift_cards,multvae,0.25,,,,,,,64.0,200.0,10.0,0.0,,,,0.09891125363721001,0.21380846325167002,0.5331848552338531,0.140625,0.14273749999968702,0.026041666666666,0.02580819999999,0.0025,6.331216670350284e-05,584896512.0,389896.0,636.0,449.0,0.0034100478813809953,0.011135857461024967,0.174164810690423,0.015625,0.014116766667787994,0.0020032051282049997,0.0020279314103620015,0.00024055423696199996,4.742217256955898e-06,225820672,0,0,0,3
multvae|latent=64;hidden=200;epochs=10;dropout=0.5|frac=0.25,gift_cards,multvae,0.25,,,,,,,64.0,200.0,10.0,0.5,,,,0.09087466299553801,0.20935412026726002,0.643652561247216,0.145833333333333,0.149679000000105,0.026041666666666,0.025875274999975002,0.002422480620155,6.319322097751775e-05,584896512.0,389896.0,636.0,449.0,0.015665878763145,0.03563474387527801,0.594209354120267,0.01041666666666699,0.014155716665754992,0.002103365384615998,0.0023698897437920002,0.0003162155325070002,5.187505232084891e-06,225820672,0,0,0,3
multvae|latent=64;hidden=200;epochs=20;dropout=0.0|frac=0.25,gift_cards,multvae,0.25,,,,,,,64.0,200.0,20.0,0.0,,,,0.10626704918540401,0.23162583518930902,0.23028953229398602,0.2734375,0.275478599999587,0.026041666666666,0.025695966666641003,0.0025,6.352299642945523e-05,584896512.0,389896.0,636.0,449.0,0.020149263666852005,0.031180400890868987,0.13452115812917603,0.03125,0.025760099999615982,0.0020032051282049997,0.0030270217948780015,0.00021380678708299988,4.89347582504789e-06,225820672,0,0,0,3
multvae|latent=64;hidden=200;epochs=20;dropout=0.5|frac=0.25,gift_cards,multvae,0.25,,,,,,,64.0,200.0,20.0,0.5,,,,0.10446557490004701,0.22271714922049,0.046325167037861006,0.2890625,0.29597784999987203,0.026041666666666,0.025605325000015004,0.00244140625,6.335303523499515e-05,584896512.0,389896.0,636.0,449.0,0.017168059584239004,0.02449888641425399,0.18530066815144802,0.0234375,0.023582300000953016,0.002103365384615998,0.0022363237180679993,0.0001576292559900003,4.951970032185857e-06,225820672,0,0,0,3
multvae|latent=64;hidden=600;epochs=10;dropout=0.0|frac=0.25,gift_cards,multvae,0.25,,,,,,,64.0,600.0,10.0,0.0,,,,0.100263982212054,0.21826280623608002,0.24543429844097903,0.2265625,0.22941530000002702,0.028409090909090003,0.028213409090932003,0.0025,6.88398461226969e-05,584896512.0,1167496.0,636.0,449.0,0.015134735942547994,0.02672605790645899,0.08730512249443198,0.0234375,0.025838749999820027,0.006770833333334,0.004439773333524997,0.00016016400794400002,1.543651969104113e-05,225820672,0,0,0,3
multvae|latent=64;hidden=600;epochs=10;dropout=0.5|frac=0.25,gift_cards,multvae,0.25,,,,,,,64.0,600.0,10.0,0.5,,,,0.10650114740861301,0.23385300668151401,0.110467706013363,0.234375,0.23959079999985902,0.028409090909090003,0.02819956363638,0.002480158730158,6.879565621213729e-05,584896512.0,1167496.0,636.0,449.0,0.0008490749043209983,0.011135857461024995,0.04632516703786102,0.015625,0.01922060000015302,0.0014204545454549987,0.0021850363636159997,0.00013466510711600006,3.4635181571737473e-06,225820672,0,0,0,3
multvae|latent=64;hidden=600;epochs=20;dropout=0.0|frac=0.25,gift_cards,multvae,0.25,,,,,,,64.0,600.0,20.0,0.0,,,,0.09987536190137801,0.20267260579064503,0.5751299183370451,0.453125,0.452095799999824,0.028409090909090003,0.028429954545448003,0.00244140625,6.870934779307553e-05,584896512.0,1167496.0,636.0,449.0,0.027938583656534996,0.03340757238307401,0.08247958426132196,0.046875,0.03578489999745199,0.0024857954545450013,0.0026555045455590003,0.00024445893089900016,6.080744733730654e-06,225820672,0,0,0,3
multvae|latent=64;hidden=600;epochs=20;dropout=0.5|frac=0.25,gift_cards,multvae,0.25,,,,,,,64.0,600.0,20.0,0.5,,,,0.11932139500833801,0.258351893095768,0.252115812917594,0.5,0.506036599999788,0.028409090909090003,0.028755209090873004,0.002480158730158,6.879565621213729e-05,584896512.0,1167496.0,636.0,449.0,0.015445906436168999,0.051224944320713006,0.12152932442464798,0.046874999999999944,0.04061769999907505,0.0028409090909099974,0.00224453909106,0.0001876751634859999,6.74517651312919e-06,225820672,0,0,0,3
multvae|latent=128;hidden=200;epochs=10;dropout=0.0|frac=0.25,gift_cards,multvae,0.25,,,,,,,128.0,200.0,10.0,0.0,,,,0.08932169063386401,0.20935412026726002,0.288789903489235,0.1640625,0.164391599999362,0.026041666666666,0.026295483333342,0.002480158730158,6.352299642945523e-05,584896512.0,544008.0,636.0,449.0,0.015246382472721004,0.026726057906459016,0.534521158129176,0.015625,0.014764599998670996,0.002103365384615998,0.001981264743522001,0.00016542049890899994,5.052975241700701e-06,225820672,0,0,0,3
multvae|latent=128;hidden=200;epochs=10;dropout=0.5|frac=0.25,gift_cards,multvae,0.25,,,,,,,128.0,200.0,10.0,0.5,,,,0.09606081240111301,0.20267260579064503,0.32383073496659204,0.171875,0.17432365000058703,0.02734375,0.026328466666655,0.002480158730158,6.625299811547028e-05,584896512.0,544008.0,636.0,449.0,0.0015216162879869988,0.024498886414253962,0.73630289532294,0.015625,0.014423599999418002,0.002103365384615998,0.001886487820650002,0.00024445893089900016,5.059046189760411e-06,225820672,0,0,0,3
multvae|latent=128;hidden=200;epochs=20;dropout=0.0|frac=0.25,gift_cards,multvae,0.25,,,,,,,128.0,200.0,20.0,0.0,,,,0.105799359042963,0.22717149220489902,0.36391982182628,0.3125,0.31706689999919,0.02734375,0.026881858333316,0.00244140625,6.625299811547028e-05,584896512.0,544008.0,636.0,449.0,0.012435923868352003,0.011135857461024024,0.246993318485523,0.015625,0.03522699999803097,0.002103365384615998,0.002059228204882999,0.00020032051282000037,5.0470507823653676e-06,225820672,0,0,0,3
multvae|latent=128;hidden=200;epochs=20;dropout=0.5|frac=0.25,gift_cards,multvae,0.25,,,,,,,128.0,200.0,20.0,0.5,,,,0.099521802244439,0.20935412026726002,0.240534521158129,0.34375000000000006,0.357013700000607,0.026041666666666,0.026311891666637003,0.002582644628099,6.375125009970122e-05,584896512.0,544008.0,636.0,449.0,0.005982796135466997,0.02449888641425399,0.407126948775055,0.03125,0.025011500001709985,0.0013020833333339983,0.002308358333265998,0.0002901785714280003,3.546240322409579e-06,225820672,0,0,0,3
multvae|latent=128;hidden=600;epochs=10;dropout=0.0|frac=0.25,gift_cards,multvae,0.25,,,,,,,128.0,600.0,10.0,0.0,,,,0.10085466825627201,0.22048997772828502,0.28448403860430505,0.28125,0.28677714999957904,0.029829545454545,0.030024272727297,0.0025201612903220003,7.200344199230614e-05,584896512.0,1628808.0,636.0,449.0,0.012779776301632004,0.02004454342984399,0.14773570898292498,0.03125,0.03776895000214603,0.0014204545454549987,0.002631845454743001,0.00017094017094000007,3.4994062941473076e-06,225820672,0,0,0,3
multvae|latent=128;hidden=600;epochs=10;dropout=0.5|frac=0.25,gift_cards,multvae,0.25,,,,,,,128.0,600.0,10.0,0.5,,,,0.099353300951735,0.21826280623608002,0.08953229398663601,0.296875,0.296266000000287,0.029829545454545,0.029265490909107003,0.0025,7.187294366268476e-05,584896512.0,1628808.0,636.0,449.0,0.007930372942996991,0.031180400890868987,0.22390497401633302,0.0234375,0.034887100000332016,0.0028409090909099974,0.0017625509089899995,0.00014123837809900015,6.511255498904822e-06,225820672,0,0,0,3
multvae|latent=128;hidden=600;epochs=20;dropout=0.0|frac=0.25,gift_cards,multvae,0.25,,,,,,,128.0,600.0,20.0,0.0,,,,0.109790177958063,0.21158129175946502,0.589235337787676,0.5625,0.5659239999999951,0.029829545454545,0.029331036363601,0.0025,7.187294366268476e-05,584896512.0,1628808.0,636.0,449.0,0.008263728746713009,0.017817371937638993,0.06377134372679993,0.046875,0.04022989999794002,0.00390625,0.0024318366667399997,0.0001627604166660004,8.93188567186339e-06,225820672,0,0,0,3
multvae|latent=128;hidden=600;epochs=20;dropout=0.5|frac=0.25,gift_cards,multvae,0.25,,,,,,,128.0,600.0,20.0,0.5,,,,0.10536186658851901,0.21380846325167002,0.23637713437268001,0.578125,0.5877486999997921,0.029829545454545,0.029633090909101004,0.0025406504065040004,7.191575807529021e-05,584896512.0,1628808.0,636.0,449.0,0.012669159324862997,0.031180400890868987,0.053006681514477016,0.046875,0.038084400001026086,0.0014204545454549987,0.0027905454546939996,0.00010084548857700005,3.2099767233553686e-06,225820672,0,0,0,3
multvae|latent=32;hidden=200;epochs=10;dropout=0.0|frac=0.5,gift_cards,multvae,0.5,,,,,,,32.0,200.0,10.0,0.0,,,,0.100667949124098,0.22271714922049,0.0,0.125,0.128263866666657,0.026041666666666,0.026094758333329002,0.002582644628099,6.375125009970122e-05,584896512.0,312840.0,1164.0,449.0,0.012140950097603007,0.02672605790645899,0.0,0.0052083333333330095,0.007887633333060001,0.0008012820512819999,0.0019451666667249998,0.0002035698000130001,2.237977397093733e-06,225820672,0,0,0,3
multvae|latent=32;hidden=200;epochs=10;dropout=0.5|frac=0.5,gift_cards,multvae,0.5,,,,,,,32.0,200.0,10.0,0.5,,,,0.099491557463702,0.22048997772828502,0.0,0.140625,0.14317229999990802,0.026041666666666,0.026565525000175002,0.00244140625,6.426944762134071e-05,584896512.0,312840.0,1164.0,449.0,0.004069103971747007,0.02449888641425399,0.0,0.01041666666666699,0.007231333333189982,0.006009615384615998,0.005888088461412002,0.0003928346951600002,1.3342293440468629e-05,225820672,0,0,0,3
multvae|latent=32;hidden=200;epochs=20;dropout=0.0|frac=0.5,gift_cards,multvae,0.5,,,,,,,32.0,200.0,20.0,0.0,,,,0.131878874349486,0.280623608017817,0.13147735708982902,0.25,0.252475749999575,0.026041666666666,0.026150074999994003,0.0025,6.356718634001485e-05,584896512.0,312840.0,1164.0,449.0,0.013078236688153,0.024498886414254017,0.01388270230141099,0.015625,0.021511099999542982,0.0008012820512819999,0.001612263461492,0.00023723257418900015,2.31295016808721e-06,225820672,0,0,0,3
multvae|latent=32;hidden=200;epochs=20;dropout=0.5|frac=0.5,gift_cards,multvae,0.5,,,,,,,32.0,200.0,20.0,0.5,,,,0.111728895188724,0.247216035634743,0.011432813659985,0.265625,0.27153405000080905,0.026041666666666,0.025621058333323003,0.00244140625,6.339453738713076e-05,584896512.0,312840.0,1164.0,449.0,0.006946430653632998,0.03340757238307401,0.008982925018559,0.0234375,0.03335664999985999,0.002103365384615998,0.002067307051267002,0.00016016400794400002,4.999117511613691e-06,225820672,0,0,0,3
multvae|latent=32;hidden=600;epochs=10;dropout=0.0|frac=0.5,gift_cards,multvae,0.5,,,,,,,32.0,600.0,10.0,0.0,,,,0.14183560248833402,0.282850779510022,0.07067557535263501,0.1953125,0.201879899999994,0.028409090909090003,0.027863927272764002,0.002480158730158,6.879565621213729e-05,584896512.0,936840.0,1164.0,449.0,0.01899677768614501,0.031180400890867987,0.235560504825538,0.0078125,0.01356504999785102,0.0010653409090900026,0.001885430303212001,0.0002610693400170003,2.9541430937808692e-06,225820672,0,0,0,3
multvae|latent=32;hidden=600;epochs=10;dropout=0.5|frac=0.5,gift_cards,multvae,0.5,,,,,,,32.0,600.0,10.0,0.5,,,,0.121790053765761,0.26057906458797303,0.006236080178173,0.21875000000000003,0.21954825000011602,0.028409090909090003,0.027977018181817002,0.0025201612903220003,6.866719716981281e-05,584896512.0,936840.0,1164.0,449.0,0.0022197502035749966,0.013363028953229994,0.026726057906458003,0.007812500000000028,0.011216299999206009,0.0024857954545450013,0.001224511363572,0.0001389947896810002,5.6283064010221565e-06,225820672,0,0,0,3
multvae|latent=32;hidden=600;epochs=20;dropout=0.0|frac=0.5,gift_cards,multvae,0.5,,,,,,,32.0,600.0,20.0,0.0,,,,0.170603375379477,0.34075723830734905,0.5522642910170751,0.40625000000000006,0.40499789999921604,0.028409090909090003,0.027969827272706003,0.0024606299212590003,6.866719716981281e-05,584896512.0,936840.0,1164.0,449.0,0.006621858798006003,0.04231625835189301,0.06362286562732,0.046875,0.050596200002018976,0.005468750000000001,0.004352010000062998,0.00022582446459000005,1.259782887190628e-05,225820672,0,0,0,3
multvae|latent=32;hidden=600;epochs=20;dropout=0.5|frac=0.5,gift_cards,multvae,0.5,,,,,,,32.0,600.0,20.0,0.5,,,,0.174926566980762,0.35412026726057905,0.31670378619153605,0.421875,0.41790949999995003,0.028409090909090003,0.027995081818144002,0.0025,6.88398461226969e-05,584896512.0,936840.0,1164.0,449.0,0.0029874812825039787,0.020044543429843964,0.13177431328879002,0.046874999999999944,0.031383099999857,0.0010653409090900026,0.0017283060607369977,0.00020689883474500018,2.8334960887230843e-06,225820672,0,0,0,3
multvae|latent=64;hidden=200;epochs=10;dropout=0.0|frac=0.5,gift_cards,multvae,0.5,,,,,,,64.0,200.0,10.0,0.0,,,,0.10677471117463001,0.242761692650334,0.010690423162583,0.13541666666666602,0.138826300000194,0.025240384615384002,0.025713776923077,0.002480158730158,6.173840388762438e-05,584896512.0,389896.0,1164.0,449.0,0.009906770828971997,0.031180400890868015,0.026726057906458003,0.02083333333333398,0.021106233333132995,0.003168706293706001,0.0028918244755829978,0.00013466510711600006,7.357174612077433e-06,225820672,0,0,0,3
multvae|latent=64;hidden=200;epochs=10;dropout=0.5|frac=0.5,gift_cards,multvae,0.5,,,,,,,64.0,200.0,10.0,0.5,,,,0.105227081012426,0.23162583518930902,0.0,0.145833333333333,0.150068666666508,0.026041666666666,0.026141449999992003,0.002480158730158,6.343668801039347e-05,584896512.0,389896.0,1164.0,449.0,0.023167654029901008,0.04454342984409801,0.0,0.01041666666666699,0.01842559999992499,0.003168706293706001,0.0033033265732560005,0.00014123837809900015,7.285505994758892e-06,225820672,0,0,0,3
multvae|latent=64;hidden=200;epochs=20;dropout=0.0|frac=0.5,gift_cards,multvae,0.5,,,,,,,64.0,200.0,20.0,0.0,,,,0.131801571669194,0.267260579064588,0.10927988121752001,0.2734375,0.27523529999962104,0.026041666666666,0.025828099999974003,0.00244140625,6.343668801039347e-05,584896512.0,389896.0,1164.0,449.0,0.010720176149009997,0.02004454342984402,0.166963622865628,0.0234375,0.024078899999494974,0.0020032051282049997,0.0013660314102129992,0.0002035698000130001,4.914866209840002e-06,225820672,0,0,0,3
multvae|latent=64;hidden=200;epochs=20;dropout=0.5|frac=0.5,gift_cards,multvae,0.5,,,,,,,64.0,200.0,20.0,0.5,,,,0.11434118235593702,0.249443207126948,0.008685968819599,0.2890625,0.29446579999967004,0.026041666666666,0.026163908333311003,0.002480158730158,6.352299642945523e-05,584896512.0,389896.0,1164.0,449.0,0.018987926229012006,0.04008908685968798,0.007275426874536001,0.0234375,0.015478300000268008,0.0,0.001513216666655999,0.00017879847425300013,3.9821486470607013e-07,225820672,0,0,0,3
multvae|latent=64;hidden=600;epochs=10;dropout=0.0|frac=0.5,gift_cards,multvae,0.5,,,,,,,64.0,600.0,10.0,0.0,,,,0.13303757856534001,0.280623608017817,0.056570155902004,0.2265625,0.22715169999992202,0.028409090909090003,0.028361981818182003,0.0024606299212590003,6.866719716981281e-05,584896512.0,1167496.0,1164.0,449.0,0.009976987298409012,0.022271714922049046,0.06599851521900602,0.015625,0.012980400000742992,0.0010653409090900026,0.0026185378787750013,0.000248459550785,2.841093894813442e-06,225820672,0,0,0,3
multvae|latent=64;hidden=600;epochs=10;dropout=0.5|frac=0.5,gift_cards,multvae,0.5,,,,,,,64.0,600.0,10.0,0.5,,,,0.12206657713698502,0.26057906458797303,0.007126948775055,0.234375,0.23806855000020702,0.028409090909090003,0.028484472727251003,0.0025,6.879565621213729e-05,584896512.0,1167496.0,1164.0,449.0,0.0017318373270970022,0.024498886414254017,0.015887156644395002,0.015625,0.015526299998781995,0.0010653409090900026,0.0018427098483780012,0.00010248589794100002,2.556760661893276e-06,225820672,0,0,0,3
multvae|latent=64;hidden=600;epochs=20;dropout=0.0|frac=0.5,gift_cards,multvae,0.5,,,,,,,64.0,600.0,20.0,0.0,,,,0.169819587412564,0.342984409799554,0.538752783964365,0.453125,0.45099690000006304,0.028409090909090003,0.028379899999973004,0.002422480620155,6.866719716981281e-05,584896512.0,1167496.0,1164.0,449.0,0.00617936654276402,0.008908685968819996,0.07282850779510003,0.046875,0.032730699998864965,0.0014204545454549987,0.0022239363636550012,0.00017879847425300013,3.5618107343152823e-06,225820672,0,0,0,3
multvae|latent=64;hidden=600;epochs=20;dropout=0.5|frac=0.5,gift_cards,multvae,0.5,,,,,,,64.0,600.0,20.0,0.5,,,,0.174901355691261,0.360801781737193,0.33311061618411203,0.46875000000000006,0.47308909999992405,0.028409090909090003,0.028263481818157,0.002480158730158,6.866719716981281e-05,584896512.0,1167496.0,1164.0,449.0,0.004554347793784996,0.02004454342984402,0.109205642167781,0.031249999999999944,0.035888999998406,0.0024857954545450013,0.002473386363432001,0.0002035698000130001,5.861218584754535e-06,225820672,0,0,0,3
multvae|latent=128;hidden=200;epochs=10;dropout=0.0|frac=0.5,gift_cards,multvae,0.5,,,,,,,128.0,200.0,10.0,0.0,,,,0.103853591040584,0.21603563474387502,0.0053452115812910005,0.1640625,0.163969650000581,0.026041666666666,0.026416091666646,0.0025201612903220003,6.361208899106739e-05,584896512.0,544008.0,1164.0,449.0,0.014999465669481002,0.035634743875278985,0.6913140311804,0.015625,0.009265950001008022,0.003305288461538998,0.002973563461544003,4.131411951400002e-05,7.453457864258231e-06,225820672,0,0,0,3
multvae|latent=128;hidden=200;epochs=10;dropout=0.5|frac=0.5,gift_cards,multvae,0.5,,,,,,,128.0,200.0,10.0,0.5,,,,0.10101774208226101,0.21380846325167002,0.0,0.171875,0.17496295000000803,0.026041666666666,0.025965908333319004,0.0024606299212590003,6.347950242299892e-05,584896512.0,544008.0,1164.0,449.0,0.005083885238760008,0.020044543429844963,0.760801781737193,0.015625,0.011006799999676992,0.002103365384615998,0.0020344769231190017,9.924415650400037e-05,4.9055891784397545e-06,225820672,0,0,0,3
multvae|latent=128;hidden=200;epochs=20;dropout=0.0|frac=0.5,gift_cards,multvae,0.5,,,,,,,128.0,200.0,20.0,0.0,,,,0.136131875567733,0.28507795100222705,0.143355605048255,0.3125,0.323456300000088,0.02734375,0.026409466666639,0.0024606299212590003,6.637946530347404e-05,584896512.0,544008.0,1164.0,449.0,0.006611007943111008,0.02004454342984402,0.06236080178173699,0.015625,0.00935289999870298,0.002367424242424001,0.0024684174240969976,0.00011816978634900024,5.5358441620785304e-06,225820672,0,0,0,3
multvae|latent=128;hidden=200;epochs=20;dropout=0.5|frac=0.5,gift_cards,multvae,0.5,,,,,,,128.0,200.0,20.0,0.5,,,,0.11562646080131801,0.253897550111358,0.028878990348923002,0.34375000000000006,0.34742249999908303,0.02734375,0.026789875000001,0.00244140625,6.629450026760588e-05,584896512.0,544008.0,1164.0,449.0,0.0062856820802690005,0.013363028953229994,0.069487750556793,0.046875,0.033436699998218966,0.002103365384615998,0.0027515352565339983,0.00022582446459000005,5.145354608822157e-06,225820672,0,0,0,3
multvae|latent=128;hidden=600;epochs=10;dropout=0.0|frac=0.5,gift_cards,multvae,0.5,,,,,,,128.0,600.0,10.0,0.0,,,,0.138165285002706,0.280623608017817,0.10846325167037801,0.28125,0.283366150000119,0.029829545454545,0.029655763636376002,0.0024606299212590003,7.191575807529021e-05,584896512.0,1628808.0,1164.0,449.0,0.009382879795272997,0.02227171492204899,0.05419450631031901,0.03125,0.02927020000152003,0.0028409090909099974,0.00302071727264,0.00014123837809900015,6.641753828526192e-06,225820672,0,0,0,3
multvae|latent=128;hidden=600;epochs=10;dropout=0.5|frac=0.5,gift_cards,multvae,0.5,,,,,,,128.0,600.0,10.0,0.5,,,,0.11250250437490701,0.23162583518930902,0.00920564216778,0.2890625,0.294184399999949,0.03125,0.030161570000018,0.0027412280701750004,7.499438890903126e-05,584896512.0,1628808.0,1164.0,449.0,0.015544770698368002,0.028953229398663988,0.007126948775056001,0.0703125,0.06895415000326499,0.006107954545454996,0.006252511818159001,0.0012539899680800003,1.5686407713840525e-05,225820672,0,0,0,3
multvae|latent=128;hidden=600;epochs=20;dropout=0.0|frac=0.5,gift_cards,multvae,0.5,,,,,,,128.0,600.0,20.0,0.0,,,,0.175194046319217,0.360801781737193,0.5518930957683741,0.546875,0.5575604999999081,0.03125,0.030524749999995004,0.0025,7.512284795135575e-05,584896512.0,1628808.0,1164.0,449.0,0.006365772806897985,0.017817371937638993,0.01841128433556105,0.15625,0.158894299998792,0.00390625,0.002883383333634998,0.0002853279955050002,9.291173108382436e-06,225820672,0,0,0,3
multvae|latent=128;hidden=600;epochs=20;dropout=0.5|frac=0.5,gift_cards,multvae,0.5,,,,,,,128.0,600.0,20.0,0.5,,,,0.16834103592872401,0.351893095768374,0.36146993318485504,0.578125,0.5847807999998621,0.029829545454545,0.029405336363652,0.002480158730158,7.195925208174653e-05,584896512.0,1628808.0,1164.0,449.0,0.014242001293850004,0.017817371937638993,0.09554565701558998,0.1406250000000001,0.13349979999839,0.004403409090909999,0.0048171772728399995,0.0008480674342100001,1.1695938808729679e-05,225820672,0,0,0,3
multvae|latent=32;hidden=200;epochs=10;dropout=0.0|frac=1.0,gift_cards,multvae,1.0,,,,,,,32.0,200.0,10.0,0.0,,,,0.09138676256531701,0.187082405345211,0.0,0.125,0.12705993333293,0.026041666666666,0.025626350000000003,0.002480158730158,6.335303523499515e-05,584896512.0,312840.0,2041.0,449.0,0.006352877526303008,0.006681514476614997,0.0,0.046875,0.044631250001051004,0.004370629370629001,0.0040346321677229985,0.0004114691614690003,1.0480592329144644e-05,225820672,0,0,0,3
multvae|latent=32;hidden=200;epochs=10;dropout=0.5|frac=1.0,gift_cards,multvae,1.0,,,,,,,32.0,200.0,10.0,0.5,,,,0.0858175785869,0.173719376391982,0.0,0.13541666666666602,0.137727600000137,0.026041666666666,0.02563227500002,0.0025,6.356718634001485e-05,584896512.0,312840.0,2041.0,449.0,0.007117637791812001,0.028953229398663988,0.0,0.015625,0.01091716666693801,0.010416666666667001,0.010622236111077005,0.0008697121501270002,2.5136701150988626e-05,225820672,0,0,0,3
multvae|latent=32;hidden=200;epochs=20;dropout=0.0|frac=1.0,gift_cards,multvae,1.0,,,,,,,32.0,200.0,20.0,0.0,,,,0.175398737249634,0.37193763919821804,0.283444691907943,0.25,0.252658350000047,0.026041666666666,0.025987075000026002,0.0025201612903220003,6.361208899106739e-05,584896512.0,312840.0,2041.0,449.0,0.016453140836491992,0.03786191536748296,0.01655530809205602,0.109375,0.12279969999781404,0.007211538461538998,0.009107311538508998,0.0003100198412700002,1.6751800228971713e-05,225820672,0,0,0,3
multvae|latent=32;hidden=200;epochs=20;dropout=0.5|frac=1.0,gift_cards,multvae,1.0,,,,,,,32.0,200.0,20.0,0.5,,,,0.154490997525838,0.32071269487750503,0.062954714179658,0.2734375,0.27170550000028004,0.025240384615384002,0.026252061538483,0.002582644628099,6.196665755787036e-05,584896512.0,312840.0,2041.0,449.0,0.023603477314683985,0.064587973273942,0.048478099480327,0.07812500000000006,0.09285789999899002,0.004370629370629001,0.003304986713330002,0.0003100198412700002,1.0424608489753248e-05,225820672,0,0,0,3
multvae|latent=32;hidden=600;epochs=10;dropout=0.0|frac=1.0,gift_cards,multvae,1.0,,,,,,,32.0,600.0,10.0,0.0,,,,0.16411248294082,0.34966592427616905,0.09725315515961301,0.1953125,0.19915584999989702,0.028409090909090003,0.028590700000015002,0.0025,6.88398461226969e-05,584896512.0,936840.0,2041.0,449.0,0.021181345221154002,0.04008908685968804,0.167706013363029,0.046875,0.04827859999932102,0.007031249999999996,0.005385201666862002,0.0003607503607510002,1.6463252473831536e-05,225820672,0,0,0,3
multvae|latent=32;hidden=600;epochs=10;dropout=0.5|frac=1.0,gift_cards,multvae,1.0,,,,,,,32.0,600.0,10.0,0.5,,,,0.14104777466152502,0.30289532293986604,0.020786933927245,0.2109375,0.20896895000009802,0.028409090909090003,0.028453975000009003,0.0025201612903220003,6.866719716981281e-05,584896512.0,936840.0,2041.0,449.0,0.010865984809633994,0.031180400890868987,0.008092056421677003,0.0390625,0.03677730000072199,0.01171875,0.011009545454644002,0.000498080127508,2.6991424181160303e-05,225820672,0,0,0,3
multvae|latent=32;hidden=600;epochs=20;dropout=0.0|frac=1.0,gift_cards,multvae,1.0,,,,,,,32.0,600.0,20.0,0.0,,,,0.178194427628127,0.36302895322939804,0.418188567186339,0.390625,0.39566740000009304,0.028409090909090003,0.028415945454526,0.002582644628099,6.88398461226969e-05,584896512.0,936840.0,2041.0,449.0,0.008772780556512011,0.017817371937638993,0.055605048255381984,0.0625,0.06579789999887004,0.00390625,0.002898340000047,0.0003153153153150003,9.218086163064916e-06,225820672,0,0,0,3
multvae|latent=32;hidden=600;epochs=20;dropout=0.5|frac=1.0,gift_cards,multvae,1.0,,,,,,,32.0,600.0,20.0,0.5,,,,0.175935817506433,0.369710467706013,0.22368225686711202,0.421875,0.424137200001496,0.028409090909090003,0.028075409090888,0.002480158730158,6.879565621213729e-05,584896512.0,936840.0,2041.0,449.0,0.005008206180371982,0.011135857461024967,0.020861172976986003,0.20312499999999994,0.20700550000219603,0.01953125,0.020944505952186002,0.0008138020833330004,4.531192000713139e-05,225820672,0,0,0,3
multvae|latent=64;hidden=200;epochs=10;dropout=0.0|frac=1.0,gift_cards,multvae,1.0,,,,,,,64.0,200.0,10.0,0.0,,,,0.08565311230762501,0.171492204899777,0.0,0.13541666666666602,0.137910566666808,0.026041666666666,0.025898700000008,0.002422480620155,6.331216670350284e-05,584896512.0,389896.0,2041.0,449.0,0.009821751508407,0.015590200445433994,0.0,0.04427083333333398,0.04023858333251501,0.0045891608391609995,0.005213274824951,0.0008697121501270002,1.207547561768183e-05,225820672,0,0,0,3
multvae|latent=64;hidden=200;epochs=10;dropout=0.5|frac=1.0,gift_cards,multvae,1.0,,,,,,,64.0,200.0,10.0,0.5,,,,0.08291711305192101,0.16703786191536701,0.0,0.145833333333333,0.14943209999970902,0.026041666666666,0.025789691666659002,0.002403846153846,6.335303523499515e-05,584896512.0,389896.0,2041.0,449.0,0.011036172611376002,0.02227171492204899,0.0,0.06510416666666699,0.06411593333329299,0.013020833333333998,0.012860866666718002,0.0007575757575759997,3.0686879935209546e-05,225820672,0,0,0,3
multvae|latent=64;hidden=200;epochs=20;dropout=0.0|frac=1.0,gift_cards,multvae,1.0,,,,,,,64.0,200.0,20.0,0.0,,,,0.16610625674030402,0.356347438752783,0.24365256124721602,0.265625,0.271634900000208,0.026041666666666,0.025815008333324,0.0025406504065040004,6.365772176652726e-05,584896512.0,389896.0,2041.0,449.0,0.009564909290736001,0.020044543429843964,0.16822568671121,0.0625,0.06514919999835905,0.005208333333333998,0.006607921666817999,0.0006959357353060001,1.3149819751980278e-05,225820672,0,0,0,3
multvae|latent=64;hidden=200;epochs=20;dropout=0.5|frac=1.0,gift_cards,multvae,1.0,,,,,,,64.0,200.0,20.0,0.5,,,,0.14304021594437402,0.30734966592427604,0.0456570155902,0.2890625,0.295189100000243,0.026041666666666,0.026159575000027004,0.0025201612903220003,6.361208899106739e-05,584896512.0,389896.0,2041.0,449.0,0.022074431195277994,0.03340757238307401,0.06362286562732002,0.09375,0.08762049999768301,0.005208333333333998,0.006482808333385003,0.00078947368421,1.3358144805220159e-05,225820672,0,0,0,3
multvae|latent=64;hidden=600;epochs=10;dropout=0.0|frac=1.0,gift_cards,multvae,1.0,,,,,,,64.0,600.0,10.0,0.0,,,,0.160478029786841,0.342984409799554,0.149962880475129,0.2265625,0.22563040000022702,0.028409090909090003,0.028830472727267003,0.002480158730158,6.875216220568097e-05,584896512.0,1167496.0,2041.0,449.0,0.009672163137491002,0.033407572383073014,0.136896807720861,0.0859375,0.09584999999901803,0.01171875,0.011200258333397998,0.0006959357353060001,2.7606140147899612e-05,225820672,0,0,0,3
multvae|latent=64;hidden=600;epochs=10;dropout=0.5|frac=1.0,gift_cards,multvae,1.0,,,,,,,64.0,600.0,10.0,0.5,,,,0.14198508368857202,0.28953229398663705,0.032368225686711,0.234375,0.235790749999978,0.028409090909090003,0.028740109090945,0.0025614754098360003,6.879565621213729e-05,584896512.0,1167496.0,2041.0,449.0,0.006667449380821977,0.008908685968818997,0.020267260579065003,0.17968750000000006,0.16402265000124303,0.013671875,0.015866216666685,0.0006139006757819999,3.163576613831744e-05,225820672,0,0,0,3
multvae|latent=64;hidden=600;epochs=20;dropout=0.0|frac=1.0,gift_cards,multvae,1.0,,,,,,,64.0,600.0,20.0,0.0,,,,0.16898612986748002,0.351893095768374,0.43986636971046705,0.4375,0.44462100000055205,0.028409090909090003,0.028842136363643002,0.0025406504065040004,6.893038154920929e-05,584896512.0,1167496.0,2041.0,449.0,0.0010092090255919839,0.008908685968819996,0.01588715664439505,0.046875,0.04496929999913901,0.008049242424243,0.008209421211957998,0.00040634255580499976,1.8832037817476186e-05,225820672,0,0,0,3
multvae|latent=64;hidden=600;epochs=20;dropout=0.5|frac=1.0,gift_cards,multvae,1.0,,,,,,,64.0,600.0,20.0,0.5,,,,0.170744443182606,0.36748329621380804,0.24357832219747502,0.46875000000000006,0.467392600000039,0.028409090909090003,0.028869254545456004,0.002480158730158,6.879565621213729e-05,584896512.0,1167496.0,2041.0,449.0,0.003432594942282985,0.013363028953228995,0.05181885671863401,0.2656250000000001,0.365414499998224,0.008049242424243,0.008567753535353002,0.0008800563236050002,1.988707961658605e-05,225820672,0,0,0,3
multvae|latent=128;hidden=200;epochs=10;dropout=0.0|frac=1.0,gift_cards,multvae,1.0,,,,,,,128.0,200.0,10.0,0.0,,,,0.092543820689267,0.184855233853006,0.0,0.1640625,0.16314194999995302,0.026041666666666,0.025965933333357002,0.0025,6.343668801039347e-05,584896512.0,544008.0,2041.0,449.0,0.006653327963267994,0.006681514476614997,0.002672605790645,0.0703125,0.06767939999917899,0.007211538461538998,0.005913493077214001,0.00037390906531500033,1.6763594157803505e-05,225820672,0,0,0,3
multvae|latent=128;hidden=200;epochs=10;dropout=0.5|frac=1.0,gift_cards,multvae,1.0,,,,,,,128.0,200.0,10.0,0.5,,,,0.092172855703605,0.184855233853006,0.0,0.171875,0.17187179999928,0.026041666666666,0.026163191666645002,0.002480158730158,6.352299642945523e-05,584896512.0,544008.0,2041.0,449.0,0.008377990928736007,0.006681514476614997,0.0,0.046875,0.044013400000040004,0.009481837606838,0.008136084615473,0.0007395038167939995,2.2764680230805142e-05,225820672,0,0,0,3
multvae|latent=128;hidden=200;epochs=20;dropout=0.0|frac=1.0,gift_cards,multvae,1.0,,,,,,,128.0,200.0,20.0,0.0,,,,0.16693424103864402,0.356347438752783,0.24936896807720801,0.3125,0.322863499999584,0.026041666666666,0.026136941666663003,0.00244140625,6.343668801039347e-05,584896512.0,544008.0,2041.0,449.0,0.015202398953712004,0.02672605790645899,0.033630289532293994,0.15625000000000006,0.14930069999991197,0.014973958333333998,0.016381004167063003,0.0015142899525310005,3.672215653860653e-05,225820672,0,0,0,3
multvae|latent=128;hidden=200;epochs=20;dropout=0.5|frac=1.0,gift_cards,multvae,1.0,,,,,,,128.0,200.0,20.0,0.5,,,,0.15182046296474702,0.31625835189309504,0.065850037119524,0.328125,0.34040230000027805,0.026041666666666,0.026376416666645003,0.0025,6.356718634001485e-05,584896512.0,544008.0,2041.0,449.0,0.016727934608049,0.048997772828508035,0.034521158129175,0.0625,0.09187750000137301,0.0013020833333339983,0.0020147250000570015,0.00019078144078199999,3.324865866625331e-06,225820672,0,0,0,3
multvae|latent=128;hidden=600;epochs=10;dropout=0.0|frac=1.0,gift_cards,multvae,1.0,,,,,,,128.0,600.0,10.0,0.0,,,,0.162216552461615,0.34966592427616905,0.173793615441722,0.28125,0.28241339999999504,0.029829545454545,0.029830909090915004,0.002480158730158,7.195925208174653e-05,584896512.0,1628808.0,2041.0,449.0,0.00789794654565601,0.031180400890868987,0.05360059391239799,0.0234375,0.020130299999436996,0.0028409090909099974,0.0028873872727259997,0.0001876751634859999,6.74517651312919e-06,225820672,0,0,0,3
multvae|latent=128;hidden=600;epochs=10;dropout=0.5|frac=1.0,gift_cards,multvae,1.0,,,,,,,128.0,600.0,10.0,0.5,,,,0.14307685390188002,0.300668151447661,0.046547884187082,0.34375000000000006,0.34267380000164804,0.03125,0.032518359999812,0.0027173913043470003,7.56512055776121e-05,584896512.0,1628808.0,2041.0,449.0,0.010795676847247998,0.020044543429843964,0.052561247216036014,0.3671875,0.6325065999999431,0.03892045454545501,0.06300280000009001,0.0020875792572460005,9.133192383631525e-05,225820672,0,0,0,3
multvae|latent=128;hidden=600;epochs=20;dropout=0.0|frac=1.0,gift_cards,multvae,1.0,,,,,,,128.0,600.0,20.0,0.0,,,,0.165272101827715,0.34521158129175905,0.45575352635486205,0.59375,0.611929099999542,0.0390625,0.040595949999897005,0.003188775510204,9.410083632562156e-05,584896512.0,1628808.0,2041.0,449.0,0.01706654340314001,0.028953229398664015,0.070972531551596,0.25,4.017868699998872,0.016233766233767002,0.016001184415530997,0.0009705855485519998,3.831704183079071e-05,225820672,0,0,0,3
multvae|latent=128;hidden=600;epochs=20;dropout=0.5|frac=1.0,gift_cards,multvae,1.0,,,,,,,128.0,600.0,20.0,0.5,,,,0.17777007801597602,0.387527839643652,0.23845582776540403,0.765625,0.773251899998285,0.036458333333333,0.036714866666847,0.002893518518518,8.764332260991505e-05,584896512.0,1628808.0,2041.0,449.0,0.004973947869548995,0.017817371937638993,0.07230883444691902,0.671875,0.994380800000727,0.056107954545455,0.063963468181834,0.0030803571428570007,0.00013182252046369387,225820672,0,0,0,3
markov|order=1;smoothing=0.0;decay=false|frac=0.25,gift_cards,markov,0.25,,,,,,,,,,,1.0,0.0,0.0,0.09537644888779001,0.16481069042316202,0.271195248700816,0.002693965517241,0.002690508620691,0.104166666666666,0.109293733333439,0.0036764705882350005,0.00024018516092400003,395444224.0,3844.0,636.0,449.0,0.0,0.0,0.0,0.0,0.0,0.0,0.0,0.0,0.0,0,0,0,0,1
markov|order=1;smoothing=0.0;decay=true|frac=0.25,gift_cards,markov,0.25,,,,,,,,,,,1.0,0.0,1.0,0.094274324008144,0.16481069042316202,0.271195248700816,0.003765060240963,0.004623792771085,0.08203125,0.105350999999927,0.0030339805825240003,0.00018945485653100002,395444224.0,3844.0,636.0,449.0,0.0,0.0,0.0,0.0,0.0,0.0,0.0,0.0,0.0,0,0,0,0,1
markov|order=1;smoothing=0.1;decay=false|frac=0.25,gift_cards,markov,0.25,,,,,,,,,,,1.0,0.1,0.0,0.13254342963273802,0.240534521158129,0.402672605790645,0.0014269406392690002,0.0014135520547930002,0.057291666666666005,0.058893166666621005,0.0027173913043470003,0.000133650463187,310943744.0,3844.0,636.0,449.0,0.0,0.0,0.0,0.0,0.0,0.0,0.0,0.0,0.0,0,0,0,0,1
markov|order=1;smoothing=0.1;decay=true|frac=0.25,gift_cards,markov,0.25,,,,,,,,,,,1.0,0.1,1.0,0.130203228392917,0.240534521158129,0.402672605790645,0.0015318627450980002,0.001466021568625,0.0546875,0.056570849999995,0.002693965517241,0.00012779836418,313167872.0,3844.0,636.0,449.0,0.0,0.0,0.0,0.0,0.0,0.0,0.0,0.0,0.0,0,0,0,0,1
markov|order=1;smoothing=0.5;decay=false|frac=0.25,gift_cards,markov,0.25,,,,,,,,,,,1.0,0.5,0.0,0.13254342963273802,0.240534521158129,0.402672605790645,0.0013130252100840001,0.001294540336135,0.052083333333333,0.05632680000000301,0.002893518518518,0.000122442877175,313237504.0,3844.0,636.0,449.0,0.0,0.0,0.0,0.0,0.0,0.0,0.0,0.0,0.0,0,0,0,0,1
markov|order=1;smoothing=0.5;decay=true|frac=0.25,gift_cards,markov,0.25,,,,,,,,,,,1.0,0.5,1.0,0.13027148144442402,0.240534521158129,0.402672605790645,0.0016276041666660002,0.001559003645832,0.057291666666666005,0.057635299999977005,0.0027173913043470003,0.000133650463187,313274368.0,3844.0,636.0,449.0,0.0,0.0,0.0,0.0,0.0,0.0,0.0,0.0,0.0,0,0,0,0,1
markov|order=2;smoothing=0.0;decay=false|frac=0.25,gift_cards,markov,0.25,,,,,,,,,,,2.0,0.0,0.0,0.09537644888779001,0.16481069042316202,0.271195248700816,0.0019654088050310003,0.00196567610063,0.057291666666666005,0.061060600000018006,0.0028409090909090003,0.00013392555848,313274368.0,4952.0,636.0,449.0,0.0,0.0,0.0,0.0,0.0,0.0,0.0,0.0,0.0,0,0,0,0,1
markov|order=2;smoothing=0.0;decay=true|frac=0.25,gift_cards,markov,0.25,,,,,,,,,,,2.0,0.0,1.0,0.094274324008144,0.16481069042316202,0.271195248700816,0.001882530120481,0.0018664650602400001,0.057291666666666005,0.059086800000007,0.002693965517241,0.00013359828994100002,313290752.0,4952.0,636.0,449.0,0.0,0.0,0.0,0.0,0.0,0.0,0.0,0.0,0.0,0,0,0,0,1
markov|order=2;smoothing=0.1;decay=false|frac=0.25,gift_cards,markov,0.25,,,,,,,,,,,2.0,0.1,0.0,0.13254342963273802,0.240534521158129,0.402672605790645,0.002125850340136,0.002164900680271,0.057291666666666005,0.05745648333330101,0.00244140625,0.000133035797141,313294848.0,4952.0,636.0,449.0,0.0,0.0,0.0,0.0,0.0,0.0,0.0,0.0,0.0,0,0,0,0,1
markov|order=2;smoothing=0.1;decay=true|frac=0.25,gift_cards,markov,0.25,,,,,,,,,,,2.0,0.1,1.0,0.130203228392917,0.240534521158129,0.402672605790645,0.0016711229946520002,0.0017420684491980002,0.059895833333333,0.062222166666667,0.0032216494845360003,0.000140573458391,313360384.0,4952.0,636.0,449.0,0.0,0.0,0.0,0.0,0.0,0.0,0.0,0.0,0.0,0,0,0,0,1
markov|order=2;smoothing=0.5;decay=false|frac=0.25,gift_cards,markov,0.25,,,,,,,,,,,2.0,0.5,0.0,0.13254342963273802,0.240534521158129,0.402672605790645,0.0032552083333330004,0.0034054854166640004,0.06875,0.06877543999999,0.0030637254901960003,0.00015994148216,313364480.0,4952.0,636.0,449.0,0.0,0.0,0.0,0.0,0.0,0.0,0.0,0.0,0.0,0,0,0,0,1
markov|order=2;smoothing=0.5;decay=true|frac=0.25,gift_cards,markov,0.25,,,,,,,,,,,2.0,0.5,1.0,0.13027148144442402,0.240534521158129,0.402672605790645,0.002155172413793,0.002111479310346,0.0625,0.064919599999939,0.0030637254901960003,0.00014602166033400002,313368576.0,4952.0,636.0,449.0,0.0,0.0,0.0,0.0,0.0,0.0,0.0,0.0,0.0,0,0,0,0,1
markov|order=1;smoothing=0.0;decay=false|frac=0.5,gift_cards,markov,0.5,,,,,,,,,,,1.0,0.0,0.0,0.17171694958615502,0.276169265033407,0.456792873051224,0.0028153153153150003,0.0027315405405370003,0.0859375,0.088710375000005,0.003551136363636,0.00019930653978500002,313376768.0,8860.0,1164.0,449.0,0.0,0.0,0.0,0.0,0.0,0.0,0.0,0.0,0.0,0,0,0,0,1
markov|order=1;smoothing=0.0;decay=true|frac=0.5,gift_cards,markov,0.5,,,,,,,,,,,1.0,0.0,1.0,0.171656230398562,0.278396436525612,0.45961395694135104,0.00267094017094,0.002698792307692,0.071875,0.073709240000061,0.0033602150537630003,0.000167561726177,313376768.0,8860.0,1164.0,449.0,0.0,0.0,0.0,0.0,0.0,0.0,0.0,0.0,0.0,0,0,0,0,1
markov|order=1;smoothing=0.1;decay=false|frac=0.5,gift_cards,markov,0.5,,,,,,,,,,,1.0,0.1,0.0,0.181892927997398,0.3184855233853,0.6119524870081661,0.00309405940594,0.0030426198019840004,0.06875,0.07116513999999301,0.003324468085106,0.00016052220063400002,313376768.0,8860.0,1164.0,449.0,0.0,0.0,0.0,0.0,0.0,0.0,0.0,0.0,0.0,0,0,0,0,1
markov|order=1;smoothing=0.1;decay=true|frac=0.5,gift_cards,markov,0.5,,,,,,,,,,,1.0,0.1,1.0,0.178203985643573,0.305122494432071,0.639272457312546,0.0028409090909090003,0.00297031090909,0.071875,0.074046139999973,0.0037202380952380005,0.00016836355923200002,313417728.0,8860.0,1164.0,449.0,0.0,0.0,0.0,0.0,0.0,0.0,0.0,0.0,0.0,0,0,0,0,1
markov|order=1;smoothing=0.5;decay=false|frac=0.5,gift_cards,markov,0.5,,,,,,,,,,,1.0,0.5,0.0,0.181892927997398,0.3184855233853,0.6119524870081661,0.006009615384615001,0.006219009615383001,0.08984375,0.092980249999982,0.0034340659340650003,0.00020774569250300002,313417728.0,8860.0,1164.0,449.0,0.0,0.0,0.0,0.0,0.0,0.0,0.0,0.0,0.0,0,0,0,0,1
markov|order=1;smoothing=0.5;decay=true|frac=0.5,gift_cards,markov,0.5,,,,,,,,,,,1.0,0.5,1.0,0.177739654992587,0.30734966592427604,0.65025983667409,0.002200704225352,0.002270864084509,0.0546875,0.05550524999997201,0.0027173913043470003,0.00012785053742600001,313417728.0,8860.0,1164.0,449.0,0.0,0.0,0.0,0.0,0.0,0.0,0.0,0.0,0.0,0,0,0,0,1
markov|order=2;smoothing=0.0;decay=false|frac=0.5,gift_cards,markov,0.5,,,,,,,,,,,2.0,0.0,0.0,0.16031399631628301,0.242761692650334,0.426354862657758,0.005208333333333,0.005127223333329,0.06875,0.070361899999988,0.003188775510204,0.00016021999000000002,313417728.0,14720.0,1164.0,449.0,0.0,0.0,0.0,0.0,0.0,0.0,0.0,0.0,0.0,0,0,0,0,1
markov|order=2;smoothing=0.0;decay=true|frac=0.5,gift_cards,markov,0.5,,,,,,,,,,,2.0,0.0,1.0,0.159280021462645,0.244988864142538,0.431774313288789,0.0034340659340650003,0.003396990109889,0.065625,0.06637639999999001,0.00267094017094,0.000152106770982,313417728.0,14720.0,1164.0,449.0,0.0,0.0,0.0,0.0,0.0,0.0,0.0,0.0,0.0,0,0,0,0,1
markov|order=2;smoothing=0.1;decay=false|frac=0.5,gift_cards,markov,0.5,,,,,,,,,,,2.0,0.1,0.0,0.18295884002352703,0.3184855233853,0.630363771343726,0.003188775510204,0.003166077551018,0.078125,0.08062189999998201,0.005208333333333,0.00018559762435000002,313417728.0,14720.0,1164.0,449.0,0.0,0.0,0.0,0.0,0.0,0.0,0.0,0.0,0.0,0,0,0,0,1
markov|order=2;smoothing=0.1;decay=true|frac=0.5,gift_cards,markov,0.5,,,,,,,,,,,2.0,0.1,1.0,0.17836882699716303,0.305122494432071,0.639049740163325,0.007440476190476001,0.009796409523806001,0.109375,0.11340053333333301,0.003765060240963,0.000251982316795,313417728.0,14720.0,1164.0,449.0,0.0,0.0,0.0,0.0,0.0,0.0,0.0,0.0,0.0,0,0,0,0,1
markov|order=2;smoothing=0.5;decay=false|frac=0.5,gift_cards,markov,0.5,,,,,,,,,,,2.0,0.5,0.0,0.18295884002352703,0.3184855233853,0.630363771343726,0.005122950819672001,0.004932403278692,0.08203125,0.08348487499995301,0.00328947368421,0.00019002388348300002,313483264.0,14720.0,1164.0,449.0,0.0,0.0,0.0,0.0,0.0,0.0,0.0,0.0,0.0,0,0,0,0,1
markov|order=2;smoothing=0.5;decay=true|frac=0.5,gift_cards,markov,0.5,,,,,,,,,,,2.0,0.5,1.0,0.17743103175174402,0.30289532293986604,0.651076466221232,0.003858024691358,0.0037166777777780003,0.08203125,0.083927200000061,0.0034340659340650003,0.00019034591522000001,313483264.0,14720.0,1164.0,449.0,0.0,0.0,0.0,0.0,0.0,0.0,0.0,0.0,0.0,0,0,0,0,1
markov|order=1;smoothing=0.0;decay=false|frac=1.0,gift_cards,markov,1.0,,,,,,,,,,,1.0,0.0,0.0,0.18366563426866703,0.309576837416481,0.48582034149962805,0.003551136363636,0.0034722363636360003,0.059895833333333,0.059556083333366004,0.002648305084745,0.000139296522089,313511936.0,15388.0,2041.0,449.0,0.0,0.0,0.0,0.0,0.0,0.0,0.0,0.0,0.0,0,0,0,0,1
markov|order=1;smoothing=0.0;decay=true|frac=1.0,gift_cards,markov,1.0,,,,,,,,,,,1.0,0.0,1.0,0.188993007255284,0.31625835189309504,0.508092056421677,0.00390625,0.003822441250002,0.078125,0.100337275000015,0.004401408450704,0.00018380046425500003,313511936.0,15388.0,2041.0,449.0,0.0,0.0,0.0,0.0,0.0,0.0,0.0,0.0,0.0,0,0,0,0,1
markov|order=1;smoothing=0.1;decay=false|frac=1.0,gift_cards,markov,1.0,,,,,,,,,,,1.0,0.1,0.0,0.19772600606979202,0.336302895322939,0.555456570155902,0.0039556962025310005,0.003936237974686001,0.057291666666666005,0.058200700000043,0.0027412280701750004,0.000133703551752,313516032.0,15388.0,2041.0,449.0,0.0,0.0,0.0,0.0,0.0,0.0,0.0,0.0,0.0,0,0,0,0,1
markov|order=1;smoothing=0.1;decay=true|frac=1.0,gift_cards,markov,1.0,,,,,,,,,,,1.0,0.1,1.0,0.19350207122885102,0.32962138084632503,0.6181885671863391,0.0032552083333330004,0.003209086458336,0.057291666666666005,0.057526116666698004,0.0027901785714280003,0.000133812572913,313528320.0,15388.0,2041.0,449.0,0.0,0.0,0.0,0.0,0.0,0.0,0.0,0.0,0.0,0,0,0,0,1
markov|order=1;smoothing=0.5;decay=false|frac=1.0,gift_cards,markov,1.0,,,,,,,,,,,1.0,0.5,0.0,0.19749044993386802,0.336302895322939,0.54120267260579,0.0033602150537630003,0.003505234408602,0.0859375,0.08573434999993801,0.0031249999999999997,0.000198357461024,313528320.0,15388.0,2041.0,449.0,0.0,0.0,0.0,0.0,0.0,0.0,0.0,0.0,0.0,0,0,0,0,1
markov|order=1;smoothing=0.5;decay=true|frac=1.0,gift_cards,markov,1.0,,,,,,,,,,,1.0,0.5,1.0,0.19360700959210803,0.32739420935412,0.5793615441722341,0.00309405940594,0.0032033009900950004,0.0546875,0.05637341666662601,0.0027654867256630003,0.000127957654177,313528320.0,15388.0,2041.0,449.0,0.0,0.0,0.0,0.0,0.0,0.0,0.0,0.0,0.0,0,0,0,0,1
markov|order=2;smoothing=0.0;decay=false|frac=1.0,gift_cards,markov,1.0,,,,,,,,,,,2.0,0.0,0.0,0.14624074792683,0.22048997772828502,0.40066815144766105,0.0052966101694910004,0.005571564406783001,0.071875,0.072349440000016,0.00267094017094,0.000166026592808,313528320.0,38624.0,2041.0,449.0,0.0,0.0,0.0,0.0,0.0,0.0,0.0,0.0,0.0,0,0,0,0,1
markov|order=2;smoothing=0.0;decay=true|frac=1.0,gift_cards,markov,1.0,,,,,,,,,,,2.0,0.0,1.0,0.149787903269259,0.23162583518930902,0.409873793615441,0.0052966101694910004,0.005261532203395001,0.071875,0.07336755999995101,0.0027173913043470003,0.00016613004744800002,313540608.0,38624.0,2041.0,449.0,0.0,0.0,0.0,0.0,0.0,0.0,0.0,0.0,0.0,0,0,0,0,1
markov|order=2;smoothing=0.1;decay=false|frac=1.0,gift_cards,markov,1.0,,,,,,,,,,,2.0,0.1,0.0,0.194852833651352,0.33184855233853,0.5576095025983661,0.005896226415094,0.005870718867917001,0.08984375,0.089918075000014,0.0027412280701750004,0.000206202623764,313540608.0,38624.0,2041.0,449.0,0.0,0.0,0.0,0.0,0.0,0.0,0.0,0.0,0.0,0,0,0,0,1
markov|order=2;smoothing=0.1;decay=true|frac=1.0,gift_cards,markov,1.0,,,,,,,,,,,2.0,0.1,1.0,0.19055874713755602,0.32516703786191503,0.615961395694135,0.0078125,0.008794739999996,0.08203125,0.082585325000081,0.0025614754098360003,0.00018840250648,313540608.0,38624.0,2041.0,449.0,0.0,0.0,0.0,0.0,0.0,0.0,0.0,0.0,0.0,0,0,0,0,1
markov|order=2;smoothing=0.5;decay=false|frac=1.0,gift_cards,markov,1.0,,,,,,,,,,,2.0,0.5,0.0,0.19421668387208202,0.32962138084632503,0.5580549368968071,0.005122950819672001,0.00512986885246,0.071875,0.07124074000003,0.0025201612903220003,0.00016569078238300001,313552896.0,38624.0,2041.0,449.0,0.0,0.0,0.0,0.0,0.0,0.0,0.0,0.0,0.0,0,0,0,0,1
markov|order=2;smoothing=0.5;decay=true|frac=1.0,gift_cards,markov,1.0,,,,,,,,,,,2.0,0.5,1.0,0.19129464661501902,0.32962138084632503,0.600965107646622,0.004734848484848,0.004699146969697,0.06875,0.07083572000001301,0.0030637254901960003,0.00015994148216,313552896.0,38624.0,2041.0,449.0,0.0,0.0,0.0,0.0,0.0,0.0,0.0,0.0,0.0,0,0,0,0,1
