dataset,method,seed,best_quality,best_config_id,n_unique,n_duplicates,spent_cpu_seconds,checkpoint_0.25,checkpoint_0.5,checkpoint_1.0,config_id,test_ndcg_at_10,test_recall_at_10
gift_cards,grid,0,0.190153832497763,itemknn|topk=300;shrink=10.0|frac=1.0,96,0,30.04642329863067,0.190153832497763,0.190153832497763,0.190153832497763,itemknn|topk=300;shrink=10.0|frac=1.0,0.15015579114662,0.316258351893095
gift_cards,random,0,0.194216683872082,markov|order=2;smoothing=0.5;decay=false|frac=1.0,55,1,28.57342275584518,0.134748063295651,0.180881298179788,0.194216683872082,markov|order=2;smoothing=0.5;decay=false|frac=1.0,0.122060773227591,0.231625835189309
gift_cards,tpe,0,0.197726006069792,markov|order=1;smoothing=0.1;decay=false|frac=1.0,87,615,28.436836740948078,0.197726006069792,0.197726006069792,0.197726006069792,markov|order=1;smoothing=0.1;decay=false|frac=1.0,0.123876076563843,0.231625835189309
gift_cards,successive_halving,0,0.180881298179788,itemknn|topk=300;shrink=100.0|frac=0.5,41,0,29.38607495835121,0.175890756358624,0.175890756358624,0.180881298179788,itemknn|topk=300;shrink=100.0|frac=0.5,0.116938042457407,0.247216035634743
gift_cards,hyperband,0,0.182021870088859,itemknn|topk=100;shrink=10.0|frac=0.5,43,0,30.30342868127929,0.103853591040584,0.182021870088859,0.182021870088859,itemknn|topk=100;shrink=10.0|frac=0.5,0.113689491313755,0.236080178173719
gift_cards,sm2,0,0.197490449933868,markov|order=1;smoothing=0.5;decay=false|frac=1.0,40,0,28.614021564172887,0.134524395548647,0.186001736044223,0.197490449933868,markov|order=1;smoothing=0.5;decay=false|frac=1.0,0.125182671767754,0.236080178173719
gift_cards,bocs,0,0.182958840023527,markov|order=2;smoothing=0.5;decay=false|frac=0.5,30,2,28.62548838096756,0.182958840023527,0.182958840023527,0.182958840023527,markov|order=2;smoothing=0.5;decay=false|frac=0.5,0.102650939867976,0.191536748329621
gift_cards,fmqa,0,0.194852833651352,markov|order=2;smoothing=0.1;decay=false|frac=1.0,73,0,30.013857397355924,0.181836507792356,0.191294646615019,0.194852833651352,markov|order=2;smoothing=0.1;decay=false|frac=1.0,0.121416976287017,0.229398663697104
gift_cards,grid,1,0.190153832497763,itemknn|topk=300;shrink=10.0|frac=1.0,96,0,29.96829829863067,0.190153832497763,0.190153832497763,0.190153832497763,itemknn|topk=300;shrink=10.0|frac=1.0,0.15015579114662,0.316258351893095
gift_cards,random,1,0.186595172931594,itemknn|topk=300;shrink=100.0|frac=1.0,50,3,29.46215602971057,0.186595172931594,0.186595172931594,0.186595172931594,itemknn|topk=300;shrink=100.0|frac=1.0,0.13923185178075,0.287305122494432
gift_cards,tpe,1,0.197726006069792,markov|order=1;smoothing=0.1;decay=false|frac=1.0,73,421,28.80508299221943,0.197490449933868,0.197726006069792,0.197726006069792,markov|order=1;smoothing=0.1;decay=false|frac=1.0,0.123876076563843,0.231625835189309
gift_cards,successive_halving,1,0.197490449933868,markov|order=1;smoothing=0.5;decay=false|frac=1.0,48,0,29.603447104288037,0.171716949586155,0.197490449933868,0.197490449933868,markov|order=1;smoothing=0.5;decay=false|frac=1.0,0.125182671767754,0.236080178173719
gift_cards,hyperband,1,0.190153832497763,itemknn|topk=300;shrink=10.0|frac=1.0,37,0,29.50570672599829,0.177739654992587,0.190153832497763,0.190153832497763,itemknn|topk=300;shrink=10.0|frac=1.0,0.15015579114662,0.316258351893095
gift_cards,sm2,1,0.193607009592108,markov|order=1;smoothing=0.5;decay=true|frac=1.0,54,0,28.6080966527052,0.193607009592108,0.193607009592108,0.193607009592108,markov|order=1;smoothing=0.5;decay=true|frac=1.0,0.122019418232096,0.231625835189309
gift_cards,bocs,1,0.182958840023527,markov|order=2;smoothing=0.1;decay=false|frac=0.5,39,1,28.93004507829665,0.178368826997163,0.178368826997163,0.182958840023527,markov|order=2;smoothing=0.1;decay=false|frac=0.5,0.102650939867976,0.191536748329621
gift_cards,fmqa,1,0.197490449933868,markov|order=1;smoothing=0.5;decay=false|frac=1.0,64,1,29.531108411546107,0.177431031751744,0.177431031751744,0.197490449933868,markov|order=1;smoothing=0.5;decay=false|frac=1.0,0.125182671767754,0.236080178173719
gift_cards,grid,2,0.190153832497763,itemknn|topk=300;shrink=10.0|frac=1.0,96,0,29.93704829863067,0.190153832497763,0.190153832497763,0.190153832497763,itemknn|topk=300;shrink=10.0|frac=1.0,0.15015579114662,0.316258351893095
gift_cards,random,2,0.194216683872082,markov|order=2;smoothing=0.5;decay=false|frac=1.0,49,1,28.60252576354595,0.194216683872082,0.194216683872082,0.194216683872082,markov|order=2;smoothing=0.5;decay=false|frac=1.0,0.122060773227591,0.231625835189309
gift_cards,tpe,2,0.197726006069792,markov|order=1;smoothing=0.1;decay=false|frac=1.0,79,464,29.628740464086068,0.197726006069792,0.197726006069792,0.197726006069792,markov|order=1;smoothing=0.1;decay=false|frac=1.0,0.123876076563843,0.231625835189309
gift_cards,successive_halving,2,0.194216683872082,markov|order=2;smoothing=0.5;decay=false|frac=1.0,59,0,28.56197915083966,0.194216683872082,0.194216683872082,0.194216683872082,markov|order=2;smoothing=0.5;decay=false|frac=1.0,0.122060773227591,0.231625835189309
gift_cards,hyperband,2,0.193607009592108,markov|order=1;smoothing=0.5;decay=true|frac=1.0,50,0,30.837478671949786,0.181892927997398,0.193607009592108,0.193607009592108,markov|order=1;smoothing=0.5;decay=true|frac=1.0,0.122019418232096,0.231625835189309
gift_cards,sm2,2,0.197726006069792,markov|order=1;smoothing=0.1;decay=false|frac=1.0,43,0,29.557325723614507,0.187210772057533,0.187210772057533,0.197726006069792,markov|order=1;smoothing=0.1;decay=false|frac=1.0,0.123876076563843,0.231625835189309
gift_cards,bocs,2,0.193607009592108,markov|order=1;smoothing=0.5;decay=true|frac=1.0,41,0,29.91437008512516,0.18979372851436,0.193607009592108,0.193607009592108,markov|order=1;smoothing=0.5;decay=true|frac=1.0,0.122019418232096,0.231625835189309
gift_cards,fmqa,2,0.197726006069792,markov|order=1;smoothing=0.1;decay=false|frac=1.0,61,0,30.15485092113126,0.181836507792356,0.181836507792356,0.197726006069792,markov|order=1;smoothing=0.1;decay=false|frac=1.0,0.123876076563843,0.231625835189309
gift_cards,grid,3,0.190153832497763,itemknn|topk=300;shrink=10.0|frac=1.0,96,0,29.96829829863067,0.190153832497763,0.190153832497763,0.190153832497763,itemknn|topk=300;shrink=10.0|frac=1.0,0.15015579114662,0.316258351893095
gift_cards,random,3,0.193607009592108,markov|order=1;smoothing=0.5;decay=true|frac=1.0,46,3,28.550866456513,0.166106256740304,0.193607009592108,0.193607009592108,markov|order=1;smoothing=0.5;decay=true|frac=1.0,0.122019418232096,0.231625835189309
gift_cards,tpe,3,0.197726006069792,markov|order=1;smoothing=0.1;decay=false|frac=1.0,75,483,28.42739931055728,0.194852833651352,0.197726006069792,0.197726006069792,markov|order=1;smoothing=0.1;decay=false|frac=1.0,0.123876076563843,0.231625835189309
gift_cards,successive_halving,3,0.193502071228851,markov|order=1;smoothing=0.1;decay=true|frac=1.0,48,0,28.79431706596207,0.193502071228851,0.193502071228851,0.193502071228851,markov|order=1;smoothing=0.1;decay=true|frac=1.0,0.118982058695686,0.22271714922049
gift_cards,hyperband,3,0.194852833651352,markov|order=2;smoothing=0.1;decay=false|frac=1.0,50,0,28.60209696112784,0.194852833651352,0.194852833651352,0.194852833651352,markov|order=2;smoothing=0.1;decay=false|frac=1.0,0.121416976287017,0.229398663697104
gift_cards,sm2,3,0.194216683872082,markov|order=2;smoothing=0.5;decay=false|frac=1.0,46,0,28.946533762327977,0.181836507792356,0.183665634268667,0.194216683872082,markov|order=2;smoothing=0.5;decay=false|frac=1.0,0.122060773227591,0.231625835189309
gift_cards,bocs,3,0.186001736044223,itemknn|topk=50;shrink=100.0|frac=1.0,32,0,29.32961346399576,0.125784289839003,0.186001736044223,0.186001736044223,itemknn|topk=50;shrink=100.0|frac=1.0,0.138014113118069,0.282850779510022
gift_cards,fmqa,3,0.197490449933868,markov|order=1;smoothing=0.5;decay=false|frac=1.0,62,0,28.618494943170237,0.190153832497763,0.190153832497763,0.197490449933868,markov|order=1;smoothing=0.5;decay=false|frac=1.0,0.125182671767754,0.236080178173719
gift_cards,grid,4,0.190153832497763,itemknn|topk=300;shrink=10.0|frac=1.0,96,0,30.06204829863067,0.190153832497763,0.190153832497763,0.190153832497763,itemknn|topk=300;shrink=10.0|frac=1.0,0.15015579114662,0.316258351893095
gift_cards,random,4,0.197726006069792,markov|order=1;smoothing=0.1;decay=false|frac=1.0,43,2,30.27786286579737,0.13905355907521,0.197726006069792,0.197726006069792,markov|order=1;smoothing=0.1;decay=false|frac=1.0,0.123876076563843,0.231625835189309
gift_cards,tpe,4,0.197726006069792,markov|order=1;smoothing=0.1;decay=false|frac=1.0,85,547,28.431935115260867,0.197726006069792,0.197726006069792,0.197726006069792,markov|order=1;smoothing=0.1;decay=false|frac=1.0,0.123876076563843,0.231625835189309
gift_cards,successive_halving,4,0.175890756358624,itemknn|topk=10;shrink=100.0|frac=0.5,30,0,30.79595410111719,0.145094803073284,0.154015850234386,0.175890756358624,itemknn|topk=10;shrink=100.0|frac=0.5,0.10912480515524,0.22271714922049
gift_cards,hyperband,4,0.197726006069792,markov|order=1;smoothing=0.1;decay=false|frac=1.0,68,0,28.56589170083327,0.177906290399718,0.181892927997398,0.197726006069792,markov|order=1;smoothing=0.1;decay=false|frac=1.0,0.123876076563843,0.231625835189309
gift_cards,sm2,4,0.178368826997163,markov|order=2;smoothing=0.1;decay=true|frac=0.5,42,0,28.698251885981666,0.178368826997163,0.178368826997163,0.178368826997163,markov|order=2;smoothing=0.1;decay=true|frac=0.5,0.100831360779097,0.193763919821826
gift_cards,bocs,4,0.182021870088859,itemknn|topk=100;shrink=10.0|frac=0.5,38,0,28.77706506952258,0.170603375379477,0.182021870088859,0.182021870088859,itemknn|topk=100;shrink=10.0|frac=0.5,0.113689491313755,0.236080178173719
gift_cards,fmqa,4,0.197490449933868,markov|order=1;smoothing=0.5;decay=false|frac=1.0,66,0,31.07618081897978,0.166934241038644,0.197490449933868,0.197490449933868,markov|order=1;smoothing=0.5;decay=false|frac=1.0,0.125182671767754,0.236080178173719
gift_cards,grid,5,0.190153832497763,itemknn|topk=300;shrink=10.0|frac=1.0,96,0,29.93704829863067,0.190153832497763,0.190153832497763,0.190153832497763,itemknn|topk=300;shrink=10.0|frac=1.0,0.15015579114662,0.316258351893095
gift_cards,random,5,0.193607009592108,markov|order=1;smoothing=0.5;decay=true|frac=1.0,64,4,28.896007886934417,0.180881298179788,0.180881298179788,0.193607009592108,markov|order=1;smoothing=0.5;decay=true|frac=1.0,0.122019418232096,0.231625835189309
gift_cards,tpe,5,0.197726006069792,markov|order=1;smoothing=0.1;decay=false|frac=1.0,78,516,28.550902744391017,0.197726006069792,0.197726006069792,0.197726006069792,markov|order=1;smoothing=0.1;decay=false|frac=1.0,0.123876076563843,0.231625835189309
gift_cards,successive_halving,5,0.180680435277228,itemknn|topk=50;shrink=100.0|frac=0.5,45,0,29.249349194776173,0.141757847163059,0.14624074792683,0.180680435277228,itemknn|topk=50;shrink=100.0|frac=0.5,0.115623800092191,0.242761692650334
gift_cards,hyperband,5,0.194216683872082,markov|order=2;smoothing=0.5;decay=false|frac=1.0,37,0,28.51064415687881,0.194216683872082,0.194216683872082,0.194216683872082,markov|order=2;smoothing=0.5;decay=false|frac=1.0,0.122060773227591,0.231625835189309
gift_cards,sm2,5,0.193607009592108,markov|order=1;smoothing=0.5;decay=true|frac=1.0,38,0,29.47931564988988,0.175890756358624,0.175890756358624,0.193607009592108,markov|order=1;smoothing=0.5;decay=true|frac=1.0,0.122019418232096,0.231625835189309
gift_cards,bocs,5,0.18979372851436,itemknn|topk=100;shrink=0.0|frac=1.0,29,0,30.88806942385946,0.181836507792356,0.18979372851436,0.18979372851436,itemknn|topk=100;shrink=0.0|frac=1.0,0.14616101173147,0.307349665924276
gift_cards,fmqa,5,0.194216683872082,markov|order=2;smoothing=0.5;decay=false|frac=1.0,66,0,28.586257447540746,0.18979372851436,0.18979372851436,0.194216683872082,markov|order=2;smoothing=0.5;decay=false|frac=1.0,0.122060773227591,0.231625835189309
gift_cards,grid,6,0.190153832497763,itemknn|topk=300;shrink=10.0|frac=1.0,96,0,29.96829829863067,0.190153832497763,0.190153832497763,0.190153832497763,itemknn|topk=300;shrink=10.0|frac=1.0,0.15015579114662,0.316258351893095
gift_cards,random,6,0.190153832497763,itemknn|topk=300;shrink=10.0|frac=1.0,40,1,28.668107626625662,0.177103206988262,0.177103206988262,0.190153832497763,itemknn|topk=300;shrink=10.0|frac=1.0,0.15015579114662,0.316258351893095
gift_cards,tpe,6,0.197726006069792,markov|order=1;smoothing=0.1;decay=false|frac=1.0,78,525,28.433412189737236,0.194852833651352,0.197726006069792,0.197726006069792,markov|order=1;smoothing=0.1;decay=false|frac=1.0,0.123876076563843,0.231625835189309
gift_cards,successive_halving,6,0.194216683872082,markov|order=2;smoothing=0.5;decay=false|frac=1.0,55,0,29.07530438962289,0.194216683872082,0.194216683872082,0.194216683872082,markov|order=2;smoothing=0.5;decay=false|frac=1.0,0.122060773227591,0.231625835189309
gift_cards,hyperband,6,0.197726006069792,markov|order=1;smoothing=0.1;decay=false|frac=1.0,52,0,28.84452424167639,0.180680435277228,0.197726006069792,0.197726006069792,markov|order=1;smoothing=0.1;decay=false|frac=1.0,0.123876076563843,0.231625835189309
gift_cards,sm2,6,0.182021870088859,itemknn|topk=100;shrink=10.0|frac=0.5,50,0,28.83243396722421,0.149787903269259,0.182021870088859,0.182021870088859,itemknn|topk=100;shrink=10.0|frac=0.5,0.113689491313755,0.236080178173719
gift_cards,bocs,6,0.197490449933868,markov|order=1;smoothing=0.5;decay=false|frac=1.0,38,2,28.4398551373598,0.197490449933868,0.197490449933868,0.197490449933868,markov|order=1;smoothing=0.5;decay=false|frac=1.0,0.125182671767754,0.236080178173719
gift_cards,fmqa,6,0.197726006069792,markov|order=1;smoothing=0.1;decay=false|frac=1.0,43,0,31.1225927468778,0.132076588991919,0.182958840023527,0.197726006069792,markov|order=1;smoothing=0.1;decay=false|frac=1.0,0.123876076563843,0.231625835189309
gift_cards,grid,7,0.190153832497763,itemknn|topk=300;shrink=10.0|frac=1.0,96,0,29.95267329863067,0.190153832497763,0.190153832497763,0.190153832497763,itemknn|topk=300;shrink=10.0|frac=1.0,0.15015579114662,0.316258351893095
gift_cards,random,7,0.197490449933868,markov|order=1;smoothing=0.5;decay=false|frac=1.0,55,4,31.06550845567133,0.154015850234386,0.154015850234386,0.197490449933868,markov|order=1;smoothing=0.5;decay=false|frac=1.0,0.125182671767754,0.236080178173719
gift_cards,tpe,7,0.197726006069792,markov|order=1;smoothing=0.1;decay=false|frac=1.0,74,461,28.42672629700758,0.197726006069792,0.197726006069792,0.197726006069792,markov|order=1;smoothing=0.1;decay=false|frac=1.0,0.123876076563843,0.231625835189309
gift_cards,successive_halving,7,0.190558747137556,markov|order=2;smoothing=0.1;decay=true|frac=1.0,38,0,28.642285288771813,0.190558747137556,0.190558747137556,0.190558747137556,markov|order=2;smoothing=0.1;decay=true|frac=1.0,0.116440605823729,0.220489977728285
gift_cards,hyperband,7,0.182021870088859,itemknn|topk=300;shrink=10.0|frac=0.5,42,0,31.502108717600265,0.130602686475,0.182021870088859,0.182021870088859,itemknn|topk=300;shrink=10.0|frac=0.5,0.113689491313755,0.236080178173719
gift_cards,sm2,7,0.186001736044223,itemknn|topk=50;shrink=100.0|frac=1.0,40,0,29.323320597277064,0.162216552461615,0.177431031751744,0.186001736044223,itemknn|topk=50;shrink=100.0|frac=1.0,0.138014113118069,0.282850779510022
gift_cards,bocs,7,0.197490449933868,markov|order=1;smoothing=0.5;decay=false|frac=1.0,47,0,28.689249136864795,0.193607009592108,0.197490449933868,0.197490449933868,markov|order=1;smoothing=0.5;decay=false|frac=1.0,0.125182671767754,0.236080178173719
gift_cards,fmqa,7,0.197726006069792,markov|order=1;smoothing=0.1;decay=false|frac=1.0,52,0,28.969086986409824,0.116667543929471,0.116667543929471,0.197726006069792,markov|order=1;smoothing=0.1;decay=false|frac=1.0,0.123876076563843,0.231625835189309
gift_cards,grid,8,0.190153832497763,itemknn|topk=300;shrink=10.0|frac=1.0,95,0,28.46829829863067,0.190153832497763,0.190153832497763,0.190153832497763,itemknn|topk=300;shrink=10.0|frac=1.0,0.15015579114662,0.316258351893095
gift_cards,random,8,0.174901355691261,multvae|latent=64;hidden=600;epochs=20;dropout=0.5|frac=0.5,41,3,28.880721788305667,0.174901355691261,0.174901355691261,0.174901355691261,multvae|latent=64;hidden=600;epochs=20;dropout=0.5|frac=0.5,0.124764739960947,0.265033407572383
gift_cards,tpe,8,0.197726006069792,markov|order=1;smoothing=0.1;decay=false|frac=1.0,77,569,28.84693858191489,0.194852833651352,0.197726006069792,0.197726006069792,markov|order=1;smoothing=0.1;decay=false|frac=1.0,0.123876076563843,0.231625835189309
gift_cards,successive_halving,8,0.193607009592108,markov|order=1;smoothing=0.5;decay=true|frac=1.0,44,0,28.77260657183484,0.175935817506433,0.175935817506433,0.193607009592108,markov|order=1;smoothing=0.5;decay=true|frac=1.0,0.122019418232096,0.231625835189309
gift_cards,hyperband,8,0.194216683872082,markov|order=2;smoothing=0.5;decay=false|frac=1.0,47,0,29.463293366351778,0.099640913136282,0.194216683872082,0.194216683872082,markov|order=2;smoothing=0.5;decay=false|frac=1.0,0.122060773227591,0.231625835189309
gift_cards,sm2,8,0.194852833651352,markov|order=2;smoothing=0.1;decay=false|frac=1.0,38,0,30.76690526656316,0.194852833651352,0.194852833651352,0.194852833651352,markov|order=2;smoothing=0.1;decay=false|frac=1.0,0.121416976287017,0.229398663697104
gift_cards,bocs,8,0.180881298179788,itemknn|topk=300;shrink=100.0|frac=0.5,37,0,29.23952495873728,0.180881298179788,0.180881298179788,0.180881298179788,itemknn|topk=300;shrink=100.0|frac=0.5,0.116938042457407,0.247216035634743
gift_cards,fmqa,8,0.193607009592108,markov|order=1;smoothing=0.5;decay=true|frac=1.0,61,0,28.651756843953585,0.18979372851436,0.18979372851436,0.193607009592108,markov|order=1;smoothing=0.5;decay=true|frac=1.0,0.122019418232096,0.231625835189309
gift_cards,grid,9,0.190153832497763,itemknn|topk=300;shrink=10.0|frac=1.0,96,0,30.01517329863067,0.190153832497763,0.190153832497763,0.190153832497763,itemknn|topk=300;shrink=10.0|frac=1.0,0.15015579114662,0.316258351893095
gift_cards,random,9,0.189495277955462,itemknn|topk=50;shrink=0.0|frac=1.0,50,3,29.972825757020065,0.187210772057533,0.189495277955462,0.189495277955462,itemknn|topk=50;shrink=0.0|frac=1.0,0.144234388452138,0.302895322939866
gift_cards,tpe,9,0.197726006069792,markov|order=1;smoothing=0.1;decay=false|frac=1.0,77,546,31.28274202955417,0.197726006069792,0.197726006069792,0.197726006069792,markov|order=1;smoothing=0.1;decay=false|frac=1.0,0.123876076563843,0.231625835189309
gift_cards,successive_halving,9,0.194216683872082,markov|order=2;smoothing=0.5;decay=false|frac=1.0,51,0,28.816794352334817,0.175935817506433,0.175935817506433,0.194216683872082,markov|order=2;smoothing=0.5;decay=false|frac=1.0,0.122060773227591,0.231625835189309
gift_cards,hyperband,9,0.182958840023527,markov|order=2;smoothing=0.1;decay=false|frac=0.5,43,0,29.143059847882256,0.160478029786841,0.160478029786841,0.182958840023527,markov|order=2;smoothing=0.1;decay=false|frac=0.5,0.102650939867976,0.191536748329621
gift_cards,sm2,9,0.182021870088859,itemknn|topk=300;shrink=10.0|frac=0.5,42,0,28.775723733359797,0.175398737249634,0.181836507792356,0.182021870088859,itemknn|topk=300;shrink=10.0|frac=0.5,0.113689491313755,0.236080178173719
gift_cards,bocs,9,0.160478029786841,multvae|latent=64;hidden=600;epochs=10;dropout=0.0|frac=1.0,37,0,28.822447390873293,0.14624074792683,0.14624074792683,0.160313996316283,multvae|latent=64;hidden=600;epochs=10;dropout=0.0|frac=1.0,0.124341382579318,0.262806236080178
gift_cards,fmqa,9,0.197726006069792,markov|order=1;smoothing=0.1;decay=false|frac=1.0,67,0,28.90835085204529,0.188993007255284,0.197726006069792,0.197726006069792,markov|order=1;smoothing=0.1;decay=false|frac=1.0,0.123876076563843,0.231625835189309
gift_cards,grid,10,0.190153832497763,itemknn|topk=300;shrink=10.0|frac=1.0,96,0,30.01517329863067,0.190153832497763,0.190153832497763,0.190153832497763,itemknn|topk=300;shrink=10.0|frac=1.0,0.15015579114662,0.316258351893095
gift_cards,random,10,0.197726006069792,markov|order=1;smoothing=0.1;decay=false|frac=1.0,36,0,28.50924690493001,0.197726006069792,0.197726006069792,0.197726006069792,markov|order=1;smoothing=0.1;decay=false|frac=1.0,0.123876076563843,0.231625835189309
gift_cards,tpe,10,0.197726006069792,markov|order=1;smoothing=0.1;decay=false|frac=1.0,73,440,28.66668777286398,0.197726006069792,0.197726006069792,0.197726006069792,markov|order=1;smoothing=0.1;decay=false|frac=1.0,0.123876076563843,0.231625835189309
gift_cards,successive_halving,10,0.190153832497763,itemknn|topk=100;shrink=10.0|frac=1.0,60,0,28.45118964803076,0.190153832497763,0.190153832497763,0.190153832497763,itemknn|topk=100;shrink=10.0|frac=1.0,0.15015579114662,0.316258351893095
gift_cards,hyperband,10,0.197490449933868,markov|order=1;smoothing=0.5;decay=false|frac=1.0,46,0,29.39736297054776,0.11485644333983,0.197490449933868,0.197490449933868,markov|order=1;smoothing=0.5;decay=false|frac=1.0,0.125182671767754,0.236080178173719
gift_cards,sm2,10,0.18979372851436,itemknn|topk=100;shrink=0.0|frac=1.0,46,0,30.119971046836877,0.18979372851436,0.18979372851436,0.18979372851436,itemknn|topk=100;shrink=0.0|frac=1.0,0.14616101173147,0.307349665924276
gift_cards,bocs,10,0.197726006069792,markov|order=1;smoothing=0.1;decay=false|frac=1.0,40,0,29.1699718297119,0.197726006069792,0.197726006069792,0.197726006069792,markov|order=1;smoothing=0.1;decay=false|frac=1.0,0.123876076563843,0.231625835189309
gift_cards,fmqa,10,0.197726006069792,markov|order=1;smoothing=0.1;decay=false|frac=1.0,58,0,28.644008363216688,0.154005780933502,0.197726006069792,0.197726006069792,markov|order=1;smoothing=0.1;decay=false|frac=1.0,0.123876076563843,0.231625835189309
gift_cards,grid,11,0.190153832497763,itemknn|topk=300;shrink=10.0|frac=1.0,96,0,30.06204829863067,0.190153832497763,0.190153832497763,0.190153832497763,itemknn|topk=300;shrink=10.0|frac=1.0,0.15015579114662,0.316258351893095
gift_cards,random,11,0.193607009592108,markov|order=1;smoothing=0.5;decay=true|frac=1.0,47,4,30.8250513285192,0.169819587412564,0.180881298179788,0.193607009592108,markov|order=1;smoothing=0.5;decay=true|frac=1.0,0.122019418232096,0.231625835189309
gift_cards,tpe,11,0.197726006069792,markov|order=1;smoothing=0.1;decay=false|frac=1.0,77,472,29.54392199232171,0.197490449933868,0.197726006069792,0.197726006069792,markov|order=1;smoothing=0.1;decay=false|frac=1.0,0.123876076563843,0.231625835189309
gift_cards,successive_halving,11,0.190153832497763,itemknn|topk=300;shrink=10.0|frac=1.0,50,0,28.91544077825019,0.178368826997163,0.178368826997163,0.190153832497763,itemknn|topk=300;shrink=10.0|frac=1.0,0.15015579114662,0.316258351893095
gift_cards,hyperband,11,0.190153832497763,itemknn|topk=100;shrink=10.0|frac=1.0,51,0,28.51537187648361,0.170603375379477,0.190153832497763,0.190153832497763,itemknn|topk=100;shrink=10.0|frac=1.0,0.15015579114662,0.316258351893095
gift_cards,sm2,11,0.191294646615019,markov|order=2;smoothing=0.5;decay=true|frac=1.0,46,0,28.81341258900961,0.152355931769121,0.178368826997163,0.191294646615019,markov|order=2;smoothing=0.5;decay=true|frac=1.0,0.1191122993413,0.229398663697104
gift_cards,bocs,11,0.175935817506433,multvae|latent=32;hidden=600;epochs=20;dropout=0.5|frac=1.0,40,0,29.057332203882623,0.175194046319217,0.175194046319217,0.175935817506433,multvae|latent=32;hidden=600;epochs=20;dropout=0.5|frac=1.0,0.141110132871141,0.298440979955456
gift_cards,fmqa,11,0.197726006069792,markov|order=1;smoothing=0.1;decay=false|frac=1.0,50,0,28.993646963939945,0.132076588991919,0.177906290399718,0.197726006069792,markov|order=1;smoothing=0.1;decay=false|frac=1.0,0.123876076563843,0.231625835189309
gift_cards,grid,12,0.190153832497763,itemknn|topk=300;shrink=10.0|frac=1.0,96,0,30.01517329863067,0.190153832497763,0.190153832497763,0.190153832497763,itemknn|topk=300;shrink=10.0|frac=1.0,0.15015579114662,0.316258351893095
gift_cards,random,12,0.193607009592108,markov|order=1;smoothing=0.5;decay=true|frac=1.0,56,1,29.606289797432357,0.180881298179788,0.193607009592108,0.193607009592108,markov|order=1;smoothing=0.5;decay=true|frac=1.0,0.122019418232096,0.231625835189309
gift_cards,tpe,12,0.197726006069792,markov|order=1;smoothing=0.1;decay=false|frac=1.0,78,452,28.430655155318416,0.197726006069792,0.197726006069792,0.197726006069792,markov|order=1;smoothing=0.1;decay=false|frac=1.0,0.123876076563843,0.231625835189309
gift_cards,successive_halving,12,0.191294646615019,markov|order=2;smoothing=0.5;decay=true|frac=1.0,37,0,28.90314288184061,0.186595172931594,0.186595172931594,0.191294646615019,markov|order=2;smoothing=0.5;decay=true|frac=1.0,0.1191122993413,0.229398663697104
gift_cards,hyperband,12,0.193607009592108,markov|order=1;smoothing=0.5;decay=true|frac=1.0,47,0,30.683078438648675,0.143040215944374,0.182021870088859,0.193607009592108,markov|order=1;smoothing=0.5;decay=true|frac=1.0,0.122019418232096,0.231625835189309
gift_cards,sm2,12,0.197726006069792,markov|order=1;smoothing=0.1;decay=false|frac=1.0,45,0,29.684551336280503,0.178194427628127,0.197726006069792,0.197726006069792,markov|order=1;smoothing=0.1;decay=false|frac=1.0,0.123876076563843,0.231625835189309
gift_cards,bocs,12,0.193502071228851,markov|order=1;smoothing=0.1;decay=true|frac=1.0,34,0,30.54215057680593,0.18979372851436,0.18979372851436,0.193502071228851,markov|order=1;smoothing=0.1;decay=true|frac=1.0,0.118982058695686,0.22271714922049
gift_cards,fmqa,12,0.193607009592108,markov|order=1;smoothing=0.5;decay=true|frac=1.0,70,0,28.731307993249317,0.181892927997398,0.190153832497763,0.193607009592108,markov|order=1;smoothing=0.5;decay=true|frac=1.0,0.122019418232096,0.231625835189309
gift_cards,grid,13,0.190153832497763,itemknn|topk=300;shrink=10.0|frac=1.0,96,0,29.96829829863067,0.190153832497763,0.190153832497763,0.190153832497763,itemknn|topk=300;shrink=10.0|frac=1.0,0.15015579114662,0.316258351893095
gift_cards,random,13,0.152355931769121,als|factors=16;epochs=30;regularisation=0.1;alpha=1.0|frac=1.0,36,0,29.24998392489712,0.152355931769121,0.152355931769121,0.152355931769121,als|factors=16;epochs=30;regularisation=0.1;alpha=1.0|frac=1.0,0.115050963400418,0.242761692650334
gift_cards,tpe,13,0.197726006069792,markov|order=1;smoothing=0.1;decay=false|frac=1.0,78,506,28.80912596213553,0.197490449933868,0.197726006069792,0.197726006069792,markov|order=1;smoothing=0.1;decay=false|frac=1.0,0.123876076563843,0.231625835189309
gift_cards,successive_halving,13,0.194852833651352,markov|order=2;smoothing=0.1;decay=false|frac=1.0,48,0,29.04647755500072,0.18979372851436,0.194852833651352,0.194852833651352,markov|order=2;smoothing=0.1;decay=false|frac=1.0,0.121416976287017,0.229398663697104
gift_cards,hyperband,13,0.190153832497763,itemknn|topk=100;shrink=10.0|frac=1.0,43,0,29.79919793809971,0.190153832497763,0.190153832497763,0.190153832497763,itemknn|topk=100;shrink=10.0|frac=1.0,0.15015579114662,0.316258351893095
gift_cards,sm2,13,0.18979372851436,itemknn|topk=100;shrink=0.0|frac=1.0,34,0,28.766561749108934,0.186595172931594,0.186595172931594,0.18979372851436,itemknn|topk=100;shrink=0.0|frac=1.0,0.14616101173147,0.307349665924276
gift_cards,bocs,13,0.193607009592108,markov|order=1;smoothing=0.5;decay=true|frac=1.0,35,0,28.56619340343582,0.14624074792683,0.18979372851436,0.191294646615019,markov|order=1;smoothing=0.5;decay=true|frac=1.0,0.122019418232096,0.231625835189309
gift_cards,fmqa,13,0.193502071228851,markov|order=1;smoothing=0.1;decay=true|frac=1.0,70,0,28.63332343626663,0.193502071228851,0.193502071228851,0.193502071228851,markov|order=1;smoothing=0.1;decay=true|frac=1.0,0.118982058695686,0.22271714922049
gift_cards,grid,14,0.190153832497763,itemknn|topk=300;shrink=10.0|frac=1.0,96,0,30.06204829863067,0.190153832497763,0.190153832497763,0.190153832497763,itemknn|topk=300;shrink=10.0|frac=1.0,0.15015579114662,0.316258351893095
gift_cards,random,14,0.197490449933868,markov|order=1;smoothing=0.5;decay=false|frac=1.0,43,2,28.52307071979589,0.190153832497763,0.190153832497763,0.197490449933868,markov|order=1;smoothing=0.5;decay=false|frac=1.0,0.125182671767754,0.236080178173719
gift_cards,tpe,14,0.197726006069792,markov|order=1;smoothing=0.1;decay=false|frac=1.0,73,421,29.126674662101266,0.197726006069792,0.197726006069792,0.197726006069792,markov|order=1;smoothing=0.1;decay=false|frac=1.0,0.123876076563843,0.231625835189309
gift_cards,successive_halving,14,0.190153832497763,itemknn|topk=100;shrink=10.0|frac=1.0,45,0,29.06207133232889,0.180881298179788,0.182021870088859,0.190153832497763,itemknn|topk=100;shrink=10.0|frac=1.0,0.15015579114662,0.316258351893095
gift_cards,hyperband,14,0.194216683872082,markov|order=2;smoothing=0.5;decay=false|frac=1.0,43,0,28.647569960991177,0.194216683872082,0.194216683872082,0.194216683872082,markov|order=2;smoothing=0.5;decay=false|frac=1.0,0.122060773227591,0.231625835189309
gift_cards,sm2,14,0.186595172931594,itemknn|topk=100;shrink=100.0|frac=1.0,39,0,28.450861424828343,0.186595172931594,0.186595172931594,0.186595172931594,itemknn|topk=100;shrink=100.0|frac=1.0,0.13923185178075,0.287305122494432
gift_cards,bocs,14,0.187210772057533,itemknn|topk=50;shrink=10.0|frac=1.0,37,0,29.40726544545989,0.186001736044223,0.186001736044223,0.187210772057533,itemknn|topk=50;shrink=10.0|frac=1.0,0.146907283840557,0.305122494432071
gift_cards,fmqa,14,0.197726006069792,markov|order=1;smoothing=0.1;decay=false|frac=1.0,73,0,29.12816987782332,0.182021870088859,0.197726006069792,0.197726006069792,markov|order=1;smoothing=0.1;decay=false|frac=1.0,0.123876076563843,0.231625835189309
gift_cards,grid,15,0.190153832497763,itemknn|topk=300;shrink=10.0|frac=1.0,96,0,29.93704829863067,0.190153832497763,0.190153832497763,0.190153832497763,itemknn|topk=300;shrink=10.0|frac=1.0,0.15015579114662,0.316258351893095
gift_cards,random,15,0.187210772057533,itemknn|topk=50;shrink=10.0|frac=1.0,59,2,30.49130945566915,0.182958840023527,0.182958840023527,0.187210772057533,itemknn|topk=50;shrink=10.0|frac=1.0,0.146907283840557,0.305122494432071
gift_cards,tpe,15,0.197726006069792,markov|order=1;smoothing=0.1;decay=false|frac=1.0,78,474,28.616435191004676,0.197726006069792,0.197726006069792,0.197726006069792,markov|order=1;smoothing=0.1;decay=false|frac=1.0,0.123876076563843,0.231625835189309
gift_cards,successive_halving,15,0.194852833651352,markov|order=2;smoothing=0.1;decay=false|frac=1.0,52,0,30.969687327509533,0.194852833651352,0.194852833651352,0.194852833651352,markov|order=2;smoothing=0.1;decay=false|frac=1.0,0.121416976287017,0.229398663697104
gift_cards,hyperband,15,0.194216683872082,markov|order=2;smoothing=0.5;decay=false|frac=1.0,60,0,28.694619265350724,0.18979372851436,0.194216683872082,0.194216683872082,markov|order=2;smoothing=0.5;decay=false|frac=1.0,0.122060773227591,0.231625835189309
gift_cards,sm2,15,0.193502071228851,markov|order=1;smoothing=0.1;decay=true|frac=1.0,58,0,28.5388368360911,0.189495277955462,0.190558747137556,0.193502071228851,markov|order=1;smoothing=0.1;decay=true|frac=1.0,0.118982058695686,0.22271714922049
gift_cards,bocs,15,0.184225132023998,itemknn|topk=10;shrink=10.0|frac=1.0,32,0,29.63716247672253,0.126317824127103,0.184225132023998,0.184225132023998,itemknn|topk=10;shrink=10.0|frac=1.0,0.141828687147944,0.300668151447661
gift_cards,fmqa,15,0.194852833651352,markov|order=2;smoothing=0.1;decay=false|frac=1.0,49,0,28.99871336916144,0.16411248294082,0.190558747137556,0.194852833651352,markov|order=2;smoothing=0.1;decay=false|frac=1.0,0.121416976287017,0.229398663697104
gift_cards,grid,16,0.190153832497763,itemknn|topk=300;shrink=10.0|frac=1.0,96,0,29.98392329863067,0.190153832497763,0.190153832497763,0.190153832497763,itemknn|topk=300;shrink=10.0|frac=1.0,0.15015579114662,0.316258351893095
gift_cards,random,16,0.180881298179788,itemknn|topk=100;shrink=100.0|frac=0.5,41,0,28.497072156544583,0.175398737249634,0.175398737249634,0.180881298179788,itemknn|topk=100;shrink=100.0|frac=0.5,0.116938042457407,0.247216035634743
gift_cards,tpe,16,0.197726006069792,markov|order=1;smoothing=0.1;decay=false|frac=1.0,81,691,28.723976944879816,0.197726006069792,0.197726006069792,0.197726006069792,markov|order=1;smoothing=0.1;decay=false|frac=1.0,0.123876076563843,0.231625835189309
gift_cards,successive_halving,16,0.189495277955462,itemknn|topk=50;shrink=0.0|frac=1.0,47,0,28.82559087090105,0.189495277955462,0.189495277955462,0.189495277955462,itemknn|topk=50;shrink=0.0|frac=1.0,0.144234388452138,0.302895322939866
gift_cards,hyperband,16,0.197726006069792,markov|order=1;smoothing=0.1;decay=false|frac=1.0,51,0,29.93913703372697,0.182021870088859,0.182021870088859,0.197726006069792,markov|order=1;smoothing=0.1;decay=false|frac=1.0,0.123876076563843,0.231625835189309
gift_cards,sm2,16,0.197726006069792,markov|order=1;smoothing=0.1;decay=false|frac=1.0,37,0,28.454582706939004,0.183665634268667,0.190153832497763,0.197726006069792,markov|order=1;smoothing=0.1;decay=false|frac=1.0,0.123876076563843,0.231625835189309
gift_cards,bocs,16,0.188993007255284,markov|order=1;smoothing=0.0;decay=true|frac=1.0,40,0,29.65342545303463,0.181836507792356,0.181836507792356,0.188993007255284,markov|order=1;smoothing=0.0;decay=true|frac=1.0,0.108337084575871,0.195991091314031
gift_cards,fmqa,16,0.194216683872082,markov|order=2;smoothing=0.5;decay=false|frac=1.0,68,0,29.844332917195825,0.169819587412564,0.182958840023527,0.194216683872082,markov|order=2;smoothing=0.5;decay=false|frac=1.0,0.122060773227591,0.231625835189309
gift_cards,grid,17,0.190153832497763,itemknn|topk=300;shrink=10.0|frac=1.0,96,0,30.04642329863067,0.190153832497763,0.190153832497763,0.190153832497763,itemknn|topk=300;shrink=10.0|frac=1.0,0.15015579114662,0.316258351893095
gift_cards,random,17,0.191294646615019,markov|order=2;smoothing=0.5;decay=true|frac=1.0,46,4,29.822710747482,0.177906290399718,0.177906290399718,0.191294646615019,markov|order=2;smoothing=0.5;decay=true|frac=1.0,0.1191122993413,0.229398663697104
gift_cards,tpe,17,0.197726006069792,markov|order=1;smoothing=0.1;decay=false|frac=1.0,78,529,28.428200913819868,0.197726006069792,0.197726006069792,0.197726006069792,markov|order=1;smoothing=0.1;decay=false|frac=1.0,0.123876076563843,0.231625835189309
gift_cards,successive_halving,17,0.182021870088859,itemknn|topk=100;shrink=10.0|frac=0.5,43,0,30.30342868127929,0.103853591040584,0.182021870088859,0.182021870088859,itemknn|topk=100;shrink=10.0|frac=0.5,0.113689491313755,0.236080178173719
gift_cards,hyperband,17,0.197490449933868,markov|order=1;smoothing=0.5;decay=false|frac=1.0,40,0,28.614021564172887,0.134524395548647,0.186001736044223,0.197490449933868,markov|order=1;smoothing=0.5;decay=false|frac=1.0,0.125182671767754,0.236080178173719
gift_cards,sm2,17,0.197726006069792,markov|order=1;smoothing=0.1;decay=false|frac=1.0,66,0,30.23260812315686,0.079962079207419,0.182958840023527,0.197726006069792,markov|order=1;smoothing=0.1;decay=false|frac=1.0,0.123876076563843,0.231625835189309
gift_cards,bocs,17,0.180881298179788,itemknn|topk=100;shrink=100.0|frac=0.5,32,0,28.64417313393702,0.131439141929697,0.142565480580552,0.180881298179788,itemknn|topk=100;shrink=100.0|frac=0.5,0.116938042457407,0.247216035634743
gift_cards,fmqa,17,0.190558747137556,markov|order=2;smoothing=0.1;decay=true|frac=1.0,49,0,30.83559830974273,0.151820462964747,0.151820462964747,0.190558747137556,markov|order=2;smoothing=0.1;decay=true|frac=1.0,0.116440605823729,0.220489977728285
gift_cards,grid,18,0.190153832497763,itemknn|topk=300;shrink=10.0|frac=1.0,96,0,30.07767329863067,0.190153832497763,0.190153832497763,0.190153832497763,itemknn|topk=300;shrink=10.0|frac=1.0,0.15015579114662,0.316258351893095
gift_cards,random,18,0.197726006069792,markov|order=1;smoothing=0.1;decay=false|frac=1.0,57,4,30.85814188583517,0.16898612986748,0.197726006069792,0.197726006069792,markov|order=1;smoothing=0.1;decay=false|frac=1.0,0.123876076563843,0.231625835189309
gift_cards,tpe,18,0.197726006069792,markov|order=1;smoothing=0.1;decay=false|frac=1.0,82,563,30.78192344801709,0.197726006069792,0.197726006069792,0.197726006069792,markov|order=1;smoothing=0.1;decay=false|frac=1.0,0.123876076563843,0.231625835189309
gift_cards,successive_halving,18,0.190153832497763,itemknn|topk=300;shrink=10.0|frac=1.0,37,0,29.50570672599829,0.177739654992587,0.190153832497763,0.190153832497763,itemknn|topk=300;shrink=10.0|frac=1.0,0.15015579114662,0.316258351893095
gift_cards,hyperband,18,0.193607009592108,markov|order=1;smoothing=0.5;decay=true|frac=1.0,54,0,28.6080966527052,0.193607009592108,0.193607009592108,0.193607009592108,markov|order=1;smoothing=0.5;decay=true|frac=1.0,0.122019418232096,0.231625835189309
gift_cards,sm2,18,0.178368826997163,markov|order=2;smoothing=0.1;decay=true|frac=0.5,41,0,31.01994009819185,0.178368826997163,0.178368826997163,0.178368826997163,markov|order=2;smoothing=0.1;decay=true|frac=0.5,0.100831360779097,0.193763919821826
gift_cards,bocs,18,0.197726006069792,markov|order=1;smoothing=0.1;decay=false|frac=1.0,39,0,28.754576310290368,0.186001736044223,0.186001736044223,0.186001736044223,markov|order=1;smoothing=0.1;decay=false|frac=1.0,0.123876076563843,0.231625835189309
gift_cards,fmqa,18,0.194852833651352,markov|order=2;smoothing=0.1;decay=false|frac=1.0,52,0,31.78079894656501,0.194216683872082,0.194852833651352,0.194852833651352,markov|order=2;smoothing=0.1;decay=false|frac=1.0,0.121416976287017,0.229398663697104
gift_cards,grid,19,0.190153832497763,itemknn|topk=300;shrink=10.0|frac=1.0,96,0,30.04642329863067,0.190153832497763,0.190153832497763,0.190153832497763,itemknn|topk=300;shrink=10.0|frac=1.0,0.15015579114662,0.316258351893095
gift_cards,random,19,0.190153832497763,itemknn|topk=100;shrink=10.0|frac=1.0,39,1,30.605665829750027,0.177770078015976,0.190153832497763,0.190153832497763,itemknn|topk=100;shrink=10.0|frac=1.0,0.15015579114662,0.316258351893095
gift_cards,tpe,19,0.197726006069792,markov|order=1;smoothing=0.1;decay=false|frac=1.0,81,558,28.43606026535886,0.197726006069792,0.197726006069792,0.197726006069792,markov|order=1;smoothing=0.1;decay=false|frac=1.0,0.123876076563843,0.231625835189309
gift_cards,successive_halving,19,0.193607009592108,markov|order=1;smoothing=0.5;decay=true|frac=1.0,50,0,30.837478671949786,0.181892927997398,0.193607009592108,0.193607009592108,markov|order=1;smoothing=0.5;decay=true|frac=1.0,0.122019418232096,0.231625835189309
gift_cards,hyperband,19,0.197726006069792,markov|order=1;smoothing=0.1;decay=false|frac=1.0,43,0,29.557325723614507,0.187210772057533,0.187210772057533,0.197726006069792,markov|order=1;smoothing=0.1;decay=false|frac=1.0,0.123876076563843,0.231625835189309
gift_cards,sm2,19,0.18979372851436,itemknn|topk=300;shrink=0.0|frac=1.0,46,0,30.035571839469053,0.18979372851436,0.18979372851436,0.18979372851436,itemknn|topk=300;shrink=0.0|frac=1.0,0.14616101173147,0.307349665924276
gift_cards,bocs,19,0.197490449933868,markov|order=1;smoothing=0.5;decay=false|frac=1.0,32,0,29.098633606822183,0.182958840023527,0.182958840023527,0.197490449933868,markov|order=1;smoothing=0.5;decay=false|frac=1.0,0.125182671767754,0.236080178173719
gift_cards,fmqa,19,0.197726006069792,markov|order=1;smoothing=0.1;decay=false|frac=1.0,69,0,30.34219870263064,0.180881298179788,0.197726006069792,0.197726006069792,markov|order=1;smoothing=0.1;decay=false|frac=1.0,0.123876076563843,0.231625835189309
gift_cards,grid,20,0.190153832497763,itemknn|topk=300;shrink=10.0|frac=1.0,96,0,29.99954829863067,0.190153832497763,0.190153832497763,0.190153832497763,itemknn|topk=300;shrink=10.0|frac=1.0,0.15015579114662,0.316258351893095
gift_cards,random,20,0.197726006069792,markov|order=1;smoothing=0.1;decay=false|frac=1.0,39,3,29.184023675098636,0.197726006069792,0.197726006069792,0.197726006069792,markov|order=1;smoothing=0.1;decay=false|frac=1.0,0.123876076563843,0.231625835189309
gift_cards,tpe,20,0.197726006069792,markov|order=1;smoothing=0.1;decay=false|frac=1.0,73,478,28.42989651786761,0.197726006069792,0.197726006069792,0.197726006069792,markov|order=1;smoothing=0.1;decay=false|frac=1.0,0.123876076563843,0.231625835189309
gift_cards,successive_halving,20,0.194852833651352,markov|order=2;smoothing=0.1;decay=false|frac=1.0,50,0,28.61772196112784,0.194852833651352,0.194852833651352,0.194852833651352,markov|order=2;smoothing=0.1;decay=false|frac=1.0,0.121416976287017,0.229398663697104
gift_cards,hyperband,20,0.194216683872082,markov|order=2;smoothing=0.5;decay=false|frac=1.0,46,0,28.946533762327977,0.181836507792356,0.183665634268667,0.194216683872082,markov|order=2;smoothing=0.5;decay=false|frac=1.0,0.122060773227591,0.231625835189309
gift_cards,sm2,20,0.187210772057533,itemknn|topk=50;shrink=10.0|frac=1.0,39,0,28.760902921066464,0.186001736044223,0.186001736044223,0.187210772057533,itemknn|topk=50;shrink=10.0|frac=1.0,0.146907283840557,0.305122494432071
gift_cards,bocs,20,0.182958840023527,markov|order=2;smoothing=0.5;decay=false|frac=0.5,35,0,28.71690779695038,0.175890756358624,0.182958840023527,0.182958840023527,markov|order=2;smoothing=0.5;decay=false|frac=0.5,0.102650939867976,0.191536748329621
gift_cards,fmqa,20,0.197490449933868,markov|order=1;smoothing=0.5;decay=false|frac=1.0,66,0,28.49203507639834,0.177906290399718,0.193502071228851,0.197490449933868,markov|order=1;smoothing=0.5;decay=false|frac=1.0,0.125182671767754,0.236080178173719
gift_cards,grid,21,0.190153832497763,itemknn|topk=300;shrink=10.0|frac=1.0,96,0,29.98392329863067,0.190153832497763,0.190153832497763,0.190153832497763,itemknn|topk=300;shrink=10.0|frac=1.0,0.15015579114662,0.316258351893095
gift_cards,random,21,0.190153832497763,itemknn|topk=100;shrink=10.0|frac=1.0,51,3,31.26431920462958,0.170603375379477,0.190153832497763,0.190153832497763,itemknn|topk=100;shrink=10.0|frac=1.0,0.15015579114662,0.316258351893095
gift_cards,tpe,21,0.197726006069792,markov|order=1;smoothing=0.1;decay=false|frac=1.0,79,675,28.43782817117888,0.197726006069792,0.197726006069792,0.197726006069792,markov|order=1;smoothing=0.1;decay=false|frac=1.0,0.123876076563843,0.231625835189309
gift_cards,successive_halving,21,0.197726006069792,markov|order=1;smoothing=0.1;decay=false|frac=1.0,68,0,28.53464170083327,0.177906290399718,0.181892927997398,0.197726006069792,markov|order=1;smoothing=0.1;decay=false|frac=1.0,0.123876076563843,0.231625835189309
gift_cards,hyperband,21,0.178368826997163,markov|order=2;smoothing=0.1;decay=true|frac=0.5,42,0,28.713876885981666,0.178368826997163,0.178368826997163,0.178368826997163,markov|order=2;smoothing=0.1;decay=true|frac=0.5,0.100831360779097,0.193763919821826
gift_cards,sm2,21,0.194852833651352,markov|order=2;smoothing=0.1;decay=false|frac=1.0,56,0,29.233410635666825,0.182021870088859,0.182021870088859,0.194852833651352,markov|order=2;smoothing=0.1;decay=false|frac=1.0,0.121416976287017,0.229398663697104
gift_cards,bocs,21,0.190558747137556,markov|order=2;smoothing=0.1;decay=true|frac=1.0,45,0,28.868201145131405,0.190558747137556,0.190558747137556,0.190558747137556,markov|order=2;smoothing=0.1;decay=true|frac=1.0,0.116440605823729,0.220489977728285
gift_cards,fmqa,21,0.197490449933868,markov|order=1;smoothing=0.5;decay=false|frac=1.0,64,0,28.553454919815486,0.106267049185404,0.186595172931594,0.197490449933868,markov|order=1;smoothing=0.5;decay=false|frac=1.0,0.125182671767754,0.236080178173719
gift_cards,grid,22,0.190153832497763,itemknn|topk=300;shrink=10.0|frac=1.0,96,0,30.01517329863067,0.190153832497763,0.190153832497763,0.190153832497763,itemknn|topk=300;shrink=10.0|frac=1.0,0.15015579114662,0.316258351893095
gift_cards,random,22,0.188993007255284,markov|order=1;smoothing=0.0;decay=true|frac=1.0,33,1,28.58986663020755,0.188993007255284,0.188993007255284,0.188993007255284,markov|order=1;smoothing=0.0;decay=true|frac=1.0,0.108337084575871,0.195991091314031
gift_cards,tpe,22,0.197726006069792,markov|order=1;smoothing=0.1;decay=false|frac=1.0,83,588,31.59063996307328,0.197726006069792,0.197726006069792,0.197726006069792,markov|order=1;smoothing=0.1;decay=false|frac=1.0,0.123876076563843,0.231625835189309
gift_cards,successive_halving,22,0.194216683872082,markov|order=2;smoothing=0.5;decay=false|frac=1.0,37,0,28.51064415687881,0.194216683872082,0.194216683872082,0.194216683872082,markov|order=2;smoothing=0.5;decay=false|frac=1.0,0.122060773227591,0.231625835189309
gift_cards,hyperband,22,0.193607009592108,markov|order=1;smoothing=0.5;decay=true|frac=1.0,38,0,29.47931564988988,0.175890756358624,0.175890756358624,0.193607009592108,markov|order=1;smoothing=0.5;decay=true|frac=1.0,0.122019418232096,0.231625835189309
gift_cards,sm2,22,0.18979372851436,itemknn|topk=100;shrink=0.0|frac=1.0,43,0,28.819202594184603,0.18979372851436,0.18979372851436,0.18979372851436,itemknn|topk=100;shrink=0.0|frac=1.0,0.14616101173147,0.307349665924276
gift_cards,bocs,22,0.193607009592108,markov|order=1;smoothing=0.5;decay=true|frac=1.0,42,0,30.303287319165893,0.189495277955462,0.189495277955462,0.193607009592108,markov|order=1;smoothing=0.5;decay=true|frac=1.0,0.122019418232096,0.231625835189309
gift_cards,fmqa,22,0.197490449933868,markov|order=1;smoothing=0.5;decay=false|frac=1.0,53,0,28.563397530175607,0.194216683872082,0.197490449933868,0.197490449933868,markov|order=1;smoothing=0.5;decay=false|frac=1.0,0.125182671767754,0.236080178173719
gift_cards,grid,23,0.190153832497763,itemknn|topk=300;shrink=10.0|frac=1.0,96,0,29.99954829863067,0.190153832497763,0.190153832497763,0.190153832497763,itemknn|topk=300;shrink=10.0|frac=1.0,0.15015579114662,0.316258351893095
gift_cards,random,23,0.193502071228851,markov|order=1;smoothing=0.1;decay=true|frac=1.0,53,0,31.415232495044027,0.190153832497763,0.193502071228851,0.193502071228851,markov|order=1;smoothing=0.1;decay=true|frac=1.0,0.118982058695686,0.22271714922049
gift_cards,tpe,23,0.197726006069792,markov|order=1;smoothing=0.1;decay=false|frac=1.0,78,559,29.049410134412764,0.18979372851436,0.197726006069792,0.197726006069792,markov|order=1;smoothing=0.1;decay=false|frac=1.0,0.123876076563843,0.231625835189309
gift_cards,successive_halving,23,0.197726006069792,markov|order=1;smoothing=0.1;decay=false|frac=1.0,52,0,28.84452424167639,0.180680435277228,0.197726006069792,0.197726006069792,markov|order=1;smoothing=0.1;decay=false|frac=1.0,0.123876076563843,0.231625835189309
gift_cards,hyperband,23,0.182021870088859,itemknn|topk=100;shrink=10.0|frac=0.5,50,0,28.83243396722421,0.149787903269259,0.182021870088859,0.182021870088859,itemknn|topk=100;shrink=10.0|frac=0.5,0.113689491313755,0.236080178173719
gift_cards,sm2,23,0.197726006069792,markov|order=1;smoothing=0.1;decay=false|frac=1.0,50,0,29.12478992040225,0.197490449933868,0.197490449933868,0.197726006069792,markov|order=1;smoothing=0.1;decay=false|frac=1.0,0.123876076563843,0.231625835189309
gift_cards,bocs,23,0.18979372851436,itemknn|topk=300;shrink=0.0|frac=1.0,37,0,28.5995378886372,0.18979372851436,0.18979372851436,0.18979372851436,itemknn|topk=300;shrink=0.0|frac=1.0,0.14616101173147,0.307349665924276
gift_cards,fmqa,23,0.194852833651352,markov|order=2;smoothing=0.1;decay=false|frac=1.0,63,0,28.50368597504385,0.194852833651352,0.194852833651352,0.194852833651352,markov|order=2;smoothing=0.1;decay=false|frac=1.0,0.121416976287017,0.229398663697104
gift_cards,grid,24,0.190153832497763,itemknn|topk=300;shrink=10.0|frac=1.0,96,0,30.01517329863067,0.190153832497763,0.190153832497763,0.190153832497763,itemknn|topk=300;shrink=10.0|frac=1.0,0.15015579114662,0.316258351893095
gift_cards,random,24,0.193607009592108,markov|order=1;smoothing=0.5;decay=true|frac=1.0,56,6,28.55809550679424,0.181892927997398,0.193607009592108,0.193607009592108,markov|order=1;smoothing=0.5;decay=true|frac=1.0,0.122019418232096,0.231625835189309
gift_cards,tpe,24,0.197726006069792,markov|order=1;smoothing=0.1;decay=false|frac=1.0,80,522,29.52490113205227,0.197726006069792,0.197726006069792,0.197726006069792,markov|order=1;smoothing=0.1;decay=false|frac=1.0,0.123876076563843,0.231625835189309
gift_cards,successive_halving,24,0.182021870088859,itemknn|topk=300;shrink=10.0|frac=0.5,42,0,31.502108717600265,0.130602686475,0.182021870088859,0.182021870088859,itemknn|topk=300;shrink=10.0|frac=0.5,0.113689491313755,0.236080178173719
gift_cards,hyperband,24,0.186001736044223,itemknn|topk=50;shrink=100.0|frac=1.0,40,0,29.323320597277064,0.162216552461615,0.177431031751744,0.186001736044223,itemknn|topk=50;shrink=100.0|frac=1.0,0.138014113118069,0.282850779510022
gift_cards,sm2,24,0.193607009592108,markov|order=1;smoothing=0.5;decay=true|frac=1.0,65,0,28.528914147232737,0.193607009592108,0.193607009592108,0.193607009592108,markov|order=1;smoothing=0.5;decay=true|frac=1.0,0.122019418232096,0.231625835189309
gift_cards,bocs,24,0.197726006069792,markov|order=1;smoothing=0.1;decay=false|frac=1.0,32,0,29.340609801775443,0.169819587412564,0.193502071228851,0.197726006069792,markov|order=1;smoothing=0.1;decay=false|frac=1.0,0.123876076563843,0.231625835189309
gift_cards,fmqa,24,0.193502071228851,markov|order=1;smoothing=0.1;decay=true|frac=1.0,58,0,29.870205802004183,0.184225132023998,0.190153832497763,0.193502071228851,markov|order=1;smoothing=0.1;decay=true|frac=1.0,0.118982058695686,0.22271714922049
gift_cards,grid,25,0.190153832497763,itemknn|topk=300;shrink=10.0|frac=1.0,96,0,29.99954829863067,0.190153832497763,0.190153832497763,0.190153832497763,itemknn|topk=300;shrink=10.0|frac=1.0,0.15015579114662,0.316258351893095
gift_cards,random,25,0.189495277955462,itemknn|topk=50;shrink=0.0|frac=1.0,47,2,28.5628652837879,0.183665634268667,0.183665634268667,0.189495277955462,itemknn|topk=50;shrink=0.0|frac=1.0,0.144234388452138,0.302895322939866
gift_cards,tpe,25,0.197726006069792,markov|order=1;smoothing=0.1;decay=false|frac=1.0,78,524,28.677202917375432,0.197726006069792,0.197726006069792,0.197726006069792,markov|order=1;smoothing=0.1;decay=false|frac=1.0,0.123876076563843,0.231625835189309
gift_cards,successive_halving,25,0.194216683872082,markov|order=2;smoothing=0.5;decay=false|frac=1.0,47,0,29.463293366351778,0.099640913136282,0.194216683872082,0.194216683872082,markov|order=2;smoothing=0.5;decay=false|frac=1.0,0.122060773227591,0.231625835189309
gift_cards,hyperband,25,0.194852833651352,markov|order=2;smoothing=0.1;decay=false|frac=1.0,38,0,30.76690526656316,0.194852833651352,0.194852833651352,0.194852833651352,markov|order=2;smoothing=0.1;decay=false|frac=1.0,0.121416976287017,0.229398663697104
gift_cards,sm2,25,0.181836507792356,itemknn|topk=50;shrink=10.0|frac=0.5,57,0,29.54993869204975,0.180881298179788,0.180881298179788,0.181836507792356,itemknn|topk=50;shrink=10.0|frac=0.5,0.112369748476879,0.231625835189309
gift_cards,bocs,25,0.197726006069792,markov|order=1;smoothing=0.1;decay=false|frac=1.0,36,0,29.203962525663638,0.142467730637313,0.152500731968848,0.197726006069792,markov|order=1;smoothing=0.1;decay=false|frac=1.0,0.123876076563843,0.231625835189309
gift_cards,fmqa,25,0.197726006069792,markov|order=1;smoothing=0.1;decay=false|frac=1.0,66,0,30.65924268505261,0.197726006069792,0.197726006069792,0.197726006069792,markov|order=1;smoothing=0.1;decay=false|frac=1.0,0.123876076563843,0.231625835189309
gift_cards,grid,26,0.190153832497763,itemknn|topk=300;shrink=10.0|frac=1.0,96,0,29.96829829863067,0.190153832497763,0.190153832497763,0.190153832497763,itemknn|topk=300;shrink=10.0|frac=1.0,0.15015579114662,0.316258351893095
gift_cards,random,26,0.181892927997398,markov|order=1;smoothing=0.1;decay=false|frac=0.5,44,2,28.44130836847173,0.180680435277228,0.181892927997398,0.181892927997398,markov|order=1;smoothing=0.1;decay=false|frac=0.5,0.103319851492856,0.191536748329621
gift_cards,tpe,26,0.197726006069792,markov|order=1;smoothing=0.1;decay=false|frac=1.0,74,487,28.617391879652818,0.197726006069792,0.197726006069792,0.197726006069792,markov|order=1;smoothing=0.1;decay=false|frac=1.0,0.123876076563843,0.231625835189309
gift_cards,successive_halving,26,0.182958840023527,markov|order=2;smoothing=0.1;decay=false|frac=0.5,43,0,29.143059847882256,0.160478029786841,0.160478029786841,0.182958840023527,markov|order=2;smoothing=0.1;decay=false|frac=0.5,0.102650939867976,0.191536748329621
gift_cards,hyperband,26,0.182021870088859,itemknn|topk=300;shrink=10.0|frac=0.5,42,0,28.775723733359797,0.175398737249634,0.181836507792356,0.182021870088859,itemknn|topk=300;shrink=10.0|frac=0.5,0.113689491313755,0.236080178173719
gift_cards,sm2,26,0.187210772057533,itemknn|topk=50;shrink=10.0|frac=1.0,55,0,28.80324678111169,0.141985083688572,0.177431031751744,0.187210772057533,itemknn|topk=50;shrink=10.0|frac=1.0,0.146907283840557,0.305122494432071
gift_cards,bocs,26,0.191294646615019,markov|order=2;smoothing=0.5;decay=true|frac=1.0,26,0,31.10650053610607,0.177739654992587,0.184225132023998,0.191294646615019,markov|order=2;smoothing=0.5;decay=true|frac=1.0,0.1191122993413,0.229398663697104
gift_cards,fmqa,26,0.197726006069792,markov|order=1;smoothing=0.1;decay=false|frac=1.0,55,0,30.12949044716523,0.154005780933502,0.197726006069792,0.197726006069792,markov|order=1;smoothing=0.1;decay=false|frac=1.0,0.123876076563843,0.231625835189309
gift_cards,grid,27,0.190153832497763,itemknn|topk=300;shrink=10.0|frac=1.0,96,0,29.96829829863067,0.190153832497763,0.190153832497763,0.190153832497763,itemknn|topk=300;shrink=10.0|frac=1.0,0.15015579114662,0.316258351893095
gift_cards,random,27,0.190558747137556,markov|order=2;smoothing=0.1;decay=true|frac=1.0,52,5,28.718822817459223,0.190558747137556,0.190558747137556,0.190558747137556,markov|order=2;smoothing=0.1;decay=true|frac=1.0,0.116440605823729,0.220489977728285
gift_cards,tpe,27,0.197726006069792,markov|order=1;smoothing=0.1;decay=false|frac=1.0,82,517,28.426161144100952,0.197726006069792,0.197726006069792,0.197726006069792,markov|order=1;smoothing=0.1;decay=false|frac=1.0,0.123876076563843,0.231625835189309
gift_cards,successive_halving,27,0.197490449933868,markov|order=1;smoothing=0.5;decay=false|frac=1.0,46,0,29.39736297054776,0.11485644333983,0.197490449933868,0.197490449933868,markov|order=1;smoothing=0.5;decay=false|frac=1.0,0.125182671767754,0.236080178173719
gift_cards,hyperband,27,0.18979372851436,itemknn|topk=100;shrink=0.0|frac=1.0,46,0,30.119971046836877,0.18979372851436,0.18979372851436,0.18979372851436,itemknn|topk=100;shrink=0.0|frac=1.0,0.14616101173147,0.307349665924276
gift_cards,sm2,27,0.197726006069792,markov|order=1;smoothing=0.1;decay=false|frac=1.0,58,0,29.27787970555729,0.197726006069792,0.197726006069792,0.197726006069792,markov|order=1;smoothing=0.1;decay=false|frac=1.0,0.123876076563843,0.231625835189309
gift_cards,bocs,27,0.190153832497763,itemknn|topk=300;shrink=10.0|frac=1.0,30,0,29.440340583344824,0.190153832497763,0.190153832497763,0.190153832497763,itemknn|topk=300;shrink=10.0|frac=1.0,0.15015579114662,0.316258351893095
gift_cards,fmqa,27,0.197726006069792,markov|order=1;smoothing=0.1;decay=false|frac=1.0,70,0,28.78590768879719,0.181836507792356,0.181836507792356,0.197726006069792,markov|order=1;smoothing=0.1;decay=false|frac=1.0,0.123876076563843,0.231625835189309
gift_cards,grid,28,0.190153832497763,itemknn|topk=300;shrink=10.0|frac=1.0,96,0,29.99954829863067,0.190153832497763,0.190153832497763,0.190153832497763,itemknn|topk=300;shrink=10.0|frac=1.0,0.15015579114662,0.316258351893095
gift_cards,random,28,0.151576815606238,als|factors=16;epochs=30;regularisation=0.1;alpha=10.0|frac=1.0,28,0,29.366555662304386,0.140710476005215,0.151100129735597,0.151576815606238,als|factors=16;epochs=30;regularisation=0.1;alpha=10.0|frac=1.0,0.115515837556774,0.244988864142538
gift_cards,tpe,28,0.197726006069792,markov|order=1;smoothing=0.1;decay=false|frac=1.0,78,503,28.426812639543844,0.197726006069792,0.197726006069792,0.197726006069792,markov|order=1;smoothing=0.1;decay=false|frac=1.0,0.123876076563843,0.231625835189309
gift_cards,successive_halving,28,0.190153832497763,itemknn|topk=100;shrink=10.0|frac=1.0,51,0,28.51537187648361,0.170603375379477,0.190153832497763,0.190153832497763,itemknn|topk=100;shrink=10.0|frac=1.0,0.15015579114662,0.316258351893095
gift_cards,hyperband,28,0.191294646615019,markov|order=2;smoothing=0.5;decay=true|frac=1.0,46,0,28.82903758900961,0.152355931769121,0.178368826997163,0.191294646615019,markov|order=2;smoothing=0.5;decay=true|frac=1.0,0.1191122993413,0.229398663697104
gift_cards,sm2,28,0.175194046319217,multvae|latent=128;hidden=600;epochs=20;dropout=0.0|frac=0.5,51,0,28.425128717641957,0.175194046319217,0.175194046319217,0.175194046319217,multvae|latent=128;hidden=600;epochs=20;dropout=0.0|frac=0.5,0.12633062892,0.271714922048997
gift_cards,bocs,28,0.18979372851436,itemknn|topk=100;shrink=0.0|frac=1.0,36,2,28.778057189668203,0.18979372851436,0.18979372851436,0.18979372851436,itemknn|topk=100;shrink=0.0|frac=1.0,0.14616101173147,0.307349665924276
gift_cards,fmqa,28,0.18979372851436,itemknn|topk=300;shrink=0.0|frac=1.0,46,0,28.53339911457114,0.082917113051921,0.126386691238276,0.18979372851436,itemknn|topk=300;shrink=0.0|frac=1.0,0.14616101173147,0.307349665924276
gift_cards,grid,29,0.190153832497763,itemknn|topk=300;shrink=10.0|frac=1.0,95,0,28.64017329863067,0.190153832497763,0.190153832497763,0.190153832497763,itemknn|topk=300;shrink=10.0|frac=1.0,0.15015579114662,0.316258351893095
gift_cards,random,29,0.18979372851436,itemknn|topk=300;shrink=0.0|frac=1.0,52,3,28.55890619048264,0.18979372851436,0.18979372851436,0.18979372851436,itemknn|topk=300;shrink=0.0|frac=1.0,0.14616101173147,0.307349665924276
gift_cards,tpe,29,0.197726006069792,markov|order=1;smoothing=0.1;decay=false|frac=1.0,76,478,28.42542378642292,0.194852833651352,0.197726006069792,0.197726006069792,markov|order=1;smoothing=0.1;decay=false|frac=1.0,0.123876076563843,0.231625835189309
gift_cards,successive_halving,29,0.193607009592108,markov|order=1;smoothing=0.5;decay=true|frac=1.0,47,0,30.683078438648675,0.143040215944374,0.182021870088859,0.193607009592108,markov|order=1;smoothing=0.5;decay=true|frac=1.0,0.122019418232096,0.231625835189309
gift_cards,hyperband,29,0.197726006069792,markov|order=1;smoothing=0.1;decay=false|frac=1.0,45,0,29.684551336280503,0.178194427628127,0.197726006069792,0.197726006069792,markov|order=1;smoothing=0.1;decay=false|frac=1.0,0.123876076563843,0.231625835189309
gift_cards,sm2,29,0.191294646615019,markov|order=2;smoothing=0.5;decay=true|frac=1.0,42,0,30.19725588922684,0.183665634268667,0.18979372851436,0.191294646615019,markov|order=2;smoothing=0.5;decay=true|frac=1.0,0.1191122993413,0.229398663697104
gift_cards,bocs,29,0.182958840023527,markov|order=2;smoothing=0.1;decay=false|frac=0.5,31,0,28.46204531272302,0.160313996316283,0.180881298179788,0.182958840023527,markov|order=2;smoothing=0.1;decay=false|frac=0.5,0.102650939867976,0.191536748329621
gift_cards,fmqa,29,0.194852833651352,markov|order=2;smoothing=0.1;decay=false|frac=1.0,58,0,30.276873897885324,0.18979372851436,0.18979372851436,0.194852833651352,markov|order=2;smoothing=0.1;decay=false|frac=1.0,0.121416976287017,0.229398663697104
luxury_beauty,grid,0,0.311446441993705,itemknn|topk=300;shrink=100.0|frac=1.0,99,0,273.89028242429094,0.311446441993705,0.311446441993705,0.311446441993705,itemknn|topk=300;shrink=100.0|frac=1.0,0.168474260410597,0.279487960987503
luxury_beauty,random,0,0.283320606679531,markov|order=2;smoothing=0.5;decay=false|frac=1.0,56,1,279.84309895833337,0.270962651060907,0.283320606679531,0.283320606679531,markov|order=2;smoothing=0.5;decay=false|frac=1.0,0.055218371409814,0.081987199024687
luxury_beauty,tpe,0,0.311446441993705,itemknn|topk=300;shrink=100.0|frac=1.0,79,528,274.3950883388625,0.311446441993705,0.311446441993705,0.311446441993705,itemknn|topk=300;shrink=100.0|frac=1.0,0.168474260410597,0.279487960987503
luxury_beauty,successive_halving,0,0.284843298452339,als|factors=32;epochs=30;regularisation=0.1;alpha=40.0|frac=1.0,43,0,283.84895833333337,0.281175452424088,0.284843298452339,0.284843298452339,als|factors=32;epochs=30;regularisation=0.1;alpha=40.0|frac=1.0,0.158733117940579,0.265163060042669
luxury_beauty,hyperband,0,0.286381788208959,als|factors=32;epochs=30;regularisation=0.001;alpha=40.0|frac=1.0,43,0,288.15005226730943,0.278157806480561,0.283006448211589,0.286381788208959,als|factors=32;epochs=30;regularisation=0.001;alpha=40.0|frac=1.0,0.158480706912223,0.264553489789698
luxury_beauty,sm2,0,0.309259884556491,itemknn|topk=50;shrink=100.0|frac=1.0,41,0,278.4399380847881,0.282777835621497,0.309259884556491,0.309259884556491,itemknn|topk=50;shrink=100.0|frac=1.0,0.168172612892844,0.278573605608046
luxury_beauty,bocs,0,0.285640539320096,als|factors=64;epochs=5;regularisation=0.01;alpha=10.0|frac=1.0,40,0,277.5763888888889,0.281881246480291,0.281881246480291,0.285640539320096,als|factors=64;epochs=5;regularisation=0.01;alpha=10.0|frac=1.0,0.154170696099155,0.257238646754038
luxury_beauty,fmqa,0,0.310373879095711,itemknn|topk=100;shrink=100.0|frac=1.0,62,0,278.50583269850114,0.284343912808754,0.284843298452339,0.310373879095711,itemknn|topk=100;shrink=100.0|frac=1.0,0.168417968468437,0.277964035355074
luxury_beauty,grid,1,0.311446441993705,itemknn|topk=300;shrink=100.0|frac=1.0,99,0,274.06215742429094,0.311446441993705,0.311446441993705,0.311446441993705,itemknn|topk=300;shrink=100.0|frac=1.0,0.168474260410597,0.279487960987503
luxury_beauty,random,1,0.311446441993705,itemknn|topk=300;shrink=100.0|frac=1.0,44,3,281.9382612179487,0.311446441993705,0.311446441993705,0.311446441993705,itemknn|topk=300;shrink=100.0|frac=1.0,0.168474260410597,0.279487960987503
luxury_beauty,tpe,1,0.311446441993705,itemknn|topk=300;shrink=100.0|frac=1.0,76,422,274.451198700958,0.303482930404316,0.311446441993705,0.311446441993705,itemknn|topk=300;shrink=100.0|frac=1.0,0.168474260410597,0.279487960987503
luxury_beauty,successive_halving,1,0.309259884556491,itemknn|topk=50;shrink=100.0|frac=1.0,49,0,273.88731275124945,0.273662522421119,0.283149257560892,0.309259884556491,itemknn|topk=50;shrink=100.0|frac=1.0,0.168172612892844,0.278573605608046
luxury_beauty,hyperband,1,0.303482930404316,itemknn|topk=300;shrink=10.0|frac=1.0,37,0,286.8621123208899,0.276642760804898,0.303482930404316,0.303482930404316,itemknn|topk=300;shrink=10.0|frac=1.0,0.164910326652715,0.273697043584273
luxury_beauty,sm2,1,0.285640539320096,als|factors=64;epochs=5;regularisation=0.01;alpha=10.0|frac=1.0,54,0,276.931922306992,0.28228747777998,0.285640539320096,0.285640539320096,als|factors=64;epochs=5;regularisation=0.01;alpha=10.0|frac=1.0,0.154170696099155,0.257238646754038
luxury_beauty,bocs,1,0.289477768360559,itemknn|topk=300;shrink=0.0|frac=1.0,44,1,277.4797111742424,0.282842732959161,0.282842732959161,0.289477768360559,itemknn|topk=300;shrink=0.0|frac=1.0,0.157448972719212,0.262419993904297
luxury_beauty,fmqa,1,0.286853217332889,multvae|latent=32;hidden=600;epochs=20;dropout=0.5|frac=1.0,46,0,278.1384741238348,0.282293324097448,0.286853217332889,0.286853217332889,multvae|latent=32;hidden=600;epochs=20;dropout=0.5|frac=1.0,0.149223838396023,0.248704663212435
luxury_beauty,grid,2,0.311446441993705,itemknn|topk=300;shrink=100.0|frac=1.0,99,0,274.01528242429094,0.311446441993705,0.311446441993705,0.311446441993705,itemknn|topk=300;shrink=100.0|frac=1.0,0.168474260410597,0.279487960987503
luxury_beauty,random,2,0.300060913575155,itemknn|topk=10;shrink=10.0|frac=1.0,46,1,274.422265625,0.300060913575155,0.300060913575155,0.300060913575155,itemknn|topk=10;shrink=10.0|frac=1.0,0.161359956760348,0.263943919536726
luxury_beauty,tpe,2,0.311446441993705,itemknn|topk=300;shrink=100.0|frac=1.0,75,330,273.582015040633,0.310401827753919,0.311446441993705,0.311446441993705,itemknn|topk=300;shrink=100.0|frac=1.0,0.168474260410597,0.279487960987503
luxury_beauty,successive_halving,2,0.303273592177951,itemknn|topk=100;shrink=10.0|frac=1.0,53,0,282.58283912013235,0.303273592177951,0.303273592177951,0.303273592177951,itemknn|topk=100;shrink=10.0|frac=1.0,0.164291894898559,0.272173117951843
luxury_beauty,hyperband,2,0.30133924667329,itemknn|topk=50;shrink=10.0|frac=1.0,50,0,300.9031994047619,0.259605457568387,0.30133924667329,0.30133924667329,itemknn|topk=50;shrink=10.0|frac=1.0,0.163837078539192,0.271258762572386
luxury_beauty,sm2,2,0.30133924667329,itemknn|topk=50;shrink=10.0|frac=1.0,45,0,275.4506451522616,0.30133924667329,0.30133924667329,0.30133924667329,itemknn|topk=50;shrink=10.0|frac=1.0,0.163837078539192,0.271258762572386
luxury_beauty,bocs,2,0.300060913575155,itemknn|topk=10;shrink=10.0|frac=1.0,47,0,278.1678969109196,0.285640539320096,0.289477768360559,0.300060913575155,itemknn|topk=10;shrink=10.0|frac=1.0,0.161359956760348,0.263943919536726
luxury_beauty,fmqa,2,0.303273592177951,itemknn|topk=100;shrink=10.0|frac=1.0,46,0,273.7219223484848,0.282734076660515,0.282734076660515,0.303273592177951,itemknn|topk=100;shrink=10.0|frac=1.0,0.164291894898559,0.272173117951843
luxury_beauty,grid,3,0.311446441993705,itemknn|topk=300;shrink=100.0|frac=1.0,99,0,274.82778242429094,0.311446441993705,0.311446441993705,0.311446441993705,itemknn|topk=300;shrink=100.0|frac=1.0,0.168474260410597,0.279487960987503
luxury_beauty,random,3,0.303273592177951,itemknn|topk=100;shrink=10.0|frac=1.0,49,6,301.94640899965754,0.270336942378221,0.285511036083238,0.303273592177951,itemknn|topk=100;shrink=10.0|frac=1.0,0.164291894898559,0.272173117951843
luxury_beauty,tpe,3,0.311446441993705,itemknn|topk=300;shrink=100.0|frac=1.0,73,350,279.1818921600414,0.310401827753919,0.311446441993705,0.311446441993705,itemknn|topk=300;shrink=100.0|frac=1.0,0.168474260410597,0.279487960987503
luxury_beauty,successive_halving,3,0.285640539320096,als|factors=64;epochs=5;regularisation=0.01;alpha=10.0|frac=1.0,46,0,276.64615462662334,0.282638897077834,0.282638897077834,0.285640539320096,als|factors=64;epochs=5;regularisation=0.01;alpha=10.0|frac=1.0,0.154170696099155,0.257238646754038
luxury_beauty,hyperband,3,0.300060913575155,itemknn|topk=10;shrink=10.0|frac=1.0,52,0,274.9050545566868,0.283534662663688,0.285511036083238,0.300060913575155,itemknn|topk=10;shrink=10.0|frac=1.0,0.161359956760348,0.263943919536726
luxury_beauty,sm2,3,0.284686475772981,als|factors=32;epochs=30;regularisation=0.01;alpha=40.0|frac=1.0,45,0,274.6695536477795,0.284686475772981,0.284686475772981,0.284686475772981,als|factors=32;epochs=30;regularisation=0.01;alpha=40.0|frac=1.0,0.159021417216744,0.266077415422127
luxury_beauty,bocs,3,0.309259884556491,itemknn|topk=50;shrink=100.0|frac=1.0,42,1,275.54166666666663,0.281004359389095,0.309259884556491,0.309259884556491,itemknn|topk=50;shrink=100.0|frac=1.0,0.168172612892844,0.278573605608046
luxury_beauty,fmqa,3,0.303273592177951,itemknn|topk=100;shrink=10.0|frac=1.0,55,0,283.3482864357864,0.303273592177951,0.303273592177951,0.303273592177951,itemknn|topk=100;shrink=10.0|frac=1.0,0.164291894898559,0.272173117951843
luxury_beauty,grid,4,0.311446441993705,itemknn|topk=300;shrink=100.0|frac=1.0,99,0,274.14028242429094,0.311446441993705,0.311446441993705,0.311446441993705,itemknn|topk=300;shrink=100.0|frac=1.0,0.168474260410597,0.279487960987503
luxury_beauty,random,4,0.300060913575155,itemknn|topk=10;shrink=10.0|frac=1.0,43,2,292.3907478805917,0.281938937162806,0.283494577354276,0.300060913575155,itemknn|topk=10;shrink=10.0|frac=1.0,0.161359956760348,0.263943919536726
luxury_beauty,tpe,4,0.311446441993705,itemknn|topk=300;shrink=100.0|frac=1.0,72,450,273.75976112012535,0.311446441993705,0.311446441993705,0.311446441993705,itemknn|topk=300;shrink=100.0|frac=1.0,0.168474260410597,0.279487960987503
luxury_beauty,successive_halving,4,0.277270293780007,als|factors=64;epochs=15;regularisation=0.1;alpha=40.0|frac=1.0,32,0,274.7542067307692,0.275325781486712,0.275325781486712,0.277270293780007,als|factors=64;epochs=15;regularisation=0.1;alpha=40.0|frac=1.0,0.157847886627075,0.260286498018896
luxury_beauty,hyperband,4,0.311446441993705,itemknn|topk=300;shrink=100.0|frac=1.0,67,0,276.2567551997936,0.310401827753919,0.310401827753919,0.311446441993705,itemknn|topk=300;shrink=100.0|frac=1.0,0.168474260410597,0.279487960987503
luxury_beauty,sm2,4,0.283040668160187,als|factors=64;epochs=5;regularisation=0.1;alpha=10.0|frac=1.0,44,0,275.1263020833333,0.258326794441718,0.283040668160187,0.283040668160187,als|factors=64;epochs=5;regularisation=0.1;alpha=10.0|frac=1.0,0.154388918890876,0.257543431880524
luxury_beauty,bocs,4,0.286381788208959,als|factors=32;epochs=30;regularisation=0.001;alpha=40.0|frac=1.0,43,0,274.5546875,0.281175452424088,0.281175452424088,0.286381788208959,als|factors=32;epochs=30;regularisation=0.001;alpha=40.0|frac=1.0,0.158480706912223,0.264553489789698
luxury_beauty,fmqa,4,0.310373879095711,itemknn|topk=100;shrink=100.0|frac=1.0,66,0,273.3649753761869,0.286109606773109,0.310373879095711,0.310373879095711,itemknn|topk=100;shrink=100.0|frac=1.0,0.168417968468437,0.277964035355074
luxury_beauty,grid,5,0.311446441993705,itemknn|topk=300;shrink=100.0|frac=1.0,99,0,273.96840742429094,0.311446441993705,0.311446441993705,0.311446441993705,itemknn|topk=300;shrink=100.0|frac=1.0,0.168474260410597,0.279487960987503
luxury_beauty,random,5,0.30133924667329,itemknn|topk=50;shrink=10.0|frac=1.0,63,4,274.2312736742424,0.286109606773109,0.286109606773109,0.30133924667329,itemknn|topk=50;shrink=10.0|frac=1.0,0.163837078539192,0.271258762572386
luxury_beauty,tpe,5,0.311446441993705,itemknn|topk=300;shrink=100.0|frac=1.0,76,548,273.7195536354405,0.310401827753919,0.311446441993705,0.311446441993705,itemknn|topk=300;shrink=100.0|frac=1.0,0.168474260410597,0.279487960987503
luxury_beauty,successive_halving,5,0.285640539320096,als|factors=64;epochs=5;regularisation=0.01;alpha=10.0|frac=1.0,46,0,275.32216009880284,0.282454975435623,0.285640539320096,0.285640539320096,als|factors=64;epochs=5;regularisation=0.01;alpha=10.0|frac=1.0,0.154170696099155,0.257238646754038
luxury_beauty,hyperband,5,0.284686475772981,als|factors=32;epochs=30;regularisation=0.01;alpha=40.0|frac=1.0,38,0,296.452734375,0.284343912808754,0.284686475772981,0.284686475772981,als|factors=32;epochs=30;regularisation=0.01;alpha=40.0|frac=1.0,0.159021417216744,0.266077415422127
luxury_beauty,sm2,5,0.303482930404316,itemknn|topk=300;shrink=10.0|frac=1.0,42,0,278.46484374999994,0.284075220424116,0.284075220424116,0.303482930404316,itemknn|topk=300;shrink=10.0|frac=1.0,0.164910326652715,0.273697043584273
luxury_beauty,bocs,5,0.285511036083238,itemknn|topk=100;shrink=0.0|frac=1.0,37,0,276.58415178571425,0.269662013675207,0.285511036083238,0.285511036083238,itemknn|topk=100;shrink=0.0|frac=1.0,0.155748230963851,0.259372142639439
luxury_beauty,fmqa,5,0.310401827753919,itemknn|topk=10;shrink=100.0|frac=1.0,48,0,282.2313952732618,0.285511036083238,0.285511036083238,0.310401827753919,itemknn|topk=10;shrink=100.0|frac=1.0,0.169206510916712,0.279487960987503
luxury_beauty,grid,6,0.311446441993705,itemknn|topk=300;shrink=100.0|frac=1.0,99,0,273.93715742429094,0.311446441993705,0.311446441993705,0.311446441993705,itemknn|topk=300;shrink=100.0|frac=1.0,0.168474260410597,0.279487960987503
luxury_beauty,random,6,0.303482930404316,itemknn|topk=300;shrink=10.0|frac=1.0,46,2,278.60926339285714,0.286381788208959,0.286381788208959,0.303482930404316,itemknn|topk=300;shrink=10.0|frac=1.0,0.164910326652715,0.273697043584273
luxury_beauty,tpe,6,0.311446441993705,itemknn|topk=300;shrink=100.0|frac=1.0,70,356,279.8459244278995,0.310401827753919,0.311446441993705,0.311446441993705,itemknn|topk=300;shrink=100.0|frac=1.0,0.168474260410597,0.279487960987503
luxury_beauty,successive_halving,6,0.300060913575155,itemknn|topk=10;shrink=10.0|frac=1.0,55,0,283.4705958946078,0.300060913575155,0.300060913575155,0.300060913575155,itemknn|topk=10;shrink=10.0|frac=1.0,0.161359956760348,0.263943919536726
luxury_beauty,hyperband,6,0.303273592177951,itemknn|topk=100;shrink=10.0|frac=1.0,49,0,275.5060132575758,0.280126287449228,0.303273592177951,0.303273592177951,itemknn|topk=100;shrink=10.0|frac=1.0,0.164291894898559,0.272173117951843
luxury_beauty,sm2,6,0.286109606773109,als|factors=64;epochs=5;regularisation=0.001;alpha=10.0|frac=1.0,52,0,292.0483630952381,0.283006448211589,0.283006448211589,0.286109606773109,als|factors=64;epochs=5;regularisation=0.001;alpha=10.0|frac=1.0,0.154267882744463,0.257238646754038
luxury_beauty,bocs,6,0.310401827753919,itemknn|topk=10;shrink=100.0|frac=1.0,51,0,274.8561686218475,0.310401827753919,0.310401827753919,0.310401827753919,itemknn|topk=10;shrink=100.0|frac=1.0,0.169206510916712,0.279487960987503
luxury_beauty,fmqa,6,0.310401827753919,itemknn|topk=10;shrink=100.0|frac=1.0,55,0,280.9503272068307,0.266076771666712,0.274530918290369,0.310401827753919,itemknn|topk=10;shrink=100.0|frac=1.0,0.169206510916712,0.279487960987503
luxury_beauty,grid,7,0.311446441993705,itemknn|topk=300;shrink=100.0|frac=1.0,99,0,273.99965742429094,0.311446441993705,0.311446441993705,0.311446441993705,itemknn|topk=300;shrink=100.0|frac=1.0,0.168474260410597,0.279487960987503
luxury_beauty,random,7,0.311446441993705,itemknn|topk=300;shrink=100.0|frac=1.0,54,4,282.22760416666665,0.274897394003689,0.279804690382074,0.311446441993705,itemknn|topk=300;shrink=100.0|frac=1.0,0.168474260410597,0.279487960987503
luxury_beauty,tpe,7,0.311446441993705,itemknn|topk=300;shrink=100.0|frac=1.0,72,532,278.92267724301394,0.286853217332889,0.286853217332889,0.311446441993705,itemknn|topk=300;shrink=100.0|frac=1.0,0.168474260410597,0.279487960987503
luxury_beauty,successive_halving,7,0.300060913575155,itemknn|topk=10;shrink=10.0|frac=1.0,38,0,276.90338541666665,0.300060913575155,0.300060913575155,0.300060913575155,itemknn|topk=10;shrink=10.0|frac=1.0,0.161359956760348,0.263943919536726
luxury_beauty,hyperband,7,0.310401827753919,itemknn|topk=10;shrink=100.0|frac=1.0,41,0,275.80587797619046,0.284843298452339,0.310401827753919,0.310401827753919,itemknn|topk=10;shrink=100.0|frac=1.0,0.169206510916712,0.279487960987503
luxury_beauty,sm2,7,0.309259884556491,itemknn|topk=50;shrink=100.0|frac=1.0,40,0,284.8652988641476,0.273662522421119,0.273662522421119,0.309259884556491,itemknn|topk=50;shrink=100.0|frac=1.0,0.168172612892844,0.278573605608046
luxury_beauty,bocs,7,0.285640539320096,als|factors=64;epochs=5;regularisation=0.01;alpha=10.0|frac=1.0,64,0,301.3187218597375,0.285640539320096,0.285640539320096,0.285640539320096,als|factors=64;epochs=5;regularisation=0.01;alpha=10.0|frac=1.0,0.154170696099155,0.257238646754038
luxury_beauty,fmqa,7,0.309259884556491,itemknn|topk=50;shrink=100.0|frac=1.0,54,0,273.4770531718379,0.282842732959161,0.282842732959161,0.309259884556491,itemknn|topk=50;shrink=100.0|frac=1.0,0.168172612892844,0.278573605608046
luxury_beauty,grid,8,0.311446441993705,itemknn|topk=300;shrink=100.0|frac=1.0,99,0,274.28090742429094,0.311446441993705,0.311446441993705,0.311446441993705,itemknn|topk=300;shrink=100.0|frac=1.0,0.168474260410597,0.279487960987503
luxury_beauty,random,8,0.28147744036034,als|factors=64;epochs=15;regularisation=0.1;alpha=10.0|frac=1.0,42,3,281.41938232102507,0.276642760804898,0.281022941299021,0.28147744036034,als|factors=64;epochs=15;regularisation=0.1;alpha=10.0|frac=1.0,0.156640708494468,0.261810423651325
luxury_beauty,tpe,8,0.311446441993705,itemknn|topk=300;shrink=100.0|frac=1.0,81,474,293.1919724121228,0.311446441993705,0.311446441993705,0.311446441993705,itemknn|topk=300;shrink=100.0|frac=1.0,0.168474260410597,0.279487960987503
luxury_beauty,successive_halving,8,0.300060913575155,itemknn|topk=10;shrink=10.0|frac=1.0,46,0,274.44858630952376,0.286853217332889,0.286853217332889,0.300060913575155,itemknn|topk=10;shrink=10.0|frac=1.0,0.161359956760348,0.263943919536726
luxury_beauty,hyperband,8,0.300060913575155,itemknn|topk=10;shrink=10.0|frac=1.0,45,0,275.3500620039682,0.28228747777998,0.283320606679531,0.300060913575155,itemknn|topk=10;shrink=10.0|frac=1.0,0.161359956760348,0.263943919536726
luxury_beauty,sm2,8,0.309259884556491,itemknn|topk=50;shrink=100.0|frac=1.0,38,0,291.4110863095238,0.284843298452339,0.309259884556491,0.309259884556491,itemknn|topk=50;shrink=100.0|frac=1.0,0.168172612892844,0.278573605608046
luxury_beauty,bocs,8,0.310401827753919,itemknn|topk=10;shrink=100.0|frac=1.0,35,0,276.67477678571424,0.310401827753919,0.310401827753919,0.310401827753919,itemknn|topk=10;shrink=100.0|frac=1.0,0.169206510916712,0.279487960987503
luxury_beauty,fmqa,8,0.310401827753919,itemknn|topk=10;shrink=100.0|frac=1.0,62,0,301.4926205063621,0.289477768360559,0.309259884556491,0.310401827753919,itemknn|topk=10;shrink=100.0|frac=1.0,0.169206510916712,0.279487960987503
luxury_beauty,grid,9,0.311446441993705,itemknn|topk=300;shrink=100.0|frac=1.0,99,0,274.82778242429094,0.311446441993705,0.311446441993705,0.311446441993705,itemknn|topk=300;shrink=100.0|frac=1.0,0.168474260410597,0.279487960987503
luxury_beauty,random,9,0.30133924667329,itemknn|topk=50;shrink=10.0|frac=1.0,48,3,278.13347298356325,0.30133924667329,0.30133924667329,0.30133924667329,itemknn|topk=50;shrink=10.0|frac=1.0,0.163837078539192,0.271258762572386
luxury_beauty,tpe,9,0.311446441993705,itemknn|topk=300;shrink=100.0|frac=1.0,80,519,274.4958859787227,0.311446441993705,0.311446441993705,0.311446441993705,itemknn|topk=300;shrink=100.0|frac=1.0,0.168474260410597,0.279487960987503
luxury_beauty,successive_halving,9,0.286853217332889,multvae|latent=32;hidden=600;epochs=20;dropout=0.5|frac=1.0,43,0,277.7447916666667,0.286381788208959,0.286853217332889,0.286853217332889,multvae|latent=32;hidden=600;epochs=20;dropout=0.5|frac=1.0,0.149223838396023,0.248704663212435
luxury_beauty,hyperband,9,0.283040668160187,als|factors=64;epochs=5;regularisation=0.1;alpha=10.0|frac=1.0,44,0,274.5232007575757,0.282842732959161,0.282842732959161,0.283040668160187,als|factors=64;epochs=5;regularisation=0.1;alpha=10.0|frac=1.0,0.154388918890876,0.257543431880524
luxury_beauty,sm2,9,0.284343912808754,multvae|latent=128;hidden=600;epochs=20;dropout=0.5|frac=1.0,39,0,277.79263392857143,0.273721189757803,0.274998288137075,0.284343912808754,multvae|latent=128;hidden=600;epochs=20;dropout=0.5|frac=1.0,0.148491591407412,0.254495580615665
luxury_beauty,bocs,9,0.286853217332889,multvae|latent=32;hidden=600;epochs=20;dropout=0.5|frac=1.0,40,0,276.101974468461,0.275356859633459,0.281881246480291,0.286853217332889,multvae|latent=32;hidden=600;epochs=20;dropout=0.5|frac=1.0,0.149223838396023,0.248704663212435
luxury_beauty,fmqa,9,0.310373879095711,itemknn|topk=100;shrink=100.0|frac=1.0,66,0,279.1616301425591,0.282923008758797,0.283320606679531,0.310373879095711,itemknn|topk=100;shrink=100.0|frac=1.0,0.168417968468437,0.277964035355074
luxury_beauty,grid,10,0.311446441993705,itemknn|topk=300;shrink=100.0|frac=1.0,99,0,274.51528242429094,0.311446441993705,0.311446441993705,0.311446441993705,itemknn|topk=300;shrink=100.0|frac=1.0,0.168474260410597,0.279487960987503
luxury_beauty,random,10,0.283494577354276,markov|order=1;smoothing=0.1;decay=false|frac=1.0,37,0,276.43861990763475,0.283494577354276,0.283494577354276,0.283494577354276,markov|order=1;smoothing=0.1;decay=false|frac=1.0,0.053168630609904,0.079853703139286
luxury_beauty,tpe,10,0.311446441993705,itemknn|topk=300;shrink=100.0|frac=1.0,73,472,286.9778388348942,0.311446441993705,0.311446441993705,0.311446441993705,itemknn|topk=300;shrink=100.0|frac=1.0,0.168474260410597,0.279487960987503
luxury_beauty,successive_halving,10,0.310373879095711,itemknn|topk=100;shrink=100.0|frac=1.0,55,0,277.12890625,0.303273592177951,0.303273592177951,0.310373879095711,itemknn|topk=100;shrink=100.0|frac=1.0,0.168417968468437,0.277964035355074
luxury_beauty,hyperband,10,0.310401827753919,itemknn|topk=10;shrink=100.0|frac=1.0,47,0,284.12325502826127,0.220108258923132,0.310373879095711,0.310401827753919,itemknn|topk=10;shrink=100.0|frac=1.0,0.169206510916712,0.279487960987503
luxury_beauty,sm2,10,0.310401827753919,itemknn|topk=10;shrink=100.0|frac=1.0,46,0,274.7306547619048,0.285511036083238,0.310401827753919,0.310401827753919,itemknn|topk=10;shrink=100.0|frac=1.0,0.169206510916712,0.279487960987503
luxury_beauty,bocs,10,0.284686475772981,als|factors=32;epochs=30;regularisation=0.01;alpha=40.0|frac=1.0,48,0,288.5014545350483,0.283494577354276,0.283494577354276,0.284686475772981,als|factors=32;epochs=30;regularisation=0.01;alpha=40.0|frac=1.0,0.159021417216744,0.266077415422127
luxury_beauty,fmqa,10,0.310401827753919,itemknn|topk=10;shrink=100.0|frac=1.0,52,0,281.2508034933816,0.28147744036034,0.283534662663688,0.310401827753919,itemknn|topk=10;shrink=100.0|frac=1.0,0.169206510916712,0.279487960987503
luxury_beauty,grid,11,0.311446441993705,itemknn|topk=300;shrink=100.0|frac=1.0,99,0,274.28090742429094,0.311446441993705,0.311446441993705,0.311446441993705,itemknn|topk=300;shrink=100.0|frac=1.0,0.168474260410597,0.279487960987503
luxury_beauty,random,11,0.303273592177951,itemknn|topk=100;shrink=10.0|frac=1.0,42,3,285.16819816468256,0.285640539320096,0.285640539320096,0.303273592177951,itemknn|topk=100;shrink=10.0|frac=1.0,0.164291894898559,0.272173117951843
luxury_beauty,tpe,11,0.311446441993705,itemknn|topk=300;shrink=100.0|frac=1.0,80,551,287.0833225513693,0.303482930404316,0.310401827753919,0.311446441993705,itemknn|topk=300;shrink=100.0|frac=1.0,0.168474260410597,0.279487960987503
luxury_beauty,successive_halving,11,0.277361131256303,als|factors=32;epochs=5;regularisation=0.01;alpha=40.0|frac=1.0,42,0,273.31265318627453,0.274530918290369,0.274530918290369,0.277361131256303,als|factors=32;epochs=5;regularisation=0.01;alpha=40.0|frac=1.0,0.151359259953953,0.253276440109722
luxury_beauty,hyperband,11,0.310401827753919,itemknn|topk=10;shrink=100.0|frac=1.0,49,0,281.8738467261905,0.272869509796992,0.303273592177951,0.310401827753919,itemknn|topk=10;shrink=100.0|frac=1.0,0.169206510916712,0.279487960987503
luxury_beauty,sm2,11,0.286853217332889,multvae|latent=32;hidden=600;epochs=20;dropout=0.5|frac=1.0,46,0,280.3377230948346,0.281004359389095,0.281004359389095,0.284343912808754,multvae|latent=32;hidden=600;epochs=20;dropout=0.5|frac=1.0,0.149223838396023,0.248704663212435
luxury_beauty,bocs,11,0.311446441993705,itemknn|topk=300;shrink=100.0|frac=1.0,48,1,286.1121279761905,0.286381788208959,0.286381788208959,0.311446441993705,itemknn|topk=300;shrink=100.0|frac=1.0,0.168474260410597,0.279487960987503
luxury_beauty,fmqa,11,0.310401827753919,itemknn|topk=10;shrink=100.0|frac=1.0,64,0,277.43886018955675,0.267205450971804,0.310401827753919,0.310401827753919,itemknn|topk=10;shrink=100.0|frac=1.0,0.169206510916712,0.279487960987503
luxury_beauty,grid,12,0.311446441993705,itemknn|topk=300;shrink=100.0|frac=1.0,99,0,274.53090742429094,0.311446441993705,0.311446441993705,0.311446441993705,itemknn|topk=300;shrink=100.0|frac=1.0,0.168474260410597,0.279487960987503
luxury_beauty,random,12,0.284843298452339,als|factors=32;epochs=30;regularisation=0.1;alpha=40.0|frac=1.0,58,1,274.1919340475264,0.284843298452339,0.284843298452339,0.284843298452339,als|factors=32;epochs=30;regularisation=0.1;alpha=40.0|frac=1.0,0.158733117940579,0.265163060042669
luxury_beauty,tpe,12,0.311446441993705,itemknn|topk=300;shrink=100.0|frac=1.0,76,460,278.4982729449612,0.311446441993705,0.311446441993705,0.311446441993705,itemknn|topk=300;shrink=100.0|frac=1.0,0.168474260410597,0.279487960987503
luxury_beauty,successive_halving,12,0.311446441993705,itemknn|topk=300;shrink=100.0|frac=1.0,36,0,279.3927331349206,0.311446441993705,0.311446441993705,0.311446441993705,itemknn|topk=300;shrink=100.0|frac=1.0,0.168474260410597,0.279487960987503
luxury_beauty,hyperband,12,0.286109606773109,als|factors=64;epochs=5;regularisation=0.001;alpha=10.0|frac=1.0,43,0,279.9052483974359,0.282750858989589,0.286109606773109,0.286109606773109,als|factors=64;epochs=5;regularisation=0.001;alpha=10.0|frac=1.0,0.154267882744463,0.257238646754038
luxury_beauty,sm2,12,0.28380688904438,als|factors=32;epochs=15;regularisation=0.001;alpha=40.0|frac=1.0,48,0,274.58888059056665,0.269580356771377,0.283494577354276,0.28380688904438,als|factors=32;epochs=15;regularisation=0.001;alpha=40.0|frac=1.0,0.156973173698962,0.263029564157269
luxury_beauty,bocs,12,0.285511036083238,itemknn|topk=100;shrink=0.0|frac=1.0,45,0,274.54051226551223,0.285511036083238,0.285511036083238,0.285511036083238,itemknn|topk=100;shrink=0.0|frac=1.0,0.155748230963851,0.259372142639439
luxury_beauty,fmqa,12,0.310401827753919,itemknn|topk=10;shrink=100.0|frac=1.0,58,0,274.74406540388486,0.281938937162806,0.310401827753919,0.310401827753919,itemknn|topk=10;shrink=100.0|frac=1.0,0.169206510916712,0.279487960987503
luxury_beauty,grid,13,0.311446441993705,itemknn|topk=300;shrink=100.0|frac=1.0,99,0,274.32778242429094,0.311446441993705,0.311446441993705,0.311446441993705,itemknn|topk=300;shrink=100.0|frac=1.0,0.168474260410597,0.279487960987503
luxury_beauty,random,13,0.283006448211589,als|factors=32;epochs=15;regularisation=0.01;alpha=40.0|frac=1.0,38,0,280.8459821428571,0.282777835621497,0.282777835621497,0.283006448211589,als|factors=32;epochs=15;regularisation=0.01;alpha=40.0|frac=1.0,0.157736529879317,0.26363913441024
luxury_beauty,tpe,13,0.311446441993705,itemknn|topk=300;shrink=100.0|frac=1.0,81,474,273.9631450217629,0.311446441993705,0.311446441993705,0.311446441993705,itemknn|topk=300;shrink=100.0|frac=1.0,0.168474260410597,0.279487960987503
luxury_beauty,successive_halving,13,0.310401827753919,itemknn|topk=10;shrink=100.0|frac=1.0,48,0,273.9042286706349,0.285511036083238,0.310401827753919,0.310401827753919,itemknn|topk=10;shrink=100.0|frac=1.0,0.169206510916712,0.279487960987503
luxury_beauty,hyperband,13,0.310401827753919,itemknn|topk=10;shrink=100.0|frac=1.0,43,0,279.0604166666667,0.303273592177951,0.303273592177951,0.310401827753919,itemknn|topk=10;shrink=100.0|frac=1.0,0.169206510916712,0.279487960987503
luxury_beauty,sm2,13,0.311446441993705,itemknn|topk=300;shrink=100.0|frac=1.0,41,0,277.510436698718,0.311446441993705,0.311446441993705,0.311446441993705,itemknn|topk=300;shrink=100.0|frac=1.0,0.168474260410597,0.279487960987503
luxury_beauty,bocs,13,0.303273592177951,itemknn|topk=100;shrink=10.0|frac=1.0,39,0,280.0983639357268,0.28380688904438,0.285511036083238,0.303273592177951,itemknn|topk=100;shrink=10.0|frac=1.0,0.164291894898559,0.272173117951843
luxury_beauty,fmqa,13,0.311446441993705,itemknn|topk=300;shrink=100.0|frac=1.0,60,0,300.3812612734488,0.303273592177951,0.310373879095711,0.311446441993705,itemknn|topk=300;shrink=100.0|frac=1.0,0.168474260410597,0.279487960987503
luxury_beauty,grid,14,0.311446441993705,itemknn|topk=300;shrink=100.0|frac=1.0,99,0,274.73403242429094,0.311446441993705,0.311446441993705,0.311446441993705,itemknn|topk=300;shrink=100.0|frac=1.0,0.168474260410597,0.279487960987503
luxury_beauty,random,14,0.303482930404316,itemknn|topk=300;shrink=10.0|frac=1.0,46,3,277.39465792207136,0.303482930404316,0.303482930404316,0.303482930404316,itemknn|topk=300;shrink=10.0|frac=1.0,0.164910326652715,0.273697043584273
luxury_beauty,tpe,14,0.311446441993705,itemknn|topk=300;shrink=100.0|frac=1.0,72,347,274.34513383403424,0.282163823349963,0.311446441993705,0.311446441993705,itemknn|topk=300;shrink=100.0|frac=1.0,0.168474260410597,0.279487960987503
luxury_beauty,successive_halving,14,0.310401827753919,itemknn|topk=10;shrink=100.0|frac=1.0,45,0,285.52974233299085,0.310401827753919,0.310401827753919,0.310401827753919,itemknn|topk=10;shrink=100.0|frac=1.0,0.169206510916712,0.279487960987503
luxury_beauty,hyperband,14,0.284843298452339,als|factors=32;epochs=30;regularisation=0.1;alpha=40.0|frac=1.0,40,0,274.91341145833337,0.284843298452339,0.284843298452339,0.284843298452339,als|factors=32;epochs=30;regularisation=0.1;alpha=40.0|frac=1.0,0.158733117940579,0.265163060042669
luxury_beauty,sm2,14,0.310373879095711,itemknn|topk=100;shrink=100.0|frac=1.0,38,0,275.7360632423132,0.310373879095711,0.310373879095711,0.310373879095711,itemknn|topk=100;shrink=100.0|frac=1.0,0.168417968468437,0.277964035355074
luxury_beauty,bocs,14,0.309259884556491,itemknn|topk=50;shrink=100.0|frac=1.0,49,1,273.5022321428572,0.309259884556491,0.309259884556491,0.309259884556491,itemknn|topk=50;shrink=100.0|frac=1.0,0.168172612892844,0.278573605608046
luxury_beauty,fmqa,14,0.310401827753919,itemknn|topk=10;shrink=100.0|frac=1.0,55,0,277.2720862229371,0.28147744036034,0.303273592177951,0.310401827753919,itemknn|topk=10;shrink=100.0|frac=1.0,0.169206510916712,0.279487960987503
luxury_beauty,grid,15,0.311446441993705,itemknn|topk=300;shrink=100.0|frac=1.0,99,0,274.40590742429094,0.311446441993705,0.311446441993705,0.311446441993705,itemknn|topk=300;shrink=100.0|frac=1.0,0.168474260410597,0.279487960987503
luxury_beauty,random,15,0.310373879095711,itemknn|topk=100;shrink=100.0|frac=1.0,59,2,289.77478185876623,0.283040668160187,0.283040668160187,0.310373879095711,itemknn|topk=100;shrink=100.0|frac=1.0,0.168417968468437,0.277964035355074
luxury_beauty,tpe,15,0.311446441993705,itemknn|topk=300;shrink=100.0|frac=1.0,76,421,277.6286420247599,0.311446441993705,0.311446441993705,0.311446441993705,itemknn|topk=300;shrink=100.0|frac=1.0,0.168474260410597,0.279487960987503
luxury_beauty,successive_halving,15,0.30133924667329,itemknn|topk=50;shrink=10.0|frac=1.0,52,0,295.3546124206977,0.283534662663688,0.284686475772981,0.30133924667329,itemknn|topk=50;shrink=10.0|frac=1.0,0.163837078539192,0.271258762572386
luxury_beauty,hyperband,15,0.303482930404316,itemknn|topk=300;shrink=10.0|frac=1.0,61,0,274.8359401791943,0.286109606773109,0.303482930404316,0.303482930404316,itemknn|topk=300;shrink=10.0|frac=1.0,0.164910326652715,0.273697043584273
luxury_beauty,sm2,15,0.284612268873347,als|factors=64;epochs=15;regularisation=0.001;alpha=10.0|frac=1.0,64,0,279.20238192686554,0.283492824551601,0.283492824551601,0.284612268873347,als|factors=64;epochs=15;regularisation=0.001;alpha=10.0|frac=1.0,0.156072161276,0.262724779030783
luxury_beauty,bocs,15,0.300060913575155,itemknn|topk=10;shrink=10.0|frac=1.0,31,0,280.209375,0.300060913575155,0.300060913575155,0.300060913575155,itemknn|topk=10;shrink=10.0|frac=1.0,0.161359956760348,0.263943919536726
luxury_beauty,fmqa,15,0.284612268873347,als|factors=64;epochs=15;regularisation=0.001;alpha=10.0|frac=1.0,56,0,299.9655242513293,0.276049109860939,0.282024165166316,0.284612268873347,als|factors=64;epochs=15;regularisation=0.001;alpha=10.0|frac=1.0,0.156072161276,0.262724779030783
luxury_beauty,grid,16,0.311446441993705,itemknn|topk=300;shrink=100.0|frac=1.0,99,0,274.29653242429094,0.311446441993705,0.311446441993705,0.311446441993705,itemknn|topk=300;shrink=100.0|frac=1.0,0.168474260410597,0.279487960987503
luxury_beauty,random,16,0.283040668160187,als|factors=64;epochs=5;regularisation=0.1;alpha=10.0|frac=1.0,42,0,273.87109375,0.273721189757803,0.274394559424465,0.283040668160187,als|factors=64;epochs=5;regularisation=0.1;alpha=10.0|frac=1.0,0.154388918890876,0.257543431880524
luxury_beauty,tpe,16,0.311446441993705,itemknn|topk=300;shrink=100.0|frac=1.0,70,454,285.29912643167603,0.311446441993705,0.311446441993705,0.311446441993705,itemknn|topk=300;shrink=100.0|frac=1.0,0.168474260410597,0.279487960987503
luxury_beauty,successive_halving,16,0.284075220424116,multvae|latent=64;hidden=600;epochs=20;dropout=0.5|frac=1.0,45,0,281.68776041666666,0.284075220424116,0.284075220424116,0.284075220424116,multvae|latent=64;hidden=600;epochs=20;dropout=0.5|frac=1.0,0.148819146526618,0.251447729350807
luxury_beauty,hyperband,16,0.286109606773109,als|factors=64;epochs=5;regularisation=0.001;alpha=10.0|frac=1.0,51,0,286.6173814466783,0.280107812604007,0.286109606773109,0.286109606773109,als|factors=64;epochs=5;regularisation=0.001;alpha=10.0|frac=1.0,0.154267882744463,0.257238646754038
luxury_beauty,sm2,16,0.303273592177951,itemknn|topk=100;shrink=10.0|frac=1.0,37,0,274.52799873737376,0.282163823349963,0.286853217332889,0.303273592177951,itemknn|topk=100;shrink=10.0|frac=1.0,0.164291894898559,0.272173117951843
luxury_beauty,bocs,16,0.30133924667329,itemknn|topk=50;shrink=10.0|frac=1.0,55,0,275.3394095599263,0.286381788208959,0.286853217332889,0.30133924667329,itemknn|topk=50;shrink=10.0|frac=1.0,0.163837078539192,0.271258762572386
luxury_beauty,fmqa,16,0.300060913575155,itemknn|topk=10;shrink=10.0|frac=1.0,43,0,282.5279494080481,0.282780934360357,0.282780934360357,0.300060913575155,itemknn|topk=10;shrink=10.0|frac=1.0,0.161359956760348,0.263943919536726
luxury_beauty,grid,17,0.311446441993705,itemknn|topk=300;shrink=100.0|frac=1.0,99,0,274.76528242429094,0.311446441993705,0.311446441993705,0.311446441993705,itemknn|topk=300;shrink=100.0|frac=1.0,0.168474260410597,0.279487960987503
luxury_beauty,random,17,0.310401827753919,itemknn|topk=10;shrink=100.0|frac=1.0,42,3,273.5166840310113,0.310401827753919,0.310401827753919,0.310401827753919,itemknn|topk=10;shrink=100.0|frac=1.0,0.169206510916712,0.279487960987503
luxury_beauty,tpe,17,0.311446441993705,itemknn|topk=300;shrink=100.0|frac=1.0,71,472,273.2946390485695,0.310401827753919,0.311446441993705,0.311446441993705,itemknn|topk=300;shrink=100.0|frac=1.0,0.168474260410597,0.279487960987503
luxury_beauty,successive_halving,17,0.286381788208959,als|factors=32;epochs=30;regularisation=0.001;alpha=40.0|frac=1.0,43,0,288.15005226730943,0.278157806480561,0.283006448211589,0.286381788208959,als|factors=32;epochs=30;regularisation=0.001;alpha=40.0|frac=1.0,0.158480706912223,0.264553489789698
luxury_beauty,hyperband,17,0.309259884556491,itemknn|topk=50;shrink=100.0|frac=1.0,41,0,278.4399380847881,0.282777835621497,0.309259884556491,0.309259884556491,itemknn|topk=50;shrink=100.0|frac=1.0,0.168172612892844,0.278573605608046
luxury_beauty,sm2,17,0.311446441993705,itemknn|topk=300;shrink=100.0|frac=1.0,66,0,299.4672140006812,0.278157806480561,0.281881246480291,0.311446441993705,itemknn|topk=300;shrink=100.0|frac=1.0,0.168474260410597,0.279487960987503
luxury_beauty,bocs,17,0.286853217332889,multvae|latent=32;hidden=600;epochs=20;dropout=0.5|frac=1.0,38,0,274.07043917207136,0.282734076660515,0.282734076660515,0.286853217332889,multvae|latent=32;hidden=600;epochs=20;dropout=0.5|frac=1.0,0.149223838396023,0.248704663212435
luxury_beauty,fmqa,17,0.310373879095711,itemknn|topk=100;shrink=100.0|frac=1.0,45,0,279.04751899524973,0.268610145170364,0.268610145170364,0.310373879095711,itemknn|topk=100;shrink=100.0|frac=1.0,0.168417968468437,0.277964035355074
luxury_beauty,grid,18,0.311446441993705,itemknn|topk=300;shrink=100.0|frac=1.0,99,0,275.34340742429094,0.311446441993705,0.311446441993705,0.311446441993705,itemknn|topk=300;shrink=100.0|frac=1.0,0.168474260410597,0.279487960987503
luxury_beauty,random,18,0.289477768360559,itemknn|topk=300;shrink=0.0|frac=1.0,57,4,287.893594878104,0.274542677648894,0.283494577354276,0.289477768360559,itemknn|topk=300;shrink=0.0|frac=1.0,0.157448972719212,0.262419993904297
luxury_beauty,tpe,18,0.311446441993705,itemknn|topk=300;shrink=100.0|frac=1.0,72,388,282.041812794962,0.311446441993705,0.311446441993705,0.311446441993705,itemknn|topk=300;shrink=100.0|frac=1.0,0.168474260410597,0.279487960987503
luxury_beauty,successive_halving,18,0.303482930404316,itemknn|topk=300;shrink=10.0|frac=1.0,37,0,286.8621123208899,0.276642760804898,0.303482930404316,0.303482930404316,itemknn|topk=300;shrink=10.0|frac=1.0,0.164910326652715,0.273697043584273
luxury_beauty,hyperband,18,0.285640539320096,als|factors=64;epochs=5;regularisation=0.01;alpha=10.0|frac=1.0,54,0,276.931922306992,0.28228747777998,0.285640539320096,0.285640539320096,als|factors=64;epochs=5;regularisation=0.01;alpha=10.0|frac=1.0,0.154170696099155,0.257238646754038
luxury_beauty,sm2,18,0.310401827753919,itemknn|topk=10;shrink=100.0|frac=1.0,41,0,301.48072916666666,0.282842732959161,0.284686475772981,0.310401827753919,itemknn|topk=10;shrink=100.0|frac=1.0,0.169206510916712,0.279487960987503
luxury_beauty,bocs,18,0.310401827753919,itemknn|topk=10;shrink=100.0|frac=1.0,50,1,283.4648699094218,0.284843298452339,0.309259884556491,0.310401827753919,itemknn|topk=10;shrink=100.0|frac=1.0,0.169206510916712,0.279487960987503
luxury_beauty,fmqa,18,0.310373879095711,itemknn|topk=100;shrink=100.0|frac=1.0,58,0,278.74936302047735,0.283320606679531,0.284843298452339,0.310373879095711,itemknn|topk=100;shrink=100.0|frac=1.0,0.168417968468437,0.277964035355074
luxury_beauty,grid,19,0.311446441993705,itemknn|topk=300;shrink=100.0|frac=1.0,99,0,275.93715742429094,0.311446441993705,0.311446441993705,0.311446441993705,itemknn|topk=300;shrink=100.0|frac=1.0,0.168474260410597,0.279487960987503
luxury_beauty,random,19,0.303273592177951,itemknn|topk=100;shrink=10.0|frac=1.0,39,1,283.7149352230664,0.284343912808754,0.303273592177951,0.303273592177951,itemknn|topk=100;shrink=10.0|frac=1.0,0.164291894898559,0.272173117951843
luxury_beauty,tpe,19,0.311446441993705,itemknn|topk=300;shrink=100.0|frac=1.0,82,450,285.55244942140735,0.311446441993705,0.311446441993705,0.311446441993705,itemknn|topk=300;shrink=100.0|frac=1.0,0.168474260410597,0.279487960987503
luxury_beauty,successive_halving,19,0.30133924667329,itemknn|topk=50;shrink=10.0|frac=1.0,50,0,300.9031994047619,0.259605457568387,0.30133924667329,0.30133924667329,itemknn|topk=50;shrink=10.0|frac=1.0,0.163837078539192,0.271258762572386
luxury_beauty,hyperband,19,0.30133924667329,itemknn|topk=50;shrink=10.0|frac=1.0,45,0,275.4662701522616,0.30133924667329,0.30133924667329,0.30133924667329,itemknn|topk=50;shrink=10.0|frac=1.0,0.163837078539192,0.271258762572386
luxury_beauty,sm2,19,0.289477768360559,itemknn|topk=300;shrink=0.0|frac=1.0,46,0,282.2802896805274,0.289477768360559,0.289477768360559,0.289477768360559,itemknn|topk=300;shrink=0.0|frac=1.0,0.157448972719212,0.262419993904297
luxury_beauty,bocs,19,0.303273592177951,itemknn|topk=100;shrink=10.0|frac=1.0,43,0,274.902948134382,0.27565607213763,0.27565607213763,0.303273592177951,itemknn|topk=100;shrink=10.0|frac=1.0,0.164291894898559,0.272173117951843
luxury_beauty,fmqa,19,0.311446441993705,itemknn|topk=300;shrink=100.0|frac=1.0,52,0,274.86905353769754,0.282777835621497,0.283494577354276,0.311446441993705,itemknn|topk=300;shrink=100.0|frac=1.0,0.168474260410597,0.279487960987503
luxury_beauty,grid,20,0.311446441993705,itemknn|topk=300;shrink=100.0|frac=1.0,99,0,274.81215742429094,0.311446441993705,0.311446441993705,0.311446441993705,itemknn|topk=300;shrink=100.0|frac=1.0,0.168474260410597,0.279487960987503
luxury_beauty,random,20,0.309259884556491,itemknn|topk=50;shrink=100.0|frac=1.0,41,3,275.428731511544,0.309259884556491,0.309259884556491,0.309259884556491,itemknn|topk=50;shrink=100.0|frac=1.0,0.168172612892844,0.278573605608046
luxury_beauty,tpe,20,0.311446441993705,itemknn|topk=300;shrink=100.0|frac=1.0,73,390,274.6663877562762,0.311446441993705,0.311446441993705,0.311446441993705,itemknn|topk=300;shrink=100.0|frac=1.0,0.168474260410597,0.279487960987503
luxury_beauty,successive_halving,20,0.300060913575155,itemknn|topk=10;shrink=10.0|frac=1.0,52,0,274.9206795566868,0.283534662663688,0.285511036083238,0.300060913575155,itemknn|topk=10;shrink=10.0|frac=1.0,0.161359956760348,0.263943919536726
luxury_beauty,hyperband,20,0.284686475772981,als|factors=32;epochs=30;regularisation=0.01;alpha=40.0|frac=1.0,45,0,274.6695536477795,0.284686475772981,0.284686475772981,0.284686475772981,als|factors=32;epochs=30;regularisation=0.01;alpha=40.0|frac=1.0,0.159021417216744,0.266077415422127
luxury_beauty,sm2,20,0.309259884556491,itemknn|topk=50;shrink=100.0|frac=1.0,42,0,295.5492424242424,0.309259884556491,0.309259884556491,0.309259884556491,itemknn|topk=50;shrink=100.0|frac=1.0,0.168172612892844,0.278573605608046
luxury_beauty,bocs,20,0.309259884556491,itemknn|topk=50;shrink=100.0|frac=1.0,43,0,285.8014322916667,0.280740660250127,0.282750858989589,0.309259884556491,itemknn|topk=50;shrink=100.0|frac=1.0,0.168172612892844,0.278573605608046
luxury_beauty,fmqa,20,0.310401827753919,itemknn|topk=10;shrink=100.0|frac=1.0,64,0,277.8199618407436,0.310401827753919,0.310401827753919,0.310401827753919,itemknn|topk=10;shrink=100.0|frac=1.0,0.169206510916712,0.279487960987503
luxury_beauty,grid,21,0.311446441993705,itemknn|topk=300;shrink=100.0|frac=1.0,99,0,274.46840742429094,0.311446441993705,0.311446441993705,0.311446441993705,itemknn|topk=300;shrink=100.0|frac=1.0,0.168474260410597,0.279487960987503
luxury_beauty,random,21,0.303273592177951,itemknn|topk=100;shrink=10.0|frac=1.0,51,3,281.84479166666665,0.281881246480291,0.303273592177951,0.303273592177951,itemknn|topk=100;shrink=10.0|frac=1.0,0.164291894898559,0.272173117951843
luxury_beauty,tpe,21,0.311446441993705,itemknn|topk=300;shrink=100.0|frac=1.0,74,481,273.29656403330694,0.311446441993705,0.311446441993705,0.311446441993705,itemknn|topk=300;shrink=100.0|frac=1.0,0.168474260410597,0.279487960987503
luxury_beauty,successive_halving,21,0.311446441993705,itemknn|topk=300;shrink=100.0|frac=1.0,67,0,276.2567551997936,0.310401827753919,0.310401827753919,0.311446441993705,itemknn|topk=300;shrink=100.0|frac=1.0,0.168474260410597,0.279487960987503
luxury_beauty,hyperband,21,0.283040668160187,als|factors=64;epochs=5;regularisation=0.1;alpha=10.0|frac=1.0,44,0,275.1263020833333,0.258326794441718,0.283040668160187,0.283040668160187,als|factors=64;epochs=5;regularisation=0.1;alpha=10.0|frac=1.0,0.154388918890876,0.257543431880524
luxury_beauty,sm2,21,0.286853217332889,multvae|latent=32;hidden=600;epochs=20;dropout=0.5|frac=1.0,56,0,294.06802962662334,0.281175452424088,0.281175452424088,0.286853217332889,multvae|latent=32;hidden=600;epochs=20;dropout=0.5|frac=1.0,0.149223838396023,0.248704663212435
luxury_beauty,bocs,21,0.289477768360559,itemknn|topk=300;shrink=0.0|frac=1.0,58,0,279.0071905599788,0.289477768360559,0.289477768360559,0.289477768360559,itemknn|topk=300;shrink=0.0|frac=1.0,0.157448972719212,0.262419993904297
luxury_beauty,fmqa,21,0.310401827753919,itemknn|topk=10;shrink=100.0|frac=1.0,61,0,283.96377221616984,0.250163271245624,0.28380688904438,0.310401827753919,itemknn|topk=10;shrink=100.0|frac=1.0,0.169206510916712,0.279487960987503
luxury_beauty,grid,22,0.311446441993705,itemknn|topk=300;shrink=100.0|frac=1.0,99,0,274.42153242429094,0.311446441993705,0.311446441993705,0.311446441993705,itemknn|topk=300;shrink=100.0|frac=1.0,0.168474260410597,0.279487960987503
luxury_beauty,random,22,0.286109606773109,als|factors=64;epochs=5;regularisation=0.001;alpha=10.0|frac=1.0,41,1,284.1420510912699,0.282923008758797,0.282923008758797,0.286109606773109,als|factors=64;epochs=5;regularisation=0.001;alpha=10.0|frac=1.0,0.154267882744463,0.257238646754038
luxury_beauty,tpe,22,0.311446441993705,itemknn|topk=300;shrink=100.0|frac=1.0,76,754,273.8469033207556,0.311446441993705,0.311446441993705,0.311446441993705,itemknn|topk=300;shrink=100.0|frac=1.0,0.168474260410597,0.279487960987503
luxury_beauty,successive_halving,22,0.284686475772981,als|factors=32;epochs=30;regularisation=0.01;alpha=40.0|frac=1.0,38,0,296.452734375,0.284343912808754,0.284686475772981,0.284686475772981,als|factors=32;epochs=30;regularisation=0.01;alpha=40.0|frac=1.0,0.159021417216744,0.266077415422127
luxury_beauty,hyperband,22,0.303482930404316,itemknn|topk=300;shrink=10.0|frac=1.0,42,0,278.44921874999994,0.284075220424116,0.284075220424116,0.303482930404316,itemknn|topk=300;shrink=10.0|frac=1.0,0.164910326652715,0.273697043584273
luxury_beauty,sm2,22,0.285511036083238,itemknn|topk=100;shrink=0.0|frac=1.0,43,0,284.2118674400727,0.285511036083238,0.285511036083238,0.285511036083238,itemknn|topk=100;shrink=0.0|frac=1.0,0.155748230963851,0.259372142639439
luxury_beauty,bocs,22,0.283492824551601,itemknn|topk=50;shrink=0.0|frac=1.0,42,0,284.066410195707,0.283492824551601,0.283492824551601,0.283492824551601,itemknn|topk=50;shrink=0.0|frac=1.0,0.154610042008784,0.255714721121609
luxury_beauty,fmqa,22,0.311446441993705,itemknn|topk=300;shrink=100.0|frac=1.0,60,0,295.1647345085853,0.283320606679531,0.283320606679531,0.311446441993705,itemknn|topk=300;shrink=100.0|frac=1.0,0.168474260410597,0.279487960987503
luxury_beauty,grid,23,0.311446441993705,itemknn|topk=300;shrink=100.0|frac=1.0,99,0,274.54653242429094,0.311446441993705,0.311446441993705,0.311446441993705,itemknn|topk=300;shrink=100.0|frac=1.0,0.168474260410597,0.279487960987503
luxury_beauty,random,23,0.303273592177951,itemknn|topk=100;shrink=10.0|frac=1.0,53,0,301.7193356259968,0.303273592177951,0.303273592177951,0.303273592177951,itemknn|topk=100;shrink=10.0|frac=1.0,0.164291894898559,0.272173117951843
luxury_beauty,tpe,23,0.311446441993705,itemknn|topk=300;shrink=100.0|frac=1.0,77,415,284.4191308973544,0.311446441993705,0.311446441993705,0.311446441993705,itemknn|topk=300;shrink=100.0|frac=1.0,0.168474260410597,0.279487960987503
luxury_beauty,successive_halving,23,0.303273592177951,itemknn|topk=100;shrink=10.0|frac=1.0,49,0,275.5060132575758,0.280126287449228,0.303273592177951,0.303273592177951,itemknn|topk=100;shrink=10.0|frac=1.0,0.164291894898559,0.272173117951843
luxury_beauty,hyperband,23,0.286109606773109,als|factors=64;epochs=5;regularisation=0.001;alpha=10.0|frac=1.0,52,0,292.0639880952381,0.283006448211589,0.283006448211589,0.286109606773109,als|factors=64;epochs=5;regularisation=0.001;alpha=10.0|frac=1.0,0.154267882744463,0.257238646754038
luxury_beauty,sm2,23,0.310401827753919,itemknn|topk=10;shrink=100.0|frac=1.0,50,0,282.31520481135243,0.310401827753919,0.310401827753919,0.310401827753919,itemknn|topk=10;shrink=100.0|frac=1.0,0.169206510916712,0.279487960987503
luxury_beauty,bocs,23,0.310401827753919,itemknn|topk=10;shrink=100.0|frac=1.0,40,0,293.88882169989336,0.310401827753919,0.310401827753919,0.310401827753919,itemknn|topk=10;shrink=100.0|frac=1.0,0.169206510916712,0.279487960987503
luxury_beauty,fmqa,23,0.310401827753919,itemknn|topk=10;shrink=100.0|frac=1.0,66,0,287.6125762959029,0.283534662663688,0.310401827753919,0.310401827753919,itemknn|topk=10;shrink=100.0|frac=1.0,0.169206510916712,0.279487960987503
luxury_beauty,grid,24,0.311446441993705,itemknn|topk=300;shrink=100.0|frac=1.0,99,0,274.73403242429094,0.311446441993705,0.311446441993705,0.311446441993705,itemknn|topk=300;shrink=100.0|frac=1.0,0.168474260410597,0.279487960987503
luxury_beauty,random,24,0.30133924667329,itemknn|topk=50;shrink=10.0|frac=1.0,52,5,283.9018779472443,0.268436086460407,0.30133924667329,0.30133924667329,itemknn|topk=50;shrink=10.0|frac=1.0,0.163837078539192,0.271258762572386
luxury_beauty,tpe,24,0.311446441993705,itemknn|topk=300;shrink=100.0|frac=1.0,73,359,273.54654028603807,0.310401827753919,0.311446441993705,0.311446441993705,itemknn|topk=300;shrink=100.0|frac=1.0,0.168474260410597,0.279487960987503
luxury_beauty,successive_halving,24,0.310401827753919,itemknn|topk=10;shrink=100.0|frac=1.0,41,0,275.80587797619046,0.284843298452339,0.310401827753919,0.310401827753919,itemknn|topk=10;shrink=100.0|frac=1.0,0.169206510916712,0.279487960987503
luxury_beauty,hyperband,24,0.309259884556491,itemknn|topk=50;shrink=100.0|frac=1.0,40,0,284.8652988641476,0.273662522421119,0.273662522421119,0.309259884556491,itemknn|topk=50;shrink=100.0|frac=1.0,0.168172612892844,0.278573605608046
luxury_beauty,sm2,24,0.285640539320096,als|factors=64;epochs=5;regularisation=0.01;alpha=10.0|frac=1.0,67,0,282.9471308311954,0.285640539320096,0.285640539320096,0.285640539320096,als|factors=64;epochs=5;regularisation=0.01;alpha=10.0|frac=1.0,0.154170696099155,0.257238646754038
luxury_beauty,bocs,24,0.310401827753919,itemknn|topk=10;shrink=100.0|frac=1.0,53,2,279.3872869318181,0.265310757018751,0.310401827753919,0.310401827753919,itemknn|topk=10;shrink=100.0|frac=1.0,0.169206510916712,0.279487960987503
luxury_beauty,fmqa,24,0.303482930404316,itemknn|topk=300;shrink=10.0|frac=1.0,54,0,276.55392628205124,0.300060913575155,0.303482930404316,0.303482930404316,itemknn|topk=300;shrink=10.0|frac=1.0,0.164910326652715,0.273697043584273
luxury_beauty,grid,25,0.311446441993705,itemknn|topk=300;shrink=100.0|frac=1.0,99,0,274.67153242429094,0.311446441993705,0.311446441993705,0.311446441993705,itemknn|topk=300;shrink=100.0|frac=1.0,0.168474260410597,0.279487960987503
luxury_beauty,random,25,0.30133924667329,itemknn|topk=50;shrink=10.0|frac=1.0,47,2,278.1336805555556,0.284843298452339,0.284843298452339,0.30133924667329,itemknn|topk=50;shrink=10.0|frac=1.0,0.163837078539192,0.271258762572386
luxury_beauty,tpe,25,0.311446441993705,itemknn|topk=300;shrink=100.0|frac=1.0,76,491,275.99758586874486,0.311446441993705,0.311446441993705,0.311446441993705,itemknn|topk=300;shrink=100.0|frac=1.0,0.168474260410597,0.279487960987503
luxury_beauty,successive_halving,25,0.300060913575155,itemknn|topk=10;shrink=10.0|frac=1.0,45,0,275.3344370039682,0.28228747777998,0.283320606679531,0.300060913575155,itemknn|topk=10;shrink=10.0|frac=1.0,0.161359956760348,0.263943919536726
luxury_beauty,hyperband,25,0.309259884556491,itemknn|topk=50;shrink=100.0|frac=1.0,38,0,291.4110863095238,0.284843298452339,0.309259884556491,0.309259884556491,itemknn|topk=50;shrink=100.0|frac=1.0,0.168172612892844,0.278573605608046
luxury_beauty,sm2,25,0.310401827753919,itemknn|topk=10;shrink=100.0|frac=1.0,56,0,275.94498054029305,0.310401827753919,0.310401827753919,0.310401827753919,itemknn|topk=10;shrink=100.0|frac=1.0,0.169206510916712,0.279487960987503
luxury_beauty,bocs,25,0.285511036083238,itemknn|topk=100;shrink=0.0|frac=1.0,43,0,278.39574070715906,0.218695769620824,0.285511036083238,0.285511036083238,itemknn|topk=100;shrink=0.0|frac=1.0,0.155748230963851,0.259372142639439
luxury_beauty,fmqa,25,0.310401827753919,itemknn|topk=10;shrink=100.0|frac=1.0,50,0,275.85010082127485,0.286381788208959,0.289477768360559,0.310401827753919,itemknn|topk=10;shrink=100.0|frac=1.0,0.169206510916712,0.279487960987503
luxury_beauty,grid,26,0.311446441993705,itemknn|topk=300;shrink=100.0|frac=1.0,99,0,274.40590742429094,0.311446441993705,0.311446441993705,0.311446441993705,itemknn|topk=300;shrink=100.0|frac=1.0,0.168474260410597,0.279487960987503
luxury_beauty,random,26,0.282777835621497,als|factors=32;epochs=30;regularisation=0.001;alpha=10.0|frac=1.0,45,2,277.48846936373417,0.282293324097448,0.282777835621497,0.282777835621497,als|factors=32;epochs=30;regularisation=0.001;alpha=10.0|frac=1.0,0.156909168436552,0.263943919536726
luxury_beauty,tpe,26,0.311446441993705,itemknn|topk=300;shrink=100.0|frac=1.0,80,477,284.7967179158827,0.310401827753919,0.311446441993705,0.311446441993705,itemknn|topk=300;shrink=100.0|frac=1.0,0.168474260410597,0.279487960987503
luxury_beauty,successive_halving,26,0.283040668160187,als|factors=64;epochs=5;regularisation=0.1;alpha=10.0|frac=1.0,44,0,274.5232007575757,0.282842732959161,0.282842732959161,0.283040668160187,als|factors=64;epochs=5;regularisation=0.1;alpha=10.0|frac=1.0,0.154388918890876,0.257543431880524
luxury_beauty,hyperband,26,0.284343912808754,multvae|latent=128;hidden=600;epochs=20;dropout=0.5|frac=1.0,39,0,277.79263392857143,0.273721189757803,0.274998288137075,0.284343912808754,multvae|latent=128;hidden=600;epochs=20;dropout=0.5|frac=1.0,0.148491591407412,0.254495580615665
luxury_beauty,sm2,26,0.30133924667329,itemknn|topk=50;shrink=10.0|frac=1.0,56,0,282.73192238512763,0.274998288137075,0.281004359389095,0.30133924667329,itemknn|topk=50;shrink=10.0|frac=1.0,0.163837078539192,0.271258762572386
luxury_beauty,bocs,26,0.300060913575155,itemknn|topk=10;shrink=10.0|frac=1.0,31,0,273.9585737179487,0.265310757018751,0.300060913575155,0.300060913575155,itemknn|topk=10;shrink=10.0|frac=1.0,0.161359956760348,0.263943919536726
luxury_beauty,fmqa,26,0.303482930404316,itemknn|topk=300;shrink=10.0|frac=1.0,60,0,280.6825090900007,0.285511036083238,0.303482930404316,0.303482930404316,itemknn|topk=300;shrink=10.0|frac=1.0,0.164910326652715,0.273697043584273
luxury_beauty,grid,27,0.311446441993705,itemknn|topk=300;shrink=100.0|frac=1.0,99,0,274.65590742429094,0.311446441993705,0.311446441993705,0.311446441993705,itemknn|topk=300;shrink=100.0|frac=1.0,0.168474260410597,0.279487960987503
luxury_beauty,random,27,0.285640539320096,als|factors=64;epochs=5;regularisation=0.01;alpha=10.0|frac=1.0,51,5,276.31505343614714,0.285640539320096,0.285640539320096,0.285640539320096,als|factors=64;epochs=5;regularisation=0.01;alpha=10.0|frac=1.0,0.154170696099155,0.257238646754038
luxury_beauty,tpe,27,0.311446441993705,itemknn|topk=300;shrink=100.0|frac=1.0,74,453,280.25988400071697,0.284343912808754,0.311446441993705,0.311446441993705,itemknn|topk=300;shrink=100.0|frac=1.0,0.168474260410597,0.279487960987503
luxury_beauty,successive_halving,27,0.310401827753919,itemknn|topk=10;shrink=100.0|frac=1.0,47,0,284.12325502826127,0.220108258923132,0.310373879095711,0.310401827753919,itemknn|topk=10;shrink=100.0|frac=1.0,0.169206510916712,0.279487960987503
luxury_beauty,hyperband,27,0.310401827753919,itemknn|topk=10;shrink=100.0|frac=1.0,46,0,274.7306547619048,0.285511036083238,0.310401827753919,0.310401827753919,itemknn|topk=10;shrink=100.0|frac=1.0,0.169206510916712,0.279487960987503
luxury_beauty,sm2,27,0.310373879095711,itemknn|topk=100;shrink=100.0|frac=1.0,58,0,280.7832625707626,0.281938937162806,0.310373879095711,0.310373879095711,itemknn|topk=100;shrink=100.0|frac=1.0,0.168417968468437,0.277964035355074
luxury_beauty,bocs,27,0.303482930404316,itemknn|topk=300;shrink=10.0|frac=1.0,42,0,274.2320690594128,0.303482930404316,0.303482930404316,0.303482930404316,itemknn|topk=300;shrink=10.0|frac=1.0,0.164910326652715,0.273697043584273
luxury_beauty,fmqa,27,0.309259884556491,itemknn|topk=50;shrink=100.0|frac=1.0,59,0,275.8671063900806,0.266071615665705,0.285640539320096,0.309259884556491,itemknn|topk=50;shrink=100.0|frac=1.0,0.168172612892844,0.278573605608046
luxury_beauty,grid,28,0.311446441993705,itemknn|topk=300;shrink=100.0|frac=1.0,99,0,274.34340742429094,0.311446441993705,0.311446441993705,0.311446441993705,itemknn|topk=300;shrink=100.0|frac=1.0,0.168474260410597,0.279487960987503
luxury_beauty,random,28,0.283040668160187,als|factors=64;epochs=5;regularisation=0.1;alpha=10.0|frac=1.0,28,0,281.6987751831502,0.274391171792368,0.278954097664602,0.283040668160187,als|factors=64;epochs=5;regularisation=0.1;alpha=10.0|frac=1.0,0.154388918890876,0.257543431880524
luxury_beauty,tpe,28,0.311446441993705,itemknn|topk=300;shrink=100.0|frac=1.0,78,442,285.58922494512905,0.311446441993705,0.311446441993705,0.311446441993705,itemknn|topk=300;shrink=100.0|frac=1.0,0.168474260410597,0.279487960987503
luxury_beauty,successive_halving,28,0.310401827753919,itemknn|topk=10;shrink=100.0|frac=1.0,49,0,281.8894717261905,0.272869509796992,0.303273592177951,0.310401827753919,itemknn|topk=10;shrink=100.0|frac=1.0,0.169206510916712,0.279487960987503
luxury_beauty,hyperband,28,0.286853217332889,multvae|latent=32;hidden=600;epochs=20;dropout=0.5|frac=1.0,46,0,280.3377230948346,0.281004359389095,0.281004359389095,0.284343912808754,multvae|latent=32;hidden=600;epochs=20;dropout=0.5|frac=1.0,0.149223838396023,0.248704663212435
luxury_beauty,sm2,28,0.286381788208959,als|factors=32;epochs=30;regularisation=0.001;alpha=40.0|frac=1.0,53,0,274.9468005952381,0.286381788208959,0.286381788208959,0.286381788208959,als|factors=32;epochs=30;regularisation=0.001;alpha=40.0|frac=1.0,0.158480706912223,0.264553489789698
luxury_beauty,bocs,28,0.285511036083238,itemknn|topk=100;shrink=0.0|frac=1.0,34,0,282.7255208333333,0.274558094940967,0.285511036083238,0.285511036083238,itemknn|topk=100;shrink=0.0|frac=1.0,0.155748230963851,0.259372142639439
luxury_beauty,fmqa,28,0.303482930404316,itemknn|topk=300;shrink=10.0|frac=1.0,52,0,275.42943823733094,0.250163271245624,0.281938937162806,0.303482930404316,itemknn|topk=300;shrink=10.0|frac=1.0,0.164910326652715,0.273697043584273
luxury_beauty,grid,29,0.311446441993705,itemknn|topk=300;shrink=100.0|frac=1.0,99,0,274.68715742429094,0.311446441993705,0.311446441993705,0.311446441993705,itemknn|topk=300;shrink=100.0|frac=1.0,0.168474260410597,0.279487960987503
luxury_beauty,random,29,0.30133924667329,itemknn|topk=50;shrink=10.0|frac=1.0,47,1,275.04001402243586,0.289477768360559,0.289477768360559,0.30133924667329,itemknn|topk=50;shrink=10.0|frac=1.0,0.163837078539192,0.271258762572386
luxury_beauty,tpe,29,0.311446441993705,itemknn|topk=300;shrink=100.0|frac=1.0,72,504,277.79626057187977,0.310401827753919,0.311446441993705,0.311446441993705,itemknn|topk=300;shrink=100.0|frac=1.0,0.168474260410597,0.279487960987503
luxury_beauty,successive_halving,29,0.286109606773109,als|factors=64;epochs=5;regularisation=0.001;alpha=10.0|frac=1.0,43,0,279.8739983974359,0.282750858989589,0.286109606773109,0.286109606773109,als|factors=64;epochs=5;regularisation=0.001;alpha=10.0|frac=1.0,0.154267882744463,0.257238646754038
luxury_beauty,hyperband,29,0.28380688904438,als|factors=32;epochs=15;regularisation=0.001;alpha=40.0|frac=1.0,48,0,274.58888059056665,0.269580356771377,0.283494577354276,0.28380688904438,als|factors=32;epochs=15;regularisation=0.001;alpha=40.0|frac=1.0,0.156973173698962,0.263029564157269
luxury_beauty,sm2,29,0.285511036083238,itemknn|topk=100;shrink=0.0|frac=1.0,42,0,275.6581292976029,0.284686475772981,0.285511036083238,0.285511036083238,itemknn|topk=100;shrink=0.0|frac=1.0,0.155748230963851,0.259372142639439
luxury_beauty,bocs,29,0.28380688904438,als|factors=32;epochs=15;regularisation=0.001;alpha=40.0|frac=1.0,48,2,273.4381510416667,0.283006448211589,0.283006448211589,0.28380688904438,als|factors=32;epochs=15;regularisation=0.001;alpha=40.0|frac=1.0,0.156973173698962,0.263029564157269
luxury_beauty,fmqa,29,0.309259884556491,itemknn|topk=50;shrink=100.0|frac=1.0,57,0,277.1369429387703,0.285511036083238,0.285511036083238,0.309259884556491,itemknn|topk=50;shrink=100.0|frac=1.0,0.168172612892844,0.278573605608046
ml100k,grid,0,0.073827224517497,itemknn|topk=10;shrink=0.0|frac=1.0,99,0,146.85461418167347,0.073827224517497,0.073827224517497,0.073827224517497,itemknn|topk=10;shrink=0.0|frac=1.0,0.06135637425774,0.11983032873807
ml100k,random,0,0.079475733232263,als|factors=32;epochs=30;regularisation=0.1;alpha=1.0|frac=1.0,49,1,147.0625,0.074809747535055,0.078775994455641,0.079475733232263,als|factors=32;epochs=30;regularisation=0.1;alpha=1.0|frac=1.0,0.071815116574687,0.138918345705196
ml100k,tpe,0,0.079068094664324,als|factors=32;epochs=15;regularisation=0.01;alpha=1.0|frac=1.0,73,193,150.6805070388163,0.076887166977308,0.078174671117688,0.079068094664324,als|factors=32;epochs=15;regularisation=0.01;alpha=1.0|frac=1.0,0.072547848995809,0.136797454931071
ml100k,successive_halving,0,0.077170461291231,als|factors=32;epochs=5;regularisation=0.01;alpha=1.0|frac=1.0,43,0,148.2439903846154,0.077170461291231,0.077170461291231,0.077170461291231,als|factors=32;epochs=5;regularisation=0.01;alpha=1.0|frac=1.0,0.071934418344141,0.141039236479321
ml100k,hyperband,0,0.077551795194721,als|factors=64;epochs=5;regularisation=0.01;alpha=1.0|frac=1.0,43,0,153.63300433548187,0.071761985997885,0.072772557980896,0.077551795194721,als|factors=64;epochs=5;regularisation=0.01;alpha=1.0|frac=1.0,0.064179206973121,0.127253446447507
ml100k,sm2,0,0.076887166977308,markov|order=1;smoothing=0.5;decay=false|frac=1.0,41,0,150.4767028233049,0.067377980320436,0.067377980320436,0.076887166977308,markov|order=1;smoothing=0.5;decay=false|frac=1.0,0.064619572124839,0.117709437963944
ml100k,bocs,0,0.074367503565843,als|factors=64;epochs=15;regularisation=0.1;alpha=1.0|frac=1.0,42,0,146.50167410714286,0.067957659793393,0.073276216141044,0.074367503565843,als|factors=64;epochs=15;regularisation=0.1;alpha=1.0|frac=1.0,0.067663517386919,0.136797454931071
ml100k,fmqa,0,0.078775994455641,als|factors=32;epochs=30;regularisation=0.001;alpha=1.0|frac=1.0,64,0,149.0067795174441,0.078775994455641,0.078775994455641,0.078775994455641,als|factors=32;epochs=30;regularisation=0.001;alpha=1.0|frac=1.0,0.072246431852411,0.139978791092258
ml100k,grid,1,0.073827224517497,itemknn|topk=10;shrink=0.0|frac=1.0,99,0,146.87023918167347,0.073827224517497,0.073827224517497,0.073827224517497,itemknn|topk=10;shrink=0.0|frac=1.0,0.06135637425774,0.11983032873807
ml100k,random,1,0.079068094664324,als|factors=32;epochs=15;regularisation=0.01;alpha=1.0|frac=1.0,42,3,144.25130208333331,0.07889310261079,0.07889310261079,0.079068094664324,als|factors=32;epochs=15;regularisation=0.01;alpha=1.0|frac=1.0,0.072547848995809,0.136797454931071
ml100k,tpe,1,0.079475733232263,als|factors=32;epochs=30;regularisation=0.1;alpha=1.0|frac=1.0,72,197,147.97831209834013,0.076887166977308,0.077551795194721,0.079475733232263,als|factors=32;epochs=30;regularisation=0.1;alpha=1.0|frac=1.0,0.071815116574687,0.138918345705196
ml100k,successive_halving,1,0.079031009902108,als|factors=64;epochs=5;regularisation=0.1;alpha=1.0|frac=1.0,49,0,147.9259215733049,0.072130893278926,0.079031009902108,0.079031009902108,als|factors=64;epochs=5;regularisation=0.1;alpha=1.0|frac=1.0,0.065641502292845,0.127253446447507
ml100k,hyperband,1,0.079031009902108,als|factors=64;epochs=5;regularisation=0.1;alpha=1.0|frac=1.0,41,0,145.04166666666666,0.063091267204888,0.069552013233104,0.079031009902108,als|factors=64;epochs=5;regularisation=0.1;alpha=1.0|frac=1.0,0.065641502292845,0.127253446447507
ml100k,sm2,1,0.072133848770243,als|factors=16;epochs=15;regularisation=0.1;alpha=1.0|frac=1.0,54,0,144.32310850214856,0.070965660795139,0.072035376748097,0.072133848770243,als|factors=16;epochs=15;regularisation=0.1;alpha=1.0|frac=1.0,0.072517480940739,0.147401908801696
ml100k,bocs,1,0.076921290090755,als|factors=32;epochs=5;regularisation=0.1;alpha=1.0|frac=1.0,51,0,150.33984375,0.072035376748097,0.072130893278926,0.076921290090755,als|factors=32;epochs=5;regularisation=0.1;alpha=1.0|frac=1.0,0.071356362202041,0.139978791092258
ml100k,fmqa,1,0.076887166977308,markov|order=1;smoothing=0.1;decay=false|frac=1.0,54,0,144.63909121616203,0.067446750843474,0.07298946206594,0.076887166977308,markov|order=1;smoothing=0.1;decay=false|frac=1.0,0.064543869123302,0.117709437963944
ml100k,grid,2,0.073827224517497,itemknn|topk=10;shrink=0.0|frac=1.0,99,0,146.87023918167347,0.073827224517497,0.073827224517497,0.073827224517497,itemknn|topk=10;shrink=0.0|frac=1.0,0.06135637425774,0.11983032873807
ml100k,random,2,0.076921290090755,als|factors=32;epochs=5;regularisation=0.1;alpha=1.0|frac=1.0,47,1,146.3221153846154,0.071591332341315,0.074281958945344,0.076921290090755,als|factors=32;epochs=5;regularisation=0.1;alpha=1.0|frac=1.0,0.071356362202041,0.139978791092258
ml100k,tpe,2,0.079031009902108,als|factors=64;epochs=5;regularisation=0.1;alpha=1.0|frac=1.0,78,244,154.53820793167347,0.077551795194721,0.077551795194721,0.079031009902108,als|factors=64;epochs=5;regularisation=0.1;alpha=1.0|frac=1.0,0.065641502292845,0.127253446447507
ml100k,successive_halving,2,0.074370280394039,als|factors=64;epochs=15;regularisation=0.01;alpha=1.0|frac=1.0,57,0,145.12760416666669,0.07298946206594,0.07298946206594,0.074370280394039,als|factors=64;epochs=15;regularisation=0.01;alpha=1.0|frac=1.0,0.066087522865425,0.13255567338282
ml100k,hyperband,2,0.078916562402482,als|factors=32;epochs=15;regularisation=0.001;alpha=1.0|frac=1.0,50,0,156.8515625,0.071838450263929,0.078916562402482,0.078916562402482,als|factors=32;epochs=15;regularisation=0.001;alpha=1.0|frac=1.0,0.072593465128074,0.136797454931071
ml100k,sm2,2,0.079031009902108,als|factors=64;epochs=5;regularisation=0.1;alpha=1.0|frac=1.0,43,0,148.82552083333331,0.069934877014981,0.069934877014981,0.079031009902108,als|factors=64;epochs=5;regularisation=0.1;alpha=1.0|frac=1.0,0.065641502292845,0.127253446447507
ml100k,bocs,2,0.074370280394039,als|factors=64;epochs=15;regularisation=0.01;alpha=1.0|frac=1.0,42,0,144.93229166666666,0.072613481716454,0.072613481716454,0.074370280394039,als|factors=64;epochs=15;regularisation=0.01;alpha=1.0|frac=1.0,0.066087522865425,0.13255567338282
ml100k,fmqa,2,0.079475733232263,als|factors=32;epochs=30;regularisation=0.1;alpha=1.0|frac=1.0,60,0,144.50850513676397,0.065911900848609,0.071679297159898,0.079475733232263,als|factors=32;epochs=30;regularisation=0.1;alpha=1.0|frac=1.0,0.071815116574687,0.138918345705196
ml100k,grid,3,0.073827224517497,itemknn|topk=10;shrink=0.0|frac=1.0,99,0,146.85461418167347,0.073827224517497,0.073827224517497,0.073827224517497,itemknn|topk=10;shrink=0.0|frac=1.0,0.06135637425774,0.11983032873807
ml100k,random,3,0.077551795194721,als|factors=64;epochs=5;regularisation=0.01;alpha=1.0|frac=1.0,49,6,157.98897388676394,0.064459844727287,0.077551795194721,0.077551795194721,als|factors=64;epochs=5;regularisation=0.01;alpha=1.0|frac=1.0,0.064179206973121,0.127253446447507
ml100k,tpe,3,0.074809747535055,als|factors=128;epochs=15;regularisation=0.01;alpha=1.0|frac=1.0,43,33,146.51867668167347,0.074809747535055,0.074809747535055,0.074809747535055,als|factors=128;epochs=15;regularisation=0.01;alpha=1.0|frac=1.0,0.063582359660699,0.117709437963944
ml100k,successive_halving,3,0.079031009902108,als|factors=64;epochs=5;regularisation=0.1;alpha=1.0|frac=1.0,49,0,150.64453125,0.079031009902108,0.079031009902108,0.079031009902108,als|factors=64;epochs=5;regularisation=0.1;alpha=1.0|frac=1.0,0.065641502292845,0.127253446447507
ml100k,hyperband,3,0.078775994455641,als|factors=32;epochs=30;regularisation=0.001;alpha=1.0|frac=1.0,50,0,156.03584888676394,0.072130893278926,0.078775994455641,0.078775994455641,als|factors=32;epochs=30;regularisation=0.001;alpha=1.0|frac=1.0,0.072246431852411,0.139978791092258
ml100k,sm2,3,0.079068094664324,als|factors=32;epochs=15;regularisation=0.01;alpha=1.0|frac=1.0,46,0,145.31391743955334,0.078775994455641,0.078775994455641,0.079068094664324,als|factors=32;epochs=15;regularisation=0.01;alpha=1.0|frac=1.0,0.072547848995809,0.136797454931071
ml100k,bocs,3,0.079068094664324,als|factors=32;epochs=15;regularisation=0.01;alpha=1.0|frac=1.0,39,0,144.59635416666669,0.066977589496023,0.076822288397693,0.079068094664324,als|factors=32;epochs=15;regularisation=0.01;alpha=1.0|frac=1.0,0.072547848995809,0.136797454931071
ml100k,fmqa,3,0.078916562402482,als|factors=32;epochs=15;regularisation=0.001;alpha=1.0|frac=1.0,69,0,145.33214660622,0.067103085034269,0.067103085034269,0.078916562402482,als|factors=32;epochs=15;regularisation=0.001;alpha=1.0|frac=1.0,0.072593465128074,0.136797454931071
ml100k,grid,4,0.073827224517497,itemknn|topk=10;shrink=0.0|frac=1.0,99,0,146.87023918167347,0.073827224517497,0.073827224517497,0.073827224517497,itemknn|topk=10;shrink=0.0|frac=1.0,0.06135637425774,0.11983032873807
ml100k,random,4,0.078174671117688,als|factors=32;epochs=15;regularisation=0.1;alpha=1.0|frac=1.0,43,2,152.83723958333331,0.077170461291231,0.078174671117688,0.078174671117688,als|factors=32;epochs=15;regularisation=0.1;alpha=1.0|frac=1.0,0.073402189190272,0.139978791092258
ml100k,tpe,4,0.079475733232263,als|factors=32;epochs=30;regularisation=0.1;alpha=1.0|frac=1.0,58,160,145.21993001679346,0.067596432211104,0.079475733232263,0.079475733232263,als|factors=32;epochs=30;regularisation=0.1;alpha=1.0|frac=1.0,0.071815116574687,0.138918345705196
ml100k,successive_halving,4,0.079031009902108,als|factors=64;epochs=5;regularisation=0.1;alpha=1.0|frac=1.0,30,0,144.73697916666666,0.067957659793393,0.072133848770243,0.079031009902108,als|factors=64;epochs=5;regularisation=0.1;alpha=1.0|frac=1.0,0.065641502292845,0.127253446447507
ml100k,hyperband,4,0.077170461291231,als|factors=32;epochs=5;regularisation=0.01;alpha=1.0|frac=1.0,68,0,147.33966356167235,0.065911900848609,0.066419141063009,0.077170461291231,als|factors=32;epochs=5;regularisation=0.01;alpha=1.0|frac=1.0,0.071934418344141,0.141039236479321
ml100k,sm2,4,0.078916562402482,als|factors=32;epochs=15;regularisation=0.001;alpha=1.0|frac=1.0,42,0,145.77176339285714,0.071909148805321,0.078916562402482,0.078916562402482,als|factors=32;epochs=15;regularisation=0.001;alpha=1.0|frac=1.0,0.072593465128074,0.136797454931071
ml100k,bocs,4,0.078174671117688,als|factors=32;epochs=15;regularisation=0.1;alpha=1.0|frac=1.0,47,0,144.49479166666666,0.06331151947879,0.064118747205767,0.078174671117688,als|factors=32;epochs=15;regularisation=0.1;alpha=1.0|frac=1.0,0.073402189190272,0.139978791092258
ml100k,fmqa,4,0.07889310261079,als|factors=32;epochs=30;regularisation=0.01;alpha=1.0|frac=1.0,66,0,145.89429954949534,0.076769272305744,0.076769272305744,0.07889310261079,als|factors=32;epochs=30;regularisation=0.01;alpha=1.0|frac=1.0,0.072181127109625,0.141039236479321
ml100k,grid,5,0.073827224517497,itemknn|topk=10;shrink=0.0|frac=1.0,99,0,146.88586418167347,0.073827224517497,0.073827224517497,0.073827224517497,itemknn|topk=10;shrink=0.0|frac=1.0,0.06135637425774,0.11983032873807
ml100k,random,5,0.071909148805321,als|factors=16;epochs=5;regularisation=0.1;alpha=1.0|frac=1.0,64,4,145.8251488095238,0.071909148805321,0.071909148805321,0.071909148805321,als|factors=16;epochs=5;regularisation=0.1;alpha=1.0|frac=1.0,0.06802190694712,0.142099681866383
ml100k,tpe,5,0.079031009902108,als|factors=64;epochs=5;regularisation=0.1;alpha=1.0|frac=1.0,69,252,145.95053909009837,0.076887166977308,0.076887166977308,0.079031009902108,als|factors=64;epochs=5;regularisation=0.1;alpha=1.0|frac=1.0,0.065641502292845,0.127253446447507
ml100k,successive_halving,5,0.079068094664324,als|factors=32;epochs=15;regularisation=0.01;alpha=1.0|frac=1.0,50,0,150.2310849075021,0.079068094664324,0.079068094664324,0.079068094664324,als|factors=32;epochs=15;regularisation=0.01;alpha=1.0|frac=1.0,0.072547848995809,0.136797454931071
ml100k,hyperband,5,0.073251714964692,als|factors=128;epochs=30;regularisation=0.001;alpha=1.0|frac=1.0,38,0,150.8095238095238,0.071591332341315,0.071591332341315,0.072035376748097,als|factors=128;epochs=30;regularisation=0.001;alpha=1.0|frac=1.0,0.065634191761994,0.121951219512195
ml100k,sm2,5,0.079031009902108,als|factors=64;epochs=5;regularisation=0.1;alpha=1.0|frac=1.0,45,0,145.07291666666666,0.079031009902108,0.079031009902108,0.079031009902108,als|factors=64;epochs=5;regularisation=0.1;alpha=1.0|frac=1.0,0.065641502292845,0.127253446447507
ml100k,bocs,5,0.079031009902108,als|factors=64;epochs=5;regularisation=0.1;alpha=1.0|frac=1.0,36,0,148.80989583333331,0.072202953637077,0.073312016856717,0.079031009902108,als|factors=64;epochs=5;regularisation=0.1;alpha=1.0|frac=1.0,0.065641502292845,0.127253446447507
ml100k,fmqa,5,0.079031009902108,als|factors=64;epochs=5;regularisation=0.1;alpha=1.0|frac=1.0,67,0,148.88054049212013,0.069293156077438,0.079031009902108,0.079031009902108,als|factors=64;epochs=5;regularisation=0.1;alpha=1.0|frac=1.0,0.065641502292845,0.127253446447507
ml100k,grid,6,0.073827224517497,itemknn|topk=10;shrink=0.0|frac=1.0,99,0,146.90148918167347,0.073827224517497,0.073827224517497,0.073827224517497,itemknn|topk=10;shrink=0.0|frac=1.0,0.06135637425774,0.11983032873807
ml100k,random,6,0.079068094664324,als|factors=32;epochs=15;regularisation=0.01;alpha=1.0|frac=1.0,41,2,145.66666666666669,0.077170461291231,0.077170461291231,0.079068094664324,als|factors=32;epochs=15;regularisation=0.01;alpha=1.0|frac=1.0,0.072547848995809,0.136797454931071
ml100k,tpe,6,0.079068094664324,als|factors=32;epochs=15;regularisation=0.01;alpha=1.0|frac=1.0,79,318,146.08080465786392,0.071591332341315,0.079068094664324,0.079068094664324,als|factors=32;epochs=15;regularisation=0.01;alpha=1.0|frac=1.0,0.072547848995809,0.136797454931071
ml100k,successive_halving,6,0.072133848770243,als|factors=16;epochs=15;regularisation=0.1;alpha=1.0|frac=1.0,55,0,147.00651041666669,0.071591332341315,0.072133848770243,0.072133848770243,als|factors=16;epochs=15;regularisation=0.1;alpha=1.0|frac=1.0,0.072517480940739,0.147401908801696
ml100k,hyperband,6,0.076887166977308,markov|order=1;smoothing=0.1;decay=false|frac=1.0,55,0,144.84244791666666,0.073827224517497,0.076887166977308,0.076887166977308,markov|order=1;smoothing=0.1;decay=false|frac=1.0,0.064543869123302,0.117709437963944
ml100k,sm2,6,0.079068094664324,als|factors=32;epochs=15;regularisation=0.01;alpha=1.0|frac=1.0,52,0,157.0546875,0.073251714964692,0.079068094664324,0.079068094664324,als|factors=32;epochs=15;regularisation=0.01;alpha=1.0|frac=1.0,0.072547848995809,0.136797454931071
ml100k,bocs,6,0.077551795194721,als|factors=64;epochs=5;regularisation=0.01;alpha=1.0|frac=1.0,47,1,144.94270833333331,0.076887166977308,0.077551795194721,0.077551795194721,als|factors=64;epochs=5;regularisation=0.01;alpha=1.0|frac=1.0,0.064179206973121,0.127253446447507
ml100k,fmqa,6,0.079068094664324,als|factors=32;epochs=15;regularisation=0.01;alpha=1.0|frac=1.0,52,0,145.14453125,0.079068094664324,0.079068094664324,0.079068094664324,als|factors=32;epochs=15;regularisation=0.01;alpha=1.0|frac=1.0,0.072547848995809,0.136797454931071
ml100k,grid,7,0.073827224517497,itemknn|topk=10;shrink=0.0|frac=1.0,99,0,146.87023918167347,0.073827224517497,0.073827224517497,0.073827224517497,itemknn|topk=10;shrink=0.0|frac=1.0,0.06135637425774,0.11983032873807
ml100k,random,7,0.078916562402482,als|factors=32;epochs=15;regularisation=0.001;alpha=1.0|frac=1.0,54,4,148.03869047619048,0.072133848770243,0.072133848770243,0.078916562402482,als|factors=32;epochs=15;regularisation=0.001;alpha=1.0|frac=1.0,0.072593465128074,0.136797454931071
ml100k,tpe,7,0.078775994455641,als|factors=32;epochs=30;regularisation=0.001;alpha=1.0|frac=1.0,84,511,161.01359712581265,0.05837949300739,0.076887166977308,0.078775994455641,als|factors=32;epochs=30;regularisation=0.001;alpha=1.0|frac=1.0,0.072246431852411,0.139978791092258
ml100k,successive_halving,7,0.074809747535055,als|factors=128;epochs=15;regularisation=0.01;alpha=1.0|frac=1.0,40,0,145.13163919413918,0.074367503565843,0.074367503565843,0.074809747535055,als|factors=128;epochs=15;regularisation=0.01;alpha=1.0|frac=1.0,0.063582359660699,0.117709437963944
ml100k,hyperband,7,0.074809747535055,als|factors=128;epochs=15;regularisation=0.01;alpha=1.0|frac=1.0,41,0,144.28385416666666,0.059605975175858,0.064639157439457,0.074809747535055,als|factors=128;epochs=15;regularisation=0.01;alpha=1.0|frac=1.0,0.063582359660699,0.117709437963944
ml100k,sm2,7,0.073312016856717,als|factors=128;epochs=30;regularisation=0.01;alpha=1.0|frac=1.0,42,0,144.99882669413918,0.057261983551716,0.073312016856717,0.073312016856717,als|factors=128;epochs=30;regularisation=0.01;alpha=1.0|frac=1.0,0.065287929375322,0.121951219512195
ml100k,bocs,7,0.077551795194721,als|factors=64;epochs=5;regularisation=0.01;alpha=1.0|frac=1.0,67,0,146.7373511904762,0.077170461291231,0.077170461291231,0.077551795194721,als|factors=64;epochs=5;regularisation=0.01;alpha=1.0|frac=1.0,0.064179206973121,0.127253446447507
ml100k,fmqa,7,0.076887166977308,markov|order=1;smoothing=0.1;decay=false|frac=1.0,50,0,149.7931090733049,0.073251714964692,0.073251714964692,0.076887166977308,markov|order=1;smoothing=0.1;decay=false|frac=1.0,0.064543869123302,0.117709437963944
ml100k,grid,8,0.073827224517497,itemknn|topk=10;shrink=0.0|frac=1.0,99,0,146.91711418167347,0.073827224517497,0.073827224517497,0.073827224517497,itemknn|topk=10;shrink=0.0|frac=1.0,0.06135637425774,0.11983032873807
ml100k,random,8,0.073276216141044,als|factors=128;epochs=30;regularisation=0.1;alpha=1.0|frac=1.0,42,3,149.73449035622002,0.072202953637077,0.072202953637077,0.073276216141044,als|factors=128;epochs=30;regularisation=0.1;alpha=1.0|frac=1.0,0.06503793140362,0.120890774125132
ml100k,tpe,8,0.07889310261079,als|factors=32;epochs=30;regularisation=0.01;alpha=1.0|frac=1.0,62,256,161.542242959146,0.076887166977308,0.076887166977308,0.07889310261079,als|factors=32;epochs=30;regularisation=0.01;alpha=1.0|frac=1.0,0.072181127109625,0.141039236479321
ml100k,successive_halving,8,0.078174671117688,als|factors=32;epochs=15;regularisation=0.1;alpha=1.0|frac=1.0,44,0,150.38541666666669,0.07095395181419,0.078174671117688,0.078174671117688,als|factors=32;epochs=15;regularisation=0.1;alpha=1.0|frac=1.0,0.073402189190272,0.139978791092258
ml100k,hyperband,8,0.072035376748097,als|factors=128;epochs=5;regularisation=0.001;alpha=1.0|frac=1.0,47,0,145.02864583333331,0.071759479563012,0.071909148805321,0.072035376748097,als|factors=128;epochs=5;regularisation=0.001;alpha=1.0|frac=1.0,0.061617109270359,0.123011664899257
ml100k,sm2,8,0.074058334296324,als|factors=128;epochs=15;regularisation=0.1;alpha=1.0|frac=1.0,38,0,155.3173363095238,0.071591332341315,0.071591332341315,0.074058334296324,als|factors=128;epochs=15;regularisation=0.1;alpha=1.0|frac=1.0,0.063807687086491,0.11983032873807
ml100k,bocs,8,0.074037910052365,als|factors=64;epochs=30;regularisation=0.1;alpha=1.0|frac=1.0,36,0,148.95052083333331,0.074037910052365,0.074037910052365,0.074037910052365,als|factors=64;epochs=30;regularisation=0.1;alpha=1.0|frac=1.0,0.06827334204829,0.138918345705196
ml100k,fmqa,8,0.078174671117688,als|factors=32;epochs=15;regularisation=0.1;alpha=1.0|frac=1.0,65,0,145.89384532416872,0.069552013233104,0.077551795194721,0.078174671117688,als|factors=32;epochs=15;regularisation=0.1;alpha=1.0|frac=1.0,0.073402189190272,0.139978791092258
ml100k,grid,9,0.073827224517497,itemknn|topk=10;shrink=0.0|frac=1.0,99,0,146.83898918167347,0.073827224517497,0.073827224517497,0.073827224517497,itemknn|topk=10;shrink=0.0|frac=1.0,0.06135637425774,0.11983032873807
ml100k,random,9,0.074281958945344,als|factors=64;epochs=15;regularisation=0.001;alpha=1.0|frac=1.0,49,3,144.59356981167235,0.071909148805321,0.074281958945344,0.074281958945344,als|factors=64;epochs=15;regularisation=0.001;alpha=1.0|frac=1.0,0.066327833354676,0.133616118769883
ml100k,tpe,9,0.076887166977308,markov|order=1;smoothing=0.5;decay=false|frac=1.0,83,575,154.16538284009837,0.076887166977308,0.076887166977308,0.076887166977308,markov|order=1;smoothing=0.5;decay=false|frac=1.0,0.064619572124839,0.117709437963944
ml100k,successive_halving,9,0.078174671117688,als|factors=32;epochs=15;regularisation=0.1;alpha=1.0|frac=1.0,51,0,160.6328125,0.059432450908994,0.076822288397693,0.078174671117688,als|factors=32;epochs=15;regularisation=0.1;alpha=1.0|frac=1.0,0.073402189190272,0.139978791092258
ml100k,hyperband,9,0.079068094664324,als|factors=32;epochs=15;regularisation=0.01;alpha=1.0|frac=1.0,42,0,144.43229166666669,0.076822288397693,0.076822288397693,0.079068094664324,als|factors=32;epochs=15;regularisation=0.01;alpha=1.0|frac=1.0,0.072547848995809,0.136797454931071
ml100k,sm2,9,0.079475733232263,als|factors=32;epochs=30;regularisation=0.1;alpha=1.0|frac=1.0,43,0,145.04166666666669,0.079475733232263,0.079475733232263,0.079475733232263,als|factors=32;epochs=30;regularisation=0.1;alpha=1.0|frac=1.0,0.071815116574687,0.138918345705196
ml100k,bocs,9,0.079031009902108,als|factors=64;epochs=5;regularisation=0.1;alpha=1.0|frac=1.0,46,1,148.4732724075021,0.071838450263929,0.071838450263929,0.079031009902108,als|factors=64;epochs=5;regularisation=0.1;alpha=1.0|frac=1.0,0.065641502292845,0.127253446447507
ml100k,fmqa,9,0.079475733232263,als|factors=32;epochs=30;regularisation=0.1;alpha=1.0|frac=1.0,62,0,145.03044871794873,0.079475733232263,0.079475733232263,0.079475733232263,als|factors=32;epochs=30;regularisation=0.1;alpha=1.0|frac=1.0,0.071815116574687,0.138918345705196
ml100k,grid,10,0.073827224517497,itemknn|topk=10;shrink=0.0|frac=1.0,99,0,146.90148918167347,0.073827224517497,0.073827224517497,0.073827224517497,itemknn|topk=10;shrink=0.0|frac=1.0,0.06135637425774,0.11983032873807
ml100k,random,10,0.076887166977308,markov|order=1;smoothing=0.1;decay=false|frac=1.0,37,0,149.0010703828287,0.076887166977308,0.076887166977308,0.076887166977308,markov|order=1;smoothing=0.1;decay=false|frac=1.0,0.064543869123302,0.117709437963944
ml100k,tpe,10,0.079475733232263,als|factors=32;epochs=30;regularisation=0.1;alpha=1.0|frac=1.0,51,100,144.94706209834013,0.05837949300739,0.072613481716454,0.079475733232263,als|factors=32;epochs=30;regularisation=0.1;alpha=1.0|frac=1.0,0.071815116574687,0.138918345705196
ml100k,successive_halving,10,0.076822288397693,als|factors=64;epochs=5;regularisation=0.001;alpha=1.0|frac=1.0,60,0,147.67200377747253,0.074800464349429,0.074800464349429,0.076822288397693,als|factors=64;epochs=5;regularisation=0.001;alpha=1.0|frac=1.0,0.064487627635052,0.12831389183457
ml100k,hyperband,10,0.076887166977308,markov|order=1;smoothing=0.5;decay=false|frac=1.0,46,0,151.00665073997158,0.066208573956877,0.076887166977308,0.076887166977308,markov|order=1;smoothing=0.5;decay=false|frac=1.0,0.064619572124839,0.117709437963944
ml100k,sm2,10,0.074058334296324,als|factors=128;epochs=15;regularisation=0.1;alpha=1.0|frac=1.0,46,0,152.875,0.07139672607283,0.07139672607283,0.074058334296324,als|factors=128;epochs=15;regularisation=0.1;alpha=1.0|frac=1.0,0.063807687086491,0.11983032873807
ml100k,bocs,10,0.078775994455641,als|factors=32;epochs=30;regularisation=0.001;alpha=1.0|frac=1.0,50,0,150.2782738095238,0.078775994455641,0.078775994455641,0.078775994455641,als|factors=32;epochs=30;regularisation=0.001;alpha=1.0|frac=1.0,0.072246431852411,0.139978791092258
ml100k,fmqa,10,0.079475733232263,als|factors=32;epochs=30;regularisation=0.1;alpha=1.0|frac=1.0,66,0,145.23972365663823,0.079475733232263,0.079475733232263,0.079475733232263,als|factors=32;epochs=30;regularisation=0.1;alpha=1.0|frac=1.0,0.071815116574687,0.138918345705196
ml100k,grid,11,0.073827224517497,itemknn|topk=10;shrink=0.0|frac=1.0,99,0,147.01086418167347,0.073827224517497,0.073827224517497,0.073827224517497,itemknn|topk=10;shrink=0.0|frac=1.0,0.06135637425774,0.11983032873807
ml100k,random,11,0.074370280394039,als|factors=64;epochs=15;regularisation=0.01;alpha=1.0|frac=1.0,43,4,144.53125,0.073276216141044,0.073276216141044,0.074370280394039,als|factors=64;epochs=15;regularisation=0.01;alpha=1.0|frac=1.0,0.066087522865425,0.13255567338282
ml100k,tpe,11,0.079475733232263,als|factors=32;epochs=30;regularisation=0.1;alpha=1.0|frac=1.0,77,316,150.59966251592965,0.071591332341315,0.078916562402482,0.079475733232263,als|factors=32;epochs=30;regularisation=0.1;alpha=1.0|frac=1.0,0.071815116574687,0.138918345705196
ml100k,successive_halving,11,0.074370280394039,als|factors=64;epochs=15;regularisation=0.01;alpha=1.0|frac=1.0,44,0,145.42317708333331,0.074370280394039,0.074370280394039,0.074370280394039,als|factors=64;epochs=15;regularisation=0.01;alpha=1.0|frac=1.0,0.066087522865425,0.13255567338282
ml100k,hyperband,11,0.079475733232263,als|factors=32;epochs=30;regularisation=0.1;alpha=1.0|frac=1.0,52,0,146.5126488095238,0.07889310261079,0.079475733232263,0.079475733232263,als|factors=32;epochs=30;regularisation=0.1;alpha=1.0|frac=1.0,0.071815116574687,0.138918345705196
ml100k,sm2,11,0.078916562402482,als|factors=32;epochs=15;regularisation=0.001;alpha=1.0|frac=1.0,49,0,147.27969124907713,0.07139672607283,0.071759479563012,0.078916562402482,als|factors=32;epochs=15;regularisation=0.001;alpha=1.0|frac=1.0,0.072593465128074,0.136797454931071
ml100k,bocs,11,0.077170461291231,als|factors=32;epochs=5;regularisation=0.01;alpha=1.0|frac=1.0,54,0,145.93229166666666,0.077170461291231,0.077170461291231,0.077170461291231,als|factors=32;epochs=5;regularisation=0.01;alpha=1.0|frac=1.0,0.071934418344141,0.141039236479321
ml100k,fmqa,11,0.079068094664324,als|factors=32;epochs=15;regularisation=0.01;alpha=1.0|frac=1.0,63,0,145.4752205516439,0.079068094664324,0.079068094664324,0.079068094664324,als|factors=32;epochs=15;regularisation=0.01;alpha=1.0|frac=1.0,0.072547848995809,0.136797454931071
ml100k,grid,12,0.073827224517497,itemknn|topk=10;shrink=0.0|frac=1.0,99,0,146.97961418167347,0.073827224517497,0.073827224517497,0.073827224517497,itemknn|topk=10;shrink=0.0|frac=1.0,0.06135637425774,0.11983032873807
ml100k,random,12,0.078775994455641,als|factors=32;epochs=30;regularisation=0.001;alpha=1.0|frac=1.0,55,1,144.67560106167232,0.076769272305744,0.078174671117688,0.078775994455641,als|factors=32;epochs=30;regularisation=0.001;alpha=1.0|frac=1.0,0.072246431852411,0.139978791092258
ml100k,tpe,12,0.079031009902108,als|factors=64;epochs=5;regularisation=0.1;alpha=1.0|frac=1.0,83,394,146.67282331628883,0.076887166977308,0.076887166977308,0.079031009902108,als|factors=64;epochs=5;regularisation=0.1;alpha=1.0|frac=1.0,0.065641502292845,0.127253446447507
ml100k,successive_halving,12,0.079031009902108,als|factors=64;epochs=5;regularisation=0.1;alpha=1.0|frac=1.0,39,0,144.49609375,0.079031009902108,0.079031009902108,0.079031009902108,als|factors=64;epochs=5;regularisation=0.1;alpha=1.0|frac=1.0,0.065641502292845,0.127253446447507
ml100k,hyperband,12,0.077551795194721,als|factors=64;epochs=5;regularisation=0.01;alpha=1.0|frac=1.0,47,0,150.53943452380952,0.072202953637077,0.076769272305744,0.077551795194721,als|factors=64;epochs=5;regularisation=0.01;alpha=1.0|frac=1.0,0.064179206973121,0.127253446447507
ml100k,sm2,12,0.076887166977308,markov|order=1;smoothing=0.1;decay=false|frac=1.0,45,0,145.18038013676392,0.063636899302233,0.076887166977308,0.076887166977308,markov|order=1;smoothing=0.1;decay=false|frac=1.0,0.064543869123302,0.117709437963944
ml100k,bocs,12,0.079475733232263,als|factors=32;epochs=30;regularisation=0.1;alpha=1.0|frac=1.0,51,0,146.31380208333331,0.071679297159898,0.071679297159898,0.079475733232263,als|factors=32;epochs=30;regularisation=0.1;alpha=1.0|frac=1.0,0.071815116574687,0.138918345705196
ml100k,fmqa,12,0.079031009902108,als|factors=64;epochs=5;regularisation=0.1;alpha=1.0|frac=1.0,69,0,145.25495166574382,0.079031009902108,0.079031009902108,0.079031009902108,als|factors=64;epochs=5;regularisation=0.1;alpha=1.0|frac=1.0,0.065641502292845,0.127253446447507
ml100k,grid,13,0.073827224517497,itemknn|topk=10;shrink=0.0|frac=1.0,99,0,146.94836418167347,0.073827224517497,0.073827224517497,0.073827224517497,itemknn|topk=10;shrink=0.0|frac=1.0,0.06135637425774,0.11983032873807
ml100k,random,13,0.07889310261079,als|factors=32;epochs=30;regularisation=0.01;alpha=1.0|frac=1.0,36,0,151.41666666666666,0.07139672607283,0.072202953637077,0.07889310261079,als|factors=32;epochs=30;regularisation=0.01;alpha=1.0|frac=1.0,0.072181127109625,0.141039236479321
ml100k,tpe,13,0.079031009902108,als|factors=64;epochs=5;regularisation=0.1;alpha=1.0|frac=1.0,72,193,145.02802296551144,0.073251714964692,0.076769272305744,0.079031009902108,als|factors=64;epochs=5;regularisation=0.1;alpha=1.0|frac=1.0,0.065641502292845,0.127253446447507
ml100k,successive_halving,13,0.079068094664324,als|factors=32;epochs=15;regularisation=0.01;alpha=1.0|frac=1.0,50,0,148.5703125,0.079068094664324,0.079068094664324,0.079068094664324,als|factors=32;epochs=15;regularisation=0.01;alpha=1.0|frac=1.0,0.072547848995809,0.136797454931071
ml100k,hyperband,13,0.074037910052365,als|factors=64;epochs=30;regularisation=0.1;alpha=1.0|frac=1.0,43,0,162.59765625,0.071883591529523,0.073251714964692,0.074037910052365,als|factors=64;epochs=30;regularisation=0.1;alpha=1.0|frac=1.0,0.06827334204829,0.138918345705196
ml100k,sm2,13,0.07889310261079,als|factors=32;epochs=30;regularisation=0.01;alpha=1.0|frac=1.0,34,0,148.58203125,0.07889310261079,0.07889310261079,0.07889310261079,als|factors=32;epochs=30;regularisation=0.01;alpha=1.0|frac=1.0,0.072181127109625,0.141039236479321
ml100k,bocs,13,0.074800464349429,als|factors=128;epochs=15;regularisation=0.001;alpha=1.0|frac=1.0,42,0,154.6486293354819,0.063091267204888,0.069293156077438,0.074800464349429,als|factors=128;epochs=15;regularisation=0.001;alpha=1.0|frac=1.0,0.063408932898126,0.117709437963944
ml100k,fmqa,13,0.079068094664324,als|factors=32;epochs=15;regularisation=0.01;alpha=1.0|frac=1.0,62,0,145.10000374907716,0.071838450263929,0.071838450263929,0.079068094664324,als|factors=32;epochs=15;regularisation=0.01;alpha=1.0|frac=1.0,0.072547848995809,0.136797454931071
ml100k,grid,14,0.073827224517497,itemknn|topk=10;shrink=0.0|frac=1.0,99,0,146.94836418167347,0.073827224517497,0.073827224517497,0.073827224517497,itemknn|topk=10;shrink=0.0|frac=1.0,0.06135637425774,0.11983032873807
ml100k,random,14,0.077170461291231,als|factors=32;epochs=5;regularisation=0.01;alpha=1.0|frac=1.0,44,2,144.7983689188152,0.071405635939778,0.077170461291231,0.077170461291231,als|factors=32;epochs=5;regularisation=0.01;alpha=1.0|frac=1.0,0.071934418344141,0.141039236479321
ml100k,tpe,14,0.07889310261079,als|factors=32;epochs=30;regularisation=0.01;alpha=1.0|frac=1.0,78,280,145.35710299212013,0.073827224517497,0.07889310261079,0.07889310261079,als|factors=32;epochs=30;regularisation=0.01;alpha=1.0|frac=1.0,0.072181127109625,0.141039236479321
ml100k,successive_halving,14,0.076921290090755,als|factors=32;epochs=5;regularisation=0.1;alpha=1.0|frac=1.0,45,0,146.5014939188152,0.076921290090755,0.076921290090755,0.076921290090755,als|factors=32;epochs=5;regularisation=0.1;alpha=1.0|frac=1.0,0.071356362202041,0.139978791092258
ml100k,hyperband,14,0.076769272305744,als|factors=32;epochs=5;regularisation=0.001;alpha=1.0|frac=1.0,41,0,145.3221153846154,0.076769272305744,0.076769272305744,0.076769272305744,als|factors=32;epochs=5;regularisation=0.001;alpha=1.0|frac=1.0,0.071648810824926,0.141039236479321
ml100k,sm2,14,0.077551795194721,als|factors=64;epochs=5;regularisation=0.01;alpha=1.0|frac=1.0,38,0,147.96614583333334,0.074809747535055,0.074809747535055,0.077551795194721,als|factors=64;epochs=5;regularisation=0.01;alpha=1.0|frac=1.0,0.064179206973121,0.127253446447507
ml100k,bocs,14,0.079031009902108,als|factors=64;epochs=5;regularisation=0.1;alpha=1.0|frac=1.0,44,0,148.51041666666666,0.079031009902108,0.079031009902108,0.079031009902108,als|factors=64;epochs=5;regularisation=0.1;alpha=1.0|frac=1.0,0.065641502292845,0.127253446447507
ml100k,fmqa,14,0.076887166977308,markov|order=1;smoothing=0.1;decay=false|frac=1.0,71,1,146.68373407330486,0.074281958945344,0.074281958945344,0.076887166977308,markov|order=1;smoothing=0.1;decay=false|frac=1.0,0.064543869123302,0.117709437963944
ml100k,grid,15,0.073827224517497,itemknn|topk=10;shrink=0.0|frac=1.0,99,0,146.94836418167347,0.073827224517497,0.073827224517497,0.073827224517497,itemknn|topk=10;shrink=0.0|frac=1.0,0.06135637425774,0.11983032873807
ml100k,random,15,0.077170461291231,als|factors=32;epochs=5;regularisation=0.01;alpha=1.0|frac=1.0,59,2,151.31560496794873,0.07095395181419,0.070965660795139,0.077170461291231,als|factors=32;epochs=5;regularisation=0.01;alpha=1.0|frac=1.0,0.071934418344141,0.141039236479321
ml100k,tpe,15,0.079475733232263,als|factors=32;epochs=30;regularisation=0.1;alpha=1.0|frac=1.0,57,94,152.32466626500678,0.072202953637077,0.079475733232263,0.079475733232263,als|factors=32;epochs=30;regularisation=0.1;alpha=1.0|frac=1.0,0.071815116574687,0.138918345705196
ml100k,successive_halving,15,0.078775994455641,als|factors=32;epochs=30;regularisation=0.001;alpha=1.0|frac=1.0,52,0,163.04446266881524,0.078775994455641,0.078775994455641,0.078775994455641,als|factors=32;epochs=30;regularisation=0.001;alpha=1.0|frac=1.0,0.072246431852411,0.139978791092258
ml100k,hyperband,15,0.076822288397693,als|factors=64;epochs=5;regularisation=0.001;alpha=1.0|frac=1.0,63,0,144.54961948997155,0.069293156077438,0.071838450263929,0.076822288397693,als|factors=64;epochs=5;regularisation=0.001;alpha=1.0|frac=1.0,0.064487627635052,0.12831389183457
ml100k,sm2,15,0.076921290090755,als|factors=32;epochs=5;regularisation=0.1;alpha=1.0|frac=1.0,60,0,146.10821323997158,0.076921290090755,0.076921290090755,0.076921290090755,als|factors=32;epochs=5;regularisation=0.1;alpha=1.0|frac=1.0,0.071356362202041,0.139978791092258
ml100k,bocs,15,0.073312016856717,als|factors=128;epochs=30;regularisation=0.01;alpha=1.0|frac=1.0,38,0,147.671875,0.073276216141044,0.073276216141044,0.073312016856717,als|factors=128;epochs=30;regularisation=0.01;alpha=1.0|frac=1.0,0.065287929375322,0.121951219512195
ml100k,fmqa,15,0.078916562402482,als|factors=32;epochs=15;regularisation=0.001;alpha=1.0|frac=1.0,58,0,155.828125,0.078916562402482,0.078916562402482,0.078916562402482,als|factors=32;epochs=15;regularisation=0.001;alpha=1.0|frac=1.0,0.072593465128074,0.136797454931071
ml100k,grid,16,0.073827224517497,itemknn|topk=10;shrink=0.0|frac=1.0,99,0,146.96398918167347,0.073827224517497,0.073827224517497,0.073827224517497,itemknn|topk=10;shrink=0.0|frac=1.0,0.06135637425774,0.11983032873807
ml100k,random,16,0.07298946206594,als|factors=64;epochs=30;regularisation=0.01;alpha=1.0|frac=1.0,45,0,148.43712797619048,0.071883591529523,0.071883591529523,0.07298946206594,als|factors=64;epochs=30;regularisation=0.01;alpha=1.0|frac=1.0,0.068526572548346,0.137857900318133
ml100k,tpe,16,0.079031009902108,als|factors=64;epochs=5;regularisation=0.1;alpha=1.0|frac=1.0,88,474,146.36813581628883,0.076887166977308,0.076887166977308,0.079031009902108,als|factors=64;epochs=5;regularisation=0.1;alpha=1.0|frac=1.0,0.065641502292845,0.127253446447507
ml100k,successive_halving,16,0.074800464349429,als|factors=128;epochs=15;regularisation=0.001;alpha=1.0|frac=1.0,45,0,145.03515625,0.072130893278926,0.074800464349429,0.074800464349429,als|factors=128;epochs=15;regularisation=0.001;alpha=1.0|frac=1.0,0.063408932898126,0.117709437963944
ml100k,hyperband,16,0.076887166977308,markov|order=1;smoothing=0.1;decay=false|frac=1.0,51,0,149.7734375,0.063764567582465,0.06780153992558,0.076887166977308,markov|order=1;smoothing=0.1;decay=false|frac=1.0,0.064543869123302,0.117709437963944
ml100k,sm2,16,0.079068094664324,als|factors=32;epochs=15;regularisation=0.01;alpha=1.0|frac=1.0,37,0,144.703125,0.071679297159898,0.071679297159898,0.079068094664324,als|factors=32;epochs=15;regularisation=0.01;alpha=1.0|frac=1.0,0.072547848995809,0.136797454931071
ml100k,bocs,16,0.074367503565843,als|factors=64;epochs=15;regularisation=0.1;alpha=1.0|frac=1.0,48,0,144.3506324404762,0.074367503565843,0.074367503565843,0.074367503565843,als|factors=64;epochs=15;regularisation=0.1;alpha=1.0|frac=1.0,0.067663517386919,0.136797454931071
ml100k,fmqa,16,0.076887166977308,markov|order=1;smoothing=0.1;decay=false|frac=1.0,63,0,148.48356029669625,0.068103249503298,0.068103249503298,0.076887166977308,markov|order=1;smoothing=0.1;decay=false|frac=1.0,0.064543869123302,0.117709437963944
ml100k,grid,17,0.073827224517497,itemknn|topk=10;shrink=0.0|frac=1.0,99,0,147.16711418167347,0.073827224517497,0.073827224517497,0.073827224517497,itemknn|topk=10;shrink=0.0|frac=1.0,0.06135637425774,0.11983032873807
ml100k,random,17,0.079475733232263,als|factors=32;epochs=30;regularisation=0.1;alpha=1.0|frac=1.0,44,3,145.86038814839648,0.079475733232263,0.079475733232263,0.079475733232263,als|factors=32;epochs=30;regularisation=0.1;alpha=1.0|frac=1.0,0.071815116574687,0.138918345705196
ml100k,tpe,17,0.079475733232263,als|factors=32;epochs=30;regularisation=0.1;alpha=1.0|frac=1.0,77,374,147.52085159009837,0.076887166977308,0.076887166977308,0.079475733232263,als|factors=32;epochs=30;regularisation=0.1;alpha=1.0|frac=1.0,0.071815116574687,0.138918345705196
ml100k,successive_halving,17,0.077551795194721,als|factors=64;epochs=5;regularisation=0.01;alpha=1.0|frac=1.0,43,0,153.63300433548187,0.071761985997885,0.072772557980896,0.077551795194721,als|factors=64;epochs=5;regularisation=0.01;alpha=1.0|frac=1.0,0.064179206973121,0.127253446447507
ml100k,hyperband,17,0.076887166977308,markov|order=1;smoothing=0.5;decay=false|frac=1.0,41,0,150.4610778233049,0.067377980320436,0.067377980320436,0.076887166977308,markov|order=1;smoothing=0.5;decay=false|frac=1.0,0.064619572124839,0.117709437963944
ml100k,sm2,17,0.076887166977308,markov|order=1;smoothing=0.1;decay=false|frac=1.0,66,0,163.26574035622,0.073276216141044,0.073276216141044,0.076887166977308,markov|order=1;smoothing=0.1;decay=false|frac=1.0,0.064543869123302,0.117709437963944
ml100k,bocs,17,0.079475733232263,als|factors=32;epochs=30;regularisation=0.1;alpha=1.0|frac=1.0,41,0,145.0001918354819,0.079475733232263,0.079475733232263,0.079475733232263,als|factors=32;epochs=30;regularisation=0.1;alpha=1.0|frac=1.0,0.071815116574687,0.138918345705196
ml100k,fmqa,17,0.076887166977308,markov|order=1;smoothing=0.5;decay=false|frac=1.0,57,0,146.2784141328287,0.059143001198895,0.073312016856717,0.076887166977308,markov|order=1;smoothing=0.5;decay=false|frac=1.0,0.064619572124839,0.117709437963944
ml100k,grid,18,0.073827224517497,itemknn|topk=10;shrink=0.0|frac=1.0,99,0,147.08898918167347,0.073827224517497,0.073827224517497,0.073827224517497,itemknn|topk=10;shrink=0.0|frac=1.0,0.06135637425774,0.11983032873807
ml100k,random,18,0.079031009902108,als|factors=64;epochs=5;regularisation=0.1;alpha=1.0|frac=1.0,57,4,157.96886535622002,0.079031009902108,0.079031009902108,0.079031009902108,als|factors=64;epochs=5;regularisation=0.1;alpha=1.0|frac=1.0,0.065641502292845,0.127253446447507
ml100k,tpe,18,0.079068094664324,als|factors=32;epochs=15;regularisation=0.01;alpha=1.0|frac=1.0,73,208,145.3824587329555,0.07889310261079,0.07889310261079,0.079068094664324,als|factors=32;epochs=15;regularisation=0.01;alpha=1.0|frac=1.0,0.072547848995809,0.136797454931071
ml100k,successive_halving,18,0.079031009902108,als|factors=64;epochs=5;regularisation=0.1;alpha=1.0|frac=1.0,41,0,145.04166666666666,0.063091267204888,0.069552013233104,0.079031009902108,als|factors=64;epochs=5;regularisation=0.1;alpha=1.0|frac=1.0,0.065641502292845,0.127253446447507
ml100k,hyperband,18,0.072133848770243,als|factors=16;epochs=15;regularisation=0.1;alpha=1.0|frac=1.0,54,0,144.32310850214856,0.070965660795139,0.072035376748097,0.072133848770243,als|factors=16;epochs=15;regularisation=0.1;alpha=1.0|frac=1.0,0.072517480940739,0.147401908801696
ml100k,sm2,18,0.072035376748097,als|factors=128;epochs=5;regularisation=0.001;alpha=1.0|frac=1.0,41,0,154.20963541666669,0.063764567582465,0.072035376748097,0.072035376748097,als|factors=128;epochs=5;regularisation=0.001;alpha=1.0|frac=1.0,0.061617109270359,0.123011664899257
ml100k,bocs,18,0.078916562402482,als|factors=32;epochs=15;regularisation=0.001;alpha=1.0|frac=1.0,49,0,145.96056547619048,0.076921290090755,0.076921290090755,0.078916562402482,als|factors=32;epochs=15;regularisation=0.001;alpha=1.0|frac=1.0,0.072593465128074,0.136797454931071
ml100k,fmqa,18,0.077551795194721,als|factors=64;epochs=5;regularisation=0.01;alpha=1.0|frac=1.0,67,0,145.02535574083538,0.071591332341315,0.077551795194721,0.077551795194721,als|factors=64;epochs=5;regularisation=0.01;alpha=1.0|frac=1.0,0.064179206973121,0.127253446447507
ml100k,grid,19,0.073827224517497,itemknn|topk=10;shrink=0.0|frac=1.0,99,0,147.04211418167347,0.073827224517497,0.073827224517497,0.073827224517497,itemknn|topk=10;shrink=0.0|frac=1.0,0.06135637425774,0.11983032873807
ml100k,random,19,0.076822288397693,als|factors=64;epochs=5;regularisation=0.001;alpha=1.0|frac=1.0,39,1,148.7865986566382,0.074370280394039,0.074370280394039,0.076822288397693,als|factors=64;epochs=5;regularisation=0.001;alpha=1.0|frac=1.0,0.064487627635052,0.12831389183457
ml100k,tpe,19,0.079068094664324,als|factors=32;epochs=15;regularisation=0.01;alpha=1.0|frac=1.0,55,81,146.2073384417019,0.07889310261079,0.07889310261079,0.079068094664324,als|factors=32;epochs=15;regularisation=0.01;alpha=1.0|frac=1.0,0.072547848995809,0.136797454931071
ml100k,successive_halving,19,0.078916562402482,als|factors=32;epochs=15;regularisation=0.001;alpha=1.0|frac=1.0,50,0,156.8515625,0.071838450263929,0.078916562402482,0.078916562402482,als|factors=32;epochs=15;regularisation=0.001;alpha=1.0|frac=1.0,0.072593465128074,0.136797454931071
ml100k,hyperband,19,0.079031009902108,als|factors=64;epochs=5;regularisation=0.1;alpha=1.0|frac=1.0,43,0,148.82552083333331,0.069934877014981,0.069934877014981,0.079031009902108,als|factors=64;epochs=5;regularisation=0.1;alpha=1.0|frac=1.0,0.065641502292845,0.127253446447507
ml100k,sm2,19,0.073312016856717,als|factors=128;epochs=30;regularisation=0.01;alpha=1.0|frac=1.0,46,0,152.96744791666666,0.072613481716454,0.072613481716454,0.073312016856717,als|factors=128;epochs=30;regularisation=0.01;alpha=1.0|frac=1.0,0.065287929375322,0.121951219512195
ml100k,bocs,19,0.071405635939778,als|factors=16;epochs=5;regularisation=0.01;alpha=1.0|frac=1.0,35,0,144.79594494047618,0.071405635939778,0.071405635939778,0.071405635939778,als|factors=16;epochs=5;regularisation=0.01;alpha=1.0|frac=1.0,0.067682446275246,0.141039236479321
ml100k,fmqa,19,0.077170461291231,als|factors=32;epochs=5;regularisation=0.01;alpha=1.0|frac=1.0,60,0,144.6791352878628,0.077170461291231,0.077170461291231,0.077170461291231,als|factors=32;epochs=5;regularisation=0.01;alpha=1.0|frac=1.0,0.071934418344141,0.141039236479321
ml100k,grid,20,0.073827224517497,itemknn|topk=10;shrink=0.0|frac=1.0,99,0,146.93273918167347,0.073827224517497,0.073827224517497,0.073827224517497,itemknn|topk=10;shrink=0.0|frac=1.0,0.06135637425774,0.11983032873807
ml100k,random,20,0.078174671117688,als|factors=32;epochs=15;regularisation=0.1;alpha=1.0|frac=1.0,42,3,148.56119791666666,0.076887166977308,0.076887166977308,0.078174671117688,als|factors=32;epochs=15;regularisation=0.1;alpha=1.0|frac=1.0,0.073402189190272,0.139978791092258
ml100k,tpe,20,0.079475733232263,als|factors=32;epochs=30;regularisation=0.1;alpha=1.0|frac=1.0,59,127,150.42232251500678,0.079475733232263,0.079475733232263,0.079475733232263,als|factors=32;epochs=30;regularisation=0.1;alpha=1.0|frac=1.0,0.071815116574687,0.138918345705196
ml100k,successive_halving,20,0.078775994455641,als|factors=32;epochs=30;regularisation=0.001;alpha=1.0|frac=1.0,50,0,156.03584888676394,0.072130893278926,0.078775994455641,0.078775994455641,als|factors=32;epochs=30;regularisation=0.001;alpha=1.0|frac=1.0,0.072246431852411,0.139978791092258
ml100k,hyperband,20,0.079068094664324,als|factors=32;epochs=15;regularisation=0.01;alpha=1.0|frac=1.0,46,0,145.31391743955334,0.078775994455641,0.078775994455641,0.079068094664324,als|factors=32;epochs=15;regularisation=0.01;alpha=1.0|frac=1.0,0.072547848995809,0.136797454931071
ml100k,sm2,20,0.077551795194721,als|factors=64;epochs=5;regularisation=0.01;alpha=1.0|frac=1.0,39,0,144.7578125,0.076822288397693,0.076822288397693,0.077551795194721,als|factors=64;epochs=5;regularisation=0.01;alpha=1.0|frac=1.0,0.064179206973121,0.127253446447507
ml100k,bocs,20,0.076822288397693,als|factors=64;epochs=5;regularisation=0.001;alpha=1.0|frac=1.0,48,0,147.45442708333331,0.076822288397693,0.076822288397693,0.076822288397693,als|factors=64;epochs=5;regularisation=0.001;alpha=1.0|frac=1.0,0.064487627635052,0.12831389183457
ml100k,fmqa,20,0.074367503565843,als|factors=64;epochs=15;regularisation=0.1;alpha=1.0|frac=1.0,65,0,154.1537746108059,0.073251714964692,0.074367503565843,0.074367503565843,als|factors=64;epochs=15;regularisation=0.1;alpha=1.0|frac=1.0,0.067663517386919,0.136797454931071
ml100k,grid,21,0.073827224517497,itemknn|topk=10;shrink=0.0|frac=1.0,99,0,146.97961418167347,0.073827224517497,0.073827224517497,0.073827224517497,itemknn|topk=10;shrink=0.0|frac=1.0,0.06135637425774,0.11983032873807
ml100k,random,21,0.079068094664324,als|factors=32;epochs=15;regularisation=0.01;alpha=1.0|frac=1.0,51,3,159.19791666666666,0.071761985997885,0.079031009902108,0.079068094664324,als|factors=32;epochs=15;regularisation=0.01;alpha=1.0|frac=1.0,0.072547848995809,0.136797454931071
ml100k,tpe,21,0.074809747535055,als|factors=128;epochs=15;regularisation=0.01;alpha=1.0|frac=1.0,44,36,153.92672956628883,0.074809747535055,0.074809747535055,0.074809747535055,als|factors=128;epochs=15;regularisation=0.01;alpha=1.0|frac=1.0,0.063582359660699,0.117709437963944
ml100k,successive_halving,21,0.077170461291231,als|factors=32;epochs=5;regularisation=0.01;alpha=1.0|frac=1.0,68,0,147.33966356167235,0.065911900848609,0.066419141063009,0.077170461291231,als|factors=32;epochs=5;regularisation=0.01;alpha=1.0|frac=1.0,0.071934418344141,0.141039236479321
ml100k,hyperband,21,0.078916562402482,als|factors=32;epochs=15;regularisation=0.001;alpha=1.0|frac=1.0,42,0,145.77176339285714,0.071909148805321,0.078916562402482,0.078916562402482,als|factors=32;epochs=15;regularisation=0.001;alpha=1.0|frac=1.0,0.072593465128074,0.136797454931071
ml100k,sm2,21,0.079031009902108,als|factors=64;epochs=5;regularisation=0.1;alpha=1.0|frac=1.0,56,0,145.40364583333331,0.064118747205767,0.065862472619428,0.079031009902108,als|factors=64;epochs=5;regularisation=0.1;alpha=1.0|frac=1.0,0.065641502292845,0.127253446447507
ml100k,bocs,21,0.079475733232263,als|factors=32;epochs=30;regularisation=0.1;alpha=1.0|frac=1.0,56,0,145.2131696428571,0.071759479563012,0.071759479563012,0.079475733232263,als|factors=32;epochs=30;regularisation=0.1;alpha=1.0|frac=1.0,0.071815116574687,0.138918345705196
ml100k,fmqa,21,0.07889310261079,als|factors=32;epochs=30;regularisation=0.01;alpha=1.0|frac=1.0,65,0,144.23201496702586,0.070628465830239,0.076887166977308,0.07889310261079,als|factors=32;epochs=30;regularisation=0.01;alpha=1.0|frac=1.0,0.072181127109625,0.141039236479321
ml100k,grid,22,0.073827224517497,itemknn|topk=10;shrink=0.0|frac=1.0,99,0,146.97961418167347,0.073827224517497,0.073827224517497,0.073827224517497,itemknn|topk=10;shrink=0.0|frac=1.0,0.06135637425774,0.11983032873807
ml100k,random,22,0.073276216141044,als|factors=128;epochs=30;regularisation=0.1;alpha=1.0|frac=1.0,38,1,144.39583333333331,0.064118747205767,0.067957659793393,0.073276216141044,als|factors=128;epochs=30;regularisation=0.1;alpha=1.0|frac=1.0,0.06503793140362,0.120890774125132
ml100k,tpe,22,0.079068094664324,als|factors=32;epochs=15;regularisation=0.01;alpha=1.0|frac=1.0,64,173,145.02166629340215,0.07889310261079,0.07889310261079,0.079068094664324,als|factors=32;epochs=15;regularisation=0.01;alpha=1.0|frac=1.0,0.072547848995809,0.136797454931071
ml100k,successive_halving,22,0.073251714964692,als|factors=128;epochs=30;regularisation=0.001;alpha=1.0|frac=1.0,38,0,150.8095238095238,0.071591332341315,0.071591332341315,0.072035376748097,als|factors=128;epochs=30;regularisation=0.001;alpha=1.0|frac=1.0,0.065634191761994,0.121951219512195
ml100k,hyperband,22,0.079031009902108,als|factors=64;epochs=5;regularisation=0.1;alpha=1.0|frac=1.0,45,0,145.07291666666666,0.079031009902108,0.079031009902108,0.079031009902108,als|factors=64;epochs=5;regularisation=0.1;alpha=1.0|frac=1.0,0.065641502292845,0.127253446447507
ml100k,sm2,22,0.073312016856717,als|factors=128;epochs=30;regularisation=0.01;alpha=1.0|frac=1.0,43,0,150.24230285622002,0.069293156077438,0.073312016856717,0.073312016856717,als|factors=128;epochs=30;regularisation=0.01;alpha=1.0|frac=1.0,0.065287929375322,0.121951219512195
ml100k,bocs,22,0.079475733232263,als|factors=32;epochs=30;regularisation=0.1;alpha=1.0|frac=1.0,51,0,145.01004464285714,0.069899778672383,0.079475733232263,0.079475733232263,als|factors=32;epochs=30;regularisation=0.1;alpha=1.0|frac=1.0,0.071815116574687,0.138918345705196
ml100k,fmqa,22,0.076887166977308,markov|order=1;smoothing=0.5;decay=false|frac=1.0,49,0,145.92459452288668,0.073827224517497,0.076887166977308,0.076887166977308,markov|order=1;smoothing=0.5;decay=false|frac=1.0,0.064619572124839,0.117709437963944
ml100k,grid,23,0.073827224517497,itemknn|topk=10;shrink=0.0|frac=1.0,99,0,146.93273918167347,0.073827224517497,0.073827224517497,0.073827224517497,itemknn|topk=10;shrink=0.0|frac=1.0,0.06135637425774,0.11983032873807
ml100k,random,23,0.078775994455641,als|factors=32;epochs=30;regularisation=0.001;alpha=1.0|frac=1.0,51,0,145.08035714285714,0.072130893278926,0.072130893278926,0.078775994455641,als|factors=32;epochs=30;regularisation=0.001;alpha=1.0|frac=1.0,0.072246431852411,0.139978791092258
ml100k,tpe,23,0.079068094664324,als|factors=32;epochs=15;regularisation=0.01;alpha=1.0|frac=1.0,62,240,147.5910810012257,0.074370280394039,0.074809747535055,0.079068094664324,als|factors=32;epochs=15;regularisation=0.01;alpha=1.0|frac=1.0,0.072547848995809,0.136797454931071
ml100k,successive_halving,23,0.076887166977308,markov|order=1;smoothing=0.1;decay=false|frac=1.0,55,0,144.84244791666666,0.073827224517497,0.076887166977308,0.076887166977308,markov|order=1;smoothing=0.1;decay=false|frac=1.0,0.064543869123302,0.117709437963944
ml100k,hyperband,23,0.079068094664324,als|factors=32;epochs=15;regularisation=0.01;alpha=1.0|frac=1.0,52,0,157.0546875,0.073251714964692,0.079068094664324,0.079068094664324,als|factors=32;epochs=15;regularisation=0.01;alpha=1.0|frac=1.0,0.072547848995809,0.136797454931071
ml100k,sm2,23,0.079475733232263,als|factors=32;epochs=30;regularisation=0.1;alpha=1.0|frac=1.0,50,0,147.28515625,0.076887166977308,0.079475733232263,0.079475733232263,als|factors=32;epochs=30;regularisation=0.1;alpha=1.0|frac=1.0,0.071815116574687,0.138918345705196
ml100k,bocs,23,0.078174671117688,als|factors=32;epochs=15;regularisation=0.1;alpha=1.0|frac=1.0,45,0,145.52615702288665,0.076769272305744,0.076769272305744,0.078174671117688,als|factors=32;epochs=15;regularisation=0.1;alpha=1.0|frac=1.0,0.073402189190272,0.139978791092258
ml100k,fmqa,23,0.079475733232263,als|factors=32;epochs=30;regularisation=0.1;alpha=1.0|frac=1.0,65,0,156.4715983003592,0.079475733232263,0.079475733232263,0.079475733232263,als|factors=32;epochs=30;regularisation=0.1;alpha=1.0|frac=1.0,0.071815116574687,0.138918345705196
ml100k,grid,24,0.073827224517497,itemknn|topk=10;shrink=0.0|frac=1.0,99,0,147.13586418167347,0.073827224517497,0.073827224517497,0.073827224517497,itemknn|topk=10;shrink=0.0|frac=1.0,0.06135637425774,0.11983032873807
ml100k,random,24,0.079031009902108,als|factors=64;epochs=5;regularisation=0.1;alpha=1.0|frac=1.0,52,5,146.2326436584249,0.077551795194721,0.077551795194721,0.079031009902108,als|factors=64;epochs=5;regularisation=0.1;alpha=1.0|frac=1.0,0.065641502292845,0.127253446447507
ml100k,tpe,24,0.079031009902108,als|factors=64;epochs=5;regularisation=0.1;alpha=1.0|frac=1.0,87,490,144.23948623387835,0.076921290090755,0.079031009902108,0.079031009902108,als|factors=64;epochs=5;regularisation=0.1;alpha=1.0|frac=1.0,0.065641502292845,0.127253446447507
ml100k,successive_halving,24,0.074809747535055,als|factors=128;epochs=15;regularisation=0.01;alpha=1.0|frac=1.0,41,0,144.28385416666666,0.059605975175858,0.064639157439457,0.074809747535055,als|factors=128;epochs=15;regularisation=0.01;alpha=1.0|frac=1.0,0.063582359660699,0.117709437963944
ml100k,hyperband,24,0.073312016856717,als|factors=128;epochs=30;regularisation=0.01;alpha=1.0|frac=1.0,42,0,144.99882669413918,0.057261983551716,0.073312016856717,0.073312016856717,als|factors=128;epochs=30;regularisation=0.01;alpha=1.0|frac=1.0,0.065287929375322,0.121951219512195
ml100k,sm2,24,0.078775994455641,als|factors=32;epochs=30;regularisation=0.001;alpha=1.0|frac=1.0,67,0,152.0890290466962,0.077170461291231,0.077170461291231,0.078775994455641,als|factors=32;epochs=30;regularisation=0.001;alpha=1.0|frac=1.0,0.072246431852411,0.139978791092258
ml100k,bocs,24,0.078174671117688,als|factors=32;epochs=15;regularisation=0.1;alpha=1.0|frac=1.0,36,0,145.6328125,0.064108060182604,0.078174671117688,0.078174671117688,als|factors=32;epochs=15;regularisation=0.1;alpha=1.0|frac=1.0,0.073402189190272,0.139978791092258
ml100k,fmqa,24,0.079068094664324,als|factors=32;epochs=15;regularisation=0.01;alpha=1.0|frac=1.0,65,0,155.70547249907713,0.072202953637077,0.079068094664324,0.079068094664324,als|factors=32;epochs=15;regularisation=0.01;alpha=1.0|frac=1.0,0.072547848995809,0.136797454931071
ml100k,grid,25,0.073827224517497,itemknn|topk=10;shrink=0.0|frac=1.0,99,0,151.27648918167347,0.073827224517497,0.073827224517497,0.073827224517497,itemknn|topk=10;shrink=0.0|frac=1.0,0.06135637425774,0.11983032873807
ml100k,random,25,0.07889310261079,als|factors=32;epochs=30;regularisation=0.01;alpha=1.0|frac=1.0,41,2,146.67057291666669,0.071679297159898,0.071679297159898,0.07889310261079,als|factors=32;epochs=30;regularisation=0.01;alpha=1.0|frac=1.0,0.072181127109625,0.141039236479321
ml100k,tpe,25,0.078916562402482,als|factors=32;epochs=15;regularisation=0.001;alpha=1.0|frac=1.0,78,356,147.03338504340218,0.076887166977308,0.076887166977308,0.078916562402482,als|factors=32;epochs=15;regularisation=0.001;alpha=1.0|frac=1.0,0.072593465128074,0.136797454931071
ml100k,successive_halving,25,0.072035376748097,als|factors=128;epochs=5;regularisation=0.001;alpha=1.0|frac=1.0,47,0,145.02864583333331,0.071759479563012,0.071909148805321,0.072035376748097,als|factors=128;epochs=5;regularisation=0.001;alpha=1.0|frac=1.0,0.061617109270359,0.123011664899257
ml100k,hyperband,25,0.074058334296324,als|factors=128;epochs=15;regularisation=0.1;alpha=1.0|frac=1.0,38,0,155.3173363095238,0.071591332341315,0.071591332341315,0.074058334296324,als|factors=128;epochs=15;regularisation=0.1;alpha=1.0|frac=1.0,0.063807687086491,0.11983032873807
ml100k,sm2,25,0.074037910052365,als|factors=64;epochs=30;regularisation=0.1;alpha=1.0|frac=1.0,57,0,148.84375,0.06668615609364,0.074037910052365,0.074037910052365,als|factors=64;epochs=30;regularisation=0.1;alpha=1.0|frac=1.0,0.06827334204829,0.138918345705196
ml100k,bocs,25,0.071761985997885,als|factors=128;epochs=5;regularisation=0.01;alpha=1.0|frac=1.0,38,0,144.42169481167238,0.060913479685166,0.07139672607283,0.071761985997885,als|factors=128;epochs=5;regularisation=0.01;alpha=1.0|frac=1.0,0.062082461232276,0.125132555673382
ml100k,fmqa,25,0.077551795194721,als|factors=64;epochs=5;regularisation=0.01;alpha=1.0|frac=1.0,67,0,145.4688903233049,0.076887166977308,0.077551795194721,0.077551795194721,als|factors=64;epochs=5;regularisation=0.01;alpha=1.0|frac=1.0,0.064179206973121,0.127253446447507
ml100k,grid,26,0.073827224517497,itemknn|topk=10;shrink=0.0|frac=1.0,99,0,146.90148918167347,0.073827224517497,0.073827224517497,0.073827224517497,itemknn|topk=10;shrink=0.0|frac=1.0,0.06135637425774,0.11983032873807
ml100k,random,26,0.073251714964692,als|factors=128;epochs=30;regularisation=0.001;alpha=1.0|frac=1.0,45,2,147.7201924066382,0.07139672607283,0.073251714964692,0.073251714964692,als|factors=128;epochs=30;regularisation=0.001;alpha=1.0|frac=1.0,0.065634191761994,0.121951219512195
ml100k,tpe,26,0.079031009902108,als|factors=64;epochs=5;regularisation=0.1;alpha=1.0|frac=1.0,75,210,145.86329950676503,0.07889310261079,0.078916562402482,0.079031009902108,als|factors=64;epochs=5;regularisation=0.1;alpha=1.0|frac=1.0,0.065641502292845,0.127253446447507
ml100k,successive_halving,26,0.079068094664324,als|factors=32;epochs=15;regularisation=0.01;alpha=1.0|frac=1.0,42,0,144.41666666666669,0.076822288397693,0.076822288397693,0.079068094664324,als|factors=32;epochs=15;regularisation=0.01;alpha=1.0|frac=1.0,0.072547848995809,0.136797454931071
ml100k,hyperband,26,0.079475733232263,als|factors=32;epochs=30;regularisation=0.1;alpha=1.0|frac=1.0,43,0,145.04166666666669,0.079475733232263,0.079475733232263,0.079475733232263,als|factors=32;epochs=30;regularisation=0.1;alpha=1.0|frac=1.0,0.071815116574687,0.138918345705196
ml100k,sm2,26,0.078775994455641,als|factors=32;epochs=30;regularisation=0.001;alpha=1.0|frac=1.0,58,0,145.2766578241687,0.071838450263929,0.074367503565843,0.078775994455641,als|factors=32;epochs=30;regularisation=0.001;alpha=1.0|frac=1.0,0.072246431852411,0.139978791092258
ml100k,bocs,26,0.077170461291231,als|factors=32;epochs=5;regularisation=0.01;alpha=1.0|frac=1.0,33,0,144.2734375,0.070628465830239,0.070628465830239,0.077170461291231,als|factors=32;epochs=5;regularisation=0.01;alpha=1.0|frac=1.0,0.071934418344141,0.141039236479321
ml100k,fmqa,26,0.078775994455641,als|factors=32;epochs=30;regularisation=0.001;alpha=1.0|frac=1.0,64,0,147.22415016881524,0.078775994455641,0.078775994455641,0.078775994455641,als|factors=32;epochs=30;regularisation=0.001;alpha=1.0|frac=1.0,0.072246431852411,0.139978791092258
ml100k,grid,27,0.073827224517497,itemknn|topk=10;shrink=0.0|frac=1.0,99,0,146.93273918167347,0.073827224517497,0.073827224517497,0.073827224517497,itemknn|topk=10;shrink=0.0|frac=1.0,0.06135637425774,0.11983032873807
ml100k,random,27,0.074800464349429,als|factors=128;epochs=15;regularisation=0.001;alpha=1.0|frac=1.0,52,5,146.2578125,0.066444940804344,0.074800464349429,0.074800464349429,als|factors=128;epochs=15;regularisation=0.001;alpha=1.0|frac=1.0,0.063408932898126,0.117709437963944
ml100k,tpe,27,0.079068094664324,als|factors=32;epochs=15;regularisation=0.01;alpha=1.0|frac=1.0,77,240,147.79782331628886,0.076887166977308,0.07889310261079,0.079068094664324,als|factors=32;epochs=15;regularisation=0.01;alpha=1.0|frac=1.0,0.072547848995809,0.136797454931071
ml100k,successive_halving,27,0.076887166977308,markov|order=1;smoothing=0.5;decay=false|frac=1.0,46,0,151.00665073997158,0.066208573956877,0.076887166977308,0.076887166977308,markov|order=1;smoothing=0.5;decay=false|frac=1.0,0.064619572124839,0.117709437963944
ml100k,hyperband,27,0.074058334296324,als|factors=128;epochs=15;regularisation=0.1;alpha=1.0|frac=1.0,46,0,152.875,0.07139672607283,0.07139672607283,0.074058334296324,als|factors=128;epochs=15;regularisation=0.1;alpha=1.0|frac=1.0,0.063807687086491,0.11983032873807
ml100k,sm2,27,0.078775994455641,als|factors=32;epochs=30;regularisation=0.001;alpha=1.0|frac=1.0,59,0,150.36848958333331,0.078775994455641,0.078775994455641,0.078775994455641,als|factors=32;epochs=30;regularisation=0.001;alpha=1.0|frac=1.0,0.072246431852411,0.139978791092258
ml100k,bocs,27,0.079068094664324,als|factors=32;epochs=15;regularisation=0.01;alpha=1.0|frac=1.0,35,0,144.43359375,0.068330400778009,0.069552013233104,0.079068094664324,als|factors=32;epochs=15;regularisation=0.01;alpha=1.0|frac=1.0,0.072547848995809,0.136797454931071
ml100k,fmqa,27,0.078775994455641,als|factors=32;epochs=30;regularisation=0.001;alpha=1.0|frac=1.0,64,0,145.93191964285717,0.074281958945344,0.078775994455641,0.078775994455641,als|factors=32;epochs=30;regularisation=0.001;alpha=1.0|frac=1.0,0.072246431852411,0.139978791092258
ml100k,grid,28,0.073827224517497,itemknn|topk=10;shrink=0.0|frac=1.0,99,0,146.90148918167347,0.073827224517497,0.073827224517497,0.073827224517497,itemknn|topk=10;shrink=0.0|frac=1.0,0.06135637425774,0.11983032873807
ml100k,random,28,0.072130893278926,als|factors=16;epochs=15;regularisation=0.001;alpha=1.0|frac=1.0,28,0,148.0811011904762,0.062843281149695,0.072130893278926,0.072130893278926,als|factors=16;epochs=15;regularisation=0.001;alpha=1.0|frac=1.0,0.072121693612065,0.147401908801696
ml100k,tpe,28,0.076887166977308,markov|order=1;smoothing=0.5;decay=false|frac=1.0,82,494,144.27164132631725,0.069934877014981,0.076887166977308,0.076887166977308,markov|order=1;smoothing=0.5;decay=false|frac=1.0,0.064619572124839,0.117709437963944
ml100k,successive_halving,28,0.079475733232263,als|factors=32;epochs=30;regularisation=0.1;alpha=1.0|frac=1.0,52,0,146.5282738095238,0.07889310261079,0.079475733232263,0.079475733232263,als|factors=32;epochs=30;regularisation=0.1;alpha=1.0|frac=1.0,0.071815116574687,0.138918345705196
ml100k,hyperband,28,0.078916562402482,als|factors=32;epochs=15;regularisation=0.001;alpha=1.0|frac=1.0,49,0,147.27969124907713,0.07139672607283,0.071759479563012,0.078916562402482,als|factors=32;epochs=15;regularisation=0.001;alpha=1.0|frac=1.0,0.072593465128074,0.136797454931071
ml100k,sm2,28,0.079031009902108,als|factors=64;epochs=5;regularisation=0.1;alpha=1.0|frac=1.0,58,0,151.1554487179487,0.077170461291231,0.079031009902108,0.079031009902108,als|factors=64;epochs=5;regularisation=0.1;alpha=1.0|frac=1.0,0.065641502292845,0.127253446447507
ml100k,bocs,28,0.074800464349429,als|factors=128;epochs=15;regularisation=0.001;alpha=1.0|frac=1.0,43,0,146.36197916666666,0.071838450263929,0.071838450263929,0.074800464349429,als|factors=128;epochs=15;regularisation=0.001;alpha=1.0|frac=1.0,0.063408932898126,0.117709437963944
ml100k,fmqa,28,0.076887166977308,markov|order=1;smoothing=0.5;decay=false|frac=1.0,53,0,146.40022696336283,0.058432599235333,0.074367503565843,0.076887166977308,markov|order=1;smoothing=0.5;decay=false|frac=1.0,0.064619572124839,0.117709437963944
ml100k,grid,29,0.073827224517497,itemknn|topk=10;shrink=0.0|frac=1.0,99,0,146.97961418167347,0.073827224517497,0.073827224517497,0.073827224517497,itemknn|topk=10;shrink=0.0|frac=1.0,0.06135637425774,0.11983032873807
ml100k,random,29,0.078775994455641,als|factors=32;epochs=30;regularisation=0.001;alpha=1.0|frac=1.0,50,2,144.94791666666666,0.071405635939778,0.073276216141044,0.078775994455641,als|factors=32;epochs=30;regularisation=0.001;alpha=1.0|frac=1.0,0.072246431852411,0.139978791092258
ml100k,tpe,29,0.079031009902108,als|factors=64;epochs=5;regularisation=0.1;alpha=1.0|frac=1.0,69,255,146.44445793167347,0.077551795194721,0.077551795194721,0.079031009902108,als|factors=64;epochs=5;regularisation=0.1;alpha=1.0|frac=1.0,0.065641502292845,0.127253446447507
ml100k,successive_halving,29,0.077551795194721,als|factors=64;epochs=5;regularisation=0.01;alpha=1.0|frac=1.0,47,0,150.52380952380952,0.072202953637077,0.076769272305744,0.077551795194721,als|factors=64;epochs=5;regularisation=0.01;alpha=1.0|frac=1.0,0.064179206973121,0.127253446447507
ml100k,hyperband,29,0.076887166977308,markov|order=1;smoothing=0.1;decay=false|frac=1.0,45,0,145.18038013676392,0.063636899302233,0.076887166977308,0.076887166977308,markov|order=1;smoothing=0.1;decay=false|frac=1.0,0.064543869123302,0.117709437963944
ml100k,sm2,29,0.074281958945344,als|factors=64;epochs=15;regularisation=0.001;alpha=1.0|frac=1.0,43,0,147.12630208333334,0.071679297159898,0.071679297159898,0.074281958945344,als|factors=64;epochs=15;regularisation=0.001;alpha=1.0|frac=1.0,0.066327833354676,0.133616118769883
ml100k,bocs,29,0.074058334296324,als|factors=128;epochs=15;regularisation=0.1;alpha=1.0|frac=1.0,38,0,145.13151041666666,0.074058334296324,0.074058334296324,0.074058334296324,als|factors=128;epochs=15;regularisation=0.1;alpha=1.0|frac=1.0,0.063807687086491,0.11983032873807
ml100k,fmqa,29,0.079031009902108,als|factors=64;epochs=5;regularisation=0.1;alpha=1.0|frac=1.0,55,0,145.15469124907713,0.078916562402482,0.079031009902108,0.079031009902108,als|factors=64;epochs=5;regularisation=0.1;alpha=1.0|frac=1.0,0.065641502292845,0.127253446447507
software,grid,0,0.227301476663224,itemknn|topk=10;shrink=10.0|frac=1.0,98,0,134.81541540942007,0.227301476663224,0.227301476663224,0.227301476663224,itemknn|topk=10;shrink=10.0|frac=1.0,0.134237244099004,0.238351254480286
software,random,0,0.232929109088659,markov|order=2;smoothing=0.5;decay=false|frac=1.0,56,1,134.74166209795322,0.20832217470287,0.212850615463223,0.232929109088659,markov|order=2;smoothing=0.5;decay=false|frac=1.0,0.042831044602044,0.081242532855436
software,tpe,0,0.235366632471109,markov|order=1;smoothing=0.5;decay=true|frac=1.0,80,590,130.7253293452668,0.234937258133011,0.235366632471109,0.235366632471109,markov|order=1;smoothing=0.5;decay=true|frac=1.0,0.044298759835335,0.078255675029868
software,successive_halving,0,0.217815618543342,als|factors=64;epochs=30;regularisation=0.1;alpha=1.0|frac=1.0,41,0,130.8059371775026,0.217357355162437,0.217357355162437,0.217815618543342,als|factors=64;epochs=30;regularisation=0.1;alpha=1.0|frac=1.0,0.120704119201586,0.212066905615292
software,hyperband,0,0.215430440692511,als|factors=64;epochs=30;regularisation=0.1;alpha=40.0|frac=1.0,43,0,136.71584511392314,0.215430440692511,0.215430440692511,0.215430440692511,als|factors=64;epochs=30;regularisation=0.1;alpha=40.0|frac=1.0,0.128436898555772,0.225806451612903
software,sm2,0,0.234937258133011,markov|order=1;smoothing=0.5;decay=false|frac=1.0,41,0,136.8477041789742,0.216475974910016,0.226969725559304,0.234937258133011,markov|order=1;smoothing=0.5;decay=false|frac=1.0,0.042418767272783,0.081839904420549
software,bocs,0,0.226265831352466,itemknn|topk=100;shrink=10.0|frac=1.0,40,0,131.18928191022388,0.221047141475536,0.221047141475536,0.226265831352466,itemknn|topk=100;shrink=10.0|frac=1.0,0.134105079471245,0.235364396654719
software,fmqa,0,0.235366632471109,markov|order=1;smoothing=0.5;decay=true|frac=1.0,69,0,134.2218975884593,0.219970735785765,0.235366632471109,0.235366632471109,markov|order=1;smoothing=0.5;decay=true|frac=1.0,0.044298759835335,0.078255675029868
software,grid,1,0.227301476663224,itemknn|topk=10;shrink=10.0|frac=1.0,98,0,134.78416540942007,0.227301476663224,0.227301476663224,0.227301476663224,itemknn|topk=10;shrink=10.0|frac=1.0,0.134237244099004,0.238351254480286
software,random,1,0.226969725559304,itemknn|topk=50;shrink=100.0|frac=1.0,47,3,133.85166924974698,0.225844356654472,0.225844356654472,0.226969725559304,itemknn|topk=50;shrink=100.0|frac=1.0,0.128581015254244,0.22879330943847
software,tpe,1,0.235366632471109,markov|order=1;smoothing=0.5;decay=true|frac=1.0,77,437,137.8934350464148,0.235366632471109,0.235366632471109,0.235366632471109,markov|order=1;smoothing=0.5;decay=true|frac=1.0,0.044298759835335,0.078255675029868
software,successive_halving,1,0.234937258133011,markov|order=1;smoothing=0.5;decay=false|frac=1.0,48,0,131.51698171572383,0.21260864403106,0.234937258133011,0.234937258133011,markov|order=1;smoothing=0.5;decay=false|frac=1.0,0.042418767272783,0.081839904420549
software,hyperband,1,0.225664873648288,itemknn|topk=300;shrink=10.0|frac=1.0,37,0,137.8012478996322,0.219970735785765,0.225664873648288,0.225664873648288,itemknn|topk=300;shrink=10.0|frac=1.0,0.134314822104826,0.235961768219832
software,sm2,1,0.235366632471109,markov|order=1;smoothing=0.5;decay=true|frac=1.0,54,0,131.7090378816627,0.235366632471109,0.235366632471109,0.235366632471109,markov|order=1;smoothing=0.5;decay=true|frac=1.0,0.044298759835335,0.078255675029868
software,bocs,1,0.221047141475536,markov|order=2;smoothing=0.0;decay=false|frac=1.0,44,0,131.11111624410108,0.216786508894658,0.216916853482381,0.221047141475536,markov|order=2;smoothing=0.0;decay=false|frac=1.0,0.035303839340776,0.062724014336917
software,fmqa,1,0.234937258133011,markov|order=1;smoothing=0.5;decay=false|frac=1.0,49,0,144.74379842777194,0.219970735785765,0.219970735785765,0.234937258133011,markov|order=1;smoothing=0.5;decay=false|frac=1.0,0.042418767272783,0.081839904420549
software,grid,2,0.227301476663224,itemknn|topk=10;shrink=10.0|frac=1.0,98,0,134.76854040942007,0.227301476663224,0.227301476663224,0.227301476663224,itemknn|topk=10;shrink=10.0|frac=1.0,0.134237244099004,0.238351254480286
software,random,2,0.232929109088659,markov|order=2;smoothing=0.5;decay=false|frac=1.0,49,1,131.05293236981026,0.232929109088659,0.232929109088659,0.232929109088659,markov|order=2;smoothing=0.5;decay=false|frac=1.0,0.042831044602044,0.081242532855436
software,tpe,2,0.235366632471109,markov|order=1;smoothing=0.5;decay=true|frac=1.0,79,499,132.22797031908942,0.235348037614041,0.235366632471109,0.235366632471109,markov|order=1;smoothing=0.5;decay=true|frac=1.0,0.044298759835335,0.078255675029868
software,successive_halving,2,0.232929109088659,markov|order=2;smoothing=0.5;decay=false|frac=1.0,53,0,131.19566555887425,0.232929109088659,0.232929109088659,0.232929109088659,markov|order=2;smoothing=0.5;decay=false|frac=1.0,0.042831044602044,0.081242532855436
software,hyperband,2,0.235366632471109,markov|order=1;smoothing=0.5;decay=true|frac=1.0,50,0,144.78600386398375,0.218488855040398,0.235366632471109,0.235366632471109,markov|order=1;smoothing=0.5;decay=true|frac=1.0,0.044298759835335,0.078255675029868
software,sm2,2,0.235348037614041,markov|order=1;smoothing=0.1;decay=true|frac=1.0,44,0,131.73237317183538,0.226691703346003,0.226691703346003,0.235348037614041,markov|order=1;smoothing=0.1;decay=true|frac=1.0,0.044001378443783,0.077060931899641
software,bocs,2,0.235366632471109,markov|order=1;smoothing=0.5;decay=true|frac=1.0,40,0,131.42548466435187,0.222595429902115,0.235366632471109,0.235366632471109,markov|order=1;smoothing=0.5;decay=true|frac=1.0,0.044298759835335,0.078255675029868
software,fmqa,2,0.233814356686446,markov|order=1;smoothing=0.0;decay=false|frac=1.0,49,0,132.63322815275822,0.215601091949517,0.215601091949517,0.233814356686446,markov|order=1;smoothing=0.0;decay=false|frac=1.0,0.038359690889765,0.070489844683393
software,grid,3,0.227301476663224,itemknn|topk=10;shrink=10.0|frac=1.0,98,0,134.65916540942007,0.227301476663224,0.227301476663224,0.227301476663224,itemknn|topk=10;shrink=10.0|frac=1.0,0.134237244099004,0.238351254480286
software,random,3,0.235366632471109,markov|order=1;smoothing=0.5;decay=true|frac=1.0,46,3,131.1196977202235,0.208366188670389,0.235366632471109,0.235366632471109,markov|order=1;smoothing=0.5;decay=true|frac=1.0,0.044298759835335,0.078255675029868
software,tpe,3,0.235366632471109,markov|order=1;smoothing=0.5;decay=true|frac=1.0,82,488,133.10740201666584,0.235348037614041,0.235366632471109,0.235366632471109,markov|order=1;smoothing=0.5;decay=true|frac=1.0,0.044298759835335,0.078255675029868
software,successive_halving,3,0.235348037614041,markov|order=1;smoothing=0.1;decay=true|frac=1.0,46,0,130.86878773638642,0.235348037614041,0.235348037614041,0.235348037614041,markov|order=1;smoothing=0.1;decay=true|frac=1.0,0.044001378443783,0.077060931899641
software,hyperband,3,0.232929109088659,markov|order=2;smoothing=0.1;decay=false|frac=1.0,52,0,131.4200213959995,0.232929109088659,0.232929109088659,0.232929109088659,markov|order=2;smoothing=0.1;decay=false|frac=1.0,0.042831044602044,0.081242532855436
software,sm2,3,0.233814356686446,markov|order=1;smoothing=0.0;decay=false|frac=1.0,46,0,134.6195771026629,0.212546696788981,0.233814356686446,0.233814356686446,markov|order=1;smoothing=0.0;decay=false|frac=1.0,0.038359690889765,0.070489844683393
software,bocs,3,0.226969725559304,itemknn|topk=50;shrink=100.0|frac=1.0,35,1,130.75917740314327,0.210818845422599,0.226969725559304,0.226969725559304,itemknn|topk=50;shrink=100.0|frac=1.0,0.128581015254244,0.22879330943847
software,fmqa,3,0.235366632471109,markov|order=1;smoothing=0.5;decay=true|frac=1.0,61,0,130.75141994526246,0.226265831352466,0.226265831352466,0.235366632471109,markov|order=1;smoothing=0.5;decay=true|frac=1.0,0.044298759835335,0.078255675029868
software,grid,4,0.227301476663224,itemknn|topk=10;shrink=10.0|frac=1.0,98,0,134.39354040942007,0.227301476663224,0.227301476663224,0.227301476663224,itemknn|topk=10;shrink=10.0|frac=1.0,0.134237244099004,0.238351254480286
software,random,4,0.234937258133011,markov|order=1;smoothing=0.1;decay=false|frac=1.0,43,2,137.15577394086637,0.219788115460243,0.234937258133011,0.234937258133011,markov|order=1;smoothing=0.1;decay=false|frac=1.0,0.042418767272783,0.081839904420549
software,tpe,4,0.235366632471109,markov|order=1;smoothing=0.5;decay=true|frac=1.0,83,532,132.72818043771997,0.234937258133011,0.235348037614041,0.235366632471109,markov|order=1;smoothing=0.5;decay=true|frac=1.0,0.044298759835335,0.078255675029868
software,successive_halving,4,0.21720299234022,als|factors=64;epochs=30;regularisation=0.01;alpha=1.0|frac=1.0,30,0,133.78917464114835,0.206185403881252,0.206185403881252,0.21720299234022,als|factors=64;epochs=30;regularisation=0.01;alpha=1.0|frac=1.0,0.120686204176836,0.212066905615292
software,hyperband,4,0.234937258133011,markov|order=1;smoothing=0.1;decay=false|frac=1.0,67,0,130.95356724780314,0.226686038281381,0.226686038281381,0.234937258133011,markov|order=1;smoothing=0.1;decay=false|frac=1.0,0.042418767272783,0.081839904420549
software,sm2,4,0.21804803181154,als|factors=64;epochs=5;regularisation=0.1;alpha=10.0|frac=1.0,44,0,131.8863514957265,0.216786508894658,0.21804803181154,0.21804803181154,als|factors=64;epochs=5;regularisation=0.1;alpha=10.0|frac=1.0,0.124463812938573,0.215651135005973
software,bocs,4,0.226265831352466,itemknn|topk=100;shrink=10.0|frac=1.0,39,0,133.11907679738562,0.211520901705741,0.211520901705741,0.226265831352466,itemknn|topk=100;shrink=10.0|frac=1.0,0.134105079471245,0.235364396654719
software,fmqa,4,0.235366632471109,markov|order=1;smoothing=0.5;decay=true|frac=1.0,59,0,132.98928131455762,0.21837324222733,0.235366632471109,0.235366632471109,markov|order=1;smoothing=0.5;decay=true|frac=1.0,0.044298759835335,0.078255675029868
software,grid,5,0.227301476663224,itemknn|topk=10;shrink=10.0|frac=1.0,98,0,134.86229040942007,0.227301476663224,0.227301476663224,0.227301476663224,itemknn|topk=10;shrink=10.0|frac=1.0,0.134237244099004,0.238351254480286
software,random,5,0.235366632471109,markov|order=1;smoothing=0.5;decay=true|frac=1.0,64,4,133.89577864732968,0.221047141475536,0.221047141475536,0.235366632471109,markov|order=1;smoothing=0.5;decay=true|frac=1.0,0.044298759835335,0.078255675029868
software,tpe,5,0.235366632471109,markov|order=1;smoothing=0.5;decay=true|frac=1.0,77,469,130.88912265200952,0.234937258133011,0.235366632471109,0.235366632471109,markov|order=1;smoothing=0.5;decay=true|frac=1.0,0.044298759835335,0.078255675029868
software,successive_halving,5,0.221047141475536,markov|order=2;smoothing=0.0;decay=false|frac=1.0,45,0,132.93259983962685,0.219788115460243,0.221047141475536,0.221047141475536,markov|order=2;smoothing=0.0;decay=false|frac=1.0,0.035303839340776,0.062724014336917
software,hyperband,5,0.232929109088659,markov|order=2;smoothing=0.5;decay=false|frac=1.0,38,0,143.68164106429936,0.232929109088659,0.232929109088659,0.232929109088659,markov|order=2;smoothing=0.5;decay=false|frac=1.0,0.042831044602044,0.081242532855436
software,sm2,5,0.235366632471109,markov|order=1;smoothing=0.5;decay=true|frac=1.0,38,0,132.2434995407857,0.214484384650507,0.214484384650507,0.235366632471109,markov|order=1;smoothing=0.5;decay=true|frac=1.0,0.044298759835335,0.078255675029868
software,bocs,5,0.221047141475536,markov|order=2;smoothing=0.0;decay=false|frac=1.0,37,0,131.38958925189394,0.216613829786941,0.22098143571278,0.221047141475536,markov|order=2;smoothing=0.0;decay=false|frac=1.0,0.035303839340776,0.062724014336917
software,fmqa,5,0.234937258133011,markov|order=1;smoothing=0.5;decay=false|frac=1.0,47,0,136.36253242903393,0.22098143571278,0.22098143571278,0.234937258133011,markov|order=1;smoothing=0.5;decay=false|frac=1.0,0.042418767272783,0.081839904420549
software,grid,6,0.227301476663224,itemknn|topk=10;shrink=10.0|frac=1.0,98,0,135.04979040942007,0.227301476663224,0.227301476663224,0.227301476663224,itemknn|topk=10;shrink=10.0|frac=1.0,0.134237244099004,0.238351254480286
software,random,6,0.225664873648288,itemknn|topk=300;shrink=10.0|frac=1.0,43,2,137.43669476425438,0.21837324222733,0.21837324222733,0.225664873648288,itemknn|topk=300;shrink=10.0|frac=1.0,0.134314822104826,0.235961768219832
software,tpe,6,0.235366632471109,markov|order=1;smoothing=0.5;decay=true|frac=1.0,74,491,131.3608204189912,0.235366632471109,0.235366632471109,0.235366632471109,markov|order=1;smoothing=0.5;decay=true|frac=1.0,0.044298759835335,0.078255675029868
software,successive_halving,6,0.232929109088659,markov|order=2;smoothing=0.5;decay=false|frac=1.0,55,0,136.1251685912852,0.232929109088659,0.232929109088659,0.232929109088659,markov|order=2;smoothing=0.5;decay=false|frac=1.0,0.042831044602044,0.081242532855436
software,hyperband,6,0.234937258133011,markov|order=1;smoothing=0.1;decay=false|frac=1.0,52,0,142.49128226765853,0.219479453803048,0.234937258133011,0.234937258133011,markov|order=1;smoothing=0.1;decay=false|frac=1.0,0.042418767272783,0.081839904420549
software,sm2,6,0.219970735785765,markov|order=2;smoothing=0.0;decay=true|frac=1.0,52,0,143.79300946623897,0.219970735785765,0.219970735785765,0.219970735785765,markov|order=2;smoothing=0.0;decay=true|frac=1.0,0.037764564252081,0.062126642771804
software,bocs,6,0.234937258133011,markov|order=1;smoothing=0.5;decay=false|frac=1.0,48,1,133.3878647526051,0.234937258133011,0.234937258133011,0.234937258133011,markov|order=1;smoothing=0.5;decay=false|frac=1.0,0.042418767272783,0.081839904420549
software,fmqa,6,0.232188633038981,markov|order=1;smoothing=0.0;decay=true|frac=1.0,40,0,135.11887464461296,0.211181374234797,0.217143959169975,0.232188633038981,markov|order=1;smoothing=0.0;decay=true|frac=1.0,0.041008973280289,0.072281959378733
software,grid,7,0.227301476663224,itemknn|topk=10;shrink=10.0|frac=1.0,98,0,135.28416540942007,0.227301476663224,0.227301476663224,0.227301476663224,itemknn|topk=10;shrink=10.0|frac=1.0,0.134237244099004,0.238351254480286
software,random,7,0.234937258133011,markov|order=1;smoothing=0.5;decay=false|frac=1.0,54,4,133.79340057758932,0.207246732823637,0.21837324222733,0.234937258133011,markov|order=1;smoothing=0.5;decay=false|frac=1.0,0.042418767272783,0.081839904420549
software,tpe,7,0.235366632471109,markov|order=1;smoothing=0.5;decay=true|frac=1.0,77,519,133.65023722677296,0.234937258133011,0.234937258133011,0.235366632471109,markov|order=1;smoothing=0.5;decay=true|frac=1.0,0.044298759835335,0.078255675029868
software,successive_halving,7,0.233679986205249,markov|order=2;smoothing=0.1;decay=true|frac=1.0,38,0,134.155392797723,0.233679986205249,0.233679986205249,0.233679986205249,markov|order=2;smoothing=0.1;decay=true|frac=1.0,0.04488280000194,0.077060931899641
software,hyperband,7,0.226686038281381,itemknn|topk=10;shrink=100.0|frac=1.0,41,0,130.78716955532212,0.21200881570155,0.226686038281381,0.226686038281381,itemknn|topk=10;shrink=100.0|frac=1.0,0.130054348170311,0.231182795698924
software,sm2,7,0.226969725559304,itemknn|topk=50;shrink=100.0|frac=1.0,40,0,136.44507657026975,0.207246732823637,0.216613829786941,0.226969725559304,itemknn|topk=50;shrink=100.0|frac=1.0,0.128581015254244,0.22879330943847
software,bocs,7,0.235366632471109,markov|order=1;smoothing=0.5;decay=true|frac=1.0,62,0,138.00734108191364,0.235366632471109,0.235366632471109,0.235366632471109,markov|order=1;smoothing=0.5;decay=true|frac=1.0,0.044298759835335,0.078255675029868
software,fmqa,7,0.234937258133011,markov|order=1;smoothing=0.5;decay=false|frac=1.0,61,0,133.21243774980627,0.207663817215459,0.212654392755325,0.234937258133011,markov|order=1;smoothing=0.5;decay=false|frac=1.0,0.042418767272783,0.081839904420549
software,grid,8,0.227301476663224,itemknn|topk=10;shrink=10.0|frac=1.0,98,0,135.58104040942007,0.227301476663224,0.227301476663224,0.227301476663224,itemknn|topk=10;shrink=10.0|frac=1.0,0.134237244099004,0.238351254480286
software,random,8,0.219970735785765,markov|order=2;smoothing=0.0;decay=true|frac=1.0,42,3,135.80043897207543,0.219970735785765,0.219970735785765,0.219970735785765,markov|order=2;smoothing=0.0;decay=true|frac=1.0,0.037764564252081,0.062126642771804
software,tpe,8,0.235366632471109,markov|order=1;smoothing=0.5;decay=true|frac=1.0,82,496,130.8339484347361,0.235366632471109,0.235366632471109,0.235366632471109,markov|order=1;smoothing=0.5;decay=true|frac=1.0,0.044298759835335,0.078255675029868
software,successive_halving,8,0.235366632471109,markov|order=1;smoothing=0.5;decay=true|frac=1.0,46,0,132.6907361720273,0.216916853482381,0.216916853482381,0.235366632471109,markov|order=1;smoothing=0.5;decay=true|frac=1.0,0.044298759835335,0.078255675029868
software,hyperband,8,0.235366632471109,markov|order=1;smoothing=0.5;decay=true|frac=1.0,47,0,136.38004234424662,0.09381815866954,0.235366632471109,0.235366632471109,markov|order=1;smoothing=0.5;decay=true|frac=1.0,0.044298759835335,0.078255675029868
software,sm2,8,0.232929109088659,markov|order=2;smoothing=0.1;decay=false|frac=1.0,38,0,139.24804731429936,0.232929109088659,0.232929109088659,0.232929109088659,markov|order=2;smoothing=0.1;decay=false|frac=1.0,0.042831044602044,0.081242532855436
software,bocs,8,0.226686038281381,itemknn|topk=10;shrink=100.0|frac=1.0,34,0,133.79272054216423,0.226686038281381,0.226686038281381,0.226686038281381,itemknn|topk=10;shrink=100.0|frac=1.0,0.130054348170311,0.231182795698924
software,fmqa,8,0.235366632471109,markov|order=1;smoothing=0.5;decay=true|frac=1.0,78,0,131.0633515641132,0.22100783592119,0.235366632471109,0.235366632471109,markov|order=1;smoothing=0.5;decay=true|frac=1.0,0.044298759835335,0.078255675029868
software,grid,9,0.227301476663224,itemknn|topk=10;shrink=10.0|frac=1.0,98,0,134.58104040942007,0.227301476663224,0.227301476663224,0.227301476663224,itemknn|topk=10;shrink=10.0|frac=1.0,0.134237244099004,0.238351254480286
software,random,9,0.226691703346003,itemknn|topk=50;shrink=10.0|frac=1.0,49,3,131.1010119763827,0.226691703346003,0.226691703346003,0.226691703346003,itemknn|topk=50;shrink=10.0|frac=1.0,0.132565487139895,0.232974910394265
software,tpe,9,0.235366632471109,markov|order=1;smoothing=0.5;decay=true|frac=1.0,75,478,132.85308004302848,0.235366632471109,0.235366632471109,0.235366632471109,markov|order=1;smoothing=0.5;decay=true|frac=1.0,0.044298759835335,0.078255675029868
software,successive_halving,9,0.233679986205249,markov|order=2;smoothing=0.1;decay=true|frac=1.0,51,0,139.71467141544116,0.212546696788981,0.215015476313466,0.233679986205249,markov|order=2;smoothing=0.1;decay=true|frac=1.0,0.04488280000194,0.077060931899641
software,hyperband,9,0.21804803181154,als|factors=64;epochs=5;regularisation=0.1;alpha=10.0|frac=1.0,43,0,130.7493299220273,0.215015476313466,0.215015476313466,0.21804803181154,als|factors=64;epochs=5;regularisation=0.1;alpha=10.0|frac=1.0,0.124463812938573,0.215651135005973
software,sm2,9,0.219479453803048,itemknn|topk=10;shrink=0.0|frac=1.0,41,0,131.5626631437269,0.210840992970512,0.210840992970512,0.219479453803048,itemknn|topk=10;shrink=0.0|frac=1.0,0.135462037947413,0.236559139784946
software,bocs,9,0.235366632471109,markov|order=1;smoothing=0.5;decay=true|frac=1.0,52,0,131.84912448974524,0.221047141475536,0.221047141475536,0.235366632471109,markov|order=1;smoothing=0.5;decay=true|frac=1.0,0.044298759835335,0.078255675029868
software,fmqa,9,0.235348037614041,markov|order=1;smoothing=0.1;decay=true|frac=1.0,56,0,131.74285020038246,0.232188633038981,0.232929109088659,0.235348037614041,markov|order=1;smoothing=0.1;decay=true|frac=1.0,0.044001378443783,0.077060931899641
software,grid,10,0.227301476663224,itemknn|topk=10;shrink=10.0|frac=1.0,98,0,134.40916540942007,0.227301476663224,0.227301476663224,0.227301476663224,itemknn|topk=10;shrink=10.0|frac=1.0,0.134237244099004,0.238351254480286
software,random,10,0.234937258133011,markov|order=1;smoothing=0.1;decay=false|frac=1.0,37,0,141.15550773769385,0.234937258133011,0.234937258133011,0.234937258133011,markov|order=1;smoothing=0.1;decay=false|frac=1.0,0.042418767272783,0.081839904420549
software,tpe,10,0.235366632471109,markov|order=1;smoothing=0.5;decay=true|frac=1.0,73,411,132.8782703201765,0.235366632471109,0.235366632471109,0.235366632471109,markov|order=1;smoothing=0.5;decay=true|frac=1.0,0.044298759835335,0.078255675029868
software,successive_halving,10,0.226691703346003,itemknn|topk=50;shrink=10.0|frac=1.0,58,0,132.59265759216416,0.226691703346003,0.226691703346003,0.226691703346003,itemknn|topk=50;shrink=10.0|frac=1.0,0.132565487139895,0.232974910394265
software,hyperband,10,0.235348037614041,markov|order=1;smoothing=0.1;decay=true|frac=1.0,47,0,141.2451543316579,0.193881141558625,0.234937258133011,0.235348037614041,markov|order=1;smoothing=0.1;decay=true|frac=1.0,0.044001378443783,0.077060931899641
software,sm2,10,0.226686038281381,itemknn|topk=10;shrink=100.0|frac=1.0,46,0,134.6027383752084,0.22098143571278,0.226686038281381,0.226686038281381,itemknn|topk=10;shrink=100.0|frac=1.0,0.130054348170311,0.231182795698924
software,bocs,10,0.234937258133011,markov|order=1;smoothing=0.1;decay=false|frac=1.0,49,0,142.5864020927963,0.234937258133011,0.234937258133011,0.234937258133011,markov|order=1;smoothing=0.1;decay=false|frac=1.0,0.042418767272783,0.081839904420549
software,fmqa,10,0.235348037614041,markov|order=1;smoothing=0.1;decay=true|frac=1.0,60,0,138.95078112829628,0.217360686934613,0.234937258133011,0.235348037614041,markov|order=1;smoothing=0.1;decay=true|frac=1.0,0.044001378443783,0.077060931899641
software,grid,11,0.227301476663224,itemknn|topk=10;shrink=10.0|frac=1.0,98,0,134.67479040942007,0.227301476663224,0.227301476663224,0.227301476663224,itemknn|topk=10;shrink=10.0|frac=1.0,0.134237244099004,0.238351254480286
software,random,11,0.235366632471109,markov|order=1;smoothing=0.5;decay=true|frac=1.0,42,3,131.77821475845525,0.218320890708356,0.218320890708356,0.235366632471109,markov|order=1;smoothing=0.5;decay=true|frac=1.0,0.044298759835335,0.078255675029868
software,tpe,11,0.235366632471109,markov|order=1;smoothing=0.5;decay=true|frac=1.0,77,397,134.707770287701,0.235366632471109,0.235366632471109,0.235366632471109,markov|order=1;smoothing=0.5;decay=true|frac=1.0,0.044298759835335,0.078255675029868
software,successive_halving,11,0.218104731324938,markov|order=1;smoothing=0.1;decay=true|frac=0.5,44,0,132.98720305429865,0.217503100993515,0.217503100993515,0.218104731324938,markov|order=1;smoothing=0.1;decay=true|frac=0.5,0.037689158672876,0.066308243727598
software,hyperband,11,0.226686038281381,itemknn|topk=10;shrink=100.0|frac=1.0,49,0,132.2134154585417,0.217341629655388,0.226265831352466,0.226686038281381,itemknn|topk=10;shrink=100.0|frac=1.0,0.130054348170311,0.231182795698924
software,sm2,11,0.233793212322598,markov|order=2;smoothing=0.5;decay=true|frac=1.0,46,0,131.3551932455797,0.210818845422599,0.216786508894658,0.233793212322598,markov|order=2;smoothing=0.5;decay=true|frac=1.0,0.044684960725315,0.077060931899641
software,bocs,11,0.217341629655388,als|factors=64;epochs=15;regularisation=0.001;alpha=1.0|frac=1.0,46,0,131.7427616605853,0.211779022132558,0.215690517618274,0.217341629655388,als|factors=64;epochs=15;regularisation=0.001;alpha=1.0|frac=1.0,0.120836346614868,0.211469534050179
software,fmqa,11,0.235366632471109,markov|order=1;smoothing=0.5;decay=true|frac=1.0,60,0,130.80505473800724,0.217341629655388,0.235366632471109,0.235366632471109,markov|order=1;smoothing=0.5;decay=true|frac=1.0,0.044298759835335,0.078255675029868
software,grid,12,0.227301476663224,itemknn|topk=10;shrink=10.0|frac=1.0,98,0,134.48729040942007,0.227301476663224,0.227301476663224,0.227301476663224,itemknn|topk=10;shrink=10.0|frac=1.0,0.134237244099004,0.238351254480286
software,random,12,0.235366632471109,markov|order=1;smoothing=0.5;decay=true|frac=1.0,56,1,130.7720181090504,0.222595429902115,0.235366632471109,0.235366632471109,markov|order=1;smoothing=0.5;decay=true|frac=1.0,0.044298759835335,0.078255675029868
software,tpe,12,0.235366632471109,markov|order=1;smoothing=0.5;decay=true|frac=1.0,77,525,131.56789177213886,0.235366632471109,0.235366632471109,0.235366632471109,markov|order=1;smoothing=0.5;decay=true|frac=1.0,0.044298759835335,0.078255675029868
software,successive_halving,12,0.233793212322598,markov|order=2;smoothing=0.5;decay=true|frac=1.0,35,0,133.11350689839378,0.227301476663224,0.227301476663224,0.233793212322598,markov|order=2;smoothing=0.5;decay=true|frac=1.0,0.044684960725315,0.077060931899641
software,hyperband,12,0.235366632471109,markov|order=1;smoothing=0.5;decay=true|frac=1.0,47,0,144.04370749499586,0.215690517618274,0.21837324222733,0.235366632471109,markov|order=1;smoothing=0.5;decay=true|frac=1.0,0.044298759835335,0.078255675029868
software,sm2,12,0.234937258133011,markov|order=1;smoothing=0.1;decay=false|frac=1.0,45,0,133.15422106903674,0.206489975826311,0.234937258133011,0.234937258133011,markov|order=1;smoothing=0.1;decay=false|frac=1.0,0.042418767272783,0.081839904420549
software,bocs,12,0.235348037614041,markov|order=1;smoothing=0.1;decay=true|frac=1.0,40,0,133.47713365066306,0.233814356686446,0.235348037614041,0.235348037614041,markov|order=1;smoothing=0.1;decay=true|frac=1.0,0.044001378443783,0.077060931899641
software,fmqa,12,0.235366632471109,markov|order=1;smoothing=0.5;decay=true|frac=1.0,69,0,131.58794378867336,0.219788115460243,0.232929109088659,0.235366632471109,markov|order=1;smoothing=0.5;decay=true|frac=1.0,0.044298759835335,0.078255675029868
software,grid,13,0.227301476663224,itemknn|topk=10;shrink=10.0|frac=1.0,98,0,134.33104040942007,0.227301476663224,0.227301476663224,0.227301476663224,itemknn|topk=10;shrink=10.0|frac=1.0,0.134237244099004,0.238351254480286
software,random,13,0.216475974910016,als|factors=32;epochs=30;regularisation=0.001;alpha=10.0|frac=1.0,38,0,138.18675595238096,0.216475974910016,0.216475974910016,0.216475974910016,als|factors=32;epochs=30;regularisation=0.001;alpha=10.0|frac=1.0,0.123661353082317,0.218040621266427
software,tpe,13,0.235366632471109,markov|order=1;smoothing=0.5;decay=true|frac=1.0,84,608,136.08103735763842,0.234937258133011,0.235348037614041,0.235366632471109,markov|order=1;smoothing=0.5;decay=true|frac=1.0,0.044298759835335,0.078255675029868
software,successive_halving,13,0.235366632471109,markov|order=1;smoothing=0.5;decay=true|frac=1.0,48,0,132.795330564798,0.22098143571278,0.232929109088659,0.235366632471109,markov|order=1;smoothing=0.5;decay=true|frac=1.0,0.044298759835335,0.078255675029868
software,hyperband,13,0.226686038281381,itemknn|topk=10;shrink=100.0|frac=1.0,43,0,133.66518534919027,0.226265831352466,0.226265831352466,0.226686038281381,itemknn|topk=10;shrink=100.0|frac=1.0,0.130054348170311,0.231182795698924
software,sm2,13,0.225844356654472,itemknn|topk=300;shrink=100.0|frac=1.0,40,0,133.5052797488459,0.225844356654472,0.225844356654472,0.225844356654472,itemknn|topk=300;shrink=100.0|frac=1.0,0.128457830533133,0.22879330943847
software,bocs,13,0.221047141475536,markov|order=2;smoothing=0.0;decay=false|frac=1.0,35,0,131.96239335271514,0.221047141475536,0.221047141475536,0.221047141475536,markov|order=2;smoothing=0.0;decay=false|frac=1.0,0.035303839340776,0.062724014336917
software,fmqa,13,0.235366632471109,markov|order=1;smoothing=0.5;decay=true|frac=1.0,56,0,131.6057464183565,0.235348037614041,0.235348037614041,0.235366632471109,markov|order=1;smoothing=0.5;decay=true|frac=1.0,0.044298759835335,0.078255675029868
software,grid,14,0.227301476663224,itemknn|topk=10;shrink=10.0|frac=1.0,98,0,134.64354040942007,0.227301476663224,0.227301476663224,0.227301476663224,itemknn|topk=10;shrink=10.0|frac=1.0,0.134237244099004,0.238351254480286
software,random,14,0.234937258133011,markov|order=1;smoothing=0.5;decay=false|frac=1.0,43,2,133.1199447602859,0.226691703346003,0.232188633038981,0.234937258133011,markov|order=1;smoothing=0.5;decay=false|frac=1.0,0.042418767272783,0.081839904420549
software,tpe,14,0.235366632471109,markov|order=1;smoothing=0.5;decay=true|frac=1.0,84,572,143.7188947460324,0.234937258133011,0.235366632471109,0.235366632471109,markov|order=1;smoothing=0.5;decay=true|frac=1.0,0.044298759835335,0.078255675029868
software,successive_halving,14,0.226686038281381,itemknn|topk=10;shrink=100.0|frac=1.0,45,0,135.57262153833938,0.226686038281381,0.226686038281381,0.226686038281381,itemknn|topk=10;shrink=100.0|frac=1.0,0.130054348170311,0.231182795698924
software,hyperband,14,0.232929109088659,markov|order=2;smoothing=0.5;decay=false|frac=1.0,41,0,134.10589605908154,0.232929109088659,0.232929109088659,0.232929109088659,markov|order=2;smoothing=0.5;decay=false|frac=1.0,0.042831044602044,0.081242532855436
software,sm2,14,0.226542881022309,itemknn|topk=100;shrink=100.0|frac=1.0,39,0,132.3848752717358,0.226542881022309,0.226542881022309,0.226542881022309,itemknn|topk=100;shrink=100.0|frac=1.0,0.128325143272142,0.228195937873357
software,bocs,14,0.226969725559304,itemknn|topk=50;shrink=100.0|frac=1.0,46,0,132.82333519345238,0.226969725559304,0.226969725559304,0.226969725559304,itemknn|topk=50;shrink=100.0|frac=1.0,0.128581015254244,0.22879330943847
software,fmqa,14,0.235366632471109,markov|order=1;smoothing=0.5;decay=true|frac=1.0,69,0,133.22865318290354,0.217360686934613,0.233679986205249,0.235366632471109,markov|order=1;smoothing=0.5;decay=true|frac=1.0,0.044298759835335,0.078255675029868
software,grid,15,0.227301476663224,itemknn|topk=10;shrink=10.0|frac=1.0,98,0,134.61229040942007,0.227301476663224,0.227301476663224,0.227301476663224,itemknn|topk=10;shrink=10.0|frac=1.0,0.134237244099004,0.238351254480286
software,random,15,0.226691703346003,itemknn|topk=50;shrink=10.0|frac=1.0,59,2,140.07532817754856,0.219432414112163,0.219432414112163,0.226691703346003,itemknn|topk=50;shrink=10.0|frac=1.0,0.132565487139895,0.232974910394265
software,tpe,15,0.235366632471109,markov|order=1;smoothing=0.5;decay=true|frac=1.0,76,456,133.99539315180257,0.235366632471109,0.235366632471109,0.235366632471109,markov|order=1;smoothing=0.5;decay=true|frac=1.0,0.044298759835335,0.078255675029868
software,successive_halving,15,0.232929109088659,markov|order=2;smoothing=0.1;decay=false|frac=1.0,52,0,141.85617641091562,0.232929109088659,0.232929109088659,0.232929109088659,markov|order=2;smoothing=0.1;decay=false|frac=1.0,0.042831044602044,0.081242532855436
software,hyperband,15,0.232929109088659,markov|order=2;smoothing=0.5;decay=false|frac=1.0,60,0,130.76121805778087,0.22098143571278,0.232929109088659,0.232929109088659,markov|order=2;smoothing=0.5;decay=false|frac=1.0,0.042831044602044,0.081242532855436
software,sm2,15,0.235348037614041,markov|order=1;smoothing=0.1;decay=true|frac=1.0,61,0,131.1118551261021,0.222595429902115,0.233679986205249,0.235348037614041,markov|order=1;smoothing=0.1;decay=true|frac=1.0,0.044001378443783,0.077060931899641
software,bocs,15,0.227301476663224,itemknn|topk=10;shrink=10.0|frac=1.0,38,0,131.75390625,0.227301476663224,0.227301476663224,0.227301476663224,itemknn|topk=10;shrink=10.0|frac=1.0,0.134237244099004,0.238351254480286
software,fmqa,15,0.234937258133011,markov|order=1;smoothing=0.1;decay=false|frac=1.0,65,0,130.7317751438815,0.21058333086788,0.233679986205249,0.234937258133011,markov|order=1;smoothing=0.1;decay=false|frac=1.0,0.042418767272783,0.081839904420549
software,grid,16,0.227301476663224,itemknn|topk=10;shrink=10.0|frac=1.0,98,0,134.54979040942007,0.227301476663224,0.227301476663224,0.227301476663224,itemknn|topk=10;shrink=10.0|frac=1.0,0.134237244099004,0.238351254480286
software,random,16,0.21804803181154,als|factors=64;epochs=5;regularisation=0.1;alpha=10.0|frac=1.0,40,0,130.83584467862718,0.205899792618961,0.205899792618961,0.21804803181154,als|factors=64;epochs=5;regularisation=0.1;alpha=10.0|frac=1.0,0.124463812938573,0.215651135005973
software,tpe,16,0.235366632471109,markov|order=1;smoothing=0.5;decay=true|frac=1.0,80,540,132.66309890587792,0.235366632471109,0.235366632471109,0.235366632471109,markov|order=1;smoothing=0.5;decay=true|frac=1.0,0.044298759835335,0.078255675029868
software,successive_halving,16,0.232188633038981,markov|order=1;smoothing=0.0;decay=true|frac=1.0,46,0,133.19081922052726,0.232188633038981,0.232188633038981,0.232188633038981,markov|order=1;smoothing=0.0;decay=true|frac=1.0,0.041008973280289,0.072281959378733
software,hyperband,16,0.234937258133011,markov|order=1;smoothing=0.1;decay=false|frac=1.0,51,0,136.87428390654253,0.216786508894658,0.21837324222733,0.234937258133011,markov|order=1;smoothing=0.1;decay=false|frac=1.0,0.042418767272783,0.081839904420549
software,sm2,16,0.234937258133011,markov|order=1;smoothing=0.1;decay=false|frac=1.0,38,0,143.8477759323759,0.233814356686446,0.233814356686446,0.234937258133011,markov|order=1;smoothing=0.1;decay=false|frac=1.0,0.042418767272783,0.081839904420549
software,bocs,16,0.226686038281381,itemknn|topk=10;shrink=100.0|frac=1.0,47,0,134.0059628025161,0.217357355162437,0.217357355162437,0.226686038281381,itemknn|topk=10;shrink=100.0|frac=1.0,0.130054348170311,0.231182795698924
software,fmqa,16,0.233679986205249,markov|order=2;smoothing=0.1;decay=true|frac=1.0,64,0,140.12996311231512,0.220091238476297,0.220091238476297,0.233679986205249,markov|order=2;smoothing=0.1;decay=true|frac=1.0,0.04488280000194,0.077060931899641
software,grid,17,0.227301476663224,itemknn|topk=10;shrink=10.0|frac=1.0,98,0,134.33104040942007,0.227301476663224,0.227301476663224,0.227301476663224,itemknn|topk=10;shrink=10.0|frac=1.0,0.134237244099004,0.238351254480286
software,random,17,0.233793212322598,markov|order=2;smoothing=0.5;decay=true|frac=1.0,46,4,136.16240783679754,0.226686038281381,0.226686038281381,0.233793212322598,markov|order=2;smoothing=0.5;decay=true|frac=1.0,0.044684960725315,0.077060931899641
software,tpe,17,0.235366632471109,markov|order=1;smoothing=0.5;decay=true|frac=1.0,78,451,130.73588841612022,0.235366632471109,0.235366632471109,0.235366632471109,markov|order=1;smoothing=0.5;decay=true|frac=1.0,0.044298759835335,0.078255675029868
software,successive_halving,17,0.215430440692511,als|factors=64;epochs=30;regularisation=0.1;alpha=40.0|frac=1.0,43,0,136.71584511392314,0.215430440692511,0.215430440692511,0.215430440692511,als|factors=64;epochs=30;regularisation=0.1;alpha=40.0|frac=1.0,0.128436898555772,0.225806451612903
software,hyperband,17,0.234937258133011,markov|order=1;smoothing=0.5;decay=false|frac=1.0,41,0,136.8633291789742,0.216475974910016,0.226969725559304,0.234937258133011,markov|order=1;smoothing=0.5;decay=false|frac=1.0,0.042418767272783,0.081839904420549
software,sm2,17,0.234937258133011,markov|order=1;smoothing=0.1;decay=false|frac=1.0,66,0,142.64026822027407,0.215430440692511,0.221047141475536,0.234937258133011,markov|order=1;smoothing=0.1;decay=false|frac=1.0,0.042418767272783,0.081839904420549
software,bocs,17,0.216916853482381,als|factors=32;epochs=30;regularisation=0.01;alpha=10.0|frac=1.0,40,0,131.53473398326676,0.215601091949517,0.215601091949517,0.216916853482381,als|factors=32;epochs=30;regularisation=0.01;alpha=10.0|frac=1.0,0.12351973035775,0.218637992831541
software,fmqa,17,0.235348037614041,markov|order=1;smoothing=0.1;decay=true|frac=1.0,51,0,133.0032083087608,0.20237193516527,0.207600344458994,0.235348037614041,markov|order=1;smoothing=0.1;decay=true|frac=1.0,0.044001378443783,0.077060931899641
software,grid,18,0.227301476663224,itemknn|topk=10;shrink=10.0|frac=1.0,98,0,135.47166540942007,0.227301476663224,0.227301476663224,0.227301476663224,itemknn|topk=10;shrink=10.0|frac=1.0,0.134237244099004,0.238351254480286
software,random,18,0.234937258133011,markov|order=1;smoothing=0.1;decay=false|frac=1.0,57,4,139.47849909715234,0.204299362720027,0.234937258133011,0.234937258133011,markov|order=1;smoothing=0.1;decay=false|frac=1.0,0.042418767272783,0.081839904420549
software,tpe,18,0.235366632471109,markov|order=1;smoothing=0.5;decay=true|frac=1.0,74,390,133.50669970868438,0.235366632471109,0.235366632471109,0.235366632471109,markov|order=1;smoothing=0.5;decay=true|frac=1.0,0.044298759835335,0.078255675029868
software,successive_halving,18,0.225664873648288,itemknn|topk=300;shrink=10.0|frac=1.0,37,0,137.7856228996322,0.219970735785765,0.225664873648288,0.225664873648288,itemknn|topk=300;shrink=10.0|frac=1.0,0.134314822104826,0.235961768219832
software,hyperband,18,0.235366632471109,markov|order=1;smoothing=0.5;decay=true|frac=1.0,54,0,131.7090378816627,0.235366632471109,0.235366632471109,0.235366632471109,markov|order=1;smoothing=0.5;decay=true|frac=1.0,0.044298759835335,0.078255675029868
software,sm2,18,0.226686038281381,itemknn|topk=10;shrink=100.0|frac=1.0,41,0,142.85722450037707,0.216786508894658,0.216786508894658,0.226686038281381,itemknn|topk=10;shrink=100.0|frac=1.0,0.130054348170311,0.231182795698924
software,bocs,18,0.234937258133011,markov|order=1;smoothing=0.1;decay=false|frac=1.0,37,0,135.01723813657406,0.219432414112163,0.226969725559304,0.234937258133011,markov|order=1;smoothing=0.1;decay=false|frac=1.0,0.042418767272783,0.081839904420549
software,fmqa,18,0.235366632471109,markov|order=1;smoothing=0.5;decay=true|frac=1.0,66,0,132.2325538778942,0.232929109088659,0.235366632471109,0.235366632471109,markov|order=1;smoothing=0.5;decay=true|frac=1.0,0.044298759835335,0.078255675029868
software,grid,19,0.227301476663224,itemknn|topk=10;shrink=10.0|frac=1.0,98,0,134.42479040942007,0.227301476663224,0.227301476663224,0.227301476663224,itemknn|topk=10;shrink=10.0|frac=1.0,0.134237244099004,0.238351254480286
software,random,19,0.226265831352466,itemknn|topk=100;shrink=10.0|frac=1.0,39,1,134.74157560501175,0.217503100993515,0.226265831352466,0.226265831352466,itemknn|topk=100;shrink=10.0|frac=1.0,0.134105079471245,0.235364396654719
software,tpe,19,0.235366632471109,markov|order=1;smoothing=0.5;decay=true|frac=1.0,84,664,138.96058549319554,0.234937258133011,0.235366632471109,0.235366632471109,markov|order=1;smoothing=0.5;decay=true|frac=1.0,0.044298759835335,0.078255675029868
software,successive_halving,19,0.235366632471109,markov|order=1;smoothing=0.5;decay=true|frac=1.0,50,0,144.80162886398375,0.218488855040398,0.235366632471109,0.235366632471109,markov|order=1;smoothing=0.5;decay=true|frac=1.0,0.044298759835335,0.078255675029868
software,hyperband,19,0.235348037614041,markov|order=1;smoothing=0.1;decay=true|frac=1.0,44,0,131.73237317183538,0.226691703346003,0.226691703346003,0.235348037614041,markov|order=1;smoothing=0.1;decay=true|frac=1.0,0.044001378443783,0.077060931899641
software,sm2,19,0.222595429902115,itemknn|topk=50;shrink=0.0|frac=1.0,46,0,137.90424820924352,0.222595429902115,0.222595429902115,0.222595429902115,itemknn|topk=50;shrink=0.0|frac=1.0,0.134869536649321,0.237156511350059
software,bocs,19,0.218155999432208,markov|order=1;smoothing=0.5;decay=true|frac=0.5,38,0,131.90648311213567,0.211073907722488,0.218155999432208,0.218155999432208,markov|order=1;smoothing=0.5;decay=true|frac=0.5,0.037479865921041,0.065710872162485
software,fmqa,19,0.234937258133011,markov|order=1;smoothing=0.1;decay=false|frac=1.0,61,0,131.55318447951237,0.216475974910016,0.234937258133011,0.234937258133011,markov|order=1;smoothing=0.1;decay=false|frac=1.0,0.042418767272783,0.081839904420549
software,grid,20,0.227301476663224,itemknn|topk=10;shrink=10.0|frac=1.0,98,0,134.73729040942007,0.227301476663224,0.227301476663224,0.227301476663224,itemknn|topk=10;shrink=10.0|frac=1.0,0.134237244099004,0.238351254480286
software,random,20,0.234937258133011,markov|order=1;smoothing=0.1;decay=false|frac=1.0,39,3,136.03211556114303,0.234937258133011,0.234937258133011,0.234937258133011,markov|order=1;smoothing=0.1;decay=false|frac=1.0,0.042418767272783,0.081839904420549
software,tpe,20,0.235366632471109,markov|order=1;smoothing=0.5;decay=true|frac=1.0,80,419,140.373914103478,0.235366632471109,0.235366632471109,0.235366632471109,markov|order=1;smoothing=0.5;decay=true|frac=1.0,0.044298759835335,0.078255675029868
software,successive_halving,20,0.232929109088659,markov|order=2;smoothing=0.1;decay=false|frac=1.0,52,0,131.4200213959995,0.232929109088659,0.232929109088659,0.232929109088659,markov|order=2;smoothing=0.1;decay=false|frac=1.0,0.042831044602044,0.081242532855436
software,hyperband,20,0.233814356686446,markov|order=1;smoothing=0.0;decay=false|frac=1.0,46,0,134.6195771026629,0.212546696788981,0.233814356686446,0.233814356686446,markov|order=1;smoothing=0.0;decay=false|frac=1.0,0.038359690889765,0.070489844683393
software,sm2,20,0.235348037614041,markov|order=1;smoothing=0.1;decay=true|frac=1.0,42,0,145.18415260155598,0.226969725559304,0.226969725559304,0.235348037614041,markov|order=1;smoothing=0.1;decay=true|frac=1.0,0.044001378443783,0.077060931899641
software,bocs,20,0.219432414112163,als|factors=64;epochs=30;regularisation=0.01;alpha=10.0|frac=1.0,45,0,132.56665987216974,0.215015476313466,0.217143959169975,0.217143959169975,als|factors=64;epochs=30;regularisation=0.01;alpha=10.0|frac=1.0,0.126978797973048,0.224014336917562
software,fmqa,20,0.235366632471109,markov|order=1;smoothing=0.5;decay=true|frac=1.0,61,0,135.70387731895386,0.226686038281381,0.227301476663224,0.235366632471109,markov|order=1;smoothing=0.5;decay=true|frac=1.0,0.044298759835335,0.078255675029868
software,grid,21,0.227301476663224,itemknn|topk=10;shrink=10.0|frac=1.0,98,0,134.89354040942007,0.227301476663224,0.227301476663224,0.227301476663224,itemknn|topk=10;shrink=10.0|frac=1.0,0.134237244099004,0.238351254480286
software,random,21,0.226265831352466,itemknn|topk=100;shrink=10.0|frac=1.0,51,3,138.54885477582846,0.215300323547553,0.226265831352466,0.226265831352466,itemknn|topk=100;shrink=10.0|frac=1.0,0.134105079471245,0.235364396654719
software,tpe,21,0.235366632471109,markov|order=1;smoothing=0.5;decay=true|frac=1.0,80,612,131.02045641111508,0.235366632471109,0.235366632471109,0.235366632471109,markov|order=1;smoothing=0.5;decay=true|frac=1.0,0.044298759835335,0.078255675029868
software,successive_halving,21,0.234937258133011,markov|order=1;smoothing=0.1;decay=false|frac=1.0,67,0,130.96919224780314,0.226686038281381,0.226686038281381,0.234937258133011,markov|order=1;smoothing=0.1;decay=false|frac=1.0,0.042418767272783,0.081839904420549
software,hyperband,21,0.21804803181154,als|factors=64;epochs=5;regularisation=0.1;alpha=10.0|frac=1.0,44,0,131.8863514957265,0.216786508894658,0.21804803181154,0.21804803181154,als|factors=64;epochs=5;regularisation=0.1;alpha=10.0|frac=1.0,0.124463812938573,0.215651135005973
software,sm2,21,0.232929109088659,markov|order=2;smoothing=0.1;decay=false|frac=1.0,56,0,137.27901984075794,0.211520901705741,0.211520901705741,0.232929109088659,markov|order=2;smoothing=0.1;decay=false|frac=1.0,0.042831044602044,0.081242532855436
software,bocs,21,0.233679986205249,markov|order=2;smoothing=0.1;decay=true|frac=1.0,48,0,146.22171897753276,0.233679986205249,0.233679986205249,0.233679986205249,markov|order=2;smoothing=0.1;decay=true|frac=1.0,0.04488280000194,0.077060931899641
software,fmqa,21,0.234937258133011,markov|order=1;smoothing=0.5;decay=false|frac=1.0,58,0,134.2272353783686,0.204299362720027,0.234937258133011,0.234937258133011,markov|order=1;smoothing=0.5;decay=false|frac=1.0,0.042418767272783,0.081839904420549
software,grid,22,0.227301476663224,itemknn|topk=10;shrink=10.0|frac=1.0,98,0,135.50291540942007,0.227301476663224,0.227301476663224,0.227301476663224,itemknn|topk=10;shrink=10.0|frac=1.0,0.134237244099004,0.238351254480286
software,random,22,0.233814356686446,markov|order=1;smoothing=0.0;decay=false|frac=1.0,38,1,131.6881703944204,0.232188633038981,0.232188633038981,0.233814356686446,markov|order=1;smoothing=0.0;decay=false|frac=1.0,0.038359690889765,0.070489844683393
software,tpe,22,0.235366632471109,markov|order=1;smoothing=0.5;decay=true|frac=1.0,78,646,139.20664100172834,0.233793212322598,0.234937258133011,0.235366632471109,markov|order=1;smoothing=0.5;decay=true|frac=1.0,0.044298759835335,0.078255675029868
software,successive_halving,22,0.232929109088659,markov|order=2;smoothing=0.5;decay=false|frac=1.0,38,0,143.68164106429936,0.232929109088659,0.232929109088659,0.232929109088659,markov|order=2;smoothing=0.5;decay=false|frac=1.0,0.042831044602044,0.081242532855436
software,hyperband,22,0.235366632471109,markov|order=1;smoothing=0.5;decay=true|frac=1.0,38,0,132.2591245407857,0.214484384650507,0.214484384650507,0.235366632471109,markov|order=1;smoothing=0.5;decay=true|frac=1.0,0.044298759835335,0.078255675029868
software,sm2,22,0.22098143571278,itemknn|topk=100;shrink=0.0|frac=1.0,43,0,131.54187055766818,0.22098143571278,0.22098143571278,0.22098143571278,itemknn|topk=100;shrink=0.0|frac=1.0,0.133765899533308,0.235364396654719
software,bocs,22,0.235348037614041,markov|order=1;smoothing=0.1;decay=true|frac=1.0,48,0,133.72189716899044,0.222595429902115,0.235348037614041,0.235348037614041,markov|order=1;smoothing=0.1;decay=true|frac=1.0,0.044001378443783,0.077060931899641
software,fmqa,22,0.235348037614041,markov|order=1;smoothing=0.1;decay=true|frac=1.0,53,0,133.16991769392996,0.232929109088659,0.234937258133011,0.235348037614041,markov|order=1;smoothing=0.1;decay=true|frac=1.0,0.044001378443783,0.077060931899641
software,grid,23,0.227301476663224,itemknn|topk=10;shrink=10.0|frac=1.0,98,0,135.20604040942007,0.227301476663224,0.227301476663224,0.227301476663224,itemknn|topk=10;shrink=10.0|frac=1.0,0.134237244099004,0.238351254480286
software,random,23,0.235348037614041,markov|order=1;smoothing=0.1;decay=true|frac=1.0,53,0,142.37304485939111,0.227301476663224,0.235348037614041,0.235348037614041,markov|order=1;smoothing=0.1;decay=true|frac=1.0,0.044001378443783,0.077060931899641
software,tpe,23,0.235366632471109,markov|order=1;smoothing=0.5;decay=true|frac=1.0,73,415,131.47575533708263,0.235366632471109,0.235366632471109,0.235366632471109,markov|order=1;smoothing=0.5;decay=true|frac=1.0,0.044298759835335,0.078255675029868
software,successive_halving,23,0.234937258133011,markov|order=1;smoothing=0.1;decay=false|frac=1.0,52,0,142.50690726765853,0.219479453803048,0.234937258133011,0.234937258133011,markov|order=1;smoothing=0.1;decay=false|frac=1.0,0.042418767272783,0.081839904420549
software,hyperband,23,0.219970735785765,markov|order=2;smoothing=0.0;decay=true|frac=1.0,52,0,143.79300946623897,0.219970735785765,0.219970735785765,0.219970735785765,markov|order=2;smoothing=0.0;decay=true|frac=1.0,0.037764564252081,0.062126642771804
software,sm2,23,0.234937258133011,markov|order=1;smoothing=0.5;decay=false|frac=1.0,50,0,133.59185615949596,0.234937258133011,0.234937258133011,0.234937258133011,markov|order=1;smoothing=0.5;decay=false|frac=1.0,0.042418767272783,0.081839904420549
software,bocs,23,0.226686038281381,itemknn|topk=10;shrink=100.0|frac=1.0,48,0,133.45751253874226,0.226686038281381,0.226686038281381,0.226686038281381,itemknn|topk=10;shrink=100.0|frac=1.0,0.130054348170311,0.231182795698924
software,fmqa,23,0.233793212322598,markov|order=2;smoothing=0.5;decay=true|frac=1.0,63,0,133.7709346129543,0.232929109088659,0.233793212322598,0.233793212322598,markov|order=2;smoothing=0.5;decay=true|frac=1.0,0.044684960725315,0.077060931899641
software,grid,24,0.227301476663224,itemknn|topk=10;shrink=10.0|frac=1.0,98,0,134.65916540942007,0.227301476663224,0.227301476663224,0.227301476663224,itemknn|topk=10;shrink=10.0|frac=1.0,0.134237244099004,0.238351254480286
software,random,24,0.235366632471109,markov|order=1;smoothing=0.5;decay=true|frac=1.0,52,5,131.22520860589907,0.218537321280383,0.235366632471109,0.235366632471109,markov|order=1;smoothing=0.5;decay=true|frac=1.0,0.044298759835335,0.078255675029868
software,tpe,24,0.235366632471109,markov|order=1;smoothing=0.5;decay=true|frac=1.0,84,644,131.5244032259229,0.234937258133011,0.235366632471109,0.235366632471109,markov|order=1;smoothing=0.5;decay=true|frac=1.0,0.044298759835335,0.078255675029868
software,successive_halving,24,0.226686038281381,itemknn|topk=10;shrink=100.0|frac=1.0,41,0,130.78716955532212,0.21200881570155,0.226686038281381,0.226686038281381,itemknn|topk=10;shrink=100.0|frac=1.0,0.130054348170311,0.231182795698924
software,hyperband,24,0.226969725559304,itemknn|topk=50;shrink=100.0|frac=1.0,40,0,136.44507657026975,0.207246732823637,0.216613829786941,0.226969725559304,itemknn|topk=50;shrink=100.0|frac=1.0,0.128581015254244,0.22879330943847
software,sm2,24,0.235366632471109,markov|order=1;smoothing=0.5;decay=true|frac=1.0,67,0,136.66490015616284,0.235366632471109,0.235366632471109,0.235366632471109,markov|order=1;smoothing=0.5;decay=true|frac=1.0,0.044298759835335,0.078255675029868
software,bocs,24,0.235348037614041,markov|order=1;smoothing=0.1;decay=true|frac=1.0,39,0,135.60707971099623,0.208753926191665,0.235348037614041,0.235348037614041,markov|order=1;smoothing=0.1;decay=true|frac=1.0,0.044001378443783,0.077060931899641
software,fmqa,24,0.235348037614041,markov|order=1;smoothing=0.1;decay=true|frac=1.0,53,0,141.76821862252365,0.227301476663224,0.227301476663224,0.235348037614041,markov|order=1;smoothing=0.1;decay=true|frac=1.0,0.044001378443783,0.077060931899641
software,grid,25,0.227301476663224,itemknn|topk=10;shrink=10.0|frac=1.0,98,0,134.69041540942007,0.227301476663224,0.227301476663224,0.227301476663224,itemknn|topk=10;shrink=10.0|frac=1.0,0.134237244099004,0.238351254480286
software,random,25,0.233814356686446,markov|order=1;smoothing=0.0;decay=false|frac=1.0,48,2,132.7904610074532,0.233814356686446,0.233814356686446,0.233814356686446,markov|order=1;smoothing=0.0;decay=false|frac=1.0,0.038359690889765,0.070489844683393
software,tpe,25,0.235366632471109,markov|order=1;smoothing=0.5;decay=true|frac=1.0,75,517,131.23854104673637,0.235366632471109,0.235366632471109,0.235366632471109,markov|order=1;smoothing=0.5;decay=true|frac=1.0,0.044298759835335,0.078255675029868
software,successive_halving,25,0.235366632471109,markov|order=1;smoothing=0.5;decay=true|frac=1.0,47,0,136.38004234424662,0.09381815866954,0.235366632471109,0.235366632471109,markov|order=1;smoothing=0.5;decay=true|frac=1.0,0.044298759835335,0.078255675029868
software,hyperband,25,0.232929109088659,markov|order=2;smoothing=0.1;decay=false|frac=1.0,38,0,139.24804731429936,0.232929109088659,0.232929109088659,0.232929109088659,markov|order=2;smoothing=0.1;decay=false|frac=1.0,0.042831044602044,0.081242532855436
software,sm2,25,0.226686038281381,itemknn|topk=10;shrink=100.0|frac=1.0,56,0,131.62890724471606,0.226686038281381,0.226686038281381,0.226686038281381,itemknn|topk=10;shrink=100.0|frac=1.0,0.130054348170311,0.231182795698924
software,bocs,25,0.22098143571278,itemknn|topk=100;shrink=0.0|frac=1.0,34,1,132.81706742102782,0.206484756105435,0.22098143571278,0.22098143571278,itemknn|topk=100;shrink=0.0|frac=1.0,0.133765899533308,0.235364396654719
software,fmqa,25,0.235366632471109,markov|order=1;smoothing=0.5;decay=true|frac=1.0,56,0,132.58106352750346,0.235366632471109,0.235366632471109,0.235366632471109,markov|order=1;smoothing=0.5;decay=true|frac=1.0,0.044298759835335,0.078255675029868
software,grid,26,0.227301476663224,itemknn|topk=10;shrink=10.0|frac=1.0,98,0,134.59666540942007,0.227301476663224,0.227301476663224,0.227301476663224,itemknn|topk=10;shrink=10.0|frac=1.0,0.134237244099004,0.238351254480286
software,random,26,0.219970735785765,markov|order=2;smoothing=0.0;decay=true|frac=1.0,45,2,133.6012110966582,0.216903825851487,0.218537321280383,0.219970735785765,markov|order=2;smoothing=0.0;decay=true|frac=1.0,0.037764564252081,0.062126642771804
software,tpe,26,0.235366632471109,markov|order=1;smoothing=0.5;decay=true|frac=1.0,80,538,131.1145937695471,0.235366632471109,0.235366632471109,0.235366632471109,markov|order=1;smoothing=0.5;decay=true|frac=1.0,0.044298759835335,0.078255675029868
software,successive_halving,26,0.21804803181154,als|factors=64;epochs=5;regularisation=0.1;alpha=10.0|frac=1.0,43,0,130.7493299220273,0.215015476313466,0.215015476313466,0.21804803181154,als|factors=64;epochs=5;regularisation=0.1;alpha=10.0|frac=1.0,0.124463812938573,0.215651135005973
software,hyperband,26,0.219479453803048,itemknn|topk=10;shrink=0.0|frac=1.0,41,0,131.5626631437269,0.210840992970512,0.210840992970512,0.219479453803048,itemknn|topk=10;shrink=0.0|frac=1.0,0.135462037947413,0.236559139784946
software,sm2,26,0.226691703346003,itemknn|topk=50;shrink=10.0|frac=1.0,55,0,130.75348564556822,0.206484756105435,0.221047141475536,0.226691703346003,itemknn|topk=50;shrink=10.0|frac=1.0,0.132565487139895,0.232974910394265
software,bocs,26,0.233793212322598,markov|order=2;smoothing=0.5;decay=true|frac=1.0,31,0,133.0084468482906,0.218155999432208,0.227301476663224,0.233793212322598,markov|order=2;smoothing=0.5;decay=true|frac=1.0,0.044684960725315,0.077060931899641
software,fmqa,26,0.234937258133011,markov|order=1;smoothing=0.5;decay=false|frac=1.0,63,0,131.37993065125,0.22098143571278,0.22098143571278,0.234937258133011,markov|order=1;smoothing=0.5;decay=false|frac=1.0,0.042418767272783,0.081839904420549
software,grid,27,0.227301476663224,itemknn|topk=10;shrink=10.0|frac=1.0,98,0,134.97166540942007,0.227301476663224,0.227301476663224,0.227301476663224,itemknn|topk=10;shrink=10.0|frac=1.0,0.134237244099004,0.238351254480286
software,random,27,0.233679986205249,markov|order=2;smoothing=0.1;decay=true|frac=1.0,52,5,133.00258631334788,0.233679986205249,0.233679986205249,0.233679986205249,markov|order=2;smoothing=0.1;decay=true|frac=1.0,0.04488280000194,0.077060931899641
software,tpe,27,0.235366632471109,markov|order=1;smoothing=0.5;decay=true|frac=1.0,75,508,131.96400215009174,0.235366632471109,0.235366632471109,0.235366632471109,markov|order=1;smoothing=0.5;decay=true|frac=1.0,0.044298759835335,0.078255675029868
software,successive_halving,27,0.235348037614041,markov|order=1;smoothing=0.1;decay=true|frac=1.0,47,0,141.2451543316579,0.193881141558625,0.234937258133011,0.235348037614041,markov|order=1;smoothing=0.1;decay=true|frac=1.0,0.044001378443783,0.077060931899641
software,hyperband,27,0.226686038281381,itemknn|topk=10;shrink=100.0|frac=1.0,46,0,134.6027383752084,0.22098143571278,0.226686038281381,0.226686038281381,itemknn|topk=10;shrink=100.0|frac=1.0,0.130054348170311,0.231182795698924
software,sm2,27,0.234937258133011,markov|order=1;smoothing=0.1;decay=false|frac=1.0,58,0,135.85114407948737,0.234937258133011,0.234937258133011,0.234937258133011,markov|order=1;smoothing=0.1;decay=false|frac=1.0,0.042418767272783,0.081839904420549
software,bocs,27,0.234937258133011,markov|order=1;smoothing=0.5;decay=false|frac=1.0,39,1,130.97176352636546,0.225664873648288,0.225664873648288,0.234937258133011,markov|order=1;smoothing=0.5;decay=false|frac=1.0,0.042418767272783,0.081839904420549
software,fmqa,27,0.233793212322598,markov|order=2;smoothing=0.5;decay=true|frac=1.0,52,0,133.17668214964374,0.217341629655388,0.218320890708356,0.233793212322598,markov|order=2;smoothing=0.5;decay=true|frac=1.0,0.044684960725315,0.077060931899641
software,grid,28,0.227301476663224,itemknn|topk=10;shrink=10.0|frac=1.0,98,0,134.75291540942007,0.227301476663224,0.227301476663224,0.227301476663224,itemknn|topk=10;shrink=10.0|frac=1.0,0.134237244099004,0.238351254480286
software,random,28,0.21804803181154,als|factors=64;epochs=5;regularisation=0.1;alpha=10.0|frac=1.0,28,0,134.6991312582345,0.202808058371098,0.214677523774896,0.21804803181154,als|factors=64;epochs=5;regularisation=0.1;alpha=10.0|frac=1.0,0.124463812938573,0.215651135005973
software,tpe,28,0.235366632471109,markov|order=1;smoothing=0.5;decay=true|frac=1.0,83,609,135.07672936282694,0.235366632471109,0.235366632471109,0.235366632471109,markov|order=1;smoothing=0.5;decay=true|frac=1.0,0.044298759835335,0.078255675029868
software,successive_halving,28,0.226686038281381,itemknn|topk=10;shrink=100.0|frac=1.0,49,0,132.2134154585417,0.217341629655388,0.226265831352466,0.226686038281381,itemknn|topk=10;shrink=100.0|frac=1.0,0.130054348170311,0.231182795698924
software,hyperband,28,0.233793212322598,markov|order=2;smoothing=0.5;decay=true|frac=1.0,46,0,131.3551932455797,0.210818845422599,0.216786508894658,0.233793212322598,markov|order=2;smoothing=0.5;decay=true|frac=1.0,0.044684960725315,0.077060931899641
software,sm2,28,0.217503100993515,als|factors=64;epochs=15;regularisation=0.01;alpha=1.0|frac=1.0,53,0,131.70579311039836,0.211779022132558,0.215404557841188,0.217503100993515,als|factors=64;epochs=15;regularisation=0.01;alpha=1.0|frac=1.0,0.120806342773598,0.211469534050179
software,bocs,28,0.22098143571278,itemknn|topk=100;shrink=0.0|frac=1.0,35,0,133.5719115497076,0.22098143571278,0.22098143571278,0.22098143571278,itemknn|topk=100;shrink=0.0|frac=1.0,0.133765899533308,0.235364396654719
software,fmqa,28,0.235366632471109,markov|order=1;smoothing=0.5;decay=true|frac=1.0,36,0,134.4633358230673,0.194447921597074,0.219788115460243,0.235366632471109,markov|order=1;smoothing=0.5;decay=true|frac=1.0,0.044298759835335,0.078255675029868
software,grid,29,0.227301476663224,itemknn|topk=10;shrink=10.0|frac=1.0,98,0,135.48729040942007,0.227301476663224,0.227301476663224,0.227301476663224,itemknn|topk=10;shrink=10.0|frac=1.0,0.134237244099004,0.238351254480286
software,random,29,0.226691703346003,itemknn|topk=50;shrink=10.0|frac=1.0,50,2,134.65625512831394,0.22100783592119,0.22100783592119,0.226691703346003,itemknn|topk=50;shrink=10.0|frac=1.0,0.132565487139895,0.232974910394265
software,tpe,29,0.235366632471109,markov|order=1;smoothing=0.5;decay=true|frac=1.0,76,423,131.41200006896003,0.235366632471109,0.235366632471109,0.235366632471109,markov|order=1;smoothing=0.5;decay=true|frac=1.0,0.044298759835335,0.078255675029868
software,successive_halving,29,0.235366632471109,markov|order=1;smoothing=0.5;decay=true|frac=1.0,47,0,144.04370749499586,0.215690517618274,0.21837324222733,0.235366632471109,markov|order=1;smoothing=0.5;decay=true|frac=1.0,0.044298759835335,0.078255675029868
software,hyperband,29,0.234937258133011,markov|order=1;smoothing=0.1;decay=false|frac=1.0,45,0,133.16984606903674,0.206489975826311,0.234937258133011,0.234937258133011,markov|order=1;smoothing=0.1;decay=false|frac=1.0,0.042418767272783,0.081839904420549
software,sm2,29,0.233814356686446,markov|order=1;smoothing=0.0;decay=false|frac=1.0,42,0,137.26479543239412,0.233814356686446,0.233814356686446,0.233814356686446,markov|order=1;smoothing=0.0;decay=false|frac=1.0,0.038359690889765,0.070489844683393
software,bocs,29,0.232929109088659,markov|order=2;smoothing=0.1;decay=false|frac=1.0,43,0,131.3256178394941,0.209761843349292,0.215430440692511,0.232929109088659,markov|order=2;smoothing=0.1;decay=false|frac=1.0,0.042831044602044,0.081242532855436
software,fmqa,29,0.232929109088659,markov|order=2;smoothing=0.5;decay=false|frac=1.0,71,0,141.06958175894908,0.22098143571278,0.22098143571278,0.232929109088659,markov|order=2;smoothing=0.5;decay=false|frac=1.0,0.042831044602044,0.081242532855436
